link,Correlation
"=HYPERLINK(""https://stackoverflow.com/a/181326"", ""181326"")",0.3231396534148829
"=HYPERLINK(""https://stackoverflow.com/a/2626371"", ""2626371"")",0.15700483091787448
"=HYPERLINK(""https://stackoverflow.com/a/4480976"", ""4480976"")",0.5629301868239927
"=HYPERLINK(""https://stackoverflow.com/a/4610389"", ""4610389"")",0.4432748538011698
"=HYPERLINK(""https://stackoverflow.com/a/4851048"", ""4851048"")",0.4822222222222219
"=HYPERLINK(""https://stackoverflow.com/a/5456765"", ""5456765"")",0.5073707370737071
"=HYPERLINK(""https://stackoverflow.com/a/5507886"", ""5507886"")",0.3447518664909969
"=HYPERLINK(""https://stackoverflow.com/a/5556238"", ""5556238"")",0.8644240570846079
"=HYPERLINK(""https://stackoverflow.com/a/6681762"", ""6681762"")",0.6222222222222217
"=HYPERLINK(""https://stackoverflow.com/a/7430707"", ""7430707"")",0.40493021569693693
"=HYPERLINK(""https://stackoverflow.com/a/7753602"", ""7753602"")",0.5287548855388048
"=HYPERLINK(""https://stackoverflow.com/a/8386979"", ""8386979"")",0.5593239693959119
"=HYPERLINK(""https://stackoverflow.com/a/8920332"", ""8920332"")",0.5642417661961635
"=HYPERLINK(""https://stackoverflow.com/a/9233618"", ""9233618"")",0.28551336146272854
"=HYPERLINK(""https://stackoverflow.com/a/9287204"", ""9287204"")",0.7427701674277015
"=HYPERLINK(""https://stackoverflow.com/a/9564130"", ""9564130"")",0.42256395652380274
"=HYPERLINK(""https://stackoverflow.com/a/9640316"", ""9640316"")",0.4822222222222218
"=HYPERLINK(""https://stackoverflow.com/a/10144803"", ""10144803"")",0.30868838763575596
"=HYPERLINK(""https://stackoverflow.com/a/10540001"", ""10540001"")",0.4064327485380122
"=HYPERLINK(""https://stackoverflow.com/a/10746885"", ""10746885"")",0.5357815442561201
"=HYPERLINK(""https://stackoverflow.com/a/11008192"", ""11008192"")",0.3472222222222224
"=HYPERLINK(""https://stackoverflow.com/a/11098330"", ""11098330"")",0.5678443420378898
"=HYPERLINK(""https://stackoverflow.com/a/11385878"", ""11385878"")",0.3167104111986005
"=HYPERLINK(""https://stackoverflow.com/a/11498120"", ""11498120"")",0.7352092352092349
"=HYPERLINK(""https://stackoverflow.com/a/12043206"", ""12043206"")",0.8315972222222232
"=HYPERLINK(""https://stackoverflow.com/a/12088177"", ""12088177"")",0.49428104575163406
"=HYPERLINK(""https://stackoverflow.com/a/12104574"", ""12104574"")",0.27222222222222225
"=HYPERLINK(""https://stackoverflow.com/a/12159310"", ""12159310"")",0.4105878731917513
"=HYPERLINK(""https://stackoverflow.com/a/12242211"", ""12242211"")",0.6552930883639554
"=HYPERLINK(""https://stackoverflow.com/a/12272004"", ""12272004"")",0.37290715372907146
"=HYPERLINK(""https://stackoverflow.com/a/12276288"", ""12276288"")",0.4529914529914529
"=HYPERLINK(""https://stackoverflow.com/a/12386382"", ""12386382"")",0.597912829957029
"=HYPERLINK(""https://stackoverflow.com/a/12444365"", ""12444365"")",0.22222222222222204
"=HYPERLINK(""https://stackoverflow.com/a/12520306"", ""12520306"")",0.11411411411411404
"=HYPERLINK(""https://stackoverflow.com/a/12577642"", ""12577642"")",0.774986041317699
"=HYPERLINK(""https://stackoverflow.com/a/12802188"", ""12802188"")",0.738939547450186
"=HYPERLINK(""https://stackoverflow.com/a/12847327"", ""12847327"")",0.11695906432748526
"=HYPERLINK(""https://stackoverflow.com/a/13562256"", ""13562256"")",0.523107177974435
"=HYPERLINK(""https://stackoverflow.com/a/13698595"", ""13698595"")",0.2701264138389886
"=HYPERLINK(""https://stackoverflow.com/a/14600959"", ""14600959"")",0.9092451229855822
"=HYPERLINK(""https://stackoverflow.com/a/15341853"", ""15341853"")",0.36629001883239176
"=HYPERLINK(""https://stackoverflow.com/a/15360452"", ""15360452"")",0.8138188608776843
"=HYPERLINK(""https://stackoverflow.com/a/15412134"", ""15412134"")",0.5293088363954511
"=HYPERLINK(""https://stackoverflow.com/a/15504289"", ""15504289"")",0.8159722222222232
"=HYPERLINK(""https://stackoverflow.com/a/16054525"", ""16054525"")",0.4190726159230103
"=HYPERLINK(""https://stackoverflow.com/a/16265634"", ""16265634"")",0.35190972222222244
"=HYPERLINK(""https://stackoverflow.com/a/16649809"", ""16649809"")",0.5696798493408656
"=HYPERLINK(""https://stackoverflow.com/a/16680860"", ""16680860"")",0.6496415770609325
"=HYPERLINK(""https://stackoverflow.com/a/16810543"", ""16810543"")",0.46059431524547767
"=HYPERLINK(""https://stackoverflow.com/a/17589034"", ""17589034"")",0.5266318950529483
"=HYPERLINK(""https://stackoverflow.com/a/18051926"", ""18051926"")",0.7695906432748548
"=HYPERLINK(""https://stackoverflow.com/a/18221767"", ""18221767"")",0.34222222222222193
"=HYPERLINK(""https://stackoverflow.com/a/18607124"", ""18607124"")",0.8195673549655855
"=HYPERLINK(""https://stackoverflow.com/a/18858624"", ""18858624"")",0.3924349881796692
"=HYPERLINK(""https://stackoverflow.com/a/19390435"", ""19390435"")",0.42111724984653176
"=HYPERLINK(""https://stackoverflow.com/a/19596395"", ""19596395"")",0.1734417344173441
"=HYPERLINK(""https://stackoverflow.com/a/19828781"", ""19828781"")",0.8619281045751634
"=HYPERLINK(""https://stackoverflow.com/a/20499746"", ""20499746"")",0.29071537290715355
"=HYPERLINK(""https://stackoverflow.com/a/21275441"", ""21275441"")",0.22222222222222232
"=HYPERLINK(""https://stackoverflow.com/a/21279219"", ""21279219"")",0.4595639943741206
"=HYPERLINK(""https://stackoverflow.com/a/21295801"", ""21295801"")",0.45979128299570293
"=HYPERLINK(""https://stackoverflow.com/a/21930521"", ""21930521"")",0.4238032498902061
"=HYPERLINK(""https://stackoverflow.com/a/22020111"", ""22020111"")",0.5188323917137473
"=HYPERLINK(""https://stackoverflow.com/a/22181744"", ""22181744"")",0.6434044882320739
"=HYPERLINK(""https://stackoverflow.com/a/22266852"", ""22266852"")",0.34294000362515875
"=HYPERLINK(""https://stackoverflow.com/a/22330458"", ""22330458"")",0.5825163398692811
"=HYPERLINK(""https://stackoverflow.com/a/24869415"", ""24869415"")",0.6177918424753861
"=HYPERLINK(""https://stackoverflow.com/a/25030183"", ""25030183"")",0.29365079365079344
"=HYPERLINK(""https://stackoverflow.com/a/25693269"", ""25693269"")",0.47676767676767684
"=HYPERLINK(""https://stackoverflow.com/a/25890879"", ""25890879"")",0.5392953929539291
"=HYPERLINK(""https://stackoverflow.com/a/26091158"", ""26091158"")",0.7479139218269645
"=HYPERLINK(""https://stackoverflow.com/a/26334276"", ""26334276"")",0.43650793650793646
"=HYPERLINK(""https://stackoverflow.com/a/26363136"", ""26363136"")",0.5879067976121706
"=HYPERLINK(""https://stackoverflow.com/a/26380718"", ""26380718"")",0.8460754332313969
"=HYPERLINK(""https://stackoverflow.com/a/26662270"", ""26662270"")",0.6443327749860408
"=HYPERLINK(""https://stackoverflow.com/a/26728998"", ""26728998"")",0.38970990695128616
"=HYPERLINK(""https://stackoverflow.com/a/26987789"", ""26987789"")",0.5483091787439617
"=HYPERLINK(""https://stackoverflow.com/a/27289217"", ""27289217"")",0.5758807588075877
"=HYPERLINK(""https://stackoverflow.com/a/27300457"", ""27300457"")",0.3688387635756054
"=HYPERLINK(""https://stackoverflow.com/a/28021125"", ""28021125"")",0.5380116959064334
"=HYPERLINK(""https://stackoverflow.com/a/28669783"", ""28669783"")",0.7796690307328605
"=HYPERLINK(""https://stackoverflow.com/a/28801231"", ""28801231"")",0.8685636856368559
"=HYPERLINK(""https://stackoverflow.com/a/29038243"", ""29038243"")",0.40363815142576237
"=HYPERLINK(""https://stackoverflow.com/a/29111475"", ""29111475"")",0.8410746812386165
"=HYPERLINK(""https://stackoverflow.com/a/29203677"", ""29203677"")",0.448741559238797
"=HYPERLINK(""https://stackoverflow.com/a/29263135"", ""29263135"")",0.7222222222222228
"=HYPERLINK(""https://stackoverflow.com/a/29269282"", ""29269282"")",0.5535105657805038
"=HYPERLINK(""https://stackoverflow.com/a/29269318"", ""29269318"")",0.5514905149051488
"=HYPERLINK(""https://stackoverflow.com/a/29427404"", ""29427404"")",0.5122222222222218
"=HYPERLINK(""https://stackoverflow.com/a/29638395"", ""29638395"")",0.591787439613527
"=HYPERLINK(""https://stackoverflow.com/a/29696146"", ""29696146"")",0.39590643274853854
"=HYPERLINK(""https://stackoverflow.com/a/30079912"", ""30079912"")",0.6873385012919889
"=HYPERLINK(""https://stackoverflow.com/a/30193559"", ""30193559"")",0.3958749168330004
"=HYPERLINK(""https://stackoverflow.com/a/30238326"", ""30238326"")",0.6776439089692096
"=HYPERLINK(""https://stackoverflow.com/a/30327352"", ""30327352"")",0.6316710411198609
"=HYPERLINK(""https://stackoverflow.com/a/30459957"", ""30459957"")",0.3917137476459506
"=HYPERLINK(""https://stackoverflow.com/a/30961499"", ""30961499"")",0.3328779599271406
"=HYPERLINK(""https://stackoverflow.com/a/31006949"", ""31006949"")",0.6352657004830923
"=HYPERLINK(""https://stackoverflow.com/a/31275639"", ""31275639"")",0.42561205273069647
"=HYPERLINK(""https://stackoverflow.com/a/31535453"", ""31535453"")",0.384384384384384
"=HYPERLINK(""https://stackoverflow.com/a/32143871"", ""32143871"")",0.518925518925519
"=HYPERLINK(""https://stackoverflow.com/a/32216950"", ""32216950"")",0.31222222222222207
"=HYPERLINK(""https://stackoverflow.com/a/32217240"", ""32217240"")",0.595103578154425
"=HYPERLINK(""https://stackoverflow.com/a/32363791"", ""32363791"")",0.5877394636015327
"=HYPERLINK(""https://stackoverflow.com/a/32567889"", ""32567889"")",0.5457516339869282
"=HYPERLINK(""https://stackoverflow.com/a/32638906"", ""32638906"")",0.3319160997732425
"=HYPERLINK(""https://stackoverflow.com/a/32750894"", ""32750894"")",0.35265700483091805
"=HYPERLINK(""https://stackoverflow.com/a/33211872"", ""33211872"")",0.40222222222222187
"=HYPERLINK(""https://stackoverflow.com/a/33394660"", ""33394660"")",0.39349294045426647
"=HYPERLINK(""https://stackoverflow.com/a/33791921"", ""33791921"")",0.7655293088363968
"=HYPERLINK(""https://stackoverflow.com/a/34171119"", ""34171119"")",0.39486065870430687
"=HYPERLINK(""https://stackoverflow.com/a/34186449"", ""34186449"")",0.37297599106644314
"=HYPERLINK(""https://stackoverflow.com/a/34357266"", ""34357266"")",0.5198000768935019
"=HYPERLINK(""https://stackoverflow.com/a/34367286"", ""34367286"")",0.8386605783866057
"=HYPERLINK(""https://stackoverflow.com/a/34652634"", ""34652634"")",0.6293368467281503
"=HYPERLINK(""https://stackoverflow.com/a/34993095"", ""34993095"")",0.6816816816816811
"=HYPERLINK(""https://stackoverflow.com/a/35024935"", ""35024935"")",0.4360153256704982
"=HYPERLINK(""https://stackoverflow.com/a/35165236"", ""35165236"")",0.3825275657336731
"=HYPERLINK(""https://stackoverflow.com/a/35166325"", ""35166325"")",0.7922222222222215
"=HYPERLINK(""https://stackoverflow.com/a/35289021"", ""35289021"")",0.3519519519519516
"=HYPERLINK(""https://stackoverflow.com/a/35492050"", ""35492050"")",0.280361757105943
"=HYPERLINK(""https://stackoverflow.com/a/35583508"", ""35583508"")",0.6468797564687976
"=HYPERLINK(""https://stackoverflow.com/a/35747088"", ""35747088"")",0.332516339869281
"=HYPERLINK(""https://stackoverflow.com/a/35831128"", ""35831128"")",0.5781544256120523
"=HYPERLINK(""https://stackoverflow.com/a/35959877"", ""35959877"")",0.5213911972914742
"=HYPERLINK(""https://stackoverflow.com/a/36035179"", ""36035179"")",0.7838660578386605
"=HYPERLINK(""https://stackoverflow.com/a/36133809"", ""36133809"")",0.3441734417344171
"=HYPERLINK(""https://stackoverflow.com/a/36396380"", ""36396380"")",0.7847222222222231
"=HYPERLINK(""https://stackoverflow.com/a/36570900"", ""36570900"")",0.42322724734785006
"=HYPERLINK(""https://stackoverflow.com/a/36616972"", ""36616972"")",0.8015580155801558
"=HYPERLINK(""https://stackoverflow.com/a/36630651"", ""36630651"")",0.5046649703138261
"=HYPERLINK(""https://stackoverflow.com/a/36724750"", ""36724750"")",0.3784722222222226
"=HYPERLINK(""https://stackoverflow.com/a/36779255"", ""36779255"")",0.06432748538011704
"=HYPERLINK(""https://stackoverflow.com/a/37000405"", ""37000405"")",0.5018832391713743
"=HYPERLINK(""https://stackoverflow.com/a/37106811"", ""37106811"")",0.8314529914529926
"=HYPERLINK(""https://stackoverflow.com/a/37623781"", ""37623781"")",0.39177239523260254
"=HYPERLINK(""https://stackoverflow.com/a/37860769"", ""37860769"")",0.5060721406561539
"=HYPERLINK(""https://stackoverflow.com/a/37865268"", ""37865268"")",0.39160332971407885
"=HYPERLINK(""https://stackoverflow.com/a/38120899"", ""38120899"")",0.4622222222222219
"=HYPERLINK(""https://stackoverflow.com/a/38181582"", ""38181582"")",0.2313965341488278
"=HYPERLINK(""https://stackoverflow.com/a/38476869"", ""38476869"")",0.5872269258910836
"=HYPERLINK(""https://stackoverflow.com/a/38796061"", ""38796061"")",0.16959064327485393
"=HYPERLINK(""https://stackoverflow.com/a/38842680"", ""38842680"")",0.06432748538011704
"=HYPERLINK(""https://stackoverflow.com/a/38951248"", ""38951248"")",0.3593903638151428
"=HYPERLINK(""https://stackoverflow.com/a/38954629"", ""38954629"")",0.43329488658208354
"=HYPERLINK(""https://stackoverflow.com/a/38980926"", ""38980926"")",0.5583924349881798
"=HYPERLINK(""https://stackoverflow.com/a/39106632"", ""39106632"")",0.9230418943533709
"=HYPERLINK(""https://stackoverflow.com/a/39339231"", ""39339231"")",0.5920852359208524
"=HYPERLINK(""https://stackoverflow.com/a/39457852"", ""39457852"")",0.4186507936507938
"=HYPERLINK(""https://stackoverflow.com/a/39462951"", ""39462951"")",0.7357357357357351
"=HYPERLINK(""https://stackoverflow.com/a/40288653"", ""40288653"")",0.5848595848595848
"=HYPERLINK(""https://stackoverflow.com/a/40617893"", ""40617893"")",0.5699145299145307
"=HYPERLINK(""https://stackoverflow.com/a/41047849"", ""41047849"")",0.42534722222222243
"=HYPERLINK(""https://stackoverflow.com/a/41096946"", ""41096946"")",0.6276276276276271
"=HYPERLINK(""https://stackoverflow.com/a/41100384"", ""41100384"")",0.9202831640504773
"=HYPERLINK(""https://stackoverflow.com/a/41251096"", ""41251096"")",0.38568376068376087
"=HYPERLINK(""https://stackoverflow.com/a/41556608"", ""41556608"")",0.5570337521557027
"=HYPERLINK(""https://stackoverflow.com/a/41577131"", ""41577131"")",0.5142576204523113
"=HYPERLINK(""https://stackoverflow.com/a/41651095"", ""41651095"")",0.5646879756468798
"=HYPERLINK(""https://stackoverflow.com/a/41699197"", ""41699197"")",0.3130166736724115
"=HYPERLINK(""https://stackoverflow.com/a/41845028"", ""41845028"")",0.3697632058287798
"=HYPERLINK(""https://stackoverflow.com/a/41908373"", ""41908373"")",0.44349881796690327
"=HYPERLINK(""https://stackoverflow.com/a/41927456"", ""41927456"")",0.44315245478036125
"=HYPERLINK(""https://stackoverflow.com/a/42433430"", ""42433430"")",0.5646879756468797
"=HYPERLINK(""https://stackoverflow.com/a/42698548"", ""42698548"")",0.7812773403324597
"=HYPERLINK(""https://stackoverflow.com/a/42728292"", ""42728292"")",0.3018566869741805
"=HYPERLINK(""https://stackoverflow.com/a/42779807"", ""42779807"")",0.6560457516339869
"=HYPERLINK(""https://stackoverflow.com/a/42989682"", ""42989682"")",0.568813131313131
"=HYPERLINK(""https://stackoverflow.com/a/43203216"", ""43203216"")",0.5033282130056316
"=HYPERLINK(""https://stackoverflow.com/a/43255450"", ""43255450"")",0.7346505205013817
"=HYPERLINK(""https://stackoverflow.com/a/43327902"", ""43327902"")",0.7532567049808431
"=HYPERLINK(""https://stackoverflow.com/a/43347814"", ""43347814"")",0.4722222222222218
"=HYPERLINK(""https://stackoverflow.com/a/43365635"", ""43365635"")",0.789042498719917
"=HYPERLINK(""https://stackoverflow.com/a/43379087"", ""43379087"")",0.4622222222222219
"=HYPERLINK(""https://stackoverflow.com/a/43625932"", ""43625932"")",0.36156648451730433
"=HYPERLINK(""https://stackoverflow.com/a/43698195"", ""43698195"")",0.22222222222222218
"=HYPERLINK(""https://stackoverflow.com/a/43699077"", ""43699077"")",0.7222222222222218
"=HYPERLINK(""https://stackoverflow.com/a/43748844"", ""43748844"")",0.2817187897279428
"=HYPERLINK(""https://stackoverflow.com/a/43762745"", ""43762745"")",0.8656648451730429
"=HYPERLINK(""https://stackoverflow.com/a/43907766"", ""43907766"")",0.29001883239171367
"=HYPERLINK(""https://stackoverflow.com/a/43996460"", ""43996460"")",0.5959064327485387
"=HYPERLINK(""https://stackoverflow.com/a/44073634"", ""44073634"")",0.625537139349294
"=HYPERLINK(""https://stackoverflow.com/a/44277281"", ""44277281"")",0.11695906432748547
"=HYPERLINK(""https://stackoverflow.com/a/44290840"", ""44290840"")",0.69790611279973
"=HYPERLINK(""https://stackoverflow.com/a/44295033"", ""44295033"")",0.30532471529701455
"=HYPERLINK(""https://stackoverflow.com/a/44440134"", ""44440134"")",0.5877394636015327
"=HYPERLINK(""https://stackoverflow.com/a/45004786"", ""45004786"")",0.442002442002442
"=HYPERLINK(""https://stackoverflow.com/a/45340973"", ""45340973"")",0.6764206955046659
"=HYPERLINK(""https://stackoverflow.com/a/45492024"", ""45492024"")",0.6947496947496947
"=HYPERLINK(""https://stackoverflow.com/a/45892985"", ""45892985"")",0.4222222222222222
"=HYPERLINK(""https://stackoverflow.com/a/45957817"", ""45957817"")",0.37531668476293883
"=HYPERLINK(""https://stackoverflow.com/a/46058338"", ""46058338"")",0.5459927140255015
"=HYPERLINK(""https://stackoverflow.com/a/46082730"", ""46082730"")",0.22222222222222218
"=HYPERLINK(""https://stackoverflow.com/a/46093473"", ""46093473"")",0.7818552497451584
"=HYPERLINK(""https://stackoverflow.com/a/46296381"", ""46296381"")",0.6087252897068841
"=HYPERLINK(""https://stackoverflow.com/a/46335895"", ""46335895"")",0.5256704980842912
"=HYPERLINK(""https://stackoverflow.com/a/46343694"", ""46343694"")",0.6540928919681804
"=HYPERLINK(""https://stackoverflow.com/a/46372981"", ""46372981"")",0.482222222222222
"=HYPERLINK(""https://stackoverflow.com/a/47261222"", ""47261222"")",0.6033297140788996
"=HYPERLINK(""https://stackoverflow.com/a/47724895"", ""47724895"")",0.47546897546897526
"=HYPERLINK(""https://stackoverflow.com/a/47762641"", ""47762641"")",0.7826617826617827
"=HYPERLINK(""https://stackoverflow.com/a/48094640"", ""48094640"")",0.3825275657336731
"=HYPERLINK(""https://stackoverflow.com/a/48237409"", ""48237409"")",0.29957028852056483
"=HYPERLINK(""https://stackoverflow.com/a/48428159"", ""48428159"")",0.6787439613526574
"=HYPERLINK(""https://stackoverflow.com/a/48672206"", ""48672206"")",0.6214317083882295
"=HYPERLINK(""https://stackoverflow.com/a/48756379"", ""48756379"")",0.35655058043117765
"=HYPERLINK(""https://stackoverflow.com/a/48803227"", ""48803227"")",0.4818907305095152
"=HYPERLINK(""https://stackoverflow.com/a/48947892"", ""48947892"")",0.6139272913466455
"=HYPERLINK(""https://stackoverflow.com/a/49103809"", ""49103809"")",0.6978978978978974
"=HYPERLINK(""https://stackoverflow.com/a/49393661"", ""49393661"")",0.34222222222222204
"=HYPERLINK(""https://stackoverflow.com/a/49515406"", ""49515406"")",0.27100271002710014
"=HYPERLINK(""https://stackoverflow.com/a/49662123"", ""49662123"")",0.5222222222222217
"=HYPERLINK(""https://stackoverflow.com/a/49681476"", ""49681476"")",0.48309178743961384
"=HYPERLINK(""https://stackoverflow.com/a/49984916"", ""49984916"")",0.3070786190890631
"=HYPERLINK(""https://stackoverflow.com/a/49986142"", ""49986142"")",0.4082687338501289
"=HYPERLINK(""https://stackoverflow.com/a/50165231"", ""50165231"")",0.38988689288090467
"=HYPERLINK(""https://stackoverflow.com/a/50273917"", ""50273917"")",0.3856571252693136
"=HYPERLINK(""https://stackoverflow.com/a/50277786"", ""50277786"")",0.36426767676767663
"=HYPERLINK(""https://stackoverflow.com/a/50513514"", ""50513514"")",0.39409722222222265
"=HYPERLINK(""https://stackoverflow.com/a/50612736"", ""50612736"")",0.27754137115839245
"=HYPERLINK(""https://stackoverflow.com/a/50667133"", ""50667133"")",0.7077991452991456
"=HYPERLINK(""https://stackoverflow.com/a/50680828"", ""50680828"")",0.41787439613526584
"=HYPERLINK(""https://stackoverflow.com/a/50700287"", ""50700287"")",0.4433277498604129
"=HYPERLINK(""https://stackoverflow.com/a/50752255"", ""50752255"")",0.6222222222222225
"=HYPERLINK(""https://stackoverflow.com/a/50805846"", ""50805846"")",0.5958485958485958
"=HYPERLINK(""https://stackoverflow.com/a/50843855"", ""50843855"")",0.6554019457245256
"=HYPERLINK(""https://stackoverflow.com/a/50955244"", ""50955244"")",0.6258919469928647
"=HYPERLINK(""https://stackoverflow.com/a/50958311"", ""50958311"")",0.46909163188232966
"=HYPERLINK(""https://stackoverflow.com/a/51299988"", ""51299988"")",0.715372907153729
"=HYPERLINK(""https://stackoverflow.com/a/51434065"", ""51434065"")",0.4737559645535102
"=HYPERLINK(""https://stackoverflow.com/a/51545491"", ""51545491"")",0.48993875765529393
"=HYPERLINK(""https://stackoverflow.com/a/51700748"", ""51700748"")",0.5163398692810458
"=HYPERLINK(""https://stackoverflow.com/a/51825604"", ""51825604"")",0.11507936507936507
"=HYPERLINK(""https://stackoverflow.com/a/51931184"", ""51931184"")",0.23139653414882783
"=HYPERLINK(""https://stackoverflow.com/a/52286015"", ""52286015"")",0.4322222222222219
"=HYPERLINK(""https://stackoverflow.com/a/52334159"", ""52334159"")",0.7923579688285569
"=HYPERLINK(""https://stackoverflow.com/a/52872744"", ""52872744"")",0.5524974515800206
"=HYPERLINK(""https://stackoverflow.com/a/52919386"", ""52919386"")",0.48309178743961384
"=HYPERLINK(""https://stackoverflow.com/a/52934969"", ""52934969"")",0.5531045751633987
"=HYPERLINK(""https://stackoverflow.com/a/53398840"", ""53398840"")",0.5347222222222227
"=HYPERLINK(""https://stackoverflow.com/a/53475784"", ""53475784"")",0.5886344359626811
"=HYPERLINK(""https://stackoverflow.com/a/53550315"", ""53550315"")",0.5436507936507935
"=HYPERLINK(""https://stackoverflow.com/a/54031092"", ""54031092"")",0.3924349881796692
"=HYPERLINK(""https://stackoverflow.com/a/54173544"", ""54173544"")",0.28237259816207155
"=HYPERLINK(""https://stackoverflow.com/a/54297128"", ""54297128"")",0.89171374764595
"=HYPERLINK(""https://stackoverflow.com/a/54297194"", ""54297194"")",0.6727716727716728
"=HYPERLINK(""https://stackoverflow.com/a/54942851"", ""54942851"")",0.36880202678248275
"=HYPERLINK(""https://stackoverflow.com/a/55598607"", ""55598607"")",0.39869281045751637
"=HYPERLINK(""https://stackoverflow.com/a/55754221"", ""55754221"")",0.5048309178743965
"=HYPERLINK(""https://stackoverflow.com/a/55857748"", ""55857748"")",0.7635066258919474
"=HYPERLINK(""https://stackoverflow.com/a/56330554"", ""56330554"")",0.15972222222222224
"=HYPERLINK(""https://stackoverflow.com/a/56738875"", ""56738875"")",0.5617056170561706
"=HYPERLINK(""https://stackoverflow.com/a/57086021"", ""57086021"")",0.5939036381514263
"=HYPERLINK(""https://stackoverflow.com/a/57118306"", ""57118306"")",0.5095150399017804
"=HYPERLINK(""https://stackoverflow.com/a/57146538"", ""57146538"")",0.375631313131313
"=HYPERLINK(""https://stackoverflow.com/a/57194783"", ""57194783"")",0.40245478036175697
"=HYPERLINK(""https://stackoverflow.com/a/57299679"", ""57299679"")",0.32936507936507925
"=HYPERLINK(""https://stackoverflow.com/a/57468518"", ""57468518"")",0.6452201688341311
"=HYPERLINK(""https://stackoverflow.com/a/58067736"", ""58067736"")",0.38084291187739466
"=HYPERLINK(""https://stackoverflow.com/a/58103089"", ""58103089"")",0.3796690307328605
"=HYPERLINK(""https://stackoverflow.com/a/58116139"", ""58116139"")",0.6279599271402555
"=HYPERLINK(""https://stackoverflow.com/a/58351690"", ""58351690"")",0.33256704980842916
"=HYPERLINK(""https://stackoverflow.com/a/58453092"", ""58453092"")",0.5781544256120522
"=HYPERLINK(""https://stackoverflow.com/a/58555194"", ""58555194"")",0.6717635066258922
"=HYPERLINK(""https://stackoverflow.com/a/58666615"", ""58666615"")",0.5590643274853808
"=HYPERLINK(""https://stackoverflow.com/a/58707465"", ""58707465"")",0.7176350662589198
"=HYPERLINK(""https://stackoverflow.com/a/58916433"", ""58916433"")",0.5906432748538019
"=HYPERLINK(""https://stackoverflow.com/a/58998190"", ""58998190"")",0.2617359000337724
"=HYPERLINK(""https://stackoverflow.com/a/59346837"", ""59346837"")",0.400304414003044
"=HYPERLINK(""https://stackoverflow.com/a/59453051"", ""59453051"")",0.43650793650793634
"=HYPERLINK(""https://stackoverflow.com/a/59673365"", ""59673365"")",0.8315972222222232
"=HYPERLINK(""https://stackoverflow.com/a/59689745"", ""59689745"")",0.9116959064327496
"=HYPERLINK(""https://stackoverflow.com/a/59910227"", ""59910227"")",0.5158510310864882
"=HYPERLINK(""https://stackoverflow.com/a/60093564"", ""60093564"")",0.6490514905149047
"=HYPERLINK(""https://stackoverflow.com/a/60214376"", ""60214376"")",0.3485108820160366
"=HYPERLINK(""https://stackoverflow.com/a/60337763"", ""60337763"")",0.6693376068376071
"=HYPERLINK(""https://stackoverflow.com/a/60402586"", ""60402586"")",0.7394636015325672
"=HYPERLINK(""https://stackoverflow.com/a/60423982"", ""60423982"")",0.6642111724984657
"=HYPERLINK(""https://stackoverflow.com/a/60571162"", ""60571162"")",0.4947312258236626
"=HYPERLINK(""https://stackoverflow.com/a/60751085"", ""60751085"")",0.6468797564687974
"=HYPERLINK(""https://stackoverflow.com/a/60943064"", ""60943064"")",0.7522222222222217
"=HYPERLINK(""https://stackoverflow.com/a/61502713"", ""61502713"")",0.6322222222222216
"=HYPERLINK(""https://stackoverflow.com/a/61504536"", ""61504536"")",0.39288090485695254
"=HYPERLINK(""https://stackoverflow.com/a/61508156"", ""61508156"")",0.2588075880758806
"=HYPERLINK(""https://stackoverflow.com/a/61738575"", ""61738575"")",0.4762544802867386
"=HYPERLINK(""https://stackoverflow.com/a/61781387"", ""61781387"")",0.48189073050951514
"=HYPERLINK(""https://stackoverflow.com/a/62172683"", ""62172683"")",0.6347674574453824
"=HYPERLINK(""https://stackoverflow.com/a/62216210"", ""62216210"")",0.35012919896640793
"=HYPERLINK(""https://stackoverflow.com/a/62414813"", ""62414813"")",0.7122222222222215
"=HYPERLINK(""https://stackoverflow.com/a/62755986"", ""62755986"")",0.15079365079365076
"=HYPERLINK(""https://stackoverflow.com/a/62772199"", ""62772199"")",0.8319783197831973
"=HYPERLINK(""https://stackoverflow.com/a/62916415"", ""62916415"")",0.6840542832909253
"=HYPERLINK(""https://stackoverflow.com/a/62990219"", ""62990219"")",0.36507936507936495
"=HYPERLINK(""https://stackoverflow.com/a/63250363"", ""63250363"")",0.5596455351056572
"=HYPERLINK(""https://stackoverflow.com/a/63265550"", ""63265550"")",0.7636586863106204
"=HYPERLINK(""https://stackoverflow.com/a/63619178"", ""63619178"")",0.11695906432748532
"=HYPERLINK(""https://stackoverflow.com/a/63721087"", ""63721087"")",0.7419072615923021
"=HYPERLINK(""https://stackoverflow.com/a/64142988"", ""64142988"")",0.5635683760683762
"=HYPERLINK(""https://stackoverflow.com/a/64206245"", ""64206245"")",0.40436507936507937
"=HYPERLINK(""https://stackoverflow.com/a/64472430"", ""64472430"")",0.47411139098796456
"=HYPERLINK(""https://stackoverflow.com/a/64594701"", ""64594701"")",0.5858585858585859
"=HYPERLINK(""https://stackoverflow.com/a/64697367"", ""64697367"")",0.4604772557792694
"=HYPERLINK(""https://stackoverflow.com/a/64794768"", ""64794768"")",0.42953929539295366
"=HYPERLINK(""https://stackoverflow.com/a/64826397"", ""64826397"")",0.6246612466124658
"=HYPERLINK(""https://stackoverflow.com/a/65313012"", ""65313012"")",0.5100687040985553
"=HYPERLINK(""https://stackoverflow.com/a/65584284"", ""65584284"")",0.3622222222222219
"=HYPERLINK(""https://stackoverflow.com/a/66546080"", ""66546080"")",0.34636015325670494
"=HYPERLINK(""https://stackoverflow.com/a/66989627"", ""66989627"")",0.3126744835287546
"=HYPERLINK(""https://stackoverflow.com/a/67581173"", ""67581173"")",0.6642111724984654
