link,Correlation
"=HYPERLINK(""https://stackoverflow.com/a/359725"", ""359725"")",0.022222222222222216
"=HYPERLINK(""https://stackoverflow.com/a/553033"", ""553033"")",0.022222222222222216
"=HYPERLINK(""https://stackoverflow.com/a/892909"", ""892909"")",0.3003472222222225
"=HYPERLINK(""https://stackoverflow.com/a/1113593"", ""1113593"")",0.49626068376068394
"=HYPERLINK(""https://stackoverflow.com/a/1794270"", ""1794270"")",0.5925321732825815
"=HYPERLINK(""https://stackoverflow.com/a/1800997"", ""1800997"")",0.49767132401862907
"=HYPERLINK(""https://stackoverflow.com/a/2155028"", ""2155028"")",0.6962481962481959
"=HYPERLINK(""https://stackoverflow.com/a/2294958"", ""2294958"")",0.022222222222222216
"=HYPERLINK(""https://stackoverflow.com/a/2517494"", ""2517494"")",0.33033033033033
"=HYPERLINK(""https://stackoverflow.com/a/2859485"", ""2859485"")",0.38438438438438405
"=HYPERLINK(""https://stackoverflow.com/a/3367687"", ""3367687"")",0.47645951035781514
"=HYPERLINK(""https://stackoverflow.com/a/3761808"", ""3761808"")",0.36006006006005975
"=HYPERLINK(""https://stackoverflow.com/a/3918548"", ""3918548"")",0.022222222222222216
"=HYPERLINK(""https://stackoverflow.com/a/4257714"", ""4257714"")",0.022222222222222216
"=HYPERLINK(""https://stackoverflow.com/a/4421697"", ""4421697"")",0.41889812249923053
"=HYPERLINK(""https://stackoverflow.com/a/4547524"", ""4547524"")",0.022222222222222216
"=HYPERLINK(""https://stackoverflow.com/a/4692906"", ""4692906"")",0.30509515039901786
"=HYPERLINK(""https://stackoverflow.com/a/4750288"", ""4750288"")",0.5032873109796191
"=HYPERLINK(""https://stackoverflow.com/a/4758075"", ""4758075"")",0.8398692810457518
"=HYPERLINK(""https://stackoverflow.com/a/5025173"", ""5025173"")",0.6058142399605807
"=HYPERLINK(""https://stackoverflow.com/a/5262451"", ""5262451"")",0.78127734033246
"=HYPERLINK(""https://stackoverflow.com/a/5472432"", ""5472432"")",0.8078575813382446
"=HYPERLINK(""https://stackoverflow.com/a/5538127"", ""5538127"")",0.46612466124661206
"=HYPERLINK(""https://stackoverflow.com/a/5846374"", ""5846374"")",0.022222222222222216
"=HYPERLINK(""https://stackoverflow.com/a/5888635"", ""5888635"")",0.27716727716727724
"=HYPERLINK(""https://stackoverflow.com/a/6055731"", ""6055731"")",0.4980842911877396
"=HYPERLINK(""https://stackoverflow.com/a/6178924"", ""6178924"")",0.354090354090354
"=HYPERLINK(""https://stackoverflow.com/a/6294459"", ""6294459"")",0.022222222222222216
"=HYPERLINK(""https://stackoverflow.com/a/6659899"", ""6659899"")",0.33289415898111535
"=HYPERLINK(""https://stackoverflow.com/a/6816294"", ""6816294"")",0.24961948249619478
"=HYPERLINK(""https://stackoverflow.com/a/6943755"", ""6943755"")",0.3050951503990178
"=HYPERLINK(""https://stackoverflow.com/a/7210536"", ""7210536"")",0.022222222222222216
"=HYPERLINK(""https://stackoverflow.com/a/7521351"", ""7521351"")",0.022222222222222216
"=HYPERLINK(""https://stackoverflow.com/a/8100038"", ""8100038"")",0.022222222222222216
"=HYPERLINK(""https://stackoverflow.com/a/8137426"", ""8137426"")",0.022222222222222216
"=HYPERLINK(""https://stackoverflow.com/a/8189461"", ""8189461"")",0.3767411726595407
"=HYPERLINK(""https://stackoverflow.com/a/8329091"", ""8329091"")",0.022222222222222216
"=HYPERLINK(""https://stackoverflow.com/a/8455411"", ""8455411"")",0.44342037890424973
"=HYPERLINK(""https://stackoverflow.com/a/8532908"", ""8532908"")",0.022222222222222216
"=HYPERLINK(""https://stackoverflow.com/a/8829894"", ""8829894"")",0.3210174029451135
"=HYPERLINK(""https://stackoverflow.com/a/8995315"", ""8995315"")",0.3579006141820209
"=HYPERLINK(""https://stackoverflow.com/a/9084652"", ""9084652"")",0.3152454780361754
"=HYPERLINK(""https://stackoverflow.com/a/9126790"", ""9126790"")",0.4175574991901526
"=HYPERLINK(""https://stackoverflow.com/a/9132888"", ""9132888"")",0.4527611443779107
"=HYPERLINK(""https://stackoverflow.com/a/9202488"", ""9202488"")",0.46606458675424145
"=HYPERLINK(""https://stackoverflow.com/a/9225752"", ""9225752"")",0.022222222222222216
"=HYPERLINK(""https://stackoverflow.com/a/9353413"", ""9353413"")",0.5190972222222228
"=HYPERLINK(""https://stackoverflow.com/a/9607937"", ""9607937"")",0.022222222222222216
"=HYPERLINK(""https://stackoverflow.com/a/9689078"", ""9689078"")",0.022222222222222216
"=HYPERLINK(""https://stackoverflow.com/a/9727707"", ""9727707"")",0.4342037890424983
"=HYPERLINK(""https://stackoverflow.com/a/9755900"", ""9755900"")",0.3196248196248194
"=HYPERLINK(""https://stackoverflow.com/a/9943048"", ""9943048"")",0.6237970253718296
"=HYPERLINK(""https://stackoverflow.com/a/10074674"", ""10074674"")",0.5118149824032175
"=HYPERLINK(""https://stackoverflow.com/a/10140777"", ""10140777"")",0.022222222222222216
"=HYPERLINK(""https://stackoverflow.com/a/10298123"", ""10298123"")",0.31956735496558536
"=HYPERLINK(""https://stackoverflow.com/a/10336008"", ""10336008"")",0.49294045426642136
"=HYPERLINK(""https://stackoverflow.com/a/10380798"", ""10380798"")",0.3370082144401209
"=HYPERLINK(""https://stackoverflow.com/a/10484776"", ""10484776"")",0.43856837606837623
"=HYPERLINK(""https://stackoverflow.com/a/10516875"", ""10516875"")",0.022222222222222216
"=HYPERLINK(""https://stackoverflow.com/a/10682533"", ""10682533"")",0.4075880758807586
"=HYPERLINK(""https://stackoverflow.com/a/10750382"", ""10750382"")",0.39664082687338487
"=HYPERLINK(""https://stackoverflow.com/a/10772127"", ""10772127"")",0.21377831389894106
"=HYPERLINK(""https://stackoverflow.com/a/10791844"", ""10791844"")",0.4962606837606841
"=HYPERLINK(""https://stackoverflow.com/a/10804206"", ""10804206"")",0.4190726159230102
"=HYPERLINK(""https://stackoverflow.com/a/11045068"", ""11045068"")",0.022222222222222216
"=HYPERLINK(""https://stackoverflow.com/a/11198988"", ""11198988"")",0.5209235209235206
"=HYPERLINK(""https://stackoverflow.com/a/11295255"", ""11295255"")",0.3578154425612052
"=HYPERLINK(""https://stackoverflow.com/a/12036237"", ""12036237"")",0.47314473144731467
"=HYPERLINK(""https://stackoverflow.com/a/12280928"", ""12280928"")",0.022222222222222216
"=HYPERLINK(""https://stackoverflow.com/a/12722534"", ""12722534"")",0.28664529914529924
"=HYPERLINK(""https://stackoverflow.com/a/12838727"", ""12838727"")",0.23222222222222202
"=HYPERLINK(""https://stackoverflow.com/a/12840017"", ""12840017"")",0.022222222222222216
"=HYPERLINK(""https://stackoverflow.com/a/12846540"", ""12846540"")",0.615923009623798
"=HYPERLINK(""https://stackoverflow.com/a/12934192"", ""12934192"")",0.3498372849837282
"=HYPERLINK(""https://stackoverflow.com/a/13170811"", ""13170811"")",0.022222222222222216
"=HYPERLINK(""https://stackoverflow.com/a/13400511"", ""13400511"")",0.321945213911973
"=HYPERLINK(""https://stackoverflow.com/a/13640159"", ""13640159"")",0.022222222222222216
"=HYPERLINK(""https://stackoverflow.com/a/13763120"", ""13763120"")",0.3629257398101616
"=HYPERLINK(""https://stackoverflow.com/a/13874167"", ""13874167"")",0.2626921961125617
"=HYPERLINK(""https://stackoverflow.com/a/14018081"", ""14018081"")",0.4019457245263694
"=HYPERLINK(""https://stackoverflow.com/a/14294931"", ""14294931"")",0.022222222222222216
"=HYPERLINK(""https://stackoverflow.com/a/14314630"", ""14314630"")",0.022222222222222216
"=HYPERLINK(""https://stackoverflow.com/a/14499697"", ""14499697"")",0.022222222222222216
"=HYPERLINK(""https://stackoverflow.com/a/14673540"", ""14673540"")",0.2883986928104575
"=HYPERLINK(""https://stackoverflow.com/a/15400996"", ""15400996"")",0.022222222222222216
"=HYPERLINK(""https://stackoverflow.com/a/15567689"", ""15567689"")",0.4571324995468553
"=HYPERLINK(""https://stackoverflow.com/a/15759509"", ""15759509"")",0.022222222222222216
"=HYPERLINK(""https://stackoverflow.com/a/15830536"", ""15830536"")",0.52748538011696
"=HYPERLINK(""https://stackoverflow.com/a/15878809"", ""15878809"")",0.5940815187046337
"=HYPERLINK(""https://stackoverflow.com/a/16190356"", ""16190356"")",0.3661336613366136
"=HYPERLINK(""https://stackoverflow.com/a/16304788"", ""16304788"")",0.3070930709307095
"=HYPERLINK(""https://stackoverflow.com/a/16394133"", ""16394133"")",0.022222222222222216
"=HYPERLINK(""https://stackoverflow.com/a/16416813"", ""16416813"")",0.022222222222222216
"=HYPERLINK(""https://stackoverflow.com/a/16694941"", ""16694941"")",0.022222222222222216
"=HYPERLINK(""https://stackoverflow.com/a/16737350"", ""16737350"")",0.41113392653433684
"=HYPERLINK(""https://stackoverflow.com/a/16833001"", ""16833001"")",0.4773946360153258
"=HYPERLINK(""https://stackoverflow.com/a/17047961"", ""17047961"")",0.4465465465465462
"=HYPERLINK(""https://stackoverflow.com/a/17058260"", ""17058260"")",0.022222222222222216
"=HYPERLINK(""https://stackoverflow.com/a/17274283"", ""17274283"")",0.33033033033032994
"=HYPERLINK(""https://stackoverflow.com/a/17440625"", ""17440625"")",0.022222222222222216
"=HYPERLINK(""https://stackoverflow.com/a/17492988"", ""17492988"")",0.49159491594915966
"=HYPERLINK(""https://stackoverflow.com/a/17566245"", ""17566245"")",0.022222222222222216
"=HYPERLINK(""https://stackoverflow.com/a/17786982"", ""17786982"")",0.8222222222222213
"=HYPERLINK(""https://stackoverflow.com/a/17807268"", ""17807268"")",0.3802410901467506
"=HYPERLINK(""https://stackoverflow.com/a/17916408"", ""17916408"")",0.2166973603437692
"=HYPERLINK(""https://stackoverflow.com/a/18060535"", ""18060535"")",0.022222222222222216
"=HYPERLINK(""https://stackoverflow.com/a/18100649"", ""18100649"")",0.6752608962553717
"=HYPERLINK(""https://stackoverflow.com/a/18158579"", ""18158579"")",0.022222222222222216
"=HYPERLINK(""https://stackoverflow.com/a/18215781"", ""18215781"")",0.022222222222222216
"=HYPERLINK(""https://stackoverflow.com/a/18506537"", ""18506537"")",0.5049808429118774
"=HYPERLINK(""https://stackoverflow.com/a/19295415"", ""19295415"")",0.8326118326118319
"=HYPERLINK(""https://stackoverflow.com/a/19312105"", ""19312105"")",0.48650793650793667
"=HYPERLINK(""https://stackoverflow.com/a/19393746"", ""19393746"")",0.6789789789789783
"=HYPERLINK(""https://stackoverflow.com/a/19498821"", ""19498821"")",0.6258919469928647
"=HYPERLINK(""https://stackoverflow.com/a/19519928"", ""19519928"")",0.26028450595924624
"=HYPERLINK(""https://stackoverflow.com/a/20133559"", ""20133559"")",0.25096160824442976
"=HYPERLINK(""https://stackoverflow.com/a/20269243"", ""20269243"")",0.6980842911877395
"=HYPERLINK(""https://stackoverflow.com/a/21107133"", ""21107133"")",0.022222222222222216
"=HYPERLINK(""https://stackoverflow.com/a/21212889"", ""21212889"")",0.47586653709102755
"=HYPERLINK(""https://stackoverflow.com/a/21388926"", ""21388926"")",0.022222222222222216
"=HYPERLINK(""https://stackoverflow.com/a/21517639"", ""21517639"")",0.4439964157706092
"=HYPERLINK(""https://stackoverflow.com/a/21564402"", ""21564402"")",0.33159722222222254
"=HYPERLINK(""https://stackoverflow.com/a/21670207"", ""21670207"")",0.022222222222222216
"=HYPERLINK(""https://stackoverflow.com/a/21895753"", ""21895753"")",0.022222222222222216
"=HYPERLINK(""https://stackoverflow.com/a/22300650"", ""22300650"")",0.22782760338814137
"=HYPERLINK(""https://stackoverflow.com/a/22385350"", ""22385350"")",0.4906432748538019
"=HYPERLINK(""https://stackoverflow.com/a/22739182"", ""22739182"")",0.4035824237335565
"=HYPERLINK(""https://stackoverflow.com/a/22837470"", ""22837470"")",0.8290924512298573
"=HYPERLINK(""https://stackoverflow.com/a/22933643"", ""22933643"")",0.5079365079365078
"=HYPERLINK(""https://stackoverflow.com/a/23077311"", ""23077311"")",0.49745158002038753
"=HYPERLINK(""https://stackoverflow.com/a/23154589"", ""23154589"")",0.28222222222222193
"=HYPERLINK(""https://stackoverflow.com/a/23313251"", ""23313251"")",0.7497812773403338
"=HYPERLINK(""https://stackoverflow.com/a/23628931"", ""23628931"")",0.30441400304414007
"=HYPERLINK(""https://stackoverflow.com/a/23910436"", ""23910436"")",0.33131313131313134
"=HYPERLINK(""https://stackoverflow.com/a/23911144"", ""23911144"")",0.022222222222222216
"=HYPERLINK(""https://stackoverflow.com/a/24012851"", ""24012851"")",0.5722222222222217
"=HYPERLINK(""https://stackoverflow.com/a/24021225"", ""24021225"")",0.25918320784850546
"=HYPERLINK(""https://stackoverflow.com/a/24089562"", ""24089562"")",0.8189073050951505
"=HYPERLINK(""https://stackoverflow.com/a/24426761"", ""24426761"")",0.022222222222222216
"=HYPERLINK(""https://stackoverflow.com/a/24456059"", ""24456059"")",0.6035781544256114
"=HYPERLINK(""https://stackoverflow.com/a/24457923"", ""24457923"")",0.5751633986928106
"=HYPERLINK(""https://stackoverflow.com/a/24489114"", ""24489114"")",0.3605621431708386
"=HYPERLINK(""https://stackoverflow.com/a/25031915"", ""25031915"")",0.4492160872528966
"=HYPERLINK(""https://stackoverflow.com/a/25349562"", ""25349562"")",0.022222222222222216
"=HYPERLINK(""https://stackoverflow.com/a/25398468"", ""25398468"")",0.39486065870430687
"=HYPERLINK(""https://stackoverflow.com/a/25543294"", ""25543294"")",0.3882301273605617
"=HYPERLINK(""https://stackoverflow.com/a/25794544"", ""25794544"")",0.1695906432748539
"=HYPERLINK(""https://stackoverflow.com/a/25912811"", ""25912811"")",0.022222222222222216
"=HYPERLINK(""https://stackoverflow.com/a/26183381"", ""26183381"")",0.022222222222222216
"=HYPERLINK(""https://stackoverflow.com/a/26262713"", ""26262713"")",0.022222222222222216
"=HYPERLINK(""https://stackoverflow.com/a/26378836"", ""26378836"")",0.022222222222222216
"=HYPERLINK(""https://stackoverflow.com/a/26966182"", ""26966182"")",0.022222222222222216
"=HYPERLINK(""https://stackoverflow.com/a/27053697"", ""27053697"")",0.32127882599580726
"=HYPERLINK(""https://stackoverflow.com/a/27100199"", ""27100199"")",0.29071537290715366
"=HYPERLINK(""https://stackoverflow.com/a/27161761"", ""27161761"")",0.022222222222222216
"=HYPERLINK(""https://stackoverflow.com/a/27248256"", ""27248256"")",0.022222222222222216
"=HYPERLINK(""https://stackoverflow.com/a/27861589"", ""27861589"")",0.022222222222222216
"=HYPERLINK(""https://stackoverflow.com/a/28032988"", ""28032988"")",0.559064327485381
"=HYPERLINK(""https://stackoverflow.com/a/28238071"", ""28238071"")",0.022222222222222216
"=HYPERLINK(""https://stackoverflow.com/a/28298291"", ""28298291"")",0.440881114350502
"=HYPERLINK(""https://stackoverflow.com/a/28374989"", ""28374989"")",0.5316144874155927
"=HYPERLINK(""https://stackoverflow.com/a/28626233"", ""28626233"")",0.5612052730696792
"=HYPERLINK(""https://stackoverflow.com/a/28961961"", ""28961961"")",0.022222222222222216
"=HYPERLINK(""https://stackoverflow.com/a/29323633"", ""29323633"")",0.3866057838660579
"=HYPERLINK(""https://stackoverflow.com/a/29407411"", ""29407411"")",0.7657004830917882
"=HYPERLINK(""https://stackoverflow.com/a/29497665"", ""29497665"")",0.36824810022591914
"=HYPERLINK(""https://stackoverflow.com/a/30254710"", ""30254710"")",0.2546897546897544
"=HYPERLINK(""https://stackoverflow.com/a/30369588"", ""30369588"")",0.4773946360153256
"=HYPERLINK(""https://stackoverflow.com/a/30434293"", ""30434293"")",0.022222222222222216
"=HYPERLINK(""https://stackoverflow.com/a/30572148"", ""30572148"")",0.022222222222222216
"=HYPERLINK(""https://stackoverflow.com/a/30623155"", ""30623155"")",0.5131313131313131
"=HYPERLINK(""https://stackoverflow.com/a/31007551"", ""31007551"")",0.2667974955611626
"=HYPERLINK(""https://stackoverflow.com/a/31401954"", ""31401954"")",0.3047910295616718
"=HYPERLINK(""https://stackoverflow.com/a/31616503"", ""31616503"")",0.2332112332112331
"=HYPERLINK(""https://stackoverflow.com/a/31832794"", ""31832794"")",0.7722222222222214
"=HYPERLINK(""https://stackoverflow.com/a/32654207"", ""32654207"")",0.5136795086543826
"=HYPERLINK(""https://stackoverflow.com/a/32926402"", ""32926402"")",0.5056867891513569
"=HYPERLINK(""https://stackoverflow.com/a/32989421"", ""32989421"")",0.022222222222222216
"=HYPERLINK(""https://stackoverflow.com/a/33236976"", ""33236976"")",0.40627130197682326
"=HYPERLINK(""https://stackoverflow.com/a/33284607"", ""33284607"")",0.48189073050951525
"=HYPERLINK(""https://stackoverflow.com/a/33662729"", ""33662729"")",0.022222222222222216
"=HYPERLINK(""https://stackoverflow.com/a/34034736"", ""34034736"")",0.022222222222222216
"=HYPERLINK(""https://stackoverflow.com/a/34880838"", ""34880838"")",0.35125448028673845
"=HYPERLINK(""https://stackoverflow.com/a/34924501"", ""34924501"")",0.3327991452991454
"=HYPERLINK(""https://stackoverflow.com/a/35010438"", ""35010438"")",0.6698966408268725
"=HYPERLINK(""https://stackoverflow.com/a/35034564"", ""35034564"")",0.26291989664082654
"=HYPERLINK(""https://stackoverflow.com/a/35064246"", ""35064246"")",0.022222222222222216
"=HYPERLINK(""https://stackoverflow.com/a/35219150"", ""35219150"")",0.15700483091787454
"=HYPERLINK(""https://stackoverflow.com/a/35532171"", ""35532171"")",0.022222222222222216
"=HYPERLINK(""https://stackoverflow.com/a/35576604"", ""35576604"")",0.3131313131313131
"=HYPERLINK(""https://stackoverflow.com/a/35649473"", ""35649473"")",0.38222222222222196
"=HYPERLINK(""https://stackoverflow.com/a/35869478"", ""35869478"")",0.338244321669736
"=HYPERLINK(""https://stackoverflow.com/a/37487635"", ""37487635"")",0.3123861566484521
"=HYPERLINK(""https://stackoverflow.com/a/37506908"", ""37506908"")",0.3520923520923518
"=HYPERLINK(""https://stackoverflow.com/a/37524597"", ""37524597"")",0.3578154425612051
"=HYPERLINK(""https://stackoverflow.com/a/37545066"", ""37545066"")",0.6912943871706756
"=HYPERLINK(""https://stackoverflow.com/a/38020083"", ""38020083"")",0.022222222222222216
"=HYPERLINK(""https://stackoverflow.com/a/38204075"", ""38204075"")",0.5322222222222216
"=HYPERLINK(""https://stackoverflow.com/a/38598459"", ""38598459"")",0.6883239171374761
"=HYPERLINK(""https://stackoverflow.com/a/39043307"", ""39043307"")",0.41687871077184124
"=HYPERLINK(""https://stackoverflow.com/a/39105318"", ""39105318"")",0.022222222222222216
"=HYPERLINK(""https://stackoverflow.com/a/39193530"", ""39193530"")",0.3103834312902318
"=HYPERLINK(""https://stackoverflow.com/a/39833408"", ""39833408"")",0.483091787439614
"=HYPERLINK(""https://stackoverflow.com/a/39919778"", ""39919778"")",0.022222222222222216
"=HYPERLINK(""https://stackoverflow.com/a/40263451"", ""40263451"")",0.43843843843843827
"=HYPERLINK(""https://stackoverflow.com/a/40488211"", ""40488211"")",0.2052009456264776
"=HYPERLINK(""https://stackoverflow.com/a/40529077"", ""40529077"")",0.022222222222222216
"=HYPERLINK(""https://stackoverflow.com/a/41168522"", ""41168522"")",0.42222222222222183
"=HYPERLINK(""https://stackoverflow.com/a/41193252"", ""41193252"")",0.8747645951035771
"=HYPERLINK(""https://stackoverflow.com/a/41642881"", ""41642881"")",0.5295992714025508
"=HYPERLINK(""https://stackoverflow.com/a/42039173"", ""42039173"")",0.3710771840542838
"=HYPERLINK(""https://stackoverflow.com/a/42293929"", ""42293929"")",0.29365079365079355
"=HYPERLINK(""https://stackoverflow.com/a/42835329"", ""42835329"")",0.8159722222222234
"=HYPERLINK(""https://stackoverflow.com/a/42848962"", ""42848962"")",0.6288156288156287
"=HYPERLINK(""https://stackoverflow.com/a/43232568"", ""43232568"")",0.5365934797072517
"=HYPERLINK(""https://stackoverflow.com/a/43237118"", ""43237118"")",0.022222222222222216
"=HYPERLINK(""https://stackoverflow.com/a/43496462"", ""43496462"")",0.6398046398046396
"=HYPERLINK(""https://stackoverflow.com/a/43779132"", ""43779132"")",0.022222222222222216
"=HYPERLINK(""https://stackoverflow.com/a/43861039"", ""43861039"")",0.46222222222222176
"=HYPERLINK(""https://stackoverflow.com/a/43901988"", ""43901988"")",0.022222222222222216
"=HYPERLINK(""https://stackoverflow.com/a/44020528"", ""44020528"")",0.5122222222222216
"=HYPERLINK(""https://stackoverflow.com/a/44668409"", ""44668409"")",0.5494949494949495
"=HYPERLINK(""https://stackoverflow.com/a/44826517"", ""44826517"")",0.022222222222222216
"=HYPERLINK(""https://stackoverflow.com/a/44888592"", ""44888592"")",0.5214348206474201
"=HYPERLINK(""https://stackoverflow.com/a/45254891"", ""45254891"")",0.439036381514258
"=HYPERLINK(""https://stackoverflow.com/a/46004362"", ""46004362"")",0.022222222222222216
"=HYPERLINK(""https://stackoverflow.com/a/46347981"", ""46347981"")",0.6248196248196246
"=HYPERLINK(""https://stackoverflow.com/a/46435660"", ""46435660"")",0.32799145299145294
"=HYPERLINK(""https://stackoverflow.com/a/46587510"", ""46587510"")",0.022222222222222216
"=HYPERLINK(""https://stackoverflow.com/a/46621877"", ""46621877"")",0.022222222222222216
"=HYPERLINK(""https://stackoverflow.com/a/46713409"", ""46713409"")",0.4982403217697333
"=HYPERLINK(""https://stackoverflow.com/a/46910944"", ""46910944"")",0.6222222222222222
"=HYPERLINK(""https://stackoverflow.com/a/47216370"", ""47216370"")",0.5877253023043572
"=HYPERLINK(""https://stackoverflow.com/a/47470172"", ""47470172"")",0.022222222222222216
"=HYPERLINK(""https://stackoverflow.com/a/47746836"", ""47746836"")",0.06432748538011704
"=HYPERLINK(""https://stackoverflow.com/a/47992155"", ""47992155"")",0.26231656184486385
"=HYPERLINK(""https://stackoverflow.com/a/48572182"", ""48572182"")",0.2614831921991276
"=HYPERLINK(""https://stackoverflow.com/a/48611572"", ""48611572"")",0.32145886344359664
"=HYPERLINK(""https://stackoverflow.com/a/49060831"", ""49060831"")",0.022222222222222216
"=HYPERLINK(""https://stackoverflow.com/a/49188046"", ""49188046"")",0.46097654748173766
"=HYPERLINK(""https://stackoverflow.com/a/49490175"", ""49490175"")",0.022222222222222216
"=HYPERLINK(""https://stackoverflow.com/a/50063896"", ""50063896"")",0.3094315245478035
"=HYPERLINK(""https://stackoverflow.com/a/50174555"", ""50174555"")",0.5149051490514901
"=HYPERLINK(""https://stackoverflow.com/a/50255132"", ""50255132"")",0.274170274170274
"=HYPERLINK(""https://stackoverflow.com/a/50768901"", ""50768901"")",0.323212321232123
"=HYPERLINK(""https://stackoverflow.com/a/51115314"", ""51115314"")",0.022222222222222216
"=HYPERLINK(""https://stackoverflow.com/a/51639333"", ""51639333"")",0.33091787439613557
"=HYPERLINK(""https://stackoverflow.com/a/52764602"", ""52764602"")",0.36823992133726674
"=HYPERLINK(""https://stackoverflow.com/a/52891470"", ""52891470"")",0.37970253718285263
"=HYPERLINK(""https://stackoverflow.com/a/52954558"", ""52954558"")",0.45160366552119113
"=HYPERLINK(""https://stackoverflow.com/a/53049002"", ""53049002"")",0.828521434820649
"=HYPERLINK(""https://stackoverflow.com/a/53267704"", ""53267704"")",0.022222222222222216
"=HYPERLINK(""https://stackoverflow.com/a/53605335"", ""53605335"")",0.022222222222222216
"=HYPERLINK(""https://stackoverflow.com/a/53701079"", ""53701079"")",0.17027417027417016
"=HYPERLINK(""https://stackoverflow.com/a/53834500"", ""53834500"")",0.43444087173990736
"=HYPERLINK(""https://stackoverflow.com/a/54186664"", ""54186664"")",0.4033245844269473
"=HYPERLINK(""https://stackoverflow.com/a/55385008"", ""55385008"")",0.6493579006141815
"=HYPERLINK(""https://stackoverflow.com/a/55502448"", ""55502448"")",0.3669030732860521
"=HYPERLINK(""https://stackoverflow.com/a/55643123"", ""55643123"")",0.022222222222222216
"=HYPERLINK(""https://stackoverflow.com/a/55795233"", ""55795233"")",0.022222222222222216
"=HYPERLINK(""https://stackoverflow.com/a/56126337"", ""56126337"")",0.770167427701674
"=HYPERLINK(""https://stackoverflow.com/a/56941831"", ""56941831"")",0.7466124661246608
"=HYPERLINK(""https://stackoverflow.com/a/57000342"", ""57000342"")",0.4590643274853806
"=HYPERLINK(""https://stackoverflow.com/a/57028236"", ""57028236"")",0.022222222222222216
"=HYPERLINK(""https://stackoverflow.com/a/57658083"", ""57658083"")",0.022222222222222216
"=HYPERLINK(""https://stackoverflow.com/a/57789807"", ""57789807"")",0.29222222222222205
"=HYPERLINK(""https://stackoverflow.com/a/57824034"", ""57824034"")",0.2485745107104331
"=HYPERLINK(""https://stackoverflow.com/a/57843708"", ""57843708"")",0.46505205013809287
"=HYPERLINK(""https://stackoverflow.com/a/57900134"", ""57900134"")",0.33946360153256705
"=HYPERLINK(""https://stackoverflow.com/a/57978066"", ""57978066"")",0.022222222222222216
"=HYPERLINK(""https://stackoverflow.com/a/58722840"", ""58722840"")",0.022222222222222216
"=HYPERLINK(""https://stackoverflow.com/a/58861286"", ""58861286"")",0.3690112130479104
"=HYPERLINK(""https://stackoverflow.com/a/58970256"", ""58970256"")",0.7451580020387364
"=HYPERLINK(""https://stackoverflow.com/a/59028092"", ""59028092"")",0.022222222222222216
"=HYPERLINK(""https://stackoverflow.com/a/59059973"", ""59059973"")",0.3757403458896
"=HYPERLINK(""https://stackoverflow.com/a/59175630"", ""59175630"")",0.4322222222222217
"=HYPERLINK(""https://stackoverflow.com/a/59179133"", ""59179133"")",0.022222222222222216
"=HYPERLINK(""https://stackoverflow.com/a/59260694"", ""59260694"")",0.28839869281045755
"=HYPERLINK(""https://stackoverflow.com/a/59947111"", ""59947111"")",0.4912095639943736
"=HYPERLINK(""https://stackoverflow.com/a/60176225"", ""60176225"")",0.25347222222222215
"=HYPERLINK(""https://stackoverflow.com/a/60211524"", ""60211524"")",0.022222222222222216
"=HYPERLINK(""https://stackoverflow.com/a/60425323"", ""60425323"")",0.5341488277268096
"=HYPERLINK(""https://stackoverflow.com/a/60780501"", ""60780501"")",0.022222222222222216
"=HYPERLINK(""https://stackoverflow.com/a/61074818"", ""61074818"")",0.6393076493579
"=HYPERLINK(""https://stackoverflow.com/a/61116191"", ""61116191"")",0.6516700749829577
"=HYPERLINK(""https://stackoverflow.com/a/61264656"", ""61264656"")",0.022222222222222216
"=HYPERLINK(""https://stackoverflow.com/a/61307580"", ""61307580"")",0.5409035409035408
"=HYPERLINK(""https://stackoverflow.com/a/61488556"", ""61488556"")",0.022222222222222216
"=HYPERLINK(""https://stackoverflow.com/a/61510906"", ""61510906"")",0.700483091787439
"=HYPERLINK(""https://stackoverflow.com/a/61683705"", ""61683705"")",0.34007317542846166
"=HYPERLINK(""https://stackoverflow.com/a/61902353"", ""61902353"")",0.36655211912943875
"=HYPERLINK(""https://stackoverflow.com/a/61929818"", ""61929818"")",0.24420024420024414
"=HYPERLINK(""https://stackoverflow.com/a/62072812"", ""62072812"")",0.022222222222222216
"=HYPERLINK(""https://stackoverflow.com/a/62210827"", ""62210827"")",0.022222222222222216
"=HYPERLINK(""https://stackoverflow.com/a/62291937"", ""62291937"")",0.022222222222222216
"=HYPERLINK(""https://stackoverflow.com/a/62412821"", ""62412821"")",0.022222222222222216
"=HYPERLINK(""https://stackoverflow.com/a/62447174"", ""62447174"")",0.4237335572348162
"=HYPERLINK(""https://stackoverflow.com/a/62466841"", ""62466841"")",0.022222222222222216
"=HYPERLINK(""https://stackoverflow.com/a/62752938"", ""62752938"")",0.4404040404040405
"=HYPERLINK(""https://stackoverflow.com/a/62789102"", ""62789102"")",0.5660957400087828
"=HYPERLINK(""https://stackoverflow.com/a/62839780"", ""62839780"")",0.022222222222222216
"=HYPERLINK(""https://stackoverflow.com/a/62922550"", ""62922550"")",0.31899641577060894
"=HYPERLINK(""https://stackoverflow.com/a/63037686"", ""63037686"")",0.42605673281758033
"=HYPERLINK(""https://stackoverflow.com/a/63130115"", ""63130115"")",0.6951286261631081
"=HYPERLINK(""https://stackoverflow.com/a/63345912"", ""63345912"")",0.022222222222222216
"=HYPERLINK(""https://stackoverflow.com/a/63349932"", ""63349932"")",0.022222222222222216
"=HYPERLINK(""https://stackoverflow.com/a/63691363"", ""63691363"")",0.5392953929539287
"=HYPERLINK(""https://stackoverflow.com/a/63735968"", ""63735968"")",0.022222222222222216
"=HYPERLINK(""https://stackoverflow.com/a/63941168"", ""63941168"")",0.33726647000983295
"=HYPERLINK(""https://stackoverflow.com/a/64957406"", ""64957406"")",0.022222222222222216
"=HYPERLINK(""https://stackoverflow.com/a/65332252"", ""65332252"")",0.022222222222222216
"=HYPERLINK(""https://stackoverflow.com/a/65809409"", ""65809409"")",0.2659540006478786
"=HYPERLINK(""https://stackoverflow.com/a/66894721"", ""66894721"")",0.022222222222222216
"=HYPERLINK(""https://stackoverflow.com/a/67071025"", ""67071025"")",0.5063131313131308
