"link","Correlation","score","view_count"
"=HYPERLINK(""https://stackoverflow.com/q/1071398"", ""1071398"")",0.4252991452991457,"0","969"
"=HYPERLINK(""https://stackoverflow.com/q/1361695"", ""1361695"")",0.5044308111792767,"1","1268"
"=HYPERLINK(""https://stackoverflow.com/q/1410893"", ""1410893"")",0.391452991452992,"0","2882"
"=HYPERLINK(""https://stackoverflow.com/q/1426114"", ""1426114"")",0.6539565395653955,"0","505"
"=HYPERLINK(""https://stackoverflow.com/q/1431546"", ""1431546"")",0.4390363815142579,"1","12577"
"=HYPERLINK(""https://stackoverflow.com/q/1508426"", ""1508426"")",0.5542380324989014,"0","169"
"=HYPERLINK(""https://stackoverflow.com/q/1724415"", ""1724415"")",0.4664579182085578,"2","2446"
"=HYPERLINK(""https://stackoverflow.com/q/1798210"", ""1798210"")",0.3622873688020268,"0","1042"
"=HYPERLINK(""https://stackoverflow.com/q/2111656"", ""2111656"")",0.4307328605200948,"1","1435"
"=HYPERLINK(""https://stackoverflow.com/q/2111879"", ""2111879"")",0.3881796690307331,"0","4673"
"=HYPERLINK(""https://stackoverflow.com/q/2131220"", ""2131220"")",0.3936507936507938,"0","522"
"=HYPERLINK(""https://stackoverflow.com/q/3207775"", ""3207775"")",0.3289637952559305,"0","835"
"=HYPERLINK(""https://stackoverflow.com/q/3659205"", ""3659205"")",0.3018682399213376,"0","5609"
"=HYPERLINK(""https://stackoverflow.com/q/3672152"", ""3672152"")",0.6492492492492485,"1","354"
"=HYPERLINK(""https://stackoverflow.com/q/4008237"", ""4008237"")",0.5344751866490989,"1","9908"
"=HYPERLINK(""https://stackoverflow.com/q/4692836"", ""4692836"")",0.2835429769392034,"1","1462"
"=HYPERLINK(""https://stackoverflow.com/q/4731217"", ""4731217"")",0.4297693920335431,"2","2113"
"=HYPERLINK(""https://stackoverflow.com/q/4754655"", ""4754655"")",0.475234270414993,"0","416"
"=HYPERLINK(""https://stackoverflow.com/q/4846796"", ""4846796"")",0.4604772557792694,"0","806"
"=HYPERLINK(""https://stackoverflow.com/q/5024831"", ""5024831"")",0.4923835125448032,"1","4100"
"=HYPERLINK(""https://stackoverflow.com/q/5111527"", ""5111527"")",0.4886156648451734,"2","2214"
"=HYPERLINK(""https://stackoverflow.com/q/5290613"", ""5290613"")",0.5662455458373834,"2","2536"
"=HYPERLINK(""https://stackoverflow.com/q/5395682"", ""5395682"")",0.2304189435336977,"5","7951"
"=HYPERLINK(""https://stackoverflow.com/q/5400137"", ""5400137"")",0.3551336146272852,"1","555"
"=HYPERLINK(""https://stackoverflow.com/q/5457509"", ""5457509"")",0.6183489827856035,"4","16814"
"=HYPERLINK(""https://stackoverflow.com/q/5482030"", ""5482030"")",0.3808938089380896,"12","31311"
"=HYPERLINK(""https://stackoverflow.com/q/5819639"", ""5819639"")",0.40985548448235,"4","1348"
"=HYPERLINK(""https://stackoverflow.com/q/5865736"", ""5865736"")",0.694614860259031,"1","13599"
"=HYPERLINK(""https://stackoverflow.com/q/5879125"", ""5879125"")",0.3904292462517975,"0","1610"
"=HYPERLINK(""https://stackoverflow.com/q/5881218"", ""5881218"")",0.6962481962481956,"0","2565"
"=HYPERLINK(""https://stackoverflow.com/q/5999601"", ""5999601"")",0.2633614627285514,"3","637"
"=HYPERLINK(""https://stackoverflow.com/q/6223026"", ""6223026"")",0.2914742997845492,"4","6146"
"=HYPERLINK(""https://stackoverflow.com/q/6280091"", ""6280091"")",0.5643274853801177,"0","136"
"=HYPERLINK(""https://stackoverflow.com/q/6463625"", ""6463625"")",0.2587390761548068,"1","1252"
"=HYPERLINK(""https://stackoverflow.com/q/6471218"", ""6471218"")",0.480842911877394,"1","1097"
"=HYPERLINK(""https://stackoverflow.com/q/6535805"", ""6535805"")",0.4633289415898108,"0","297"
"=HYPERLINK(""https://stackoverflow.com/q/6705364"", ""6705364"")",0.4179078924841638,"6","25348"
"=HYPERLINK(""https://stackoverflow.com/q/6766182"", ""6766182"")",0.2881386209360487,"1","9850"
"=HYPERLINK(""https://stackoverflow.com/q/6979458"", ""6979458"")",0.7114308553157476,"0","1820"
"=HYPERLINK(""https://stackoverflow.com/q/7481906"", ""7481906"")",0.2255444813584349,"0","6637"
"=HYPERLINK(""https://stackoverflow.com/q/7796062"", ""7796062"")",0.4356609574000875,"0","753"
"=HYPERLINK(""https://stackoverflow.com/q/7977140"", ""7977140"")",0.3146831041567886,"0","567"
"=HYPERLINK(""https://stackoverflow.com/q/8120939"", ""8120939"")",0.6490996925779524,"0","588"
"=HYPERLINK(""https://stackoverflow.com/q/8452468"", ""8452468"")",0.457936507936508,"3","7228"
"=HYPERLINK(""https://stackoverflow.com/q/8636380"", ""8636380"")",0.5202517788724679,"4","934"
"=HYPERLINK(""https://stackoverflow.com/q/8926206"", ""8926206"")",0.5769894062576981,"1","517"
"=HYPERLINK(""https://stackoverflow.com/q/8984057"", ""8984057"")",0.2532643508253263,"0","3062"
"=HYPERLINK(""https://stackoverflow.com/q/8999492"", ""8999492"")",0.6823992133726652,"1","538"
"=HYPERLINK(""https://stackoverflow.com/q/9063672"", ""9063672"")",0.4496274700356341,"0","100"
"=HYPERLINK(""https://stackoverflow.com/q/9093909"", ""9093909"")",0.3787107718405432,"3","418"
"=HYPERLINK(""https://stackoverflow.com/q/9110857"", ""9110857"")",0.3735137351373515,"1","1013"
"=HYPERLINK(""https://stackoverflow.com/q/9175413"", ""9175413"")",0.3679508654383023,"1","716"
"=HYPERLINK(""https://stackoverflow.com/q/9193710"", ""9193710"")",0.4615079365079367,"1","2872"
"=HYPERLINK(""https://stackoverflow.com/q/9359293"", ""9359293"")",0.338786639400136,"1","1652"
"=HYPERLINK(""https://stackoverflow.com/q/9458975"", ""9458975"")",0.4492492492492488,"0","1533"
"=HYPERLINK(""https://stackoverflow.com/q/9499532"", ""9499532"")",0.340146750524109,"1","6024"
"=HYPERLINK(""https://stackoverflow.com/q/9604326"", ""9604326"")",0.5021517996870116,"4","1688"
"=HYPERLINK(""https://stackoverflow.com/q/9683640"", ""9683640"")",0.5406184486373167,"0","3911"
"=HYPERLINK(""https://stackoverflow.com/q/9867704"", ""9867704"")",0.3081117927743692,"0","278"
"=HYPERLINK(""https://stackoverflow.com/q/9901885"", ""9901885"")",0.5263696876600092,"3","2089"
"=HYPERLINK(""https://stackoverflow.com/q/10112821"", ""10112821"")",0.669226830517152,"0","726"
"=HYPERLINK(""https://stackoverflow.com/q/10122814"", ""10122814"")",0.4914529914529917,"0","471"
"=HYPERLINK(""https://stackoverflow.com/q/10171687"", ""10171687"")",0.4538011695906436,"1","1647"
"=HYPERLINK(""https://stackoverflow.com/q/10356255"", ""10356255"")",0.4622222222222222,"2","5110"
"=HYPERLINK(""https://stackoverflow.com/q/10408812"", ""10408812"")",0.7013219006788143,"0","2507"
"=HYPERLINK(""https://stackoverflow.com/q/10449037"", ""10449037"")",0.3138252756573371,"0","1202"
"=HYPERLINK(""https://stackoverflow.com/q/10484489"", ""10484489"")",0.437703393770339,"0","988"
"=HYPERLINK(""https://stackoverflow.com/q/10658753"", ""10658753"")",0.3328941589811153,"0","2499"
"=HYPERLINK(""https://stackoverflow.com/q/10682544"", ""10682544"")",0.4136579904841867,"0","381"
"=HYPERLINK(""https://stackoverflow.com/q/10749998"", ""10749998"")",0.371828521434821,"0","3158"
"=HYPERLINK(""https://stackoverflow.com/q/10764740"", ""10764740"")",0.5839243498817968,"1","5186"
"=HYPERLINK(""https://stackoverflow.com/q/10779928"", ""10779928"")",0.4359425388449138,"0","2751"
"=HYPERLINK(""https://stackoverflow.com/q/10951756"", ""10951756"")",0.332516339869281,"1","1953"
"=HYPERLINK(""https://stackoverflow.com/q/11008128"", ""11008128"")",0.3398692810457518,"0","2221"
"=HYPERLINK(""https://stackoverflow.com/q/11022535"", ""11022535"")",0.2175052410901468,"0","373"
"=HYPERLINK(""https://stackoverflow.com/q/11210712"", ""11210712"")",0.6316181953765851,"1","2538"
"=HYPERLINK(""https://stackoverflow.com/q/11294991"", ""11294991"")",0.7083683179401051,"4","3079"
"=HYPERLINK(""https://stackoverflow.com/q/11325088"", ""11325088"")",0.4321458863443599,"0","150"
"=HYPERLINK(""https://stackoverflow.com/q/11553479"", ""11553479"")",0.2222222222222224,"1","1283"
"=HYPERLINK(""https://stackoverflow.com/q/11752238"", ""11752238"")",0.6323604710701475,"0","140"
"=HYPERLINK(""https://stackoverflow.com/q/11766756"", ""11766756"")",0.443813131313131,"0","903"
"=HYPERLINK(""https://stackoverflow.com/q/11934855"", ""11934855"")",0.695569770196637,"1","664"
"=HYPERLINK(""https://stackoverflow.com/q/12003916"", ""12003916"")",0.4679753366050079,"0","2999"
"=HYPERLINK(""https://stackoverflow.com/q/12056685"", ""12056685"")",0.3045007032348804,"1","1385"
"=HYPERLINK(""https://stackoverflow.com/q/12066077"", ""12066077"")",0.3850129198966404,"0","2879"
"=HYPERLINK(""https://stackoverflow.com/q/12272181"", ""12272181"")",0.2900955253896429,"0","518"
"=HYPERLINK(""https://stackoverflow.com/q/12318829"", ""12318829"")",0.4614860259032032,"0","880"
"=HYPERLINK(""https://stackoverflow.com/q/12516858"", ""12516858"")",0.6806605093758735,"3","3729"
"=HYPERLINK(""https://stackoverflow.com/q/12581130"", ""12581130"")",0.3638151425762048,"1","217"
"=HYPERLINK(""https://stackoverflow.com/q/12834279"", ""12834279"")",0.5672070246538333,"0","2822"
"=HYPERLINK(""https://stackoverflow.com/q/12835563"", ""12835563"")",0.4572452636968759,"2","2040"
"=HYPERLINK(""https://stackoverflow.com/q/12917374"", ""12917374"")",0.3782797170887519,"1","285"
"=HYPERLINK(""https://stackoverflow.com/q/12997823"", ""12997823"")",0.3760683760683762,"0","626"
"=HYPERLINK(""https://stackoverflow.com/q/13026800"", ""13026800"")",0.3972655497785484,"1","1680"
"=HYPERLINK(""https://stackoverflow.com/q/13028032"", ""13028032"")",0.4884559884559881,"0","1885"
"=HYPERLINK(""https://stackoverflow.com/q/13028577"", ""13028577"")",0.5219703330534555,"1","8801"
"=HYPERLINK(""https://stackoverflow.com/q/13238172"", ""13238172"")",0.4115147652432552,"1","777"
"=HYPERLINK(""https://stackoverflow.com/q/13267422"", ""13267422"")",0.6277521761392718,"0","1709"
"=HYPERLINK(""https://stackoverflow.com/q/13363681"", ""13363681"")",0.4860744649662857,"1","1024"
"=HYPERLINK(""https://stackoverflow.com/q/13399169"", ""13399169"")",0.3742959549411155,"0","908"
"=HYPERLINK(""https://stackoverflow.com/q/13463254"", ""13463254"")",0.6453960257486694,"1","813"
"=HYPERLINK(""https://stackoverflow.com/q/13545077"", ""13545077"")",0.5064327485380126,"0","1060"
"=HYPERLINK(""https://stackoverflow.com/q/14013188"", ""14013188"")",0.5420717048186471,"1","1847"
"=HYPERLINK(""https://stackoverflow.com/q/14471406"", ""14471406"")",0.640491452991453,"0","285"
"=HYPERLINK(""https://stackoverflow.com/q/14773616"", ""14773616"")",0.6652601969057659,"1","1314"
"=HYPERLINK(""https://stackoverflow.com/q/14817736"", ""14817736"")",0.4326294620412266,"1","1316"
"=HYPERLINK(""https://stackoverflow.com/q/15081594"", ""15081594"")",0.6158873805932626,"2","1199"
"=HYPERLINK(""https://stackoverflow.com/q/15424919"", ""15424919"")",0.3843382631778534,"2","4426"
"=HYPERLINK(""https://stackoverflow.com/q/15557660"", ""15557660"")",0.5274853801169599,"1","1488"
"=HYPERLINK(""https://stackoverflow.com/q/15779839"", ""15779839"")",0.4131313131313129,"1","474"
"=HYPERLINK(""https://stackoverflow.com/q/15788670"", ""15788670"")",0.3435942538844916,"2","16983"
"=HYPERLINK(""https://stackoverflow.com/q/16184130"", ""16184130"")",0.6530522617479131,"0","1242"
"=HYPERLINK(""https://stackoverflow.com/q/16188967"", ""16188967"")",0.500848176420696,"1","1094"
"=HYPERLINK(""https://stackoverflow.com/q/16302597"", ""16302597"")",0.4439312291506285,"2","4585"
"=HYPERLINK(""https://stackoverflow.com/q/16441093"", ""16441093"")",0.6025903203817308,"2","2781"
"=HYPERLINK(""https://stackoverflow.com/q/16458377"", ""16458377"")",0.3556491885143575,"0","1381"
"=HYPERLINK(""https://stackoverflow.com/q/16565737"", ""16565737"")",0.4190548014077425,"0","7604"
"=HYPERLINK(""https://stackoverflow.com/q/16715536"", ""16715536"")",0.4162176032845777,"1","5072"
"=HYPERLINK(""https://stackoverflow.com/q/16859224"", ""16859224"")",0.6139272913466449,"0","972"
"=HYPERLINK(""https://stackoverflow.com/q/16944973"", ""16944973"")",0.3443941679235796,"0","737"
"=HYPERLINK(""https://stackoverflow.com/q/16957411"", ""16957411"")",0.5012919896640822,"0","980"
"=HYPERLINK(""https://stackoverflow.com/q/16960472"", ""16960472"")",0.4222222222222227,"1","2533"
"=HYPERLINK(""https://stackoverflow.com/q/16973602"", ""16973602"")",0.4895033282130048,"2","2118"
"=HYPERLINK(""https://stackoverflow.com/q/17200614"", ""17200614"")",0.437205935577271,"0","1889"
"=HYPERLINK(""https://stackoverflow.com/q/17205629"", ""17205629"")",0.4676209952283571,"0","1378"
"=HYPERLINK(""https://stackoverflow.com/q/17218009"", ""17218009"")",0.5419051812710993,"1","3113"
"=HYPERLINK(""https://stackoverflow.com/q/17260566"", ""17260566"")",0.616816816816816,"3","573"
"=HYPERLINK(""https://stackoverflow.com/q/17389702"", ""17389702"")",0.3726180005863385,"0","1284"
"=HYPERLINK(""https://stackoverflow.com/q/17422963"", ""17422963"")",0.2843064794284305,"1","438"
"=HYPERLINK(""https://stackoverflow.com/q/17425810"", ""17425810"")",0.7101114955786225,"2","2480"
"=HYPERLINK(""https://stackoverflow.com/q/17484864"", ""17484864"")",0.633726647000984,"1","2088"
"=HYPERLINK(""https://stackoverflow.com/q/17653748"", ""17653748"")",0.4134973900074574,"0","1389"
"=HYPERLINK(""https://stackoverflow.com/q/17731079"", ""17731079"")",0.5031500572737685,"1","1373"
"=HYPERLINK(""https://stackoverflow.com/q/17786773"", ""17786773"")",0.5284952849528498,"0","434"
"=HYPERLINK(""https://stackoverflow.com/q/17829196"", ""17829196"")",0.3962728551336142,"1","1599"
"=HYPERLINK(""https://stackoverflow.com/q/17872062"", ""17872062"")",0.4605200945626477,"1","1256"
"=HYPERLINK(""https://stackoverflow.com/q/18060399"", ""18060399"")",0.3715728715728713,"0","4864"
"=HYPERLINK(""https://stackoverflow.com/q/18099655"", ""18099655"")",0.6229855810008493,"1","1240"
"=HYPERLINK(""https://stackoverflow.com/q/18266792"", ""18266792"")",0.3813131313131311,"1","1387"
"=HYPERLINK(""https://stackoverflow.com/q/18347040"", ""18347040"")",0.3787107718405433,"0","961"
"=HYPERLINK(""https://stackoverflow.com/q/18398861"", ""18398861"")",0.4590643274853797,"0","686"
"=HYPERLINK(""https://stackoverflow.com/q/18424365"", ""18424365"")",0.4308111792774364,"0","178"
"=HYPERLINK(""https://stackoverflow.com/q/18476010"", ""18476010"")",0.416959064327486,"0","2713"
"=HYPERLINK(""https://stackoverflow.com/q/18506291"", ""18506291"")",0.4965585054080633,"2","5361"
"=HYPERLINK(""https://stackoverflow.com/q/18569347"", ""18569347"")",0.6489323199420918,"0","105"
"=HYPERLINK(""https://stackoverflow.com/q/18572940"", ""18572940"")",0.3007205157375804,"0","944"
"=HYPERLINK(""https://stackoverflow.com/q/18713692"", ""18713692"")",0.538805136795086,"1","282"
"=HYPERLINK(""https://stackoverflow.com/q/18768029"", ""18768029"")",0.4644902634593354,"0","3725"
"=HYPERLINK(""https://stackoverflow.com/q/18838783"", ""18838783"")",0.4562647754137118,"0","69"
"=HYPERLINK(""https://stackoverflow.com/q/18991147"", ""18991147"")",0.3515856719142139,"1","6656"
"=HYPERLINK(""https://stackoverflow.com/q/19043834"", ""19043834"")",0.257176629517055,"1","5472"
"=HYPERLINK(""https://stackoverflow.com/q/19047154"", ""19047154"")",0.3690366266543552,"1","1511"
"=HYPERLINK(""https://stackoverflow.com/q/19083568"", ""19083568"")",0.5519519519519512,"1","1603"
"=HYPERLINK(""https://stackoverflow.com/q/19272958"", ""19272958"")",0.3971493359248467,"2","7634"
"=HYPERLINK(""https://stackoverflow.com/q/19277776"", ""19277776"")",0.4040404040404035,"1","643"
"=HYPERLINK(""https://stackoverflow.com/q/19290354"", ""19290354"")",0.397479954180985,"1","330"
"=HYPERLINK(""https://stackoverflow.com/q/19384525"", ""19384525"")",0.3289415898111549,"2","854"
"=HYPERLINK(""https://stackoverflow.com/q/19394345"", ""19394345"")",0.4487415592387969,"0","215"
"=HYPERLINK(""https://stackoverflow.com/q/19477307"", ""19477307"")",0.3970121381886087,"0","891"
"=HYPERLINK(""https://stackoverflow.com/q/19498276"", ""19498276"")",0.5256523013778952,"0","808"
"=HYPERLINK(""https://stackoverflow.com/q/19536924"", ""19536924"")",0.6209952283571907,"2","224"
"=HYPERLINK(""https://stackoverflow.com/q/19783365"", ""19783365"")",0.6027531956735502,"1","1202"
"=HYPERLINK(""https://stackoverflow.com/q/19839695"", ""19839695"")",0.4070271503536385,"2","5681"
"=HYPERLINK(""https://stackoverflow.com/q/20268589"", ""20268589"")",0.6455176767676761,"1","304"
"=HYPERLINK(""https://stackoverflow.com/q/20500797"", ""20500797"")",0.7256704980842913,"0","597"
"=HYPERLINK(""https://stackoverflow.com/q/20545579"", ""20545579"")",0.397606837606838,"0","1361"
"=HYPERLINK(""https://stackoverflow.com/q/20658784"", ""20658784"")",0.3845838458384586,"1","1917"
"=HYPERLINK(""https://stackoverflow.com/q/21164678"", ""21164678"")",0.241499330655957,"0","1040"
"=HYPERLINK(""https://stackoverflow.com/q/21293553"", ""21293553"")",0.4834029020075533,"2","12665"
"=HYPERLINK(""https://stackoverflow.com/q/21492201"", ""21492201"")",0.5186823992133732,"3","1590"
"=HYPERLINK(""https://stackoverflow.com/q/21589180"", ""21589180"")",0.4118773946360148,"0","153"
"=HYPERLINK(""https://stackoverflow.com/q/22059647"", ""22059647"")",0.5758133824432169,"1","1375"
"=HYPERLINK(""https://stackoverflow.com/q/22196376"", ""22196376"")",0.5959064327485389,"0","1301"
"=HYPERLINK(""https://stackoverflow.com/q/22219320"", ""22219320"")",0.6019392033542978,"0","2910"
"=HYPERLINK(""https://stackoverflow.com/q/22256150"", ""22256150"")",0.4550466497031389,"0","423"
"=HYPERLINK(""https://stackoverflow.com/q/22385398"", ""22385398"")",0.4860328197419521,"0","3432"
"=HYPERLINK(""https://stackoverflow.com/q/22449283"", ""22449283"")",0.4489224741113904,"1","149"
"=HYPERLINK(""https://stackoverflow.com/q/22660132"", ""22660132"")",0.3544183842691308,"2","2562"
"=HYPERLINK(""https://stackoverflow.com/q/22685712"", ""22685712"")",0.3779315647827754,"0","518"
"=HYPERLINK(""https://stackoverflow.com/q/22729313"", ""22729313"")",0.3330006653359944,"1","717"
"=HYPERLINK(""https://stackoverflow.com/q/22789430"", ""22789430"")",0.5357868909919391,"2","1472"
"=HYPERLINK(""https://stackoverflow.com/q/22819826"", ""22819826"")",0.4787819889860709,"1","2351"
"=HYPERLINK(""https://stackoverflow.com/q/22836771"", ""22836771"")",0.7297599106644325,"0","1293"
"=HYPERLINK(""https://stackoverflow.com/q/22912918"", ""22912918"")",0.5186823992133732,"0","754"
"=HYPERLINK(""https://stackoverflow.com/q/22931363"", ""22931363"")",0.4137115839243499,"0","887"
"=HYPERLINK(""https://stackoverflow.com/q/23008867"", ""23008867"")",0.3179401063532041,"2","1411"
"=HYPERLINK(""https://stackoverflow.com/q/23092091"", ""23092091"")",0.5068072024593757,"0","376"
"=HYPERLINK(""https://stackoverflow.com/q/23119546"", ""23119546"")",0.2951085195983156,"1","103"
"=HYPERLINK(""https://stackoverflow.com/q/23238975"", ""23238975"")",0.5330655957161975,"5","647"
"=HYPERLINK(""https://stackoverflow.com/q/23300497"", ""23300497"")",0.3367260390161154,"0","1548"
"=HYPERLINK(""https://stackoverflow.com/q/23312509"", ""23312509"")",0.407850964737192,"3","964"
"=HYPERLINK(""https://stackoverflow.com/q/23430852"", ""23430852"")",0.5158392434988179,"0","794"
"=HYPERLINK(""https://stackoverflow.com/q/23582789"", ""23582789"")",0.3642676767676766,"1","960"
"=HYPERLINK(""https://stackoverflow.com/q/23726272"", ""23726272"")",0.508728691723147,"1","461"
"=HYPERLINK(""https://stackoverflow.com/q/23730368"", ""23730368"")",0.7245263696876587,"0","290"
"=HYPERLINK(""https://stackoverflow.com/q/23885632"", ""23885632"")",0.439203354297694,"0","219"
"=HYPERLINK(""https://stackoverflow.com/q/23971483"", ""23971483"")",0.6470009832841699,"1","787"
"=HYPERLINK(""https://stackoverflow.com/q/23980402"", ""23980402"")",0.3410746812386159,"1","1116"
"=HYPERLINK(""https://stackoverflow.com/q/23999869"", ""23999869"")",0.755819060166885,"1","860"
"=HYPERLINK(""https://stackoverflow.com/q/24020103"", ""24020103"")",0.5309779825908849,"0","3293"
"=HYPERLINK(""https://stackoverflow.com/q/24044363"", ""24044363"")",0.3753166847629388,"0","976"
"=HYPERLINK(""https://stackoverflow.com/q/24089420"", ""24089420"")",0.3176068376068382,"1","61"
"=HYPERLINK(""https://stackoverflow.com/q/24422351"", ""24422351"")",0.4399641577060936,"0","131"
"=HYPERLINK(""https://stackoverflow.com/q/24453867"", ""24453867"")",0.2978607290984498,"1","3337"
"=HYPERLINK(""https://stackoverflow.com/q/24618590"", ""24618590"")",0.3903836571998005,"3","21592"
"=HYPERLINK(""https://stackoverflow.com/q/24885929"", ""24885929"")",0.486074464966286,"0","418"
"=HYPERLINK(""https://stackoverflow.com/q/25241893"", ""25241893"")",0.7510683760683763,"0","155"
"=HYPERLINK(""https://stackoverflow.com/q/25398380"", ""25398380"")",0.2924625179708363,"1","286"
"=HYPERLINK(""https://stackoverflow.com/q/25435399"", ""25435399"")",0.5503818674550374,"0","581"
"=HYPERLINK(""https://stackoverflow.com/q/25436947"", ""25436947"")",0.4435660957400083,"0","2074"
"=HYPERLINK(""https://stackoverflow.com/q/25492752"", ""25492752"")",0.6853094705443704,"0","1598"
"=HYPERLINK(""https://stackoverflow.com/q/25497762"", ""25497762"")",0.4310829817158931,"0","1126"
"=HYPERLINK(""https://stackoverflow.com/q/25510544"", ""25510544"")",0.4417874396135257,"0","635"
"=HYPERLINK(""https://stackoverflow.com/q/25536165"", ""25536165"")",0.4464490263459335,"0","128"
"=HYPERLINK(""https://stackoverflow.com/q/25543025"", ""25543025"")",0.407850964737192,"2","1832"
"=HYPERLINK(""https://stackoverflow.com/q/25560159"", ""25560159"")",0.4791538303553097,"0","161"
"=HYPERLINK(""https://stackoverflow.com/q/25604414"", ""25604414"")",0.3672603901611539,"3","5050"
"=HYPERLINK(""https://stackoverflow.com/q/25605560"", ""25605560"")",0.3832960477255782,"0","94"
"=HYPERLINK(""https://stackoverflow.com/q/25722431"", ""25722431"")",0.4853801169590639,"1","2312"
"=HYPERLINK(""https://stackoverflow.com/q/25745361"", ""25745361"")",0.6274700356333022,"0","850"
"=HYPERLINK(""https://stackoverflow.com/q/25787725"", ""25787725"")",0.2897235831367565,"0","642"
"=HYPERLINK(""https://stackoverflow.com/q/25865017"", ""25865017"")",0.5647636586863108,"0","221"
"=HYPERLINK(""https://stackoverflow.com/q/26277501"", ""26277501"")",0.5582877959927149,"0","97"
"=HYPERLINK(""https://stackoverflow.com/q/26655087"", ""26655087"")",0.5008481764206962,"3","9196"
"=HYPERLINK(""https://stackoverflow.com/q/26720792"", ""26720792"")",0.319251925192519,"0","1168"
"=HYPERLINK(""https://stackoverflow.com/q/26769637"", ""26769637"")",0.3793386732388584,"0","5172"
"=HYPERLINK(""https://stackoverflow.com/q/26845714"", ""26845714"")",0.6255371393492943,"0","965"
"=HYPERLINK(""https://stackoverflow.com/q/26985077"", ""26985077"")",0.4233500417710943,"0","1344"
"=HYPERLINK(""https://stackoverflow.com/q/27043109"", ""27043109"")",0.4369461486025902,"0","189"
"=HYPERLINK(""https://stackoverflow.com/q/27053234"", ""27053234"")",0.3358150748067787,"0","1948"
"=HYPERLINK(""https://stackoverflow.com/q/27122859"", ""27122859"")",0.6477541371158393,"0","265"
"=HYPERLINK(""https://stackoverflow.com/q/27147212"", ""27147212"")",0.7510683760683764,"0","1228"
"=HYPERLINK(""https://stackoverflow.com/q/27375810"", ""27375810"")",0.3123435393799347,"0","142"
"=HYPERLINK(""https://stackoverflow.com/q/27448674"", ""27448674"")",0.2932281393819857,"0","1817"
"=HYPERLINK(""https://stackoverflow.com/q/27495491"", ""27495491"")",0.4228210246174316,"0","304"
"=HYPERLINK(""https://stackoverflow.com/q/27607140"", ""27607140"")",0.4874155923879682,"0","734"
"=HYPERLINK(""https://stackoverflow.com/q/27678357"", ""27678357"")",0.274695985340663,"0","860"
"=HYPERLINK(""https://stackoverflow.com/q/27928415"", ""27928415"")",0.5986656402360789,"0","483"
"=HYPERLINK(""https://stackoverflow.com/q/27983543"", ""27983543"")",0.6470243330401646,"1","1741"
"=HYPERLINK(""https://stackoverflow.com/q/28063910"", ""28063910"")",0.3567868660216948,"0","182"
"=HYPERLINK(""https://stackoverflow.com/q/28071914"", ""28071914"")",0.2697469746974695,"1","120"
"=HYPERLINK(""https://stackoverflow.com/q/28374750"", ""28374750"")",0.3787439613526564,"2","2188"
"=HYPERLINK(""https://stackoverflow.com/q/28399154"", ""28399154"")",0.3612671660424474,"0","1235"
"=HYPERLINK(""https://stackoverflow.com/q/28623796"", ""28623796"")",0.546321945213912,"0","1547"
"=HYPERLINK(""https://stackoverflow.com/q/29112994"", ""29112994"")",0.3944765574823379,"1","290"
"=HYPERLINK(""https://stackoverflow.com/q/29185044"", ""29185044"")",0.5028546332894154,"2","305"
"=HYPERLINK(""https://stackoverflow.com/q/29261453"", ""29261453"")",0.5081397186660352,"0","890"
"=HYPERLINK(""https://stackoverflow.com/q/29287616"", ""29287616"")",0.4134973900074575,"1","41"
"=HYPERLINK(""https://stackoverflow.com/q/29349142"", ""29349142"")",0.2673967602099017,"4","1146"
"=HYPERLINK(""https://stackoverflow.com/q/29387766"", ""29387766"")",0.3549122101594957,"1","245"
"=HYPERLINK(""https://stackoverflow.com/q/29395319"", ""29395319"")",0.6899641577060937,"0","811"
"=HYPERLINK(""https://stackoverflow.com/q/29407040"", ""29407040"")",0.507182644385811,"2","666"
"=HYPERLINK(""https://stackoverflow.com/q/29486663"", ""29486663"")",0.4481636448163641,"1","16186"
"=HYPERLINK(""https://stackoverflow.com/q/29756634"", ""29756634"")",0.4851088201603663,"1","3566"
"=HYPERLINK(""https://stackoverflow.com/q/29949314"", ""29949314"")",0.4323389537397318,"0","533"
"=HYPERLINK(""https://stackoverflow.com/q/29977912"", ""29977912"")",0.445610528069299,"2","1349"
"=HYPERLINK(""https://stackoverflow.com/q/30031266"", ""30031266"")",0.3614267676767674,"1","428"
"=HYPERLINK(""https://stackoverflow.com/q/30342093"", ""30342093"")",0.5293650793650795,"0","85"
"=HYPERLINK(""https://stackoverflow.com/q/30345201"", ""30345201"")",0.5095525389643035,"0","662"
"=HYPERLINK(""https://stackoverflow.com/q/30346368"", ""30346368"")",0.2900793650793651,"1","34"
"=HYPERLINK(""https://stackoverflow.com/q/30366863"", ""30366863"")",0.4594235874099352,"0","369"
"=HYPERLINK(""https://stackoverflow.com/q/30445179"", ""30445179"")",0.3841540404040403,"0","937"
"=HYPERLINK(""https://stackoverflow.com/q/30622337"", ""30622337"")",0.5341755749919025,"0","703"
"=HYPERLINK(""https://stackoverflow.com/q/30677210"", ""30677210"")",0.50915404040404,"0","238"
"=HYPERLINK(""https://stackoverflow.com/q/30754963"", ""30754963"")",0.6476365868631064,"0","444"
"=HYPERLINK(""https://stackoverflow.com/q/30777238"", ""30777238"")",0.3940013633265161,"1","218"
"=HYPERLINK(""https://stackoverflow.com/q/30810007"", ""30810007"")",0.2649167193759226,"0","1486"
"=HYPERLINK(""https://stackoverflow.com/q/30882127"", ""30882127"")",0.6649099692577943,"4","2262"
"=HYPERLINK(""https://stackoverflow.com/q/31007146"", ""31007146"")",0.4899737015121634,"3","424"
"=HYPERLINK(""https://stackoverflow.com/q/31041218"", ""31041218"")",0.4512298558100089,"0","124"
"=HYPERLINK(""https://stackoverflow.com/q/31117616"", ""31117616"")",0.5098162071846277,"0","569"
"=HYPERLINK(""https://stackoverflow.com/q/31424134"", ""31424134"")",0.4288090485695273,"0","428"
"=HYPERLINK(""https://stackoverflow.com/q/31596178"", ""31596178"")",0.5275913497390011,"1","446"
"=HYPERLINK(""https://stackoverflow.com/q/31665446"", ""31665446"")",0.424780857616679,"0","320"
"=HYPERLINK(""https://stackoverflow.com/q/31830510"", ""31830510"")",0.538805136795086,"0","142"
"=HYPERLINK(""https://stackoverflow.com/q/31831442"", ""31831442"")",0.371828521434821,"0","108"
"=HYPERLINK(""https://stackoverflow.com/q/31993430"", ""31993430"")",0.5657805044308104,"0","3008"
"=HYPERLINK(""https://stackoverflow.com/q/32049026"", ""32049026"")",0.3605621431708389,"0","413"
"=HYPERLINK(""https://stackoverflow.com/q/32231112"", ""32231112"")",0.34783798576902,"5","39916"
"=HYPERLINK(""https://stackoverflow.com/q/32315371"", ""32315371"")",0.3543323139653415,"1","1547"
"=HYPERLINK(""https://stackoverflow.com/q/32329411"", ""32329411"")",0.3596945060359694,"1","323"
"=HYPERLINK(""https://stackoverflow.com/q/32334722"", ""32334722"")",0.7673041894353381,"1","192"
"=HYPERLINK(""https://stackoverflow.com/q/32616874"", ""32616874"")",0.7000983284169131,"1","628"
"=HYPERLINK(""https://stackoverflow.com/q/32653573"", ""32653573"")",0.4710701484895029,"0","1336"
"=HYPERLINK(""https://stackoverflow.com/q/32689651"", ""32689651"")",0.3330596606458672,"1","280"
"=HYPERLINK(""https://stackoverflow.com/q/32744921"", ""32744921"")",0.3655446977922548,"1","678"
"=HYPERLINK(""https://stackoverflow.com/q/32766773"", ""32766773"")",0.5318996415770609,"1","280"
"=HYPERLINK(""https://stackoverflow.com/q/32775409"", ""32775409"")",0.2751068376068377,"0","86"
"=HYPERLINK(""https://stackoverflow.com/q/32840715"", ""32840715"")",0.2740192623913552,"0","275"
"=HYPERLINK(""https://stackoverflow.com/q/32921053"", ""32921053"")",0.3626716604244696,"1","535"
"=HYPERLINK(""https://stackoverflow.com/q/32943478"", ""32943478"")",0.4872824631860771,"0","177"
"=HYPERLINK(""https://stackoverflow.com/q/33006035"", ""33006035"")",0.6248196248196244,"0","1728"
"=HYPERLINK(""https://stackoverflow.com/q/33048763"", ""33048763"")",0.4342037890424984,"1","3141"
"=HYPERLINK(""https://stackoverflow.com/q/33073133"", ""33073133"")",0.3135683760683762,"0","52"
"=HYPERLINK(""https://stackoverflow.com/q/33235429"", ""33235429"")",0.3585858585858584,"0","1898"
"=HYPERLINK(""https://stackoverflow.com/q/33255317"", ""33255317"")",0.5031500572737685,"0","1744"
"=HYPERLINK(""https://stackoverflow.com/q/33730473"", ""33730473"")",0.4773768613974798,"0","804"
"=HYPERLINK(""https://stackoverflow.com/q/33886078"", ""33886078"")",0.2651670074982956,"0","644"
"=HYPERLINK(""https://stackoverflow.com/q/33915497"", ""33915497"")",0.5313825275657345,"1","853"
"=HYPERLINK(""https://stackoverflow.com/q/33921234"", ""33921234"")",0.2764762296204958,"0","1497"
"=HYPERLINK(""https://stackoverflow.com/q/34021078"", ""34021078"")",0.7384746122795848,"0","5067"
"=HYPERLINK(""https://stackoverflow.com/q/34042784"", ""34042784"")",0.3381823219728452,"1","1380"
"=HYPERLINK(""https://stackoverflow.com/q/34163638"", ""34163638"")",0.5286052009456267,"2","546"
"=HYPERLINK(""https://stackoverflow.com/q/34203211"", ""34203211"")",0.7918943533697643,"1","2274"
"=HYPERLINK(""https://stackoverflow.com/q/34585184"", ""34585184"")",0.3284722222222228,"0","983"
"=HYPERLINK(""https://stackoverflow.com/q/34752845"", ""34752845"")",0.4680992836914879,"0","92"
"=HYPERLINK(""https://stackoverflow.com/q/34765715"", ""34765715"")",0.3097798259088578,"0","559"
"=HYPERLINK(""https://stackoverflow.com/q/34826422"", ""34826422"")",0.3526570048309175,"2","384"
"=HYPERLINK(""https://stackoverflow.com/q/34947129"", ""34947129"")",0.2717505241090147,"0","172"
"=HYPERLINK(""https://stackoverflow.com/q/34981268"", ""34981268"")",0.3937993452724826,"0","222"
"=HYPERLINK(""https://stackoverflow.com/q/35264418"", ""35264418"")",0.438438438438438,"0","190"
"=HYPERLINK(""https://stackoverflow.com/q/35517840"", ""35517840"")",0.7200945626477543,"1","50"
"=HYPERLINK(""https://stackoverflow.com/q/35648916"", ""35648916"")",0.3926402286530905,"1","712"
"=HYPERLINK(""https://stackoverflow.com/q/35839959"", ""35839959"")",0.3066593083149376,"0","138"
"=HYPERLINK(""https://stackoverflow.com/q/35869148"", ""35869148"")",0.3755068937550695,"2","399"
"=HYPERLINK(""https://stackoverflow.com/q/36064647"", ""36064647"")",0.5021056041464212,"0","996"
"=HYPERLINK(""https://stackoverflow.com/q/36421927"", ""36421927"")",0.3751858933503293,"2","1396"
"=HYPERLINK(""https://stackoverflow.com/q/36464607"", ""36464607"")",0.6428864288642887,"0","1643"
"=HYPERLINK(""https://stackoverflow.com/q/36498043"", ""36498043"")",0.5972222222222227,"0","307"
"=HYPERLINK(""https://stackoverflow.com/q/36766698"", ""36766698"")",0.3903638151425763,"0","340"
"=HYPERLINK(""https://stackoverflow.com/q/36877108"", ""36877108"")",0.3917723952326025,"1","692"
"=HYPERLINK(""https://stackoverflow.com/q/36924203"", ""36924203"")",0.6382527565733682,"2","280"
"=HYPERLINK(""https://stackoverflow.com/q/36938995"", ""36938995"")",0.6382527565733682,"1","135"
"=HYPERLINK(""https://stackoverflow.com/q/36947463"", ""36947463"")",0.3057957092539226,"0","658"
"=HYPERLINK(""https://stackoverflow.com/q/36983394"", ""36983394"")",0.3350041771094399,"4","1426"
"=HYPERLINK(""https://stackoverflow.com/q/36997863"", ""36997863"")",0.4751866490996922,"0","435"
"=HYPERLINK(""https://stackoverflow.com/q/37026974"", ""37026974"")",0.4581377151799692,"1","2852"
"=HYPERLINK(""https://stackoverflow.com/q/37167270"", ""37167270"")",0.23014301430143,"3","3514"
"=HYPERLINK(""https://stackoverflow.com/q/37268209"", ""37268209"")",0.3828182487122886,"0","663"
"=HYPERLINK(""https://stackoverflow.com/q/37294628"", ""37294628"")",0.4336316181953768,"0","324"
"=HYPERLINK(""https://stackoverflow.com/q/37306094"", ""37306094"")",0.4385683760683762,"0","321"
"=HYPERLINK(""https://stackoverflow.com/q/37428911"", ""37428911"")",0.3602975360297533,"2","4060"
"=HYPERLINK(""https://stackoverflow.com/q/37429007"", ""37429007"")",0.401169590643275,"0","100"
"=HYPERLINK(""https://stackoverflow.com/q/37527453"", ""37527453"")",0.4509917196225691,"4","5227"
"=HYPERLINK(""https://stackoverflow.com/q/37601199"", ""37601199"")",0.4529914529914533,"0","273"
"=HYPERLINK(""https://stackoverflow.com/q/37737475"", ""37737475"")",0.4615079365079366,"1","1294"
"=HYPERLINK(""https://stackoverflow.com/q/37753083"", ""37753083"")",0.4321278825995808,"6","30701"
"=HYPERLINK(""https://stackoverflow.com/q/38007246"", ""38007246"")",0.4969474969474968,"0","522"
"=HYPERLINK(""https://stackoverflow.com/q/38427344"", ""38427344"")",0.4567499095186391,"2","2156"
"=HYPERLINK(""https://stackoverflow.com/q/38696370"", ""38696370"")",0.3740294511378845,"0","141"
"=HYPERLINK(""https://stackoverflow.com/q/38865329"", ""38865329"")",0.3430275913497393,"0","115"
"=HYPERLINK(""https://stackoverflow.com/q/38878493"", ""38878493"")",0.4385810612723544,"1","697"
"=HYPERLINK(""https://stackoverflow.com/q/38893994"", ""38893994"")",0.5827991452991453,"1","380"
"=HYPERLINK(""https://stackoverflow.com/q/38926993"", ""38926993"")",0.5601723607263774,"0","708"
"=HYPERLINK(""https://stackoverflow.com/q/38990240"", ""38990240"")",0.5509419454056127,"0","330"
"=HYPERLINK(""https://stackoverflow.com/q/39033701"", ""39033701"")",0.3053630998203746,"0","6838"
"=HYPERLINK(""https://stackoverflow.com/q/39190449"", ""39190449"")",0.3129466636575639,"0","360"
"=HYPERLINK(""https://stackoverflow.com/q/39292884"", ""39292884"")",0.4403368248100232,"0","706"
"=HYPERLINK(""https://stackoverflow.com/q/39553935"", ""39553935"")",0.2790404040404038,"1","188"
"=HYPERLINK(""https://stackoverflow.com/q/39756682"", ""39756682"")",0.4912160620579507,"0","30"
"=HYPERLINK(""https://stackoverflow.com/q/40034027"", ""40034027"")",0.3724198506807202,"0","326"
"=HYPERLINK(""https://stackoverflow.com/q/40142440"", ""40142440"")",0.3896135265700478,"0","129"
"=HYPERLINK(""https://stackoverflow.com/q/40192453"", ""40192453"")",0.3274853801169591,"0","45"
"=HYPERLINK(""https://stackoverflow.com/q/40295611"", ""40295611"")",0.5113788487282459,"0","136"
"=HYPERLINK(""https://stackoverflow.com/q/40380851"", ""40380851"")",0.5474817377931558,"1","219"
"=HYPERLINK(""https://stackoverflow.com/q/40470138"", ""40470138"")",0.3109468063257343,"0","459"
"=HYPERLINK(""https://stackoverflow.com/q/40649303"", ""40649303"")",0.4143404488232071,"0","98"
"=HYPERLINK(""https://stackoverflow.com/q/40692029"", ""40692029"")",0.5259558246440185,"1","1067"
"=HYPERLINK(""https://stackoverflow.com/q/40788313"", ""40788313"")",0.4432166973603439,"1","736"
"=HYPERLINK(""https://stackoverflow.com/q/40900697"", ""40900697"")",0.4638329604772561,"4","3454"
"=HYPERLINK(""https://stackoverflow.com/q/41168001"", ""41168001"")",0.738045007032348,"2","106"
"=HYPERLINK(""https://stackoverflow.com/q/41178716"", ""41178716"")",0.7511894766302816,"1","78"
"=HYPERLINK(""https://stackoverflow.com/q/41193007"", ""41193007"")",0.7298558100084831,"0","61"
"=HYPERLINK(""https://stackoverflow.com/q/41304890"", ""41304890"")",0.4762938834600071,"2","1995"
"=HYPERLINK(""https://stackoverflow.com/q/41420363"", ""41420363"")",0.4403430275913501,"0","654"
"=HYPERLINK(""https://stackoverflow.com/q/41441857"", ""41441857"")",0.435336976320583,"0","918"
"=HYPERLINK(""https://stackoverflow.com/q/42225436"", ""42225436"")",0.3411738351254483,"2","702"
"=HYPERLINK(""https://stackoverflow.com/q/42366518"", ""42366518"")",0.3176068376068379,"0","282"
"=HYPERLINK(""https://stackoverflow.com/q/42535991"", ""42535991"")",0.549541809851088,"0","1495"
"=HYPERLINK(""https://stackoverflow.com/q/42706388"", ""42706388"")",0.5371011149557856,"0","586"
"=HYPERLINK(""https://stackoverflow.com/q/42755138"", ""42755138"")",0.4988742046010772,"1","942"
"=HYPERLINK(""https://stackoverflow.com/q/42931280"", ""42931280"")",0.4157706093189967,"0","364"
"=HYPERLINK(""https://stackoverflow.com/q/42946766"", ""42946766"")",0.6065434459315922,"1","701"
"=HYPERLINK(""https://stackoverflow.com/q/43131723"", ""43131723"")",0.3030536309982036,"0","1251"
"=HYPERLINK(""https://stackoverflow.com/q/43492223"", ""43492223"")",0.2972222222222226,"0","4522"
"=HYPERLINK(""https://stackoverflow.com/q/43589592"", ""43589592"")",0.3659347970725214,"0","691"
"=HYPERLINK(""https://stackoverflow.com/q/43829626"", ""43829626"")",0.3588933994887989,"1","2027"
"=HYPERLINK(""https://stackoverflow.com/q/43995671"", ""43995671"")",0.283220373793387,"0","850"
"=HYPERLINK(""https://stackoverflow.com/q/44038185"", ""44038185"")",0.4026345933562426,"1","1548"
"=HYPERLINK(""https://stackoverflow.com/q/44050836"", ""44050836"")",0.3265167007498292,"0","1825"
"=HYPERLINK(""https://stackoverflow.com/q/44265386"", ""44265386"")",0.5469454694546947,"0","104"
"=HYPERLINK(""https://stackoverflow.com/q/44266630"", ""44266630"")",0.4435660957400084,"0","636"
"=HYPERLINK(""https://stackoverflow.com/q/44276930"", ""44276930"")",0.3538011695906437,"0","611"
"=HYPERLINK(""https://stackoverflow.com/q/44419262"", ""44419262"")",0.44327485380117,"0","1401"
"=HYPERLINK(""https://stackoverflow.com/q/44746441"", ""44746441"")",0.3281045751633986,"0","1033"
"=HYPERLINK(""https://stackoverflow.com/q/44828322"", ""44828322"")",0.6462440602567995,"2","315"
"=HYPERLINK(""https://stackoverflow.com/q/44898644"", ""44898644"")",0.4369461486025899,"0","35"
"=HYPERLINK(""https://stackoverflow.com/q/44909195"", ""44909195"")",0.4632194521391198,"0","28"
"=HYPERLINK(""https://stackoverflow.com/q/44915364"", ""44915364"")",0.5705828779599278,"0","68"
"=HYPERLINK(""https://stackoverflow.com/q/45091972"", ""45091972"")",0.4849340866290013,"0","397"
"=HYPERLINK(""https://stackoverflow.com/q/45148543"", ""45148543"")",0.8616452991452995,"0","228"
"=HYPERLINK(""https://stackoverflow.com/q/45162680"", ""45162680"")",0.398451730418944,"0","69"
"=HYPERLINK(""https://stackoverflow.com/q/45254427"", ""45254427"")",0.3966903073286054,"0","67"
"=HYPERLINK(""https://stackoverflow.com/q/45310234"", ""45310234"")",0.5577926920208804,"1","3030"
"=HYPERLINK(""https://stackoverflow.com/q/45472293"", ""45472293"")",0.4860520094562649,"0","356"
"=HYPERLINK(""https://stackoverflow.com/q/45599059"", ""45599059"")",0.4208365409289196,"0","760"
"=HYPERLINK(""https://stackoverflow.com/q/45731626"", ""45731626"")",0.3205828779599274,"2","896"
"=HYPERLINK(""https://stackoverflow.com/q/45796962"", ""45796962"")",0.886344359626804,"0","970"
"=HYPERLINK(""https://stackoverflow.com/q/45984066"", ""45984066"")",0.2790404040404038,"0","236"
"=HYPERLINK(""https://stackoverflow.com/q/45985982"", ""45985982"")",0.2243544183842693,"1","93"
"=HYPERLINK(""https://stackoverflow.com/q/46034754"", ""46034754"")",0.4180985108820159,"0","1309"
"=HYPERLINK(""https://stackoverflow.com/q/46056392"", ""46056392"")",0.5510941151476532,"0","97"
"=HYPERLINK(""https://stackoverflow.com/q/46284831"", ""46284831"")",0.3278256704980841,"0","87"
"=HYPERLINK(""https://stackoverflow.com/q/46347756"", ""46347756"")",0.5570048309178732,"0","62"
"=HYPERLINK(""https://stackoverflow.com/q/46354582"", ""46354582"")",0.4307659115426103,"0","1337"
"=HYPERLINK(""https://stackoverflow.com/q/46768175"", ""46768175"")",0.3043650793650794,"1","894"
"=HYPERLINK(""https://stackoverflow.com/q/46833783"", ""46833783"")",0.4194540561322567,"0","55"
"=HYPERLINK(""https://stackoverflow.com/q/46839154"", ""46839154"")",0.3866517524235648,"0","225"
"=HYPERLINK(""https://stackoverflow.com/q/46842073"", ""46842073"")",0.5133614627285505,"0","52"
"=HYPERLINK(""https://stackoverflow.com/q/46900067"", ""46900067"")",0.6847629388345999,"0","37"
"=HYPERLINK(""https://stackoverflow.com/q/47069980"", ""47069980"")",0.3677918424753865,"0","110"
"=HYPERLINK(""https://stackoverflow.com/q/47084869"", ""47084869"")",0.3190972222222222,"8","2060"
"=HYPERLINK(""https://stackoverflow.com/q/47301852"", ""47301852"")",0.3286052009456265,"0","181"
"=HYPERLINK(""https://stackoverflow.com/q/47389538"", ""47389538"")",0.3038548752834471,"0","532"
"=HYPERLINK(""https://stackoverflow.com/q/47447335"", ""47447335"")",0.3231049460557658,"1","378"
"=HYPERLINK(""https://stackoverflow.com/q/47589714"", ""47589714"")",0.3967188665175246,"1","104"
"=HYPERLINK(""https://stackoverflow.com/q/47822047"", ""47822047"")",0.6507936507936508,"0","15"
"=HYPERLINK(""https://stackoverflow.com/q/47991815"", ""47991815"")",0.6543650793650794,"0","800"
"=HYPERLINK(""https://stackoverflow.com/q/48020776"", ""48020776"")",0.2849528495284954,"0","701"
"=HYPERLINK(""https://stackoverflow.com/q/48189148"", ""48189148"")",0.5487109285877246,"0","663"
"=HYPERLINK(""https://stackoverflow.com/q/48299734"", ""48299734"")",0.4714183637013223,"1","399"
"=HYPERLINK(""https://stackoverflow.com/q/48348517"", ""48348517"")",0.4469057665260197,"0","134"
"=HYPERLINK(""https://stackoverflow.com/q/48474785"", ""48474785"")",0.4529914529914535,"0","1180"
"=HYPERLINK(""https://stackoverflow.com/q/48564310"", ""48564310"")",0.4506035969450599,"1","2172"
"=HYPERLINK(""https://stackoverflow.com/q/48617089"", ""48617089"")",0.3711583924349882,"1","222"
"=HYPERLINK(""https://stackoverflow.com/q/48635857"", ""48635857"")",0.3513735137351376,"1","1975"
"=HYPERLINK(""https://stackoverflow.com/q/48651135"", ""48651135"")",0.3826317785362153,"1","127"
"=HYPERLINK(""https://stackoverflow.com/q/48694064"", ""48694064"")",0.3557063851181496,"0","2284"
"=HYPERLINK(""https://stackoverflow.com/q/48758646"", ""48758646"")",0.400793650793651,"0","216"
"=HYPERLINK(""https://stackoverflow.com/q/48840627"", ""48840627"")",0.4433277498604127,"0","2502"
"=HYPERLINK(""https://stackoverflow.com/q/48897493"", ""48897493"")",0.3073286052009457,"0","3687"
"=HYPERLINK(""https://stackoverflow.com/q/48944044"", ""48944044"")",0.7413711583924351,"0","746"
"=HYPERLINK(""https://stackoverflow.com/q/49009628"", ""49009628"")",0.1623808379395979,"1","404"
"=HYPERLINK(""https://stackoverflow.com/q/49280013"", ""49280013"")",0.466461853558627,"0","572"
"=HYPERLINK(""https://stackoverflow.com/q/49306003"", ""49306003"")",0.4982958418541233,"0","59"
"=HYPERLINK(""https://stackoverflow.com/q/49319727"", ""49319727"")",0.5024641577060935,"2","3244"
"=HYPERLINK(""https://stackoverflow.com/q/49487041"", ""49487041"")",0.4801472942683317,"1","1641"
"=HYPERLINK(""https://stackoverflow.com/q/49575113"", ""49575113"")",0.4214200831847891,"0","335"
"=HYPERLINK(""https://stackoverflow.com/q/49582065"", ""49582065"")",0.2902695595003288,"1","2734"
"=HYPERLINK(""https://stackoverflow.com/q/49854141"", ""49854141"")",0.4130619168787113,"0","142"
"=HYPERLINK(""https://stackoverflow.com/q/49870114"", ""49870114"")",0.3467896962706651,"1","20"
"=HYPERLINK(""https://stackoverflow.com/q/49875783"", ""49875783"")",0.4274853801169593,"1","259"
"=HYPERLINK(""https://stackoverflow.com/q/50078568"", ""50078568"")",0.4156184486373167,"0","1169"
"=HYPERLINK(""https://stackoverflow.com/q/50086090"", ""50086090"")",0.2927867383512544,"0","1507"
"=HYPERLINK(""https://stackoverflow.com/q/50155404"", ""50155404"")",0.8489503328212991,"0","3095"
"=HYPERLINK(""https://stackoverflow.com/q/50335437"", ""50335437"")",0.4405766526019688,"0","141"
"=HYPERLINK(""https://stackoverflow.com/q/50562843"", ""50562843"")",0.4040404040404037,"0","99"
"=HYPERLINK(""https://stackoverflow.com/q/50572475"", ""50572475"")",0.4396135265700482,"0","547"
"=HYPERLINK(""https://stackoverflow.com/q/50743579"", ""50743579"")",0.467874396135265,"2","886"
"=HYPERLINK(""https://stackoverflow.com/q/50813361"", ""50813361"")",0.3779599271402555,"0","310"
"=HYPERLINK(""https://stackoverflow.com/q/50836029"", ""50836029"")",0.3641290958364123,"0","177"
"=HYPERLINK(""https://stackoverflow.com/q/50955516"", ""50955516"")",0.5276276276276272,"0","123"
"=HYPERLINK(""https://stackoverflow.com/q/51066585"", ""51066585"")",0.3176068376068379,"0","657"
"=HYPERLINK(""https://stackoverflow.com/q/51067081"", ""51067081"")",0.3676767676767676,"0","610"
"=HYPERLINK(""https://stackoverflow.com/q/51206764"", ""51206764"")",0.4840146750524111,"0","208"
"=HYPERLINK(""https://stackoverflow.com/q/51257658"", ""51257658"")",0.4595639943741211,"1","331"
"=HYPERLINK(""https://stackoverflow.com/q/51360308"", ""51360308"")",0.3210174029451135,"0","403"
"=HYPERLINK(""https://stackoverflow.com/q/51362278"", ""51362278"")",0.4927140255009113,"2","2024"
"=HYPERLINK(""https://stackoverflow.com/q/51618990"", ""51618990"")",0.3051715309779821,"0","46"
"=HYPERLINK(""https://stackoverflow.com/q/51627985"", ""51627985"")",0.540213854021385,"0","581"
"=HYPERLINK(""https://stackoverflow.com/q/51633565"", ""51633565"")",0.5232602845059587,"0","76"
"=HYPERLINK(""https://stackoverflow.com/q/51750607"", ""51750607"")",0.8342314600975108,"0","172"
"=HYPERLINK(""https://stackoverflow.com/q/51781385"", ""51781385"")",0.6690307328605202,"0","258"
"=HYPERLINK(""https://stackoverflow.com/q/51820497"", ""51820497"")",0.3621639131843219,"0","76"
"=HYPERLINK(""https://stackoverflow.com/q/52073195"", ""52073195"")",0.6186507936507938,"5","119"
"=HYPERLINK(""https://stackoverflow.com/q/52228224"", ""52228224"")",0.4913131313131312,"1","388"
"=HYPERLINK(""https://stackoverflow.com/q/52299979"", ""52299979"")",0.3699794781588979,"0","375"
"=HYPERLINK(""https://stackoverflow.com/q/52427795"", ""52427795"")",0.6266339869281047,"0","847"
"=HYPERLINK(""https://stackoverflow.com/q/52503328"", ""52503328"")",0.3142033542976941,"0","530"
"=HYPERLINK(""https://stackoverflow.com/q/52640295"", ""52640295"")",0.3955389304516479,"1","644"
"=HYPERLINK(""https://stackoverflow.com/q/52732768"", ""52732768"")",0.4909969257795341,"0","260"
"=HYPERLINK(""https://stackoverflow.com/q/52743616"", ""52743616"")",0.424676209952283,"0","30"
"=HYPERLINK(""https://stackoverflow.com/q/52764110"", ""52764110"")",0.6598953524161281,"1","286"
"=HYPERLINK(""https://stackoverflow.com/q/52846201"", ""52846201"")",0.4118773946360149,"0","349"
"=HYPERLINK(""https://stackoverflow.com/q/52855830"", ""52855830"")",0.3245844269466319,"0","117"
"=HYPERLINK(""https://stackoverflow.com/q/52872674"", ""52872674"")",0.3613731656184488,"0","536"
"=HYPERLINK(""https://stackoverflow.com/q/52936755"", ""52936755"")",0.4569726843294315,"0","999"
"=HYPERLINK(""https://stackoverflow.com/q/52954065"", ""52954065"")",0.3719228210246172,"1","1635"
"=HYPERLINK(""https://stackoverflow.com/q/53039094"", ""53039094"")",0.4855810008481772,"1","214"
"=HYPERLINK(""https://stackoverflow.com/q/53067606"", ""53067606"")",0.6561537067246697,"0","65"
"=HYPERLINK(""https://stackoverflow.com/q/53085566"", ""53085566"")",0.2376861397479954,"0","391"
"=HYPERLINK(""https://stackoverflow.com/q/53154996"", ""53154996"")",0.2940908053844396,"1","52"
"=HYPERLINK(""https://stackoverflow.com/q/53181184"", ""53181184"")",0.410746812386157,"1","265"
"=HYPERLINK(""https://stackoverflow.com/q/53323088"", ""53323088"")",0.2969287323609629,"1","575"
"=HYPERLINK(""https://stackoverflow.com/q/53333330"", ""53333330"")",0.4182449494949491,"1","166"
"=HYPERLINK(""https://stackoverflow.com/q/53641069"", ""53641069"")",0.3076493579006139,"1","50"
"=HYPERLINK(""https://stackoverflow.com/q/53786773"", ""53786773"")",0.359248461289278,"0","68"
"=HYPERLINK(""https://stackoverflow.com/q/53831638"", ""53831638"")",0.6945113788487274,"0","64"
"=HYPERLINK(""https://stackoverflow.com/q/54002323"", ""54002323"")",0.3880513679508651,"1","1303"
"=HYPERLINK(""https://stackoverflow.com/q/54020016"", ""54020016"")",0.4257620452310722,"1","274"
"=HYPERLINK(""https://stackoverflow.com/q/54069553"", ""54069553"")",0.5536175710594308,"0","92"
"=HYPERLINK(""https://stackoverflow.com/q/54086398"", ""54086398"")",0.7792254795512124,"0","299"
"=HYPERLINK(""https://stackoverflow.com/q/54291720"", ""54291720"")",0.4467731204258147,"0","125"
"=HYPERLINK(""https://stackoverflow.com/q/54333670"", ""54333670"")",0.5443871706758304,"0","769"
"=HYPERLINK(""https://stackoverflow.com/q/54423471"", ""54423471"")",0.4788593903638154,"0","416"
"=HYPERLINK(""https://stackoverflow.com/q/54522263"", ""54522263"")",0.5049808429118774,"0","73"
"=HYPERLINK(""https://stackoverflow.com/q/54574872"", ""54574872"")",0.5541371158392435,"0","204"
"=HYPERLINK(""https://stackoverflow.com/q/54603982"", ""54603982"")",0.5418943533697641,"0","808"
"=HYPERLINK(""https://stackoverflow.com/q/54756257"", ""54756257"")",0.3778825995807129,"0","1112"
"=HYPERLINK(""https://stackoverflow.com/q/54809579"", ""54809579"")",0.3359248461289281,"0","158"
"=HYPERLINK(""https://stackoverflow.com/q/54873323"", ""54873323"")",0.4436755094194535,"0","587"
"=HYPERLINK(""https://stackoverflow.com/q/54977115"", ""54977115"")",0.4194540561322564,"1","1567"
"=HYPERLINK(""https://stackoverflow.com/q/55185738"", ""55185738"")",0.3274853801169594,"0","186"
"=HYPERLINK(""https://stackoverflow.com/q/55249955"", ""55249955"")",0.5452310717797448,"1","53"
"=HYPERLINK(""https://stackoverflow.com/q/55262939"", ""55262939"")",0.3519932145886347,"0","53"
"=HYPERLINK(""https://stackoverflow.com/q/55479497"", ""55479497"")",0.3948606587043068,"0","208"
"=HYPERLINK(""https://stackoverflow.com/q/55761644"", ""55761644"")",0.3958749168330005,"1","367"
"=HYPERLINK(""https://stackoverflow.com/q/55873748"", ""55873748"")",0.2651816494298593,"0","906"
"=HYPERLINK(""https://stackoverflow.com/q/55995738"", ""55995738"")",0.4031560743622999,"0","822"
"=HYPERLINK(""https://stackoverflow.com/q/56113853"", ""56113853"")",0.3427041499330654,"0","55"
"=HYPERLINK(""https://stackoverflow.com/q/56115779"", ""56115779"")",0.3092934623277634,"3","553"
"=HYPERLINK(""https://stackoverflow.com/q/56243818"", ""56243818"")",0.285096473719228,"0","235"
"=HYPERLINK(""https://stackoverflow.com/q/56266375"", ""56266375"")",0.4745807127882601,"0","755"
"=HYPERLINK(""https://stackoverflow.com/q/56293875"", ""56293875"")",0.4962807996280795,"0","1069"
"=HYPERLINK(""https://stackoverflow.com/q/56355922"", ""56355922"")",0.4795751633986929,"1","105"
"=HYPERLINK(""https://stackoverflow.com/q/56414466"", ""56414466"")",0.9080629301868248,"0","24"
"=HYPERLINK(""https://stackoverflow.com/q/56420263"", ""56420263"")",0.4612847222222226,"0","443"
"=HYPERLINK(""https://stackoverflow.com/q/56429400"", ""56429400"")",0.4780361757105937,"1","2449"
"=HYPERLINK(""https://stackoverflow.com/q/56599399"", ""56599399"")",0.4542550764316675,"0","292"
"=HYPERLINK(""https://stackoverflow.com/q/56710655"", ""56710655"")",0.2794145965723091,"0","98"
"=HYPERLINK(""https://stackoverflow.com/q/56737983"", ""56737983"")",0.3565972222222223,"0","257"
"=HYPERLINK(""https://stackoverflow.com/q/57044642"", ""57044642"")",0.3385858585858584,"0","580"
"=HYPERLINK(""https://stackoverflow.com/q/57045710"", ""57045710"")",0.2865237743286523,"1","157"
"=HYPERLINK(""https://stackoverflow.com/q/57150936"", ""57150936"")",0.4618535586277517,"0","104"
"=HYPERLINK(""https://stackoverflow.com/q/57255528"", ""57255528"")",0.4838501291989658,"0","44"
"=HYPERLINK(""https://stackoverflow.com/q/57339690"", ""57339690"")",0.563539587491683,"0","286"
"=HYPERLINK(""https://stackoverflow.com/q/57409474"", ""57409474"")",0.394233884029803,"1","169"
"=HYPERLINK(""https://stackoverflow.com/q/57632619"", ""57632619"")",0.2654553049289889,"0","133"
"=HYPERLINK(""https://stackoverflow.com/q/57730008"", ""57730008"")",0.4386801828662295,"1","781"
"=HYPERLINK(""https://stackoverflow.com/q/57789695"", ""57789695"")",0.531045751633987,"0","73"
"=HYPERLINK(""https://stackoverflow.com/q/57837770"", ""57837770"")",0.4195614683419557,"0","480"
"=HYPERLINK(""https://stackoverflow.com/q/57872218"", ""57872218"")",0.498902064119455,"0","426"
"=HYPERLINK(""https://stackoverflow.com/q/57924182"", ""57924182"")",0.5487109285877245,"0","692"
"=HYPERLINK(""https://stackoverflow.com/q/57929219"", ""57929219"")",0.5127151799687019,"2","403"
"=HYPERLINK(""https://stackoverflow.com/q/58121798"", ""58121798"")",0.6998341625207308,"0","161"
"=HYPERLINK(""https://stackoverflow.com/q/58180130"", ""58180130"")",0.6342704149933057,"0","153"
"=HYPERLINK(""https://stackoverflow.com/q/58226324"", ""58226324"")",0.7222222222222232,"0","231"
"=HYPERLINK(""https://stackoverflow.com/q/58235513"", ""58235513"")",0.5370836831794001,"1","378"
"=HYPERLINK(""https://stackoverflow.com/q/58236438"", ""58236438"")",0.3597992242756102,"2","208"
"=HYPERLINK(""https://stackoverflow.com/q/58281244"", ""58281244"")",0.3290686952512678,"0","108"
"=HYPERLINK(""https://stackoverflow.com/q/58391633"", ""58391633"")",0.4954895489548951,"0","958"
"=HYPERLINK(""https://stackoverflow.com/q/58407818"", ""58407818"")",0.4866599121918272,"0","104"
"=HYPERLINK(""https://stackoverflow.com/q/58750546"", ""58750546"")",0.5202991452991454,"0","30"
"=HYPERLINK(""https://stackoverflow.com/q/58911077"", ""58911077"")",0.2841114730365544,"0","54"
"=HYPERLINK(""https://stackoverflow.com/q/58943440"", ""58943440"")",0.5785096473719225,"0","711"
"=HYPERLINK(""https://stackoverflow.com/q/59028851"", ""59028851"")",0.3449216087252894,"1","65"
"=HYPERLINK(""https://stackoverflow.com/q/59059268"", ""59059268"")",0.5456972684329437,"2","941"
"=HYPERLINK(""https://stackoverflow.com/q/59244431"", ""59244431"")",0.5443698732289339,"1","180"
"=HYPERLINK(""https://stackoverflow.com/q/59375580"", ""59375580"")",0.3112978524743229,"2","104"
"=HYPERLINK(""https://stackoverflow.com/q/59404779"", ""59404779"")",0.4342037890424983,"0","532"
"=HYPERLINK(""https://stackoverflow.com/q/59619797"", ""59619797"")",0.330655957161981,"0","103"
"=HYPERLINK(""https://stackoverflow.com/q/59626522"", ""59626522"")",0.3731991316360769,"0","35"
"=HYPERLINK(""https://stackoverflow.com/q/59897345"", ""59897345"")",0.5540194572452629,"1","2714"
"=HYPERLINK(""https://stackoverflow.com/q/59928346"", ""59928346"")",0.4222222222222224,"1","158"
"=HYPERLINK(""https://stackoverflow.com/q/59982679"", ""59982679"")",0.3328605200945627,"0","36"
"=HYPERLINK(""https://stackoverflow.com/q/60177464"", ""60177464"")",0.4523358585858583,"1","1296"
"=HYPERLINK(""https://stackoverflow.com/q/60283198"", ""60283198"")",0.3590300398117987,"1","3063"
"=HYPERLINK(""https://stackoverflow.com/q/60313232"", ""60313232"")",0.4229142637447133,"0","1490"
"=HYPERLINK(""https://stackoverflow.com/q/60320480"", ""60320480"")",0.3328213005632358,"0","551"
"=HYPERLINK(""https://stackoverflow.com/q/60339953"", ""60339953"")",0.2592120181405893,"2","229"
"=HYPERLINK(""https://stackoverflow.com/q/60545203"", ""60545203"")",0.3677918424753867,"0","207"
"=HYPERLINK(""https://stackoverflow.com/q/60596639"", ""60596639"")",0.6767676767676762,"0","1462"
"=HYPERLINK(""https://stackoverflow.com/q/60648240"", ""60648240"")",0.5481715893108292,"0","92"
"=HYPERLINK(""https://stackoverflow.com/q/60689697"", ""60689697"")",0.4494949494949491,"0","182"
"=HYPERLINK(""https://stackoverflow.com/q/60848035"", ""60848035"")",0.3492245105517415,"0","67"
"=HYPERLINK(""https://stackoverflow.com/q/61105890"", ""61105890"")",0.4690736076126497,"1","142"
"=HYPERLINK(""https://stackoverflow.com/q/61120900"", ""61120900"")",0.5365079365079365,"0","257"
"=HYPERLINK(""https://stackoverflow.com/q/61143493"", ""61143493"")",0.652991452991454,"2","905"
"=HYPERLINK(""https://stackoverflow.com/q/61191042"", ""61191042"")",0.4433760683760686,"0","70"
"=HYPERLINK(""https://stackoverflow.com/q/61208367"", ""61208367"")",0.4460415240702711,"2","1370"
"=HYPERLINK(""https://stackoverflow.com/q/61233136"", ""61233136"")",0.4648565376468325,"0","101"
"=HYPERLINK(""https://stackoverflow.com/q/61266152"", ""61266152"")",0.265455304928989,"0","216"
"=HYPERLINK(""https://stackoverflow.com/q/61299651"", ""61299651"")",0.5147652432547278,"2","1091"
"=HYPERLINK(""https://stackoverflow.com/q/61455612"", ""61455612"")",0.365768663718,"0","298"
"=HYPERLINK(""https://stackoverflow.com/q/61462588"", ""61462588"")",0.3768613974799542,"1","190"
"=HYPERLINK(""https://stackoverflow.com/q/61557493"", ""61557493"")",0.344976713240186,"1","337"
"=HYPERLINK(""https://stackoverflow.com/q/61677028"", ""61677028"")",0.3884690736076122,"0","23"
"=HYPERLINK(""https://stackoverflow.com/q/61758245"", ""61758245"")",0.5725548164572546,"0","239"
"=HYPERLINK(""https://stackoverflow.com/q/61790183"", ""61790183"")",0.3107831078310784,"0","300"
"=HYPERLINK(""https://stackoverflow.com/q/61882142"", ""61882142"")",0.6833000665335989,"0","776"
"=HYPERLINK(""https://stackoverflow.com/q/61899783"", ""61899783"")",0.3413357956294245,"0","79"
"=HYPERLINK(""https://stackoverflow.com/q/61912957"", ""61912957"")",0.2933684672815106,"0","47"
"=HYPERLINK(""https://stackoverflow.com/q/62065508"", ""62065508"")",0.4438438438438434,"0","57"
"=HYPERLINK(""https://stackoverflow.com/q/62131744"", ""62131744"")",0.6471644855016678,"0","230"
"=HYPERLINK(""https://stackoverflow.com/q/62191976"", ""62191976"")",0.6491090146750527,"0","69"
"=HYPERLINK(""https://stackoverflow.com/q/62212127"", ""62212127"")",0.2653655196028077,"0","752"
"=HYPERLINK(""https://stackoverflow.com/q/62228627"", ""62228627"")",0.339265343372119,"0","183"
"=HYPERLINK(""https://stackoverflow.com/q/62257637"", ""62257637"")",0.2988179669030734,"0","102"
"=HYPERLINK(""https://stackoverflow.com/q/62331432"", ""62331432"")",0.4191629487996602,"0","21"
"=HYPERLINK(""https://stackoverflow.com/q/62380093"", ""62380093"")",0.4210749946887616,"1","916"
"=HYPERLINK(""https://stackoverflow.com/q/62447221"", ""62447221"")",0.3924349881796692,"0","27"
"=HYPERLINK(""https://stackoverflow.com/q/62469623"", ""62469623"")",0.5227148330596598,"2","78"
"=HYPERLINK(""https://stackoverflow.com/q/62486906"", ""62486906"")",0.3550635506355065,"0","30"
"=HYPERLINK(""https://stackoverflow.com/q/62512856"", ""62512856"")",0.5674816139932423,"1","176"
"=HYPERLINK(""https://stackoverflow.com/q/62550576"", ""62550576"")",0.5384384384384377,"0","129"
"=HYPERLINK(""https://stackoverflow.com/q/62572546"", ""62572546"")",0.5533910533910531,"0","402"
"=HYPERLINK(""https://stackoverflow.com/q/62574142"", ""62574142"")",0.4302759134973903,"0","62"
"=HYPERLINK(""https://stackoverflow.com/q/62656309"", ""62656309"")",0.5460858585858583,"1","385"
"=HYPERLINK(""https://stackoverflow.com/q/62674353"", ""62674353"")",0.4007936507936509,"0","57"
"=HYPERLINK(""https://stackoverflow.com/q/62678937"", ""62678937"")",0.482936507936508,"0","164"
"=HYPERLINK(""https://stackoverflow.com/q/62695024"", ""62695024"")",0.2471091000502765,"1","257"
"=HYPERLINK(""https://stackoverflow.com/q/62769053"", ""62769053"")",0.4198506807202457,"0","33"
"=HYPERLINK(""https://stackoverflow.com/q/62770223"", ""62770223"")",0.3175830469644902,"0","169"
"=HYPERLINK(""https://stackoverflow.com/q/62774605"", ""62774605"")",0.8325163398692812,"0","14"
"=HYPERLINK(""https://stackoverflow.com/q/62793800"", ""62793800"")",0.4739000745712158,"0","172"
"=HYPERLINK(""https://stackoverflow.com/q/62826003"", ""62826003"")",0.4825351667456933,"1","357"
"=HYPERLINK(""https://stackoverflow.com/q/62833932"", ""62833932"")",0.4057495275042274,"0","31"
"=HYPERLINK(""https://stackoverflow.com/q/62878769"", ""62878769"")",0.35594315245478,"0","111"
"=HYPERLINK(""https://stackoverflow.com/q/62903446"", ""62903446"")",0.3557234816680659,"0","728"
"=HYPERLINK(""https://stackoverflow.com/q/62929973"", ""62929973"")",0.4055019649874957,"1","49"
"=HYPERLINK(""https://stackoverflow.com/q/63013172"", ""63013172"")",0.4751866490996924,"0","33"
"=HYPERLINK(""https://stackoverflow.com/q/63048082"", ""63048082"")",0.5168061059738734,"2","151"
"=HYPERLINK(""https://stackoverflow.com/q/63061752"", ""63061752"")",0.3262946204122673,"0","25"
"=HYPERLINK(""https://stackoverflow.com/q/63104275"", ""63104275"")",0.5506355063550638,"0","257"
"=HYPERLINK(""https://stackoverflow.com/q/63132526"", ""63132526"")",0.4567676767676766,"0","89"
"=HYPERLINK(""https://stackoverflow.com/q/63151836"", ""63151836"")",0.3353861945085962,"0","1146"
"=HYPERLINK(""https://stackoverflow.com/q/63164680"", ""63164680"")",0.294620412267471,"0","79"
"=HYPERLINK(""https://stackoverflow.com/q/63185542"", ""63185542"")",0.4453076828215567,"1","675"
"=HYPERLINK(""https://stackoverflow.com/q/63190578"", ""63190578"")",0.2931313131313129,"0","408"
"=HYPERLINK(""https://stackoverflow.com/q/63228181"", ""63228181"")",0.3852991452991454,"0","541"
"=HYPERLINK(""https://stackoverflow.com/q/63251339"", ""63251339"")",0.4182449494949492,"0","929"
"=HYPERLINK(""https://stackoverflow.com/q/63267461"", ""63267461"")",0.2865079365079366,"1","1171"
"=HYPERLINK(""https://stackoverflow.com/q/63292069"", ""63292069"")",0.2753400051321529,"1","141"
"=HYPERLINK(""https://stackoverflow.com/q/63393044"", ""63393044"")",0.3880513679508651,"0","33"
"=HYPERLINK(""https://stackoverflow.com/q/63490093"", ""63490093"")",0.731038343129022,"0","74"
"=HYPERLINK(""https://stackoverflow.com/q/63491596"", ""63491596"")",0.5299145299145301,"0","963"
"=HYPERLINK(""https://stackoverflow.com/q/63630286"", ""63630286"")",0.3227247347850359,"0","19"
"=HYPERLINK(""https://stackoverflow.com/q/63636564"", ""63636564"")",0.2836976320582879,"0","249"
"=HYPERLINK(""https://stackoverflow.com/q/63693365"", ""63693365"")",0.3558100084817647,"0","121"
"=HYPERLINK(""https://stackoverflow.com/q/63717903"", ""63717903"")",0.4611602753195679,"0","16"
"=HYPERLINK(""https://stackoverflow.com/q/63727447"", ""63727447"")",0.3391673296207899,"1","102"
"=HYPERLINK(""https://stackoverflow.com/q/63912120"", ""63912120"")",0.9040404040404032,"0","125"
"=HYPERLINK(""https://stackoverflow.com/q/63937098"", ""63937098"")",0.4477541371158394,"0","58"
"=HYPERLINK(""https://stackoverflow.com/q/64025741"", ""64025741"")",0.5463328941589805,"0","56"
"=HYPERLINK(""https://stackoverflow.com/q/64040415"", ""64040415"")",0.5142576204523113,"0","667"
"=HYPERLINK(""https://stackoverflow.com/q/64047551"", ""64047551"")",0.7526089625537141,"0","59"
"=HYPERLINK(""https://stackoverflow.com/q/64118653"", ""64118653"")",0.5026650266502666,"0","70"
"=HYPERLINK(""https://stackoverflow.com/q/64178231"", ""64178231"")",0.4497671324018625,"0","12"
"=HYPERLINK(""https://stackoverflow.com/q/64214809"", ""64214809"")",0.4514413657990478,"0","29"
"=HYPERLINK(""https://stackoverflow.com/q/64238862"", ""64238862"")",0.3820917165125976,"0","18"
"=HYPERLINK(""https://stackoverflow.com/q/64256940"", ""64256940"")",0.5829365079365079,"1","39"
"=HYPERLINK(""https://stackoverflow.com/q/64394532"", ""64394532"")",0.5903203817314239,"1","118"
"=HYPERLINK(""https://stackoverflow.com/q/64440879"", ""64440879"")",0.4835287548855384,"0","197"
"=HYPERLINK(""https://stackoverflow.com/q/64486053"", ""64486053"")",0.3768857405221036,"0","157"
"=HYPERLINK(""https://stackoverflow.com/q/64682973"", ""64682973"")",0.3760683760683766,"2","279"
"=HYPERLINK(""https://stackoverflow.com/q/64704906"", ""64704906"")",0.4226939203354298,"0","122"
"=HYPERLINK(""https://stackoverflow.com/q/64805399"", ""64805399"")",0.4058585858585857,"0","31"
"=HYPERLINK(""https://stackoverflow.com/q/64832897"", ""64832897"")",0.5231071779744353,"1","183"
"=HYPERLINK(""https://stackoverflow.com/q/64871949"", ""64871949"")",0.5016013796501594,"0","51"
"=HYPERLINK(""https://stackoverflow.com/q/64948967"", ""64948967"")",0.1964796479647964,"0","21"
"=HYPERLINK(""https://stackoverflow.com/q/64982476"", ""64982476"")",0.4324494949494946,"0","46"
"=HYPERLINK(""https://stackoverflow.com/q/65069535"", ""65069535"")",0.3878273177636238,"0","370"
"=HYPERLINK(""https://stackoverflow.com/q/65218158"", ""65218158"")",0.6722222222222222,"1","57"
"=HYPERLINK(""https://stackoverflow.com/q/65308858"", ""65308858"")",0.417661961635903,"0","13"
"=HYPERLINK(""https://stackoverflow.com/q/65328625"", ""65328625"")",0.5276114437791081,"0","76"
"=HYPERLINK(""https://stackoverflow.com/q/65370758"", ""65370758"")",0.5275319567354971,"1","133"
"=HYPERLINK(""https://stackoverflow.com/q/65393328"", ""65393328"")",0.5070323488045,"0","12"
"=HYPERLINK(""https://stackoverflow.com/q/65592583"", ""65592583"")",0.289706884798909,"0","13"
"=HYPERLINK(""https://stackoverflow.com/q/65634037"", ""65634037"")",0.359694506035969,"0","89"
"=HYPERLINK(""https://stackoverflow.com/q/65687743"", ""65687743"")",0.4149494949494948,"0","100"
"=HYPERLINK(""https://stackoverflow.com/q/65772151"", ""65772151"")",0.2969644902634593,"1","55"
"=HYPERLINK(""https://stackoverflow.com/q/65781854"", ""65781854"")",0.4523107177974436,"0","128"
"=HYPERLINK(""https://stackoverflow.com/q/65814234"", ""65814234"")",0.5355133614627281,"1","148"
"=HYPERLINK(""https://stackoverflow.com/q/65938772"", ""65938772"")",0.5109251510925147,"1","46"
"=HYPERLINK(""https://stackoverflow.com/q/66013051"", ""66013051"")",0.6068376068376072,"0","15"
"=HYPERLINK(""https://stackoverflow.com/q/66046637"", ""66046637"")",0.6694584031267441,"0","51"
"=HYPERLINK(""https://stackoverflow.com/q/66050411"", ""66050411"")",0.4230418943533703,"0","150"
"=HYPERLINK(""https://stackoverflow.com/q/66120732"", ""66120732"")",0.4925805284111471,"0","53"
"=HYPERLINK(""https://stackoverflow.com/q/66192235"", ""66192235"")",0.4719554132574411,"0","79"
"=HYPERLINK(""https://stackoverflow.com/q/66253732"", ""66253732"")",0.3113311331133111,"0","43"
"=HYPERLINK(""https://stackoverflow.com/q/66363009"", ""66363009"")",0.3724198506807201,"0","55"
"=HYPERLINK(""https://stackoverflow.com/q/66447966"", ""66447966"")",0.489503328213005,"0","28"
"=HYPERLINK(""https://stackoverflow.com/q/66638496"", ""66638496"")",0.4376918354818908,"0","15"
"=HYPERLINK(""https://stackoverflow.com/q/66646628"", ""66646628"")",0.5758976729850522,"0","79"
"=HYPERLINK(""https://stackoverflow.com/q/66675790"", ""66675790"")",0.4318112633181125,"0","21"
"=HYPERLINK(""https://stackoverflow.com/q/66693398"", ""66693398"")",0.4035602503912367,"0","17"
"=HYPERLINK(""https://stackoverflow.com/q/66736077"", ""66736077"")",0.5805839969662492,"0","30"
"=HYPERLINK(""https://stackoverflow.com/q/66754367"", ""66754367"")",0.4007936507936506,"0","51"
"=HYPERLINK(""https://stackoverflow.com/q/66983015"", ""66983015"")",0.3244949494949493,"0","67"
"=HYPERLINK(""https://stackoverflow.com/q/66997578"", ""66997578"")",0.3850886717336228,"0","21"
"=HYPERLINK(""https://stackoverflow.com/q/67005749"", ""67005749"")",0.5598845598845595,"0","5"
"=HYPERLINK(""https://stackoverflow.com/q/67051659"", ""67051659"")",0.2943642865951413,"0","29"
"=HYPERLINK(""https://stackoverflow.com/q/67116596"", ""67116596"")",0.2618261826182616,"0","58"
"=HYPERLINK(""https://stackoverflow.com/q/67220665"", ""67220665"")",0.3893570536828967,"0","26"
"=HYPERLINK(""https://stackoverflow.com/q/67230671"", ""67230671"")",0.6337266470009837,"0","28"
"=HYPERLINK(""https://stackoverflow.com/q/67289239"", ""67289239"")",0.3146436639967137,"0","21"
"=HYPERLINK(""https://stackoverflow.com/q/67307866"", ""67307866"")",0.5281495644784371,"0","25"
"=HYPERLINK(""https://stackoverflow.com/q/67313911"", ""67313911"")",0.4672553348050041,"1","20"
"=HYPERLINK(""https://stackoverflow.com/q/67339748"", ""67339748"")",0.4022776238842719,"0","25"
"=HYPERLINK(""https://stackoverflow.com/q/67470587"", ""67470587"")",0.2865079365079365,"0","18"
"=HYPERLINK(""https://stackoverflow.com/q/67512136"", ""67512136"")",0.3557130668766817,"0","43"
"=HYPERLINK(""https://stackoverflow.com/q/67565632"", ""67565632"")",0.3884491351509823,"0","33"
"=HYPERLINK(""https://stackoverflow.com/q/67566442"", ""67566442"")",0.3962728551336145,"0","10"
"=HYPERLINK(""https://stackoverflow.com/q/67591433"", ""67591433"")",0.2902007553170345,"0","33"
"=HYPERLINK(""https://stackoverflow.com/q/67639182"", ""67639182"")",0.3357357357357355,"2","28"
"=HYPERLINK(""https://stackoverflow.com/q/67674075"", ""67674075"")",0.3967676767676767,"0","8"
"=HYPERLINK(""https://stackoverflow.com/q/67722175"", ""67722175"")",0.7550091074681248,"0","29"
"=HYPERLINK(""https://stackoverflow.com/q/67741741"", ""67741741"")",0.3109318996415771,"0","15"
