"link","Correlation","score","view_count"
"=HYPERLINK(""https://stackoverflow.com/q/566151"", ""566151"")",0.2715440471297437,"0","1517"
"=HYPERLINK(""https://stackoverflow.com/q/1504370"", ""1504370"")",0.4239267676767676,"1","239"
"=HYPERLINK(""https://stackoverflow.com/q/1513212"", ""1513212"")",0.4490263459335623,"1","1558"
"=HYPERLINK(""https://stackoverflow.com/q/1906808"", ""1906808"")",0.2969210174029451,"0","616"
"=HYPERLINK(""https://stackoverflow.com/q/4653211"", ""4653211"")",0.2911877394636015,"0","1512"
"=HYPERLINK(""https://stackoverflow.com/q/4862183"", ""4862183"")",0.5286052009456266,"0","1634"
"=HYPERLINK(""https://stackoverflow.com/q/5436252"", ""5436252"")",0.4921017402945112,"0","1527"
"=HYPERLINK(""https://stackoverflow.com/q/7494616"", ""7494616"")",0.2742152898132102,"1","2752"
"=HYPERLINK(""https://stackoverflow.com/q/7803370"", ""7803370"")",0.4934086629001881,"0","5699"
"=HYPERLINK(""https://stackoverflow.com/q/8442479"", ""8442479"")",0.5351993214588636,"1","629"
"=HYPERLINK(""https://stackoverflow.com/q/8979078"", ""8979078"")",0.541562552057305,"1","1814"
"=HYPERLINK(""https://stackoverflow.com/q/9005839"", ""9005839"")",0.2554325543255433,"3","2110"
"=HYPERLINK(""https://stackoverflow.com/q/9465900"", ""9465900"")",0.7812773403324589,"3","10896"
"=HYPERLINK(""https://stackoverflow.com/q/9666821"", ""9666821"")",0.6084291187739465,"0","1008"
"=HYPERLINK(""https://stackoverflow.com/q/9970119"", ""9970119"")",0.4517736734095574,"0","240"
"=HYPERLINK(""https://stackoverflow.com/q/10176369"", ""10176369"")",0.3585858585858585,"1","2803"
"=HYPERLINK(""https://stackoverflow.com/q/10425302"", ""10425302"")",0.572737686139748,"1","1093"
"=HYPERLINK(""https://stackoverflow.com/q/10462943"", ""10462943"")",0.2900636319138522,"0","505"
"=HYPERLINK(""https://stackoverflow.com/q/10514511"", ""10514511"")",0.4595639943741207,"0","591"
"=HYPERLINK(""https://stackoverflow.com/q/10844223"", ""10844223"")",0.4514712340799295,"0","1995"
"=HYPERLINK(""https://stackoverflow.com/q/10994740"", ""10994740"")",0.3203817314246761,"4","7156"
"=HYPERLINK(""https://stackoverflow.com/q/11126378"", ""11126378"")",0.3401140391431655,"2","25860"
"=HYPERLINK(""https://stackoverflow.com/q/11315071"", ""11315071"")",0.6041317699609154,"0","551"
"=HYPERLINK(""https://stackoverflow.com/q/11321856"", ""11321856"")",0.4529914529914529,"1","221"
"=HYPERLINK(""https://stackoverflow.com/q/11355554"", ""11355554"")",0.7173362287368802,"1","6638"
"=HYPERLINK(""https://stackoverflow.com/q/11506075"", ""11506075"")",0.2545648795648795,"1","1165"
"=HYPERLINK(""https://stackoverflow.com/q/11693252"", ""11693252"")",0.2669242089771891,"0","1319"
"=HYPERLINK(""https://stackoverflow.com/q/11954745"", ""11954745"")",0.3087606837606837,"0","4407"
"=HYPERLINK(""https://stackoverflow.com/q/12569040"", ""12569040"")",0.5685257241677475,"1","677"
"=HYPERLINK(""https://stackoverflow.com/q/12838029"", ""12838029"")",0.6173695359137303,"0","187"
"=HYPERLINK(""https://stackoverflow.com/q/13337615"", ""13337615"")",0.3984948347590334,"1","804"
"=HYPERLINK(""https://stackoverflow.com/q/13379516"", ""13379516"")",0.3479707252162341,"1","718"
"=HYPERLINK(""https://stackoverflow.com/q/13453915"", ""13453915"")",0.2868873492430073,"0","461"
"=HYPERLINK(""https://stackoverflow.com/q/13570221"", ""13570221"")",0.7857401375316685,"2","3396"
"=HYPERLINK(""https://stackoverflow.com/q/13584952"", ""13584952"")",0.757842274992671,"1","7131"
"=HYPERLINK(""https://stackoverflow.com/q/13702253"", ""13702253"")",0.3722222222222223,"3","732"
"=HYPERLINK(""https://stackoverflow.com/q/13716728"", ""13716728"")",0.3408662900188322,"0","4547"
"=HYPERLINK(""https://stackoverflow.com/q/13717636"", ""13717636"")",0.3548189073050951,"0","224"
"=HYPERLINK(""https://stackoverflow.com/q/13739219"", ""13739219"")",0.7093356242840778,"1","1488"
"=HYPERLINK(""https://stackoverflow.com/q/14097212"", ""14097212"")",0.4031560743622999,"0","7458"
"=HYPERLINK(""https://stackoverflow.com/q/14357956"", ""14357956"")",0.7559540753392158,"0","430"
"=HYPERLINK(""https://stackoverflow.com/q/14455208"", ""14455208"")",0.5608360836083609,"1","1545"
"=HYPERLINK(""https://stackoverflow.com/q/14703595"", ""14703595"")",0.3470645929662324,"1","2015"
"=HYPERLINK(""https://stackoverflow.com/q/14903918"", ""14903918"")",0.3330712788259957,"1","1683"
"=HYPERLINK(""https://stackoverflow.com/q/15637373"", ""15637373"")",0.3106200122774709,"1","3326"
"=HYPERLINK(""https://stackoverflow.com/q/15650694"", ""15650694"")",0.3138252756573368,"1","1891"
"=HYPERLINK(""https://stackoverflow.com/q/15791481"", ""15791481"")",0.4914529914529914,"0","159"
"=HYPERLINK(""https://stackoverflow.com/q/16242721"", ""16242721"")",0.4470544369873231,"0","333"
"=HYPERLINK(""https://stackoverflow.com/q/16521581"", ""16521581"")",0.3805335678686602,"0","1697"
"=HYPERLINK(""https://stackoverflow.com/q/16785130"", ""16785130"")",0.3385657125269314,"0","697"
"=HYPERLINK(""https://stackoverflow.com/q/17017983"", ""17017983"")",0.4949494949494947,"0","718"
"=HYPERLINK(""https://stackoverflow.com/q/17196630"", ""17196630"")",0.4869807195388592,"1","2623"
"=HYPERLINK(""https://stackoverflow.com/q/17207535"", ""17207535"")",0.4228210246174315,"1","990"
"=HYPERLINK(""https://stackoverflow.com/q/17424764"", ""17424764"")",0.7855133614627282,"1","1381"
"=HYPERLINK(""https://stackoverflow.com/q/17539481"", ""17539481"")",0.4169590643274857,"0","262"
"=HYPERLINK(""https://stackoverflow.com/q/17554656"", ""17554656"")",0.6160275319567357,"0","1271"
"=HYPERLINK(""https://stackoverflow.com/q/17930693"", ""17930693"")",0.6524547803617567,"0","158"
"=HYPERLINK(""https://stackoverflow.com/q/18543698"", ""18543698"")",0.7559645535105654,"0","688"
"=HYPERLINK(""https://stackoverflow.com/q/18782727"", ""18782727"")",0.4130868225484866,"1","829"
"=HYPERLINK(""https://stackoverflow.com/q/19938686"", ""19938686"")",0.4770167427701673,"0","10927"
"=HYPERLINK(""https://stackoverflow.com/q/20175557"", ""20175557"")",0.4538011695906435,"1","70"
"=HYPERLINK(""https://stackoverflow.com/q/20196017"", ""20196017"")",0.6310620012277471,"0","620"
"=HYPERLINK(""https://stackoverflow.com/q/20267319"", ""20267319"")",0.397479954180985,"0","400"
"=HYPERLINK(""https://stackoverflow.com/q/20556294"", ""20556294"")",0.4086202071088717,"0","510"
"=HYPERLINK(""https://stackoverflow.com/q/20740177"", ""20740177"")",0.3276276276276275,"2","4989"
"=HYPERLINK(""https://stackoverflow.com/q/21117115"", ""21117115"")",0.7078098053707806,"1","1923"
"=HYPERLINK(""https://stackoverflow.com/q/21243798"", ""21243798"")",0.4099435917617733,"0","141"
"=HYPERLINK(""https://stackoverflow.com/q/21343196"", ""21343196"")",0.3105179101072323,"2","10591"
"=HYPERLINK(""https://stackoverflow.com/q/21472130"", ""21472130"")",0.5251068376068376,"0","413"
"=HYPERLINK(""https://stackoverflow.com/q/21481167"", ""21481167"")",0.4492492492492491,"0","1052"
"=HYPERLINK(""https://stackoverflow.com/q/21676606"", ""21676606"")",0.2816816816816817,"0","32"
"=HYPERLINK(""https://stackoverflow.com/q/21881219"", ""21881219"")",0.2929769392033544,"0","80"
"=HYPERLINK(""https://stackoverflow.com/q/21933612"", ""21933612"")",0.2704149933065595,"1","487"
"=HYPERLINK(""https://stackoverflow.com/q/22165210"", ""22165210"")",0.6465764657646578,"0","419"
"=HYPERLINK(""https://stackoverflow.com/q/22249705"", ""22249705"")",0.3716198125836677,"0","92"
"=HYPERLINK(""https://stackoverflow.com/q/22340318"", ""22340318"")",0.7324263038548757,"0","65"
"=HYPERLINK(""https://stackoverflow.com/q/22356517"", ""22356517"")",0.2669242089771891,"0","60"
"=HYPERLINK(""https://stackoverflow.com/q/22387379"", ""22387379"")",0.726595400064788,"1","680"
"=HYPERLINK(""https://stackoverflow.com/q/22433712"", ""22433712"")",0.3126744835287546,"1","135"
"=HYPERLINK(""https://stackoverflow.com/q/22456735"", ""22456735"")",0.4624069797279957,"2","257"
"=HYPERLINK(""https://stackoverflow.com/q/22478465"", ""22478465"")",0.2507032348804501,"0","162"
"=HYPERLINK(""https://stackoverflow.com/q/22555323"", ""22555323"")",0.5084817642069552,"2","1462"
"=HYPERLINK(""https://stackoverflow.com/q/22627074"", ""22627074"")",0.5844976713240183,"1","414"
"=HYPERLINK(""https://stackoverflow.com/q/22861189"", ""22861189"")",0.4859584859584859,"0","830"
"=HYPERLINK(""https://stackoverflow.com/q/23432923"", ""23432923"")",0.4827856025039124,"1","985"
"=HYPERLINK(""https://stackoverflow.com/q/23537102"", ""23537102"")",0.3261483192199126,"1","136"
"=HYPERLINK(""https://stackoverflow.com/q/23787062"", ""23787062"")",0.7528344671201818,"0","509"
"=HYPERLINK(""https://stackoverflow.com/q/23821621"", ""23821621"")",0.5491452991452993,"0","441"
"=HYPERLINK(""https://stackoverflow.com/q/23830817"", ""23830817"")",0.3660901467505241,"0","403"
"=HYPERLINK(""https://stackoverflow.com/q/23856172"", ""23856172"")",0.4968123861566486,"0","3562"
"=HYPERLINK(""https://stackoverflow.com/q/24081781"", ""24081781"")",0.6017236072637734,"1","120"
"=HYPERLINK(""https://stackoverflow.com/q/24406816"", ""24406816"")",0.346141530579571,"0","903"
"=HYPERLINK(""https://stackoverflow.com/q/24950455"", ""24950455"")",0.2430074416217603,"0","3330"
"=HYPERLINK(""https://stackoverflow.com/q/25114158"", ""25114158"")",0.5226174791392181,"2","1052"
"=HYPERLINK(""https://stackoverflow.com/q/25274702"", ""25274702"")",0.7524235645041016,"0","18"
"=HYPERLINK(""https://stackoverflow.com/q/25604257"", ""25604257"")",0.2257936507936508,"0","139"
"=HYPERLINK(""https://stackoverflow.com/q/25651118"", ""25651118"")",0.4989749897498975,"0","36"
"=HYPERLINK(""https://stackoverflow.com/q/25908574"", ""25908574"")",0.5778804208365409,"0","258"
"=HYPERLINK(""https://stackoverflow.com/q/25975836"", ""25975836"")",0.26006006006006,"0","456"
"=HYPERLINK(""https://stackoverflow.com/q/26090456"", ""26090456"")",0.6374341922970349,"1","258"
"=HYPERLINK(""https://stackoverflow.com/q/26364381"", ""26364381"")",0.4031267448352875,"0","126"
"=HYPERLINK(""https://stackoverflow.com/q/26524072"", ""26524072"")",0.4465465465465463,"0","55"
"=HYPERLINK(""https://stackoverflow.com/q/26592970"", ""26592970"")",0.5119949494949492,"1","53"
"=HYPERLINK(""https://stackoverflow.com/q/26715358"", ""26715358"")",0.4546546546546544,"0","1880"
"=HYPERLINK(""https://stackoverflow.com/q/26737205"", ""26737205"")",0.3754137115839243,"0","1779"
"=HYPERLINK(""https://stackoverflow.com/q/26756393"", ""26756393"")",0.507182644385811,"0","1087"
"=HYPERLINK(""https://stackoverflow.com/q/26875014"", ""26875014"")",0.4367550941945405,"0","1106"
"=HYPERLINK(""https://stackoverflow.com/q/27411221"", ""27411221"")",0.8727904040404038,"1","93"
"=HYPERLINK(""https://stackoverflow.com/q/27424312"", ""27424312"")",0.3557727108215707,"1","71"
"=HYPERLINK(""https://stackoverflow.com/q/27431154"", ""27431154"")",0.3087274125336407,"0","1157"
"=HYPERLINK(""https://stackoverflow.com/q/27620336"", ""27620336"")",0.5394636015325671,"1","2416"
"=HYPERLINK(""https://stackoverflow.com/q/27639321"", ""27639321"")",0.350964737192282,"1","499"
"=HYPERLINK(""https://stackoverflow.com/q/27722088"", ""27722088"")",0.3901729155966443,"0","239"
"=HYPERLINK(""https://stackoverflow.com/q/28194624"", ""28194624"")",0.6631860776439088,"1","986"
"=HYPERLINK(""https://stackoverflow.com/q/28287964"", ""28287964"")",0.3808760683760685,"0","407"
"=HYPERLINK(""https://stackoverflow.com/q/28578707"", ""28578707"")",0.2818813131313131,"0","64"
"=HYPERLINK(""https://stackoverflow.com/q/28963021"", ""28963021"")",0.7181439187964473,"2","789"
"=HYPERLINK(""https://stackoverflow.com/q/29035915"", ""29035915"")",0.3582981715893107,"2","455"
"=HYPERLINK(""https://stackoverflow.com/q/29207195"", ""29207195"")",0.6244778613199665,"0","67"
"=HYPERLINK(""https://stackoverflow.com/q/29226951"", ""29226951"")",0.4912191827085445,"0","1368"
"=HYPERLINK(""https://stackoverflow.com/q/29294699"", ""29294699"")",0.3505021056041466,"0","102"
"=HYPERLINK(""https://stackoverflow.com/q/29392015"", ""29392015"")",0.5209235209235209,"0","490"
"=HYPERLINK(""https://stackoverflow.com/q/29473187"", ""29473187"")",0.2259816207184627,"1","917"
"=HYPERLINK(""https://stackoverflow.com/q/29664412"", ""29664412"")",0.6477104031060864,"2","1559"
"=HYPERLINK(""https://stackoverflow.com/q/29697326"", ""29697326"")",0.3231994209192906,"0","2927"
"=HYPERLINK(""https://stackoverflow.com/q/29844342"", ""29844342"")",0.4318030605455754,"0","37"
"=HYPERLINK(""https://stackoverflow.com/q/29876718"", ""29876718"")",0.7871077184054284,"0","63"
"=HYPERLINK(""https://stackoverflow.com/q/30124554"", ""30124554"")",0.4605200945626478,"0","174"
"=HYPERLINK(""https://stackoverflow.com/q/30191721"", ""30191721"")",0.5375131559164038,"0","155"
"=HYPERLINK(""https://stackoverflow.com/q/30719761"", ""30719761"")",0.7330917874396131,"0","363"
"=HYPERLINK(""https://stackoverflow.com/q/30753339"", ""30753339"")",0.7226771812759077,"3","5488"
"=HYPERLINK(""https://stackoverflow.com/q/30984929"", ""30984929"")",0.6579461735077434,"1","82"
"=HYPERLINK(""https://stackoverflow.com/q/31086094"", ""31086094"")",0.569527611443779,"0","1517"
"=HYPERLINK(""https://stackoverflow.com/q/31111513"", ""31111513"")",0.6563058235083961,"0","47"
"=HYPERLINK(""https://stackoverflow.com/q/31860908"", ""31860908"")",0.3219452139119729,"1","4326"
"=HYPERLINK(""https://stackoverflow.com/q/31914662"", ""31914662"")",0.438288704216682,"1","100"
"=HYPERLINK(""https://stackoverflow.com/q/31932715"", ""31932715"")",0.8519293351929333,"1","274"
"=HYPERLINK(""https://stackoverflow.com/q/31971121"", ""31971121"")",0.5545837382572077,"0","67"
"=HYPERLINK(""https://stackoverflow.com/q/32125131"", ""32125131"")",0.4945626477541371,"0","42"
"=HYPERLINK(""https://stackoverflow.com/q/32302671"", ""32302671"")",0.7783257980545278,"1","640"
"=HYPERLINK(""https://stackoverflow.com/q/33167743"", ""33167743"")",0.647625448028674,"1","77"
"=HYPERLINK(""https://stackoverflow.com/q/33179818"", ""33179818"")",0.4053664685755446,"0","4153"
"=HYPERLINK(""https://stackoverflow.com/q/33406419"", ""33406419"")",0.4936903662665436,"1","250"
"=HYPERLINK(""https://stackoverflow.com/q/33406609"", ""33406609"")",0.5779534475186646,"0","133"
"=HYPERLINK(""https://stackoverflow.com/q/33453648"", ""33453648"")",0.3142467620995226,"0","3001"
"=HYPERLINK(""https://stackoverflow.com/q/33457117"", ""33457117"")",0.4011994949494946,"0","276"
"=HYPERLINK(""https://stackoverflow.com/q/33668134"", ""33668134"")",0.5615079365079363,"0","47"
"=HYPERLINK(""https://stackoverflow.com/q/34086376"", ""34086376"")",0.5448823207443895,"1","624"
"=HYPERLINK(""https://stackoverflow.com/q/34410174"", ""34410174"")",0.5235920852359209,"0","28"
"=HYPERLINK(""https://stackoverflow.com/q/34596332"", ""34596332"")",0.6293368467281508,"1","2594"
"=HYPERLINK(""https://stackoverflow.com/q/34657856"", ""34657856"")",0.373273847461228,"0","939"
"=HYPERLINK(""https://stackoverflow.com/q/34658300"", ""34658300"")",0.4934086629001884,"0","314"
"=HYPERLINK(""https://stackoverflow.com/q/34757888"", ""34757888"")",0.4440404040404039,"1","91"
"=HYPERLINK(""https://stackoverflow.com/q/34772660"", ""34772660"")",0.5398913951545529,"0","203"
"=HYPERLINK(""https://stackoverflow.com/q/34796270"", ""34796270"")",0.9170274170274167,"2","327"
"=HYPERLINK(""https://stackoverflow.com/q/35137135"", ""35137135"")",0.3621639131843215,"1","413"
"=HYPERLINK(""https://stackoverflow.com/q/35164021"", ""35164021"")",0.453635834787667,"0","388"
"=HYPERLINK(""https://stackoverflow.com/q/35176008"", ""35176008"")",0.5116959064327489,"0","113"
"=HYPERLINK(""https://stackoverflow.com/q/35774180"", ""35774180"")",0.3675377097939241,"1","2788"
"=HYPERLINK(""https://stackoverflow.com/q/35776176"", ""35776176"")",0.3091787439613526,"0","613"
"=HYPERLINK(""https://stackoverflow.com/q/35785106"", ""35785106"")",0.4168330006653359,"0","394"
"=HYPERLINK(""https://stackoverflow.com/q/36135374"", ""36135374"")",0.5930428909152314,"0","257"
"=HYPERLINK(""https://stackoverflow.com/q/36443689"", ""36443689"")",0.3892953929539295,"1","43"
"=HYPERLINK(""https://stackoverflow.com/q/36485385"", ""36485385"")",0.324681238615665,"0","200"
"=HYPERLINK(""https://stackoverflow.com/q/36584624"", ""36584624"")",0.4767132401862937,"1","3207"
"=HYPERLINK(""https://stackoverflow.com/q/36778242"", ""36778242"")",0.4200831847890673,"0","72"
"=HYPERLINK(""https://stackoverflow.com/q/37305536"", ""37305536"")",0.6215510812826249,"0","2173"
"=HYPERLINK(""https://stackoverflow.com/q/37663543"", ""37663543"")",0.474111390987965,"2","9214"
"=HYPERLINK(""https://stackoverflow.com/q/38125708"", ""38125708"")",0.4497556830252815,"0","25"
"=HYPERLINK(""https://stackoverflow.com/q/38257043"", ""38257043"")",0.5719154737559643,"0","1657"
"=HYPERLINK(""https://stackoverflow.com/q/38329990"", ""38329990"")",0.605339105339105,"1","273"
"=HYPERLINK(""https://stackoverflow.com/q/38524092"", ""38524092"")",0.4241452991452992,"0","24"
"=HYPERLINK(""https://stackoverflow.com/q/38738840"", ""38738840"")",0.5678443420378902,"1","583"
"=HYPERLINK(""https://stackoverflow.com/q/38992820"", ""38992820"")",0.3834312902322977,"0","356"
"=HYPERLINK(""https://stackoverflow.com/q/39045292"", ""39045292"")",0.5793650793650793,"0","123"
"=HYPERLINK(""https://stackoverflow.com/q/39228753"", ""39228753"")",0.4160424469413236,"1","1003"
"=HYPERLINK(""https://stackoverflow.com/q/39233578"", ""39233578"")",0.4514712340799298,"2","1669"
"=HYPERLINK(""https://stackoverflow.com/q/39437965"", ""39437965"")",0.3967736088453871,"0","323"
"=HYPERLINK(""https://stackoverflow.com/q/39607641"", ""39607641"")",0.695195195195195,"1","701"
"=HYPERLINK(""https://stackoverflow.com/q/39833910"", ""39833910"")",0.2929914529914532,"0","399"
"=HYPERLINK(""https://stackoverflow.com/q/40216235"", ""40216235"")",0.6145463160388538,"2","992"
"=HYPERLINK(""https://stackoverflow.com/q/40452654"", ""40452654"")",0.4252991452991453,"1","2729"
"=HYPERLINK(""https://stackoverflow.com/q/40502303"", ""40502303"")",0.7641383898868926,"1","233"
"=HYPERLINK(""https://stackoverflow.com/q/40505567"", ""40505567"")",0.3212675682842746,"0","44"
"=HYPERLINK(""https://stackoverflow.com/q/40641135"", ""40641135"")",0.773608845386986,"0","139"
"=HYPERLINK(""https://stackoverflow.com/q/40914872"", ""40914872"")",0.6349739000745713,"0","805"
"=HYPERLINK(""https://stackoverflow.com/q/40968678"", ""40968678"")",0.4270414993306557,"0","2018"
"=HYPERLINK(""https://stackoverflow.com/q/40983457"", ""40983457"")",0.4493690366266544,"0","55"
"=HYPERLINK(""https://stackoverflow.com/q/41278314"", ""41278314"")",0.6594081518704631,"0","1025"
"=HYPERLINK(""https://stackoverflow.com/q/41490065"", ""41490065"")",0.5836997947815892,"1","1418"
"=HYPERLINK(""https://stackoverflow.com/q/41645926"", ""41645926"")",0.59647371922821,"0","1218"
"=HYPERLINK(""https://stackoverflow.com/q/41726861"", ""41726861"")",0.6228736880202678,"0","63"
"=HYPERLINK(""https://stackoverflow.com/q/42096075"", ""42096075"")",0.2848340290200755,"1","16"
"=HYPERLINK(""https://stackoverflow.com/q/42514487"", ""42514487"")",0.7294090805384437,"0","94"
"=HYPERLINK(""https://stackoverflow.com/q/42674431"", ""42674431"")",0.3371158392434989,"0","574"
"=HYPERLINK(""https://stackoverflow.com/q/42929093"", ""42929093"")",0.4125987912598788,"0","233"
"=HYPERLINK(""https://stackoverflow.com/q/42932387"", ""42932387"")",0.386194508596356,"0","255"
"=HYPERLINK(""https://stackoverflow.com/q/43179670"", ""43179670"")",0.3210594315245478,"0","516"
"=HYPERLINK(""https://stackoverflow.com/q/43788705"", ""43788705"")",0.6040404040404039,"0","621"
"=HYPERLINK(""https://stackoverflow.com/q/43823683"", ""43823683"")",0.5925151092515107,"3","1301"
"=HYPERLINK(""https://stackoverflow.com/q/43855234"", ""43855234"")",0.5337800111669457,"0","622"
"=HYPERLINK(""https://stackoverflow.com/q/43870130"", ""43870130"")",0.4489664082687337,"0","617"
"=HYPERLINK(""https://stackoverflow.com/q/44004254"", ""44004254"")",0.392172961138478,"0","29"
"=HYPERLINK(""https://stackoverflow.com/q/44070042"", ""44070042"")",0.432936507936508,"0","79"
"=HYPERLINK(""https://stackoverflow.com/q/44173810"", ""44173810"")",0.2906184486373167,"0","324"
"=HYPERLINK(""https://stackoverflow.com/q/44204465"", ""44204465"")",0.2943871706758305,"1","807"
"=HYPERLINK(""https://stackoverflow.com/q/44364461"", ""44364461"")",0.3377882599580712,"0","708"
"=HYPERLINK(""https://stackoverflow.com/q/44682192"", ""44682192"")",0.4302759134973901,"0","211"
"=HYPERLINK(""https://stackoverflow.com/q/44864476"", ""44864476"")",0.8600038513383405,"0","133"
"=HYPERLINK(""https://stackoverflow.com/q/45082557"", ""45082557"")",0.4900793650793651,"0","826"
"=HYPERLINK(""https://stackoverflow.com/q/45135368"", ""45135368"")",0.4896640826873383,"2","2283"
"=HYPERLINK(""https://stackoverflow.com/q/45551648"", ""45551648"")",0.4415088800821958,"0","439"
"=HYPERLINK(""https://stackoverflow.com/q/45662718"", ""45662718"")",0.6903662665435519,"0","161"
"=HYPERLINK(""https://stackoverflow.com/q/45764449"", ""45764449"")",0.2609546165884194,"1","2445"
"=HYPERLINK(""https://stackoverflow.com/q/45922542"", ""45922542"")",0.353042621335304,"2","481"
"=HYPERLINK(""https://stackoverflow.com/q/46060408"", ""46060408"")",0.4385810612723543,"0","880"
"=HYPERLINK(""https://stackoverflow.com/q/46063653"", ""46063653"")",0.3344542524870394,"0","34"
"=HYPERLINK(""https://stackoverflow.com/q/46168186"", ""46168186"")",0.7277572775727759,"0","54"
"=HYPERLINK(""https://stackoverflow.com/q/46193217"", ""46193217"")",0.8196248196248194,"0","246"
"=HYPERLINK(""https://stackoverflow.com/q/46285129"", ""46285129"")",0.6897897897897896,"0","579"
"=HYPERLINK(""https://stackoverflow.com/q/46348609"", ""46348609"")",0.6842475386779181,"1","41"
"=HYPERLINK(""https://stackoverflow.com/q/46524395"", ""46524395"")",0.5166745693061486,"1","3803"
"=HYPERLINK(""https://stackoverflow.com/q/46543862"", ""46543862"")",0.5127151799687013,"0","34"
"=HYPERLINK(""https://stackoverflow.com/q/46703349"", ""46703349"")",0.5054734537493156,"0","104"
"=HYPERLINK(""https://stackoverflow.com/q/46794278"", ""46794278"")",0.9051015996541288,"1","2020"
"=HYPERLINK(""https://stackoverflow.com/q/47036448"", ""47036448"")",0.3532045899804084,"0","29"
"=HYPERLINK(""https://stackoverflow.com/q/47157153"", ""47157153"")",0.3186852447302608,"1","453"
"=HYPERLINK(""https://stackoverflow.com/q/47768980"", ""47768980"")",0.469303934284479,"1","292"
"=HYPERLINK(""https://stackoverflow.com/q/47855902"", ""47855902"")",0.5339105339105337,"1","411"
"=HYPERLINK(""https://stackoverflow.com/q/47909542"", ""47909542"")",0.5663330767256863,"0","108"
"=HYPERLINK(""https://stackoverflow.com/q/48201721"", ""48201721"")",0.5617141390813445,"0","1295"
"=HYPERLINK(""https://stackoverflow.com/q/48590905"", ""48590905"")",0.5071192473938467,"1","58"
"=HYPERLINK(""https://stackoverflow.com/q/48633390"", ""48633390"")",0.2983091787439612,"0","61"
"=HYPERLINK(""https://stackoverflow.com/q/48782807"", ""48782807"")",0.3994374120956399,"0","452"
"=HYPERLINK(""https://stackoverflow.com/q/48815428"", ""48815428"")",0.5784227499267078,"1","29"
"=HYPERLINK(""https://stackoverflow.com/q/48866981"", ""48866981"")",0.622763494211397,"1","1872"
"=HYPERLINK(""https://stackoverflow.com/q/49051500"", ""49051500"")",0.7816627816627812,"1","1358"
"=HYPERLINK(""https://stackoverflow.com/q/49102047"", ""49102047"")",0.3806729264475744,"0","228"
"=HYPERLINK(""https://stackoverflow.com/q/49121181"", ""49121181"")",0.5007457121551082,"0","70"
"=HYPERLINK(""https://stackoverflow.com/q/49381533"", ""49381533"")",0.4292193067703274,"0","63"
"=HYPERLINK(""https://stackoverflow.com/q/49412482"", ""49412482"")",0.522999136761623,"0","314"
"=HYPERLINK(""https://stackoverflow.com/q/49893372"", ""49893372"")",0.4464035824237333,"1","68"
"=HYPERLINK(""https://stackoverflow.com/q/50280733"", ""50280733"")",0.4505959246443672,"0","347"
"=HYPERLINK(""https://stackoverflow.com/q/50288155"", ""50288155"")",0.5801898896587117,"1","272"
"=HYPERLINK(""https://stackoverflow.com/q/50332139"", ""50332139"")",0.5429769392033543,"1","119"
"=HYPERLINK(""https://stackoverflow.com/q/50365445"", ""50365445"")",0.3270609318996416,"0","314"
"=HYPERLINK(""https://stackoverflow.com/q/50461294"", ""50461294"")",0.4315245478036172,"0","340"
"=HYPERLINK(""https://stackoverflow.com/q/50512598"", ""50512598"")",0.4622222222222224,"0","1883"
"=HYPERLINK(""https://stackoverflow.com/q/50516234"", ""50516234"")",0.380917874396135,"0","679"
"=HYPERLINK(""https://stackoverflow.com/q/50588112"", ""50588112"")",0.6302044838630201,"0","31"
"=HYPERLINK(""https://stackoverflow.com/q/50741626"", ""50741626"")",0.3166847629388346,"1","61"
"=HYPERLINK(""https://stackoverflow.com/q/50793710"", ""50793710"")",0.5536175710594314,"0","141"
"=HYPERLINK(""https://stackoverflow.com/q/50896386"", ""50896386"")",0.8549655850540808,"0","409"
"=HYPERLINK(""https://stackoverflow.com/q/50981401"", ""50981401"")",0.6458863443596269,"1","1515"
"=HYPERLINK(""https://stackoverflow.com/q/51105842"", ""51105842"")",0.2749267991986439,"0","86"
"=HYPERLINK(""https://stackoverflow.com/q/51542027"", ""51542027"")",0.3724685276409412,"0","163"
"=HYPERLINK(""https://stackoverflow.com/q/51735724"", ""51735724"")",0.2834467120181407,"0","65"
"=HYPERLINK(""https://stackoverflow.com/q/51989181"", ""51989181"")",0.462680237489398,"2","587"
"=HYPERLINK(""https://stackoverflow.com/q/51999779"", ""51999779"")",0.3014077425842131,"0","444"
"=HYPERLINK(""https://stackoverflow.com/q/52021317"", ""52021317"")",0.3385657125269313,"0","98"
"=HYPERLINK(""https://stackoverflow.com/q/52023042"", ""52023042"")",0.4738705738705738,"0","1796"
"=HYPERLINK(""https://stackoverflow.com/q/52033893"", ""52033893"")",0.3284169124877091,"0","448"
"=HYPERLINK(""https://stackoverflow.com/q/52099740"", ""52099740"")",0.3312088379009987,"0","183"
"=HYPERLINK(""https://stackoverflow.com/q/52192697"", ""52192697"")",0.3240186294078509,"0","708"
"=HYPERLINK(""https://stackoverflow.com/q/52224061"", ""52224061"")",0.4354418384269131,"2","126"
"=HYPERLINK(""https://stackoverflow.com/q/52276317"", ""52276317"")",0.4307328605200947,"1","235"
"=HYPERLINK(""https://stackoverflow.com/q/52296498"", ""52296498"")",0.2970725216234197,"1","211"
"=HYPERLINK(""https://stackoverflow.com/q/52334574"", ""52334574"")",0.5241612803939674,"0","251"
"=HYPERLINK(""https://stackoverflow.com/q/52369002"", ""52369002"")",0.5864756158873804,"0","221"
"=HYPERLINK(""https://stackoverflow.com/q/52389335"", ""52389335"")",0.8584089926502377,"1","332"
"=HYPERLINK(""https://stackoverflow.com/q/52393044"", ""52393044"")",0.5959064327485383,"1","61"
"=HYPERLINK(""https://stackoverflow.com/q/52822994"", ""52822994"")",0.7222222222222219,"0","35"
"=HYPERLINK(""https://stackoverflow.com/q/53506081"", ""53506081"")",0.8692810457516337,"1","136"
"=HYPERLINK(""https://stackoverflow.com/q/53540908"", ""53540908"")",0.6715893108298169,"1","172"
"=HYPERLINK(""https://stackoverflow.com/q/53622244"", ""53622244"")",0.4070961718020541,"2","22"
"=HYPERLINK(""https://stackoverflow.com/q/53820423"", ""53820423"")",0.4177839420557869,"0","46"
"=HYPERLINK(""https://stackoverflow.com/q/53846779"", ""53846779"")",0.4734785036292571,"0","74"
"=HYPERLINK(""https://stackoverflow.com/q/53863078"", ""53863078"")",0.7588075880758803,"0","29"
"=HYPERLINK(""https://stackoverflow.com/q/53867212"", ""53867212"")",0.715079365079365,"1","128"
"=HYPERLINK(""https://stackoverflow.com/q/54148480"", ""54148480"")",0.5248052480524807,"0","52"
"=HYPERLINK(""https://stackoverflow.com/q/54152033"", ""54152033"")",0.4431524547803616,"0","277"
"=HYPERLINK(""https://stackoverflow.com/q/55120379"", ""55120379"")",0.2129838265484952,"1","825"
"=HYPERLINK(""https://stackoverflow.com/q/55130458"", ""55130458"")",0.6397479954180985,"0","1314"
"=HYPERLINK(""https://stackoverflow.com/q/55332431"", ""55332431"")",0.5010016951764527,"0","717"
"=HYPERLINK(""https://stackoverflow.com/q/55499681"", ""55499681"")",0.4069512862616309,"1","175"
"=HYPERLINK(""https://stackoverflow.com/q/55574590"", ""55574590"")",0.8039529914529915,"1","299"
"=HYPERLINK(""https://stackoverflow.com/q/55696364"", ""55696364"")",0.8127605582744246,"0","245"
"=HYPERLINK(""https://stackoverflow.com/q/55726344"", ""55726344"")",0.5166828636216393,"0","108"
"=HYPERLINK(""https://stackoverflow.com/q/56250379"", ""56250379"")",0.448823207443897,"1","778"
"=HYPERLINK(""https://stackoverflow.com/q/56288819"", ""56288819"")",0.2599162355259916,"0","751"
"=HYPERLINK(""https://stackoverflow.com/q/56293751"", ""56293751"")",0.7453509017848804,"0","1088"
"=HYPERLINK(""https://stackoverflow.com/q/56329097"", ""56329097"")",0.4763205828779601,"0","61"
"=HYPERLINK(""https://stackoverflow.com/q/56481283"", ""56481283"")",0.565079365079365,"0","114"
"=HYPERLINK(""https://stackoverflow.com/q/56485506"", ""56485506"")",0.4634673584089925,"0","136"
"=HYPERLINK(""https://stackoverflow.com/q/56513338"", ""56513338"")",0.4052119129438716,"0","188"
"=HYPERLINK(""https://stackoverflow.com/q/56539668"", ""56539668"")",0.3864013266998342,"0","114"
"=HYPERLINK(""https://stackoverflow.com/q/56559344"", ""56559344"")",0.7147595356550583,"1","128"
"=HYPERLINK(""https://stackoverflow.com/q/56580338"", ""56580338"")",0.3283542976939203,"0","4654"
"=HYPERLINK(""https://stackoverflow.com/q/56781753"", ""56781753"")",0.5086543830262422,"1","2865"
"=HYPERLINK(""https://stackoverflow.com/q/56884558"", ""56884558"")",0.2918631362592189,"0","69"
"=HYPERLINK(""https://stackoverflow.com/q/56905575"", ""56905575"")",0.5796690307328605,"1","118"
"=HYPERLINK(""https://stackoverflow.com/q/56936722"", ""56936722"")",0.2980239714933594,"0","65"
"=HYPERLINK(""https://stackoverflow.com/q/57169382"", ""57169382"")",0.7222222222222221,"1","144"
"=HYPERLINK(""https://stackoverflow.com/q/57170006"", ""57170006"")",0.6155740227762387,"0","301"
"=HYPERLINK(""https://stackoverflow.com/q/57196072"", ""57196072"")",0.5862775217613926,"0","87"
"=HYPERLINK(""https://stackoverflow.com/q/57243447"", ""57243447"")",0.7597716293368463,"0","27"
"=HYPERLINK(""https://stackoverflow.com/q/57270141"", ""57270141"")",0.5089869281045751,"0","249"
"=HYPERLINK(""https://stackoverflow.com/q/57389869"", ""57389869"")",0.9313634964604496,"0","457"
"=HYPERLINK(""https://stackoverflow.com/q/57392921"", ""57392921"")",0.4269202087994035,"0","58"
"=HYPERLINK(""https://stackoverflow.com/q/57403844"", ""57403844"")",0.4587491683300064,"0","24"
"=HYPERLINK(""https://stackoverflow.com/q/57487905"", ""57487905"")",0.4288090485695275,"1","1236"
"=HYPERLINK(""https://stackoverflow.com/q/57726099"", ""57726099"")",0.3501291989664081,"0","87"
"=HYPERLINK(""https://stackoverflow.com/q/57774267"", ""57774267"")",0.7308727412533638,"0","390"
"=HYPERLINK(""https://stackoverflow.com/q/57783787"", ""57783787"")",0.7682344921608721,"0","125"
"=HYPERLINK(""https://stackoverflow.com/q/57914266"", ""57914266"")",0.916878710771841,"1","43"
"=HYPERLINK(""https://stackoverflow.com/q/58096442"", ""58096442"")",0.4906432748538012,"0","129"
"=HYPERLINK(""https://stackoverflow.com/q/58161171"", ""58161171"")",0.6418754014129738,"1","1174"
"=HYPERLINK(""https://stackoverflow.com/q/58292569"", ""58292569"")",0.2542921930677033,"0","1869"
"=HYPERLINK(""https://stackoverflow.com/q/59105932"", ""59105932"")",0.3472222222222223,"0","126"
"=HYPERLINK(""https://stackoverflow.com/q/59165271"", ""59165271"")",0.6732531500572737,"0","88"
"=HYPERLINK(""https://stackoverflow.com/q/59181736"", ""59181736"")",0.6959064327485383,"0","28"
"=HYPERLINK(""https://stackoverflow.com/q/59249304"", ""59249304"")",0.2961593756418156,"0","166"
"=HYPERLINK(""https://stackoverflow.com/q/59263591"", ""59263591"")",0.7743694614860255,"0","43"
"=HYPERLINK(""https://stackoverflow.com/q/59363044"", ""59363044"")",0.6323604710701481,"0","172"
"=HYPERLINK(""https://stackoverflow.com/q/59451329"", ""59451329"")",0.6040404040404039,"0","63"
"=HYPERLINK(""https://stackoverflow.com/q/59468775"", ""59468775"")",0.3268733850129198,"0","67"
"=HYPERLINK(""https://stackoverflow.com/q/59497604"", ""59497604"")",0.550941945405613,"0","31"
"=HYPERLINK(""https://stackoverflow.com/q/59511920"", ""59511920"")",0.3675509419454056,"0","85"
"=HYPERLINK(""https://stackoverflow.com/q/59773609"", ""59773609"")",0.461853558627752,"0","43"
"=HYPERLINK(""https://stackoverflow.com/q/59790652"", ""59790652"")",0.6633986928104575,"0","260"
"=HYPERLINK(""https://stackoverflow.com/q/59827999"", ""59827999"")",0.5847222222222227,"0","38"
"=HYPERLINK(""https://stackoverflow.com/q/59987318"", ""59987318"")",0.6569270522758898,"0","33"
"=HYPERLINK(""https://stackoverflow.com/q/60033285"", ""60033285"")",0.3000910746812386,"1","818"
"=HYPERLINK(""https://stackoverflow.com/q/60113353"", ""60113353"")",0.6745299145299148,"0","13"
"=HYPERLINK(""https://stackoverflow.com/q/60187922"", ""60187922"")",0.6342825237297597,"0","25"
"=HYPERLINK(""https://stackoverflow.com/q/60261611"", ""60261611"")",0.7720473970473967,"0","25"
"=HYPERLINK(""https://stackoverflow.com/q/60318597"", ""60318597"")",0.4434203789042497,"1","154"
"=HYPERLINK(""https://stackoverflow.com/q/60334662"", ""60334662"")",0.6776439089692099,"2","152"
"=HYPERLINK(""https://stackoverflow.com/q/60411724"", ""60411724"")",0.5931899641577063,"1","23"
"=HYPERLINK(""https://stackoverflow.com/q/60495312"", ""60495312"")",0.4372392870686383,"0","709"
"=HYPERLINK(""https://stackoverflow.com/q/60626108"", ""60626108"")",0.4429118773946361,"0","30"
"=HYPERLINK(""https://stackoverflow.com/q/60703573"", ""60703573"")",0.2932794145965724,"2","438"
"=HYPERLINK(""https://stackoverflow.com/q/60857842"", ""60857842"")",0.7222222222222221,"0","110"
"=HYPERLINK(""https://stackoverflow.com/q/60859253"", ""60859253"")",0.5932243544183845,"0","59"
"=HYPERLINK(""https://stackoverflow.com/q/60965545"", ""60965545"")",0.6381514257620454,"0","135"
"=HYPERLINK(""https://stackoverflow.com/q/61057255"", ""61057255"")",0.2836976320582878,"0","382"
"=HYPERLINK(""https://stackoverflow.com/q/61203410"", ""61203410"")",0.4664082687338501,"1","38"
"=HYPERLINK(""https://stackoverflow.com/q/61635091"", ""61635091"")",0.3509647371922821,"0","527"
"=HYPERLINK(""https://stackoverflow.com/q/61751233"", ""61751233"")",0.730418943533698,"0","65"
"=HYPERLINK(""https://stackoverflow.com/q/61779346"", ""61779346"")",0.4571846282372597,"0","323"
"=HYPERLINK(""https://stackoverflow.com/q/61782652"", ""61782652"")",0.3396773608845387,"1","41"
"=HYPERLINK(""https://stackoverflow.com/q/61801900"", ""61801900"")",0.4376068376068379,"0","32"
"=HYPERLINK(""https://stackoverflow.com/q/61846668"", ""61846668"")",0.3841540404040403,"0","194"
"=HYPERLINK(""https://stackoverflow.com/q/61916414"", ""61916414"")",0.9170274170274166,"0","299"
"=HYPERLINK(""https://stackoverflow.com/q/61963292"", ""61963292"")",0.2717849044379659,"0","199"
"=HYPERLINK(""https://stackoverflow.com/q/61964967"", ""61964967"")",0.6631089217296111,"1","57"
"=HYPERLINK(""https://stackoverflow.com/q/61992784"", ""61992784"")",0.5292584695569771,"1","913"
"=HYPERLINK(""https://stackoverflow.com/q/62021690"", ""62021690"")",0.4783798576902023,"0","33"
"=HYPERLINK(""https://stackoverflow.com/q/62118444"", ""62118444"")",0.2387968078575813,"1","70"
"=HYPERLINK(""https://stackoverflow.com/q/62119663"", ""62119663"")",0.8001443001442999,"0","52"
"=HYPERLINK(""https://stackoverflow.com/q/62120434"", ""62120434"")",0.2818248712288448,"0","167"
"=HYPERLINK(""https://stackoverflow.com/q/62146774"", ""62146774"")",0.2591225912259123,"0","27"
"=HYPERLINK(""https://stackoverflow.com/q/62230406"", ""62230406"")",0.3873165618448637,"0","27"
"=HYPERLINK(""https://stackoverflow.com/q/62334261"", ""62334261"")",0.7695195195195195,"0","22"
"=HYPERLINK(""https://stackoverflow.com/q/62401502"", ""62401502"")",0.5751633986928104,"1","55"
"=HYPERLINK(""https://stackoverflow.com/q/62475909"", ""62475909"")",0.4643663996713905,"0","43"
"=HYPERLINK(""https://stackoverflow.com/q/62517114"", ""62517114"")",0.3301767676767677,"0","26"
"=HYPERLINK(""https://stackoverflow.com/q/62636170"", ""62636170"")",0.6019690576652599,"1","45"
"=HYPERLINK(""https://stackoverflow.com/q/62641919"", ""62641919"")",0.3439613526570046,"0","425"
"=HYPERLINK(""https://stackoverflow.com/q/62757322"", ""62757322"")",0.406837606837607,"0","22"
"=HYPERLINK(""https://stackoverflow.com/q/62972817"", ""62972817"")",0.5029847872135571,"0","98"
"=HYPERLINK(""https://stackoverflow.com/q/63097358"", ""63097358"")",0.4385810612723542,"0","81"
"=HYPERLINK(""https://stackoverflow.com/q/63130852"", ""63130852"")",0.5816692268305169,"0","36"
"=HYPERLINK(""https://stackoverflow.com/q/63248406"", ""63248406"")",0.3852657004830913,"0","18"
"=HYPERLINK(""https://stackoverflow.com/q/63280540"", ""63280540"")",0.5423803249890204,"0","20"
"=HYPERLINK(""https://stackoverflow.com/q/63316543"", ""63316543"")",0.5629424438288705,"0","34"
"=HYPERLINK(""https://stackoverflow.com/q/63340424"", ""63340424"")",0.3252756573367263,"0","32"
"=HYPERLINK(""https://stackoverflow.com/q/63358032"", ""63358032"")",0.5866057838660578,"0","48"
"=HYPERLINK(""https://stackoverflow.com/q/63471269"", ""63471269"")",0.4949494949494947,"0","18"
"=HYPERLINK(""https://stackoverflow.com/q/63564758"", ""63564758"")",0.3087606837606839,"2","66"
"=HYPERLINK(""https://stackoverflow.com/q/63591214"", ""63591214"")",0.42304189435337,"0","50"
"=HYPERLINK(""https://stackoverflow.com/q/63668169"", ""63668169"")",0.4203204789575629,"0","29"
"=HYPERLINK(""https://stackoverflow.com/q/63921526"", ""63921526"")",0.3790376625117275,"0","56"
"=HYPERLINK(""https://stackoverflow.com/q/64146461"", ""64146461"")",0.2933459775565039,"1","228"
"=HYPERLINK(""https://stackoverflow.com/q/64178602"", ""64178602"")",0.2449494949494949,"0","249"
"=HYPERLINK(""https://stackoverflow.com/q/64382981"", ""64382981"")",0.4045426642111726,"0","62"
"=HYPERLINK(""https://stackoverflow.com/q/64535168"", ""64535168"")",0.4154040404040402,"0","30"
"=HYPERLINK(""https://stackoverflow.com/q/64752552"", ""64752552"")",0.4367192636423407,"0","42"
"=HYPERLINK(""https://stackoverflow.com/q/64772918"", ""64772918"")",0.4697469746974697,"0","179"
"=HYPERLINK(""https://stackoverflow.com/q/64989108"", ""64989108"")",0.385950181919955,"0","20"
"=HYPERLINK(""https://stackoverflow.com/q/65034763"", ""65034763"")",0.6442405708460756,"1","38"
"=HYPERLINK(""https://stackoverflow.com/q/65035756"", ""65035756"")",0.3496460449369037,"0","50"
"=HYPERLINK(""https://stackoverflow.com/q/65075159"", ""65075159"")",0.7030732860520094,"0","40"
"=HYPERLINK(""https://stackoverflow.com/q/65142062"", ""65142062"")",0.8827388273882739,"0","46"
"=HYPERLINK(""https://stackoverflow.com/q/65164918"", ""65164918"")",0.3463832960477258,"1","74"
"=HYPERLINK(""https://stackoverflow.com/q/65205203"", ""65205203"")",0.4801472942683319,"1","57"
"=HYPERLINK(""https://stackoverflow.com/q/65255677"", ""65255677"")",0.6953530633437176,"2","21"
"=HYPERLINK(""https://stackoverflow.com/q/65256095"", ""65256095"")",0.6639515455304927,"0","43"
"=HYPERLINK(""https://stackoverflow.com/q/65292546"", ""65292546"")",0.393363161819538,"0","24"
"=HYPERLINK(""https://stackoverflow.com/q/65313330"", ""65313330"")",0.4464035824237333,"0","53"
"=HYPERLINK(""https://stackoverflow.com/q/65383253"", ""65383253"")",0.4741645085707239,"0","56"
"=HYPERLINK(""https://stackoverflow.com/q/65508687"", ""65508687"")",0.3752565230137791,"0","34"
"=HYPERLINK(""https://stackoverflow.com/q/65609582"", ""65609582"")",0.6892033542976941,"0","38"
"=HYPERLINK(""https://stackoverflow.com/q/65823952"", ""65823952"")",0.9235645041014172,"0","28"
"=HYPERLINK(""https://stackoverflow.com/q/65842580"", ""65842580"")",0.4855016679497047,"0","19"
"=HYPERLINK(""https://stackoverflow.com/q/65915199"", ""65915199"")",0.5360683760683762,"2","58"
"=HYPERLINK(""https://stackoverflow.com/q/65949734"", ""65949734"")",0.4250748371192112,"0","93"
"=HYPERLINK(""https://stackoverflow.com/q/66016043"", ""66016043"")",0.4960811433840479,"0","27"
"=HYPERLINK(""https://stackoverflow.com/q/66040887"", ""66040887"")",0.2586173695359138,"0","36"
"=HYPERLINK(""https://stackoverflow.com/q/66136005"", ""66136005"")",0.3150365934797072,"1","44"
"=HYPERLINK(""https://stackoverflow.com/q/66141644"", ""66141644"")",0.5335994677312038,"0","37"
"=HYPERLINK(""https://stackoverflow.com/q/66155061"", ""66155061"")",0.7180002680605815,"0","34"
"=HYPERLINK(""https://stackoverflow.com/q/66260046"", ""66260046"")",0.4399343993439935,"0","28"
"=HYPERLINK(""https://stackoverflow.com/q/66260775"", ""66260775"")",0.4796479647964795,"0","54"
"=HYPERLINK(""https://stackoverflow.com/q/66372217"", ""66372217"")",0.4282523729759906,"0","60"
"=HYPERLINK(""https://stackoverflow.com/q/66378712"", ""66378712"")",0.3522413426811134,"0","21"
"=HYPERLINK(""https://stackoverflow.com/q/66439559"", ""66439559"")",0.2978978978978978,"0","18"
"=HYPERLINK(""https://stackoverflow.com/q/66475347"", ""66475347"")",0.3804500703234879,"0","99"
"=HYPERLINK(""https://stackoverflow.com/q/66549045"", ""66549045"")",0.8367260390161158,"0","16"
"=HYPERLINK(""https://stackoverflow.com/q/66595150"", ""66595150"")",0.3414214942877364,"3","58"
"=HYPERLINK(""https://stackoverflow.com/q/66643850"", ""66643850"")",0.4203789042498715,"0","22"
"=HYPERLINK(""https://stackoverflow.com/q/66645912"", ""66645912"")",0.3873165618448637,"0","37"
"=HYPERLINK(""https://stackoverflow.com/q/66761008"", ""66761008"")",0.5624589086127549,"0","18"
"=HYPERLINK(""https://stackoverflow.com/q/66771176"", ""66771176"")",0.5639210639210641,"1","26"
"=HYPERLINK(""https://stackoverflow.com/q/66835364"", ""66835364"")",0.7949704901206055,"0","37"
"=HYPERLINK(""https://stackoverflow.com/q/66856546"", ""66856546"")",0.4289529914529915,"0","18"
"=HYPERLINK(""https://stackoverflow.com/q/66920912"", ""66920912"")",0.2018371712595947,"0","53"
"=HYPERLINK(""https://stackoverflow.com/q/66921575"", ""66921575"")",0.6465764657646577,"0","17"
"=HYPERLINK(""https://stackoverflow.com/q/66964216"", ""66964216"")",0.7728058798097708,"0","31"
"=HYPERLINK(""https://stackoverflow.com/q/66990346"", ""66990346"")",0.4241926655719756,"0","8"
"=HYPERLINK(""https://stackoverflow.com/q/67012283"", ""67012283"")",0.4527019964461169,"0","22"
"=HYPERLINK(""https://stackoverflow.com/q/67020429"", ""67020429"")",0.4179078924841637,"0","32"
"=HYPERLINK(""https://stackoverflow.com/q/67063454"", ""67063454"")",0.5208647561588737,"0","17"
"=HYPERLINK(""https://stackoverflow.com/q/67157406"", ""67157406"")",0.3988689288090483,"0","26"
"=HYPERLINK(""https://stackoverflow.com/q/67187328"", ""67187328"")",0.5068072024593763,"0","17"
"=HYPERLINK(""https://stackoverflow.com/q/67271013"", ""67271013"")",0.3824687553501114,"0","7"
"=HYPERLINK(""https://stackoverflow.com/q/67316727"", ""67316727"")",0.3388402980239717,"0","9"
"=HYPERLINK(""https://stackoverflow.com/q/67398770"", ""67398770"")",0.5403298894326628,"0","39"
"=HYPERLINK(""https://stackoverflow.com/q/67404123"", ""67404123"")",0.4266421117249847,"0","27"
"=HYPERLINK(""https://stackoverflow.com/q/67424665"", ""67424665"")",0.7531390665719025,"0","17"
"=HYPERLINK(""https://stackoverflow.com/q/67503254"", ""67503254"")",0.3755664310313575,"0","20"
"=HYPERLINK(""https://stackoverflow.com/q/67568504"", ""67568504"")",0.4972523790376625,"1","27"
"=HYPERLINK(""https://stackoverflow.com/q/67602339"", ""67602339"")",0.5809178743961348,"1","20"
"=HYPERLINK(""https://stackoverflow.com/q/67722794"", ""67722794"")",0.8982150020056153,"0","14"
