link,Correlation
"=HYPERLINK(""https://stackoverflow.com/a/1682620"", ""1682620"")",0.34934086629001865
"=HYPERLINK(""https://stackoverflow.com/a/2416116"", ""2416116"")",0.3357956294244383
"=HYPERLINK(""https://stackoverflow.com/a/3614101"", ""3614101"")",0.47328605200945645
"=HYPERLINK(""https://stackoverflow.com/a/3772617"", ""3772617"")",0.6767676767676764
"=HYPERLINK(""https://stackoverflow.com/a/3840542"", ""3840542"")",0.45374931581828076
"=HYPERLINK(""https://stackoverflow.com/a/5124678"", ""5124678"")",0.4609440267335001
"=HYPERLINK(""https://stackoverflow.com/a/5558590"", ""5558590"")",0.32762762762762737
"=HYPERLINK(""https://stackoverflow.com/a/5582966"", ""5582966"")",0.4200244200244199
"=HYPERLINK(""https://stackoverflow.com/a/6478454"", ""6478454"")",0.32579805452801736
"=HYPERLINK(""https://stackoverflow.com/a/6896811"", ""6896811"")",0.43498817966903086
"=HYPERLINK(""https://stackoverflow.com/a/7141925"", ""7141925"")",0.3492940454266422
"=HYPERLINK(""https://stackoverflow.com/a/7199117"", ""7199117"")",0.31299491539551516
"=HYPERLINK(""https://stackoverflow.com/a/7320669"", ""7320669"")",0.5030103995621232
"=HYPERLINK(""https://stackoverflow.com/a/7710793"", ""7710793"")",0.34459315912470817
"=HYPERLINK(""https://stackoverflow.com/a/7803233"", ""7803233"")",0.6228564716936805
"=HYPERLINK(""https://stackoverflow.com/a/7852172"", ""7852172"")",0.7259816207184623
"=HYPERLINK(""https://stackoverflow.com/a/7885887"", ""7885887"")",0.6609014675052411
"=HYPERLINK(""https://stackoverflow.com/a/7905549"", ""7905549"")",0.43366069709223987
"=HYPERLINK(""https://stackoverflow.com/a/7932499"", ""7932499"")",0.4627285513361467
"=HYPERLINK(""https://stackoverflow.com/a/8327378"", ""8327378"")",0.6968766001024057
"=HYPERLINK(""https://stackoverflow.com/a/8430672"", ""8430672"")",0.5724526369687652
"=HYPERLINK(""https://stackoverflow.com/a/8715437"", ""8715437"")",0.5653956539565397
"=HYPERLINK(""https://stackoverflow.com/a/8857888"", ""8857888"")",0.5149051490514901
"=HYPERLINK(""https://stackoverflow.com/a/9072744"", ""9072744"")",0.6571902392797921
"=HYPERLINK(""https://stackoverflow.com/a/9195591"", ""9195591"")",0.38786639400136286
"=HYPERLINK(""https://stackoverflow.com/a/9286175"", ""9286175"")",0.32492492492492464
"=HYPERLINK(""https://stackoverflow.com/a/9450799"", ""9450799"")",0.6398046398046398
"=HYPERLINK(""https://stackoverflow.com/a/9524463"", ""9524463"")",0.3329233292332925
"=HYPERLINK(""https://stackoverflow.com/a/9585822"", ""9585822"")",0.5959335624284077
"=HYPERLINK(""https://stackoverflow.com/a/9600535"", ""9600535"")",0.739463601532567
"=HYPERLINK(""https://stackoverflow.com/a/9625241"", ""9625241"")",0.6231438812083966
"=HYPERLINK(""https://stackoverflow.com/a/9770497"", ""9770497"")",0.6142676767676762
"=HYPERLINK(""https://stackoverflow.com/a/10001715"", ""10001715"")",0.5171530977982584
"=HYPERLINK(""https://stackoverflow.com/a/10143642"", ""10143642"")",0.3231396534148829
"=HYPERLINK(""https://stackoverflow.com/a/10262354"", ""10262354"")",0.39430635224134286
"=HYPERLINK(""https://stackoverflow.com/a/10262433"", ""10262433"")",0.44382887042166824
"=HYPERLINK(""https://stackoverflow.com/a/10293820"", ""10293820"")",0.49860413176996055
"=HYPERLINK(""https://stackoverflow.com/a/10490030"", ""10490030"")",0.4367366299063207
"=HYPERLINK(""https://stackoverflow.com/a/10702733"", ""10702733"")",0.4539295392953926
"=HYPERLINK(""https://stackoverflow.com/a/10713251"", ""10713251"")",0.5422222222222229
"=HYPERLINK(""https://stackoverflow.com/a/10917504"", ""10917504"")",0.36507936507936567
"=HYPERLINK(""https://stackoverflow.com/a/11014410"", ""11014410"")",0.1865079365079364
"=HYPERLINK(""https://stackoverflow.com/a/11039056"", ""11039056"")",0.45405613225682395
"=HYPERLINK(""https://stackoverflow.com/a/11090747"", ""11090747"")",0.36946148602590323
"=HYPERLINK(""https://stackoverflow.com/a/11129255"", ""11129255"")",0.4277016742770168
"=HYPERLINK(""https://stackoverflow.com/a/11288410"", ""11288410"")",0.8726647000983291
"=HYPERLINK(""https://stackoverflow.com/a/11348069"", ""11348069"")",0.7900793650793652
"=HYPERLINK(""https://stackoverflow.com/a/11439184"", ""11439184"")",0.4619129438717066
"=HYPERLINK(""https://stackoverflow.com/a/11582368"", ""11582368"")",0.2819237147595358
"=HYPERLINK(""https://stackoverflow.com/a/11587268"", ""11587268"")",0.6398046398046398
"=HYPERLINK(""https://stackoverflow.com/a/11627298"", ""11627298"")",0.3898358585858584
"=HYPERLINK(""https://stackoverflow.com/a/11649461"", ""11649461"")",0.35586277521761356
"=HYPERLINK(""https://stackoverflow.com/a/11833019"", ""11833019"")",0.6618195376584641
"=HYPERLINK(""https://stackoverflow.com/a/11835710"", ""11835710"")",0.6339869281045752
"=HYPERLINK(""https://stackoverflow.com/a/11868206"", ""11868206"")",0.35137351373513753
"=HYPERLINK(""https://stackoverflow.com/a/11954453"", ""11954453"")",0.8011695906432759
"=HYPERLINK(""https://stackoverflow.com/a/11967985"", ""11967985"")",0.604146420472952
"=HYPERLINK(""https://stackoverflow.com/a/12200597"", ""12200597"")",0.7343802769334686
"=HYPERLINK(""https://stackoverflow.com/a/12603971"", ""12603971"")",0.5947277654594721
"=HYPERLINK(""https://stackoverflow.com/a/12625304"", ""12625304"")",0.27752176139272877
"=HYPERLINK(""https://stackoverflow.com/a/12943337"", ""12943337"")",0.3830262423227245
"=HYPERLINK(""https://stackoverflow.com/a/13065322"", ""13065322"")",0.6987322893363166
"=HYPERLINK(""https://stackoverflow.com/a/13107122"", ""13107122"")",0.4929914529914536
"=HYPERLINK(""https://stackoverflow.com/a/13137400"", ""13137400"")",0.3546546546546544
"=HYPERLINK(""https://stackoverflow.com/a/13225104"", ""13225104"")",0.5213854021385398
"=HYPERLINK(""https://stackoverflow.com/a/13569369"", ""13569369"")",0.3156478277585542
"=HYPERLINK(""https://stackoverflow.com/a/13579065"", ""13579065"")",0.27199597787833074
"=HYPERLINK(""https://stackoverflow.com/a/13687453"", ""13687453"")",0.603437691835482
"=HYPERLINK(""https://stackoverflow.com/a/13963242"", ""13963242"")",0.5322222222222217
"=HYPERLINK(""https://stackoverflow.com/a/14023140"", ""14023140"")",0.336460632818249
"=HYPERLINK(""https://stackoverflow.com/a/14218766"", ""14218766"")",0.11695906432748523
"=HYPERLINK(""https://stackoverflow.com/a/14232947"", ""14232947"")",0.5522222222222218
"=HYPERLINK(""https://stackoverflow.com/a/14407894"", ""14407894"")",0.45299145299145294
"=HYPERLINK(""https://stackoverflow.com/a/14461473"", ""14461473"")",0.6753472222222229
"=HYPERLINK(""https://stackoverflow.com/a/14488291"", ""14488291"")",0.4040404040404041
"=HYPERLINK(""https://stackoverflow.com/a/14516307"", ""14516307"")",0.8959673959673959
"=HYPERLINK(""https://stackoverflow.com/a/14725084"", ""14725084"")",0.34664618535586234
"=HYPERLINK(""https://stackoverflow.com/a/14973975"", ""14973975"")",0.3075880758807586
"=HYPERLINK(""https://stackoverflow.com/a/15123946"", ""15123946"")",0.412222222222222
"=HYPERLINK(""https://stackoverflow.com/a/15236825"", ""15236825"")",0.11695906432748526
"=HYPERLINK(""https://stackoverflow.com/a/15239965"", ""15239965"")",0.4327485380116964
"=HYPERLINK(""https://stackoverflow.com/a/15297378"", ""15297378"")",0.26647000983284186
"=HYPERLINK(""https://stackoverflow.com/a/15349575"", ""15349575"")",0.7280361757105936
"=HYPERLINK(""https://stackoverflow.com/a/15395266"", ""15395266"")",0.36507936507936495
"=HYPERLINK(""https://stackoverflow.com/a/15398165"", ""15398165"")",0.33211233211233204
"=HYPERLINK(""https://stackoverflow.com/a/15666977"", ""15666977"")",0.5826617826617826
"=HYPERLINK(""https://stackoverflow.com/a/15882948"", ""15882948"")",0.522222222222223
"=HYPERLINK(""https://stackoverflow.com/a/16027965"", ""16027965"")",0.5409035409035409
"=HYPERLINK(""https://stackoverflow.com/a/16334698"", ""16334698"")",0.43650793650793623
"=HYPERLINK(""https://stackoverflow.com/a/16525597"", ""16525597"")",0.45914529914529967
"=HYPERLINK(""https://stackoverflow.com/a/16651655"", ""16651655"")",0.9289529914529918
"=HYPERLINK(""https://stackoverflow.com/a/16673708"", ""16673708"")",0.26965305226174763
"=HYPERLINK(""https://stackoverflow.com/a/16962745"", ""16962745"")",0.49289891395154517
"=HYPERLINK(""https://stackoverflow.com/a/16965585"", ""16965585"")",0.32611832611832586
"=HYPERLINK(""https://stackoverflow.com/a/17601229"", ""17601229"")",0.7338501291989656
"=HYPERLINK(""https://stackoverflow.com/a/18747668"", ""18747668"")",0.32272473478503594
"=HYPERLINK(""https://stackoverflow.com/a/19047305"", ""19047305"")",0.3904914529914531
"=HYPERLINK(""https://stackoverflow.com/a/19255906"", ""19255906"")",0.327991452991453
"=HYPERLINK(""https://stackoverflow.com/a/19370920"", ""19370920"")",0.44114114114114067
"=HYPERLINK(""https://stackoverflow.com/a/19541377"", ""19541377"")",0.16959064327485385
"=HYPERLINK(""https://stackoverflow.com/a/19715832"", ""19715832"")",0.5591092158256342
"=HYPERLINK(""https://stackoverflow.com/a/19722898"", ""19722898"")",0.508969210174029
"=HYPERLINK(""https://stackoverflow.com/a/19918480"", ""19918480"")",0.4277016742770166
"=HYPERLINK(""https://stackoverflow.com/a/20421637"", ""20421637"")",0.3792188092529387
"=HYPERLINK(""https://stackoverflow.com/a/20739237"", ""20739237"")",0.2914346327234153
"=HYPERLINK(""https://stackoverflow.com/a/20967237"", ""20967237"")",0.41452991452991467
"=HYPERLINK(""https://stackoverflow.com/a/21010121"", ""21010121"")",0.46169007144616847
"=HYPERLINK(""https://stackoverflow.com/a/21119101"", ""21119101"")",0.31222222222222196
"=HYPERLINK(""https://stackoverflow.com/a/21468465"", ""21468465"")",0.5959493097985966
"=HYPERLINK(""https://stackoverflow.com/a/21747162"", ""21747162"")",0.6222222222222222
"=HYPERLINK(""https://stackoverflow.com/a/22000445"", ""22000445"")",0.6292573981016186
"=HYPERLINK(""https://stackoverflow.com/a/22994032"", ""22994032"")",0.41687871077184097
"=HYPERLINK(""https://stackoverflow.com/a/23424007"", ""23424007"")",0.4896640826873379
"=HYPERLINK(""https://stackoverflow.com/a/23502483"", ""23502483"")",0.2222222222222224
"=HYPERLINK(""https://stackoverflow.com/a/23870804"", ""23870804"")",0.41625207296849137
"=HYPERLINK(""https://stackoverflow.com/a/23884141"", ""23884141"")",0.27739463601532566
"=HYPERLINK(""https://stackoverflow.com/a/24054526"", ""24054526"")",0.715372907153729
"=HYPERLINK(""https://stackoverflow.com/a/24176517"", ""24176517"")",0.4795751633986929
"=HYPERLINK(""https://stackoverflow.com/a/24463389"", ""24463389"")",0.33622222222222203
"=HYPERLINK(""https://stackoverflow.com/a/24750671"", ""24750671"")",0.4791029561671766
"=HYPERLINK(""https://stackoverflow.com/a/25025078"", ""25025078"")",0.42895299145299165
"=HYPERLINK(""https://stackoverflow.com/a/25282623"", ""25282623"")",0.5236928104575164
"=HYPERLINK(""https://stackoverflow.com/a/25352938"", ""25352938"")",0.7947413061916889
"=HYPERLINK(""https://stackoverflow.com/a/25357893"", ""25357893"")",0.5459927140255015
"=HYPERLINK(""https://stackoverflow.com/a/25369590"", ""25369590"")",0.5409035409035409
"=HYPERLINK(""https://stackoverflow.com/a/25724292"", ""25724292"")",0.5071059431524543
"=HYPERLINK(""https://stackoverflow.com/a/25859344"", ""25859344"")",0.3565505804311775
"=HYPERLINK(""https://stackoverflow.com/a/26018966"", ""26018966"")",0.378472222222222
"=HYPERLINK(""https://stackoverflow.com/a/26577780"", ""26577780"")",0.3845598845598843
"=HYPERLINK(""https://stackoverflow.com/a/26899325"", ""26899325"")",0.532758266584515
"=HYPERLINK(""https://stackoverflow.com/a/26962014"", ""26962014"")",0.3993439934399345
"=HYPERLINK(""https://stackoverflow.com/a/27135257"", ""27135257"")",0.657336726039017
"=HYPERLINK(""https://stackoverflow.com/a/27254327"", ""27254327"")",0.39613526570048324
"=HYPERLINK(""https://stackoverflow.com/a/27398241"", ""27398241"")",0.6068376068376068
"=HYPERLINK(""https://stackoverflow.com/a/27605440"", ""27605440"")",0.5912061794414736
"=HYPERLINK(""https://stackoverflow.com/a/28716810"", ""28716810"")",0.43001443001442974
"=HYPERLINK(""https://stackoverflow.com/a/28765857"", ""28765857"")",0.2378472222222225
"=HYPERLINK(""https://stackoverflow.com/a/29084047"", ""29084047"")",0.6318607764390889
"=HYPERLINK(""https://stackoverflow.com/a/29516981"", ""29516981"")",0.41065505804311764
"=HYPERLINK(""https://stackoverflow.com/a/29826045"", ""29826045"")",0.5922222222222218
"=HYPERLINK(""https://stackoverflow.com/a/30030777"", ""30030777"")",0.32344173441734403
"=HYPERLINK(""https://stackoverflow.com/a/30973960"", ""30973960"")",0.4932502596054
"=HYPERLINK(""https://stackoverflow.com/a/31049617"", ""31049617"")",0.431013431013431
"=HYPERLINK(""https://stackoverflow.com/a/31053957"", ""31053957"")",0.36146272855133604
"=HYPERLINK(""https://stackoverflow.com/a/31299560"", ""31299560"")",0.4233884029802401
"=HYPERLINK(""https://stackoverflow.com/a/31317850"", ""31317850"")",0.41695906432748564
"=HYPERLINK(""https://stackoverflow.com/a/31946127"", ""31946127"")",0.49101921470342463
"=HYPERLINK(""https://stackoverflow.com/a/32412391"", ""32412391"")",0.5739810161920709
"=HYPERLINK(""https://stackoverflow.com/a/33365944"", ""33365944"")",0.3283315469810648
"=HYPERLINK(""https://stackoverflow.com/a/33571096"", ""33571096"")",0.23971493359248477
"=HYPERLINK(""https://stackoverflow.com/a/33905583"", ""33905583"")",0.8944213923467035
"=HYPERLINK(""https://stackoverflow.com/a/34043420"", ""34043420"")",0.5104705592510463
"=HYPERLINK(""https://stackoverflow.com/a/34129005"", ""34129005"")",0.5481715893108292
"=HYPERLINK(""https://stackoverflow.com/a/34182817"", ""34182817"")",0.44300144300144256
"=HYPERLINK(""https://stackoverflow.com/a/34778073"", ""34778073"")",0.4086629001883235
"=HYPERLINK(""https://stackoverflow.com/a/34952575"", ""34952575"")",0.6563539587491679
"=HYPERLINK(""https://stackoverflow.com/a/35130584"", ""35130584"")",0.33321475157120845
"=HYPERLINK(""https://stackoverflow.com/a/35492765"", ""35492765"")",0.3151498538011695
"=HYPERLINK(""https://stackoverflow.com/a/35577630"", ""35577630"")",0.3371158392434989
"=HYPERLINK(""https://stackoverflow.com/a/35863826"", ""35863826"")",0.28411147303655443
"=HYPERLINK(""https://stackoverflow.com/a/35894788"", ""35894788"")",0.4097222222222224
"=HYPERLINK(""https://stackoverflow.com/a/36201944"", ""36201944"")",0.46075433231396545
"=HYPERLINK(""https://stackoverflow.com/a/36385922"", ""36385922"")",0.37023332305478446
"=HYPERLINK(""https://stackoverflow.com/a/36839300"", ""36839300"")",0.40255009107468176
"=HYPERLINK(""https://stackoverflow.com/a/37268306"", ""37268306"")",0.3940972222222226
"=HYPERLINK(""https://stackoverflow.com/a/37352405"", ""37352405"")",0.5516200970746419
"=HYPERLINK(""https://stackoverflow.com/a/37360090"", ""37360090"")",0.4882772680937821
"=HYPERLINK(""https://stackoverflow.com/a/37734571"", ""37734571"")",0.6781045751633988
"=HYPERLINK(""https://stackoverflow.com/a/38921468"", ""38921468"")",0.3946360153256704
"=HYPERLINK(""https://stackoverflow.com/a/39075593"", ""39075593"")",0.46398046398046383
"=HYPERLINK(""https://stackoverflow.com/a/39094275"", ""39094275"")",0.32516339869281047
"=HYPERLINK(""https://stackoverflow.com/a/39286719"", ""39286719"")",0.21222222222222212
"=HYPERLINK(""https://stackoverflow.com/a/40016164"", ""40016164"")",0.4802867383512539
"=HYPERLINK(""https://stackoverflow.com/a/40130520"", ""40130520"")",0.43329488658208337
"=HYPERLINK(""https://stackoverflow.com/a/40379385"", ""40379385"")",0.41907261592300993
"=HYPERLINK(""https://stackoverflow.com/a/40807435"", ""40807435"")",0.47706986765158516
"=HYPERLINK(""https://stackoverflow.com/a/40860059"", ""40860059"")",0.48784722222222276
"=HYPERLINK(""https://stackoverflow.com/a/41128935"", ""41128935"")",0.6258919469928647
"=HYPERLINK(""https://stackoverflow.com/a/41160649"", ""41160649"")",0.35581000848176453
"=HYPERLINK(""https://stackoverflow.com/a/41295460"", ""41295460"")",0.5783866057838661
"=HYPERLINK(""https://stackoverflow.com/a/41296336"", ""41296336"")",0.8622222222222214
"=HYPERLINK(""https://stackoverflow.com/a/41644454"", ""41644454"")",0.5268376068376076
"=HYPERLINK(""https://stackoverflow.com/a/42384235"", ""42384235"")",0.4169590643274859
"=HYPERLINK(""https://stackoverflow.com/a/42502716"", ""42502716"")",0.36047107014848917
"=HYPERLINK(""https://stackoverflow.com/a/43639912"", ""43639912"")",0.41410414104141047
"=HYPERLINK(""https://stackoverflow.com/a/43850211"", ""43850211"")",0.48650793650793656
"=HYPERLINK(""https://stackoverflow.com/a/44109030"", ""44109030"")",0.667786738351255
"=HYPERLINK(""https://stackoverflow.com/a/44505352"", ""44505352"")",0.7791842475386773
"=HYPERLINK(""https://stackoverflow.com/a/45115285"", ""45115285"")",0.23227247347850352
"=HYPERLINK(""https://stackoverflow.com/a/45224751"", ""45224751"")",0.531500572737686
"=HYPERLINK(""https://stackoverflow.com/a/45226055"", ""45226055"")",0.5129198966408264
"=HYPERLINK(""https://stackoverflow.com/a/45429087"", ""45429087"")",0.400683760683761
"=HYPERLINK(""https://stackoverflow.com/a/45838793"", ""45838793"")",0.3377846259202192
"=HYPERLINK(""https://stackoverflow.com/a/45996872"", ""45996872"")",0.47794741306191746
"=HYPERLINK(""https://stackoverflow.com/a/46523153"", ""46523153"")",0.37789504544121977
"=HYPERLINK(""https://stackoverflow.com/a/46935164"", ""46935164"")",0.2657004830917876
"=HYPERLINK(""https://stackoverflow.com/a/48281843"", ""48281843"")",0.604575163398693
"=HYPERLINK(""https://stackoverflow.com/a/48431555"", ""48431555"")",0.5476767676767677
"=HYPERLINK(""https://stackoverflow.com/a/48934269"", ""48934269"")",0.6349580712788262
"=HYPERLINK(""https://stackoverflow.com/a/49144458"", ""49144458"")",0.5395299145299147
"=HYPERLINK(""https://stackoverflow.com/a/49180134"", ""49180134"")",0.23884272083718075
"=HYPERLINK(""https://stackoverflow.com/a/49260122"", ""49260122"")",0.5628815628815629
"=HYPERLINK(""https://stackoverflow.com/a/50338610"", ""50338610"")",0.361757105943152
"=HYPERLINK(""https://stackoverflow.com/a/50708377"", ""50708377"")",0.5256523013778954
"=HYPERLINK(""https://stackoverflow.com/a/50733332"", ""50733332"")",0.4991452991452998
"=HYPERLINK(""https://stackoverflow.com/a/50750746"", ""50750746"")",0.3576902025177884
"=HYPERLINK(""https://stackoverflow.com/a/51328625"", ""51328625"")",0.5923009623797035
"=HYPERLINK(""https://stackoverflow.com/a/52047895"", ""52047895"")",0.5917372337695661
"=HYPERLINK(""https://stackoverflow.com/a/52993349"", ""52993349"")",0.4762329174093881
"=HYPERLINK(""https://stackoverflow.com/a/53068676"", ""53068676"")",0.5151342632128277
"=HYPERLINK(""https://stackoverflow.com/a/53205000"", ""53205000"")",0.45659722222222265
"=HYPERLINK(""https://stackoverflow.com/a/54305868"", ""54305868"")",0.5262375185893358
"=HYPERLINK(""https://stackoverflow.com/a/54309641"", ""54309641"")",0.41400304414003036
"=HYPERLINK(""https://stackoverflow.com/a/54730151"", ""54730151"")",0.8234492160872519
"=HYPERLINK(""https://stackoverflow.com/a/56035155"", ""56035155"")",0.5740008783487037
"=HYPERLINK(""https://stackoverflow.com/a/56043217"", ""56043217"")",0.1570048309178745
"=HYPERLINK(""https://stackoverflow.com/a/56280587"", ""56280587"")",0.35481890730509524
"=HYPERLINK(""https://stackoverflow.com/a/56631653"", ""56631653"")",0.6897546897546892
"=HYPERLINK(""https://stackoverflow.com/a/56659317"", ""56659317"")",0.5506893755068946
"=HYPERLINK(""https://stackoverflow.com/a/56719947"", ""56719947"")",0.411147303655447
"=HYPERLINK(""https://stackoverflow.com/a/56752519"", ""56752519"")",0.26642111724984646
"=HYPERLINK(""https://stackoverflow.com/a/57000298"", ""57000298"")",0.31514871320696575
"=HYPERLINK(""https://stackoverflow.com/a/57442501"", ""57442501"")",0.5192147034252294
"=HYPERLINK(""https://stackoverflow.com/a/57478275"", ""57478275"")",0.4787819889860712
"=HYPERLINK(""https://stackoverflow.com/a/57917854"", ""57917854"")",0.28673835125448005
"=HYPERLINK(""https://stackoverflow.com/a/57985471"", ""57985471"")",0.5021056041464209
"=HYPERLINK(""https://stackoverflow.com/a/58394313"", ""58394313"")",0.5158567191421395
"=HYPERLINK(""https://stackoverflow.com/a/58547564"", ""58547564"")",0.15079365079365079
"=HYPERLINK(""https://stackoverflow.com/a/58846424"", ""58846424"")",0.39921337266470036
"=HYPERLINK(""https://stackoverflow.com/a/59038294"", ""59038294"")",0.37180205415499523
"=HYPERLINK(""https://stackoverflow.com/a/59613815"", ""59613815"")",0.6854575163398694
"=HYPERLINK(""https://stackoverflow.com/a/59756541"", ""59756541"")",0.41169590643274884
"=HYPERLINK(""https://stackoverflow.com/a/60121765"", ""60121765"")",0.5768733850129192
"=HYPERLINK(""https://stackoverflow.com/a/60402364"", ""60402364"")",0.45779914529914556
"=HYPERLINK(""https://stackoverflow.com/a/60495595"", ""60495595"")",0.36802253917943295
"=HYPERLINK(""https://stackoverflow.com/a/60710156"", ""60710156"")",0.3775123246113005
"=HYPERLINK(""https://stackoverflow.com/a/60802286"", ""60802286"")",0.7853621539628363
"=HYPERLINK(""https://stackoverflow.com/a/61491501"", ""61491501"")",0.5635683760683763
"=HYPERLINK(""https://stackoverflow.com/a/61491691"", ""61491691"")",0.5576068376068384
"=HYPERLINK(""https://stackoverflow.com/a/61703348"", ""61703348"")",0.627066512879661
"=HYPERLINK(""https://stackoverflow.com/a/61738015"", ""61738015"")",0.7702991452991454
"=HYPERLINK(""https://stackoverflow.com/a/61788943"", ""61788943"")",0.6075433231396536
"=HYPERLINK(""https://stackoverflow.com/a/61852710"", ""61852710"")",0.5179101072324885
"=HYPERLINK(""https://stackoverflow.com/a/62334058"", ""62334058"")",0.5079365079365077
"=HYPERLINK(""https://stackoverflow.com/a/62391223"", ""62391223"")",0.31564782775855427
"=HYPERLINK(""https://stackoverflow.com/a/62614931"", ""62614931"")",0.5218964893231993
"=HYPERLINK(""https://stackoverflow.com/a/62665857"", ""62665857"")",0.4391798282072593
"=HYPERLINK(""https://stackoverflow.com/a/62793015"", ""62793015"")",0.3722222222222219
"=HYPERLINK(""https://stackoverflow.com/a/62881848"", ""62881848"")",0.388179669030733
"=HYPERLINK(""https://stackoverflow.com/a/63500942"", ""63500942"")",0.4082687338501288
"=HYPERLINK(""https://stackoverflow.com/a/63912728"", ""63912728"")",0.48300250969655434
"=HYPERLINK(""https://stackoverflow.com/a/63992670"", ""63992670"")",0.43083149374540125
"=HYPERLINK(""https://stackoverflow.com/a/64220931"", ""64220931"")",0.38722933459775605
"=HYPERLINK(""https://stackoverflow.com/a/64268371"", ""64268371"")",0.515291529152915
"=HYPERLINK(""https://stackoverflow.com/a/64461843"", ""64461843"")",0.6014168530947057
"=HYPERLINK(""https://stackoverflow.com/a/64510905"", ""64510905"")",0.6212606837606841
"=HYPERLINK(""https://stackoverflow.com/a/64981848"", ""64981848"")",0.7842274992670778
"=HYPERLINK(""https://stackoverflow.com/a/65052021"", ""65052021"")",0.5098934550989344
"=HYPERLINK(""https://stackoverflow.com/a/65194457"", ""65194457"")",0.7701674277016742
"=HYPERLINK(""https://stackoverflow.com/a/65641593"", ""65641593"")",0.8228053126012324
"=HYPERLINK(""https://stackoverflow.com/a/66201539"", ""66201539"")",0.7765700483091774
"=HYPERLINK(""https://stackoverflow.com/a/66487240"", ""66487240"")",0.4262133530426208
"=HYPERLINK(""https://stackoverflow.com/a/66666294"", ""66666294"")",0.4951951951951948
"=HYPERLINK(""https://stackoverflow.com/a/66725020"", ""66725020"")",0.3797784923186854
"=HYPERLINK(""https://stackoverflow.com/a/66866018"", ""66866018"")",0.730509515039902
"=HYPERLINK(""https://stackoverflow.com/a/66883638"", ""66883638"")",0.2929384506900374
"=HYPERLINK(""https://stackoverflow.com/a/66971047"", ""66971047"")",0.5426642111724986
"=HYPERLINK(""https://stackoverflow.com/a/67483270"", ""67483270"")",0.34563994374120943
