"link","Correlation","score","view_count"
"=HYPERLINK(""https://stackoverflow.com/q/1650324"", ""1650324"")",0.4462041226747107,"1","1888"
"=HYPERLINK(""https://stackoverflow.com/q/2234828"", ""2234828"")",0.4065540194572448,"0","131"
"=HYPERLINK(""https://stackoverflow.com/q/2911906"", ""2911906"")",0.388503977418527,"0","326"
"=HYPERLINK(""https://stackoverflow.com/q/2916904"", ""2916904"")",0.3330655957161978,"1","466"
"=HYPERLINK(""https://stackoverflow.com/q/3201836"", ""3201836"")",0.3903638151425765,"0","81"
"=HYPERLINK(""https://stackoverflow.com/q/3268212"", ""3268212"")",0.5493914967599185,"1","3844"
"=HYPERLINK(""https://stackoverflow.com/q/5636734"", ""5636734"")",0.5457516339869282,"1","481"
"=HYPERLINK(""https://stackoverflow.com/q/6366915"", ""6366915"")",0.2911217437533228,"0","5217"
"=HYPERLINK(""https://stackoverflow.com/q/6474619"", ""6474619"")",0.4308792699469729,"0","708"
"=HYPERLINK(""https://stackoverflow.com/q/6729405"", ""6729405"")",0.3373608149727556,"0","2026"
"=HYPERLINK(""https://stackoverflow.com/q/6949704"", ""6949704"")",0.4627285513361457,"1","1717"
"=HYPERLINK(""https://stackoverflow.com/q/7118103"", ""7118103"")",0.3595461658841943,"0","1407"
"=HYPERLINK(""https://stackoverflow.com/q/7184251"", ""7184251"")",0.5851254480286744,"1","9347"
"=HYPERLINK(""https://stackoverflow.com/q/7395409"", ""7395409"")",0.5156032597893065,"0","1727"
"=HYPERLINK(""https://stackoverflow.com/q/7801404"", ""7801404"")",0.5395299145299146,"10","13464"
"=HYPERLINK(""https://stackoverflow.com/q/7839597"", ""7839597"")",0.6418155678784152,"1","2400"
"=HYPERLINK(""https://stackoverflow.com/q/7845016"", ""7845016"")",0.4820536828963802,"5","6723"
"=HYPERLINK(""https://stackoverflow.com/q/7905159"", ""7905159"")",0.5908969210174024,"8","39214"
"=HYPERLINK(""https://stackoverflow.com/q/7956835"", ""7956835"")",0.5898111550285456,"1","1356"
"=HYPERLINK(""https://stackoverflow.com/q/7984021"", ""7984021"")",0.3975468975468972,"2","2772"
"=HYPERLINK(""https://stackoverflow.com/q/8299733"", ""8299733"")",0.3940599310527709,"0","6278"
"=HYPERLINK(""https://stackoverflow.com/q/8326985"", ""8326985"")",0.2567049808429119,"2","180"
"=HYPERLINK(""https://stackoverflow.com/q/8422290"", ""8422290"")",0.5329914529914537,"2","2816"
"=HYPERLINK(""https://stackoverflow.com/q/8508107"", ""8508107"")",0.4600975109058248,"1","716"
"=HYPERLINK(""https://stackoverflow.com/q/8652510"", ""8652510"")",0.5659722222222218,"0","1124"
"=HYPERLINK(""https://stackoverflow.com/q/8667592"", ""8667592"")",0.3585858585858587,"0","2715"
"=HYPERLINK(""https://stackoverflow.com/q/8754706"", ""8754706"")",0.90112130479103,"4","632"
"=HYPERLINK(""https://stackoverflow.com/q/8887353"", ""8887353"")",0.3507936507936509,"1","3397"
"=HYPERLINK(""https://stackoverflow.com/q/8946159"", ""8946159"")",0.4175574991901529,"0","1283"
"=HYPERLINK(""https://stackoverflow.com/q/9072539"", ""9072539"")",0.4930111348021802,"1","859"
"=HYPERLINK(""https://stackoverflow.com/q/9120208"", ""9120208"")",0.3048154726662722,"1","1259"
"=HYPERLINK(""https://stackoverflow.com/q/9168994"", ""9168994"")",0.3592532173282582,"2","14862"
"=HYPERLINK(""https://stackoverflow.com/q/9283816"", ""9283816"")",0.4907186422699543,"2","1927"
"=HYPERLINK(""https://stackoverflow.com/q/9585575"", ""9585575"")",0.306432748538012,"0","82"
"=HYPERLINK(""https://stackoverflow.com/q/9627809"", ""9627809"")",0.3150365934797072,"1","1748"
"=HYPERLINK(""https://stackoverflow.com/q/9678083"", ""9678083"")",0.2681681681681679,"1","643"
"=HYPERLINK(""https://stackoverflow.com/q/10017325"", ""10017325"")",0.6615527661552761,"8","1567"
"=HYPERLINK(""https://stackoverflow.com/q/10102815"", ""10102815"")",0.3770894788593907,"1","1575"
"=HYPERLINK(""https://stackoverflow.com/q/10105008"", ""10105008"")",0.4167614713689798,"2","1369"
"=HYPERLINK(""https://stackoverflow.com/q/10436719"", ""10436719"")",0.4728818528290826,"0","3613"
"=HYPERLINK(""https://stackoverflow.com/q/10489939"", ""10489939"")",0.3804040404040403,"1","2048"
"=HYPERLINK(""https://stackoverflow.com/q/10500643"", ""10500643"")",0.3732222222222221,"2","2786"
"=HYPERLINK(""https://stackoverflow.com/q/10510373"", ""10510373"")",0.5045441219583703,"0","1265"
"=HYPERLINK(""https://stackoverflow.com/q/10512491"", ""10512491"")",0.5443698732289339,"10","22740"
"=HYPERLINK(""https://stackoverflow.com/q/10807124"", ""10807124"")",0.3668376068376071,"3","2502"
"=HYPERLINK(""https://stackoverflow.com/q/10861275"", ""10861275"")",0.9180747567844324,"0","5136"
"=HYPERLINK(""https://stackoverflow.com/q/10896298"", ""10896298"")",0.337141577060932,"1","3813"
"=HYPERLINK(""https://stackoverflow.com/q/11018830"", ""11018830"")",0.5488553880513676,"0","334"
"=HYPERLINK(""https://stackoverflow.com/q/11025954"", ""11025954"")",0.4921017402945109,"0","2512"
"=HYPERLINK(""https://stackoverflow.com/q/11090579"", ""11090579"")",0.7790089258233305,"1","230"
"=HYPERLINK(""https://stackoverflow.com/q/11123728"", ""11123728"")",0.3869949494949492,"1","1033"
"=HYPERLINK(""https://stackoverflow.com/q/11128651"", ""11128651"")",0.4665547159249925,"0","239"
"=HYPERLINK(""https://stackoverflow.com/q/11264813"", ""11264813"")",0.3920335429769394,"0","1519"
"=HYPERLINK(""https://stackoverflow.com/q/11346368"", ""11346368"")",0.3260284505959245,"1","1391"
"=HYPERLINK(""https://stackoverflow.com/q/11438593"", ""11438593"")",0.4632194521391197,"0","3131"
"=HYPERLINK(""https://stackoverflow.com/q/11473867"", ""11473867"")",0.3669167559842802,"0","2895"
"=HYPERLINK(""https://stackoverflow.com/q/11476025"", ""11476025"")",0.7083882301273596,"1","864"
"=HYPERLINK(""https://stackoverflow.com/q/11505632"", ""11505632"")",0.5328605200945628,"0","2556"
"=HYPERLINK(""https://stackoverflow.com/q/11551859"", ""11551859"")",0.5883310088331004,"2","2158"
"=HYPERLINK(""https://stackoverflow.com/q/11581806"", ""11581806"")",0.3478503629257395,"3","5955"
"=HYPERLINK(""https://stackoverflow.com/q/11586263"", ""11586263"")",0.5129198966408263,"0","318"
"=HYPERLINK(""https://stackoverflow.com/q/11735424"", ""11735424"")",0.3749315818281333,"1","224"
"=HYPERLINK(""https://stackoverflow.com/q/11955846"", ""11955846"")",0.506559571619812,"0","3159"
"=HYPERLINK(""https://stackoverflow.com/q/12200433"", ""12200433"")",0.6755094194540553,"3","10482"
"=HYPERLINK(""https://stackoverflow.com/q/12361585"", ""12361585"")",0.4148292261132726,"2","3345"
"=HYPERLINK(""https://stackoverflow.com/q/12493231"", ""12493231"")",0.4636994949494946,"3","5103"
"=HYPERLINK(""https://stackoverflow.com/q/12508026"", ""12508026"")",0.381313131313131,"3","4362"
"=HYPERLINK(""https://stackoverflow.com/q/12578993"", ""12578993"")",0.5894788593903643,"0","394"
"=HYPERLINK(""https://stackoverflow.com/q/12602648"", ""12602648"")",0.5280073461891637,"4","3884"
"=HYPERLINK(""https://stackoverflow.com/q/12623034"", ""12623034"")",0.4955786236063046,"3","2365"
"=HYPERLINK(""https://stackoverflow.com/q/12732796"", ""12732796"")",0.3823207443897098,"3","2185"
"=HYPERLINK(""https://stackoverflow.com/q/12822924"", ""12822924"")",0.5858585858585853,"1","1123"
"=HYPERLINK(""https://stackoverflow.com/q/12923241"", ""12923241"")",0.392729134664618,"0","54"
"=HYPERLINK(""https://stackoverflow.com/q/12941845"", ""12941845"")",0.5720764496274706,"2","1987"
"=HYPERLINK(""https://stackoverflow.com/q/13118039"", ""13118039"")",0.2939613526570044,"1","2403"
"=HYPERLINK(""https://stackoverflow.com/q/13263387"", ""13263387"")",0.3195072900955253,"0","2005"
"=HYPERLINK(""https://stackoverflow.com/q/13283403"", ""13283403"")",0.7274853801169601,"0","665"
"=HYPERLINK(""https://stackoverflow.com/q/13531229"", ""13531229"")",0.4269130537787258,"0","941"
"=HYPERLINK(""https://stackoverflow.com/q/13632508"", ""13632508"")",0.3134274339486065,"0","266"
"=HYPERLINK(""https://stackoverflow.com/q/13687019"", ""13687019"")",0.3726647000983283,"1","343"
"=HYPERLINK(""https://stackoverflow.com/q/14262481"", ""14262481"")",0.2970144659895353,"1","121"
"=HYPERLINK(""https://stackoverflow.com/q/14366246"", ""14366246"")",0.4665218964893231,"0","3700"
"=HYPERLINK(""https://stackoverflow.com/q/14444391"", ""14444391"")",0.765459472776545,"0","998"
"=HYPERLINK(""https://stackoverflow.com/q/14487518"", ""14487518"")",0.5033033033033029,"0","314"
"=HYPERLINK(""https://stackoverflow.com/q/14508977"", ""14508977"")",0.4016577060931902,"1","184"
"=HYPERLINK(""https://stackoverflow.com/q/14608022"", ""14608022"")",0.5400793650793653,"0","206"
"=HYPERLINK(""https://stackoverflow.com/q/14689253"", ""14689253"")",0.2238299392640229,"0","330"
"=HYPERLINK(""https://stackoverflow.com/q/14868507"", ""14868507"")",0.5900793650793652,"0","628"
"=HYPERLINK(""https://stackoverflow.com/q/14941785"", ""14941785"")",0.2355437142293271,"0","831"
"=HYPERLINK(""https://stackoverflow.com/q/14986327"", ""14986327"")",0.2992898913951544,"0","184"
"=HYPERLINK(""https://stackoverflow.com/q/14998524"", ""14998524"")",0.4772111357477206,"1","2979"
"=HYPERLINK(""https://stackoverflow.com/q/15005361"", ""15005361"")",0.4483528754885534,"1","1383"
"=HYPERLINK(""https://stackoverflow.com/q/15075674"", ""15075674"")",0.4440709617180204,"0","371"
"=HYPERLINK(""https://stackoverflow.com/q/15239231"", ""15239231"")",0.5691609977324272,"2","201"
"=HYPERLINK(""https://stackoverflow.com/q/15260889"", ""15260889"")",0.6292573981016185,"0","681"
"=HYPERLINK(""https://stackoverflow.com/q/15347773"", ""15347773"")",0.455828779599272,"2","1604"
"=HYPERLINK(""https://stackoverflow.com/q/15354951"", ""15354951"")",0.328133552271483,"0","219"
"=HYPERLINK(""https://stackoverflow.com/q/15533491"", ""15533491"")",0.2433304016417474,"0","887"
"=HYPERLINK(""https://stackoverflow.com/q/15765317"", ""15765317"")",0.2318376068376068,"0","463"
"=HYPERLINK(""https://stackoverflow.com/q/15899597"", ""15899597"")",0.5916803503010393,"0","1382"
"=HYPERLINK(""https://stackoverflow.com/q/16061134"", ""16061134"")",0.6706758304696447,"2","203"
"=HYPERLINK(""https://stackoverflow.com/q/16170337"", ""16170337"")",0.4064327485380121,"0","800"
"=HYPERLINK(""https://stackoverflow.com/q/16188966"", ""16188966"")",0.2395132885046429,"0","2810"
"=HYPERLINK(""https://stackoverflow.com/q/16224056"", ""16224056"")",0.4516036655211911,"1","752"
"=HYPERLINK(""https://stackoverflow.com/q/16257385"", ""16257385"")",0.3199665831244775,"0","715"
"=HYPERLINK(""https://stackoverflow.com/q/16342986"", ""16342986"")",0.4860744649662858,"0","1129"
"=HYPERLINK(""https://stackoverflow.com/q/16519931"", ""16519931"")",0.4392033542976939,"1","948"
"=HYPERLINK(""https://stackoverflow.com/q/16574024"", ""16574024"")",0.3063505830201405,"1","1149"
"=HYPERLINK(""https://stackoverflow.com/q/16622086"", ""16622086"")",0.6514826723829943,"0","840"
"=HYPERLINK(""https://stackoverflow.com/q/16629693"", ""16629693"")",0.3319930304248759,"0","1266"
"=HYPERLINK(""https://stackoverflow.com/q/16644563"", ""16644563"")",0.915839243498818,"1","970"
"=HYPERLINK(""https://stackoverflow.com/q/16657241"", ""16657241"")",0.3388570214574039,"1","558"
"=HYPERLINK(""https://stackoverflow.com/q/16713981"", ""16713981"")",0.3624436244362445,"2","2017"
"=HYPERLINK(""https://stackoverflow.com/q/16760036"", ""16760036"")",0.3881208397337424,"0","310"
"=HYPERLINK(""https://stackoverflow.com/q/16903979"", ""16903979"")",0.6112897463379782,"0","3510"
"=HYPERLINK(""https://stackoverflow.com/q/16942433"", ""16942433"")",0.5943152454780356,"0","880"
"=HYPERLINK(""https://stackoverflow.com/q/16992046"", ""16992046"")",0.4384883959745331,"1","4228"
"=HYPERLINK(""https://stackoverflow.com/q/17227528"", ""17227528"")",0.2919896640826871,"3","2510"
"=HYPERLINK(""https://stackoverflow.com/q/17575941"", ""17575941"")",0.3711273317112739,"0","879"
"=HYPERLINK(""https://stackoverflow.com/q/17756357"", ""17756357"")",0.404816078877512,"1","2695"
"=HYPERLINK(""https://stackoverflow.com/q/17923458"", ""17923458"")",0.3697632058287797,"0","129"
"=HYPERLINK(""https://stackoverflow.com/q/17961078"", ""17961078"")",0.5896135265700473,"0","639"
"=HYPERLINK(""https://stackoverflow.com/q/18183678"", ""18183678"")",0.4754689754689752,"0","1852"
"=HYPERLINK(""https://stackoverflow.com/q/18284075"", ""18284075"")",0.6095740008783481,"0","64"
"=HYPERLINK(""https://stackoverflow.com/q/18401478"", ""18401478"")",0.5510159965412883,"0","1241"
"=HYPERLINK(""https://stackoverflow.com/q/18626340"", ""18626340"")",0.4944115713346487,"0","2579"
"=HYPERLINK(""https://stackoverflow.com/q/18676681"", ""18676681"")",0.1920852359208523,"0","363"
"=HYPERLINK(""https://stackoverflow.com/q/18966975"", ""18966975"")",0.377872542051647,"1","505"
"=HYPERLINK(""https://stackoverflow.com/q/19124863"", ""19124863"")",0.4190548014077425,"1","161"
"=HYPERLINK(""https://stackoverflow.com/q/19701285"", ""19701285"")",0.4512862616310888,"2","3745"
"=HYPERLINK(""https://stackoverflow.com/q/19753323"", ""19753323"")",0.4961718020541549,"0","212"
"=HYPERLINK(""https://stackoverflow.com/q/19984507"", ""19984507"")",0.3790099851285324,"2","506"
"=HYPERLINK(""https://stackoverflow.com/q/20193544"", ""20193544"")",0.3485504394595301,"0","2293"
"=HYPERLINK(""https://stackoverflow.com/q/20529786"", ""20529786"")",0.213172448466566,"2","587"
"=HYPERLINK(""https://stackoverflow.com/q/20616484"", ""20616484"")",0.3391452991452993,"1","1991"
"=HYPERLINK(""https://stackoverflow.com/q/20787497"", ""20787497"")",0.5150399017802334,"0","2112"
"=HYPERLINK(""https://stackoverflow.com/q/21078850"", ""21078850"")",0.2925875808149152,"2","1455"
"=HYPERLINK(""https://stackoverflow.com/q/21235875"", ""21235875"")",0.8501291989664073,"2","4531"
"=HYPERLINK(""https://stackoverflow.com/q/21422363"", ""21422363"")",0.6911877394636015,"0","79"
"=HYPERLINK(""https://stackoverflow.com/q/21467842"", ""21467842"")",0.6362847222222233,"1","1613"
"=HYPERLINK(""https://stackoverflow.com/q/21684812"", ""21684812"")",0.2990140310959421,"0","133"
"=HYPERLINK(""https://stackoverflow.com/q/21853322"", ""21853322"")",0.3929539295392954,"8","1178"
"=HYPERLINK(""https://stackoverflow.com/q/21906496"", ""21906496"")",0.5335994677312039,"0","2449"
"=HYPERLINK(""https://stackoverflow.com/q/21914769"", ""21914769"")",0.5843843843843837,"0","120"
"=HYPERLINK(""https://stackoverflow.com/q/22484891"", ""22484891"")",0.58633831720903,"1","1593"
"=HYPERLINK(""https://stackoverflow.com/q/22581197"", ""22581197"")",0.3718067097568483,"0","1849"
"=HYPERLINK(""https://stackoverflow.com/q/22655417"", ""22655417"")",0.4121918270854441,"1","554"
"=HYPERLINK(""https://stackoverflow.com/q/22889038"", ""22889038"")",0.3614627285513359,"0","321"
"=HYPERLINK(""https://stackoverflow.com/q/23291931"", ""23291931"")",0.4055677298920546,"1","362"
"=HYPERLINK(""https://stackoverflow.com/q/23294446"", ""23294446"")",0.4132334581772788,"0","2855"
"=HYPERLINK(""https://stackoverflow.com/q/23370033"", ""23370033"")",0.384851980007689,"0","87"
"=HYPERLINK(""https://stackoverflow.com/q/23934045"", ""23934045"")",0.2701264138389886,"2","1076"
"=HYPERLINK(""https://stackoverflow.com/q/24075876"", ""24075876"")",0.3417557499190153,"0","401"
"=HYPERLINK(""https://stackoverflow.com/q/24258003"", ""24258003"")",0.5058760683760687,"0","230"
"=HYPERLINK(""https://stackoverflow.com/q/24534839"", ""24534839"")",0.4040404040404043,"0","596"
"=HYPERLINK(""https://stackoverflow.com/q/24577018"", ""24577018"")",0.5148358585858583,"1","163"
"=HYPERLINK(""https://stackoverflow.com/q/24660558"", ""24660558"")",0.3330469644902635,"1","44"
"=HYPERLINK(""https://stackoverflow.com/q/24732474"", ""24732474"")",0.422648661454632,"0","1607"
"=HYPERLINK(""https://stackoverflow.com/q/24742599"", ""24742599"")",0.4158981115502852,"0","1050"
"=HYPERLINK(""https://stackoverflow.com/q/24889598"", ""24889598"")",0.3045007032348804,"0","214"
"=HYPERLINK(""https://stackoverflow.com/q/24902968"", ""24902968"")",0.5050276520864755,"0","688"
"=HYPERLINK(""https://stackoverflow.com/q/25352857"", ""25352857"")",0.6468301836214979,"0","109"
"=HYPERLINK(""https://stackoverflow.com/q/25355269"", ""25355269"")",0.6565897639883312,"0","143"
"=HYPERLINK(""https://stackoverflow.com/q/25441833"", ""25441833"")",0.6866021694517742,"0","66"
"=HYPERLINK(""https://stackoverflow.com/q/25538539"", ""25538539"")",0.527417027417027,"0","173"
"=HYPERLINK(""https://stackoverflow.com/q/25617442"", ""25617442"")",0.694984868136619,"0","1300"
"=HYPERLINK(""https://stackoverflow.com/q/25825699"", ""25825699"")",0.291842475386779,"0","1925"
"=HYPERLINK(""https://stackoverflow.com/q/25862208"", ""25862208"")",0.2745782431646302,"0","390"
"=HYPERLINK(""https://stackoverflow.com/q/25889646"", ""25889646"")",0.2956637252111204,"2","727"
"=HYPERLINK(""https://stackoverflow.com/q/25921282"", ""25921282"")",0.3458585858585856,"0","39"
"=HYPERLINK(""https://stackoverflow.com/q/25975403"", ""25975403"")",0.3549655850540805,"0","511"
"=HYPERLINK(""https://stackoverflow.com/q/26514679"", ""26514679"")",0.5527661552766151,"0","68"
"=HYPERLINK(""https://stackoverflow.com/q/26642065"", ""26642065"")",0.2724558670820353,"0","804"
"=HYPERLINK(""https://stackoverflow.com/q/26917691"", ""26917691"")",0.5504830917874386,"0","102"
"=HYPERLINK(""https://stackoverflow.com/q/26957791"", ""26957791"")",0.7481962481962476,"2","33"
"=HYPERLINK(""https://stackoverflow.com/q/27065394"", ""27065394"")",0.4290318060809867,"1","918"
"=HYPERLINK(""https://stackoverflow.com/q/27117828"", ""27117828"")",0.4295954941116226,"0","131"
"=HYPERLINK(""https://stackoverflow.com/q/27144614"", ""27144614"")",0.6477541371158392,"0","117"
"=HYPERLINK(""https://stackoverflow.com/q/27346555"", ""27346555"")",0.4029802397149343,"0","81"
"=HYPERLINK(""https://stackoverflow.com/q/27389427"", ""27389427"")",0.4755203752565233,"0","64"
"=HYPERLINK(""https://stackoverflow.com/q/27443455"", ""27443455"")",0.3778642455685256,"0","322"
"=HYPERLINK(""https://stackoverflow.com/q/27527981"", ""27527981"")",0.4763205828779603,"1","1082"
"=HYPERLINK(""https://stackoverflow.com/q/27602503"", ""27602503"")",0.3802939711011459,"1","158"
"=HYPERLINK(""https://stackoverflow.com/q/28045626"", ""28045626"")",0.3176420695504667,"1","189"
"=HYPERLINK(""https://stackoverflow.com/q/28267631"", ""28267631"")",0.4049302156969369,"0","952"
"=HYPERLINK(""https://stackoverflow.com/q/28456188"", ""28456188"")",0.4144046326456749,"0","94"
"=HYPERLINK(""https://stackoverflow.com/q/28475644"", ""28475644"")",0.5739013266998338,"0","1245"
"=HYPERLINK(""https://stackoverflow.com/q/28622024"", ""28622024"")",0.3466461853558623,"0","159"
"=HYPERLINK(""https://stackoverflow.com/q/28675057"", ""28675057"")",0.5972222222222224,"0","1774"
"=HYPERLINK(""https://stackoverflow.com/q/28782761"", ""28782761"")",0.5149494949494948,"0","91"
"=HYPERLINK(""https://stackoverflow.com/q/29054121"", ""29054121"")",0.5596606458675418,"0","236"
"=HYPERLINK(""https://stackoverflow.com/q/29093468"", ""29093468"")",0.3619118009361908,"0","140"
"=HYPERLINK(""https://stackoverflow.com/q/29258565"", ""29258565"")",0.6517524235645045,"0","192"
"=HYPERLINK(""https://stackoverflow.com/q/29342615"", ""29342615"")",0.2797761790567545,"0","297"
"=HYPERLINK(""https://stackoverflow.com/q/29416278"", ""29416278"")",0.4816816816816812,"2","2670"
"=HYPERLINK(""https://stackoverflow.com/q/29465170"", ""29465170"")",0.6074464966285552,"8","3914"
"=HYPERLINK(""https://stackoverflow.com/q/29497295"", ""29497295"")",0.2684855674179519,"2","3063"
"=HYPERLINK(""https://stackoverflow.com/q/29510110"", ""29510110"")",0.4013753166847629,"0","509"
"=HYPERLINK(""https://stackoverflow.com/q/29575885"", ""29575885"")",0.5869933734011409,"1","458"
"=HYPERLINK(""https://stackoverflow.com/q/29623135"", ""29623135"")",0.5728715728715724,"1","2993"
"=HYPERLINK(""https://stackoverflow.com/q/29766340"", ""29766340"")",0.2000703234880449,"0","220"
"=HYPERLINK(""https://stackoverflow.com/q/29772244"", ""29772244"")",0.28991452991453,"0","921"
"=HYPERLINK(""https://stackoverflow.com/q/29876388"", ""29876388"")",0.3164471462343803,"0","196"
"=HYPERLINK(""https://stackoverflow.com/q/30146137"", ""30146137"")",0.3135382472893663,"0","723"
"=HYPERLINK(""https://stackoverflow.com/q/30223840"", ""30223840"")",0.257004830917874,"1","1327"
"=HYPERLINK(""https://stackoverflow.com/q/30302501"", ""30302501"")",0.3030732860520094,"1","73"
"=HYPERLINK(""https://stackoverflow.com/q/30351429"", ""30351429"")",0.2070048309178742,"2","65"
"=HYPERLINK(""https://stackoverflow.com/q/30971483"", ""30971483"")",0.4543323139653411,"1","564"
"=HYPERLINK(""https://stackoverflow.com/q/31413681"", ""31413681"")",0.3992650237786423,"1","417"
"=HYPERLINK(""https://stackoverflow.com/q/31520079"", ""31520079"")",0.5297536029753598,"1","639"
"=HYPERLINK(""https://stackoverflow.com/q/31550159"", ""31550159"")",0.1986373165618449,"0","663"
"=HYPERLINK(""https://stackoverflow.com/q/31582028"", ""31582028"")",0.522835719154737,"3","63"
"=HYPERLINK(""https://stackoverflow.com/q/31592507"", ""31592507"")",0.2416774751405101,"0","3353"
"=HYPERLINK(""https://stackoverflow.com/q/31667143"", ""31667143"")",0.3948679621325359,"0","312"
"=HYPERLINK(""https://stackoverflow.com/q/31944703"", ""31944703"")",0.6062428407789232,"0","571"
"=HYPERLINK(""https://stackoverflow.com/q/32137651"", ""32137651"")",0.3425052410901469,"3","5475"
"=HYPERLINK(""https://stackoverflow.com/q/32216756"", ""32216756"")",0.4555011781765454,"0","74"
"=HYPERLINK(""https://stackoverflow.com/q/32408927"", ""32408927"")",0.4226939203354298,"0","233"
"=HYPERLINK(""https://stackoverflow.com/q/32492523"", ""32492523"")",0.6462728551336141,"0","203"
"=HYPERLINK(""https://stackoverflow.com/q/32863735"", ""32863735"")",0.3643274853801172,"0","31"
"=HYPERLINK(""https://stackoverflow.com/q/33079927"", ""33079927"")",0.3774902444033683,"0","255"
"=HYPERLINK(""https://stackoverflow.com/q/33133567"", ""33133567"")",0.5684407096171801,"0","275"
"=HYPERLINK(""https://stackoverflow.com/q/33184251"", ""33184251"")",0.5186211141889814,"1","835"
"=HYPERLINK(""https://stackoverflow.com/q/33195826"", ""33195826"")",0.5096553773024362,"1","361"
"=HYPERLINK(""https://stackoverflow.com/q/33270587"", ""33270587"")",0.3494949494949492,"0","133"
"=HYPERLINK(""https://stackoverflow.com/q/33320219"", ""33320219"")",0.457516339869281,"0","148"
"=HYPERLINK(""https://stackoverflow.com/q/33344476"", ""33344476"")",0.6290018832391707,"0","275"
"=HYPERLINK(""https://stackoverflow.com/q/33424356"", ""33424356"")",0.5294949494949495,"0","599"
"=HYPERLINK(""https://stackoverflow.com/q/33540587"", ""33540587"")",0.5275913497390009,"5","19250"
"=HYPERLINK(""https://stackoverflow.com/q/33662634"", ""33662634"")",0.2823517319354505,"1","186"
"=HYPERLINK(""https://stackoverflow.com/q/33836101"", ""33836101"")",0.4096285190737967,"0","795"
"=HYPERLINK(""https://stackoverflow.com/q/33872525"", ""33872525"")",0.4238032498902061,"0","1682"
"=HYPERLINK(""https://stackoverflow.com/q/34471985"", ""34471985"")",0.4698637316561845,"0","1999"
"=HYPERLINK(""https://stackoverflow.com/q/34665761"", ""34665761"")",0.465316144874156,"0","1327"
"=HYPERLINK(""https://stackoverflow.com/q/34866537"", ""34866537"")",0.4132599580712789,"1","877"
"=HYPERLINK(""https://stackoverflow.com/q/34916160"", ""34916160"")",0.7424780857616686,"0","87"
"=HYPERLINK(""https://stackoverflow.com/q/34992225"", ""34992225"")",0.4190548014077425,"2","17317"
"=HYPERLINK(""https://stackoverflow.com/q/35113790"", ""35113790"")",0.3277498604131767,"1","737"
"=HYPERLINK(""https://stackoverflow.com/q/35156071"", ""35156071"")",0.3778513612950701,"3","3082"
"=HYPERLINK(""https://stackoverflow.com/q/35286516"", ""35286516"")",0.4422580003975354,"0","443"
"=HYPERLINK(""https://stackoverflow.com/q/35457840"", ""35457840"")",0.8384269130537799,"3","757"
"=HYPERLINK(""https://stackoverflow.com/q/35477628"", ""35477628"")",0.3622873688020268,"1","576"
"=HYPERLINK(""https://stackoverflow.com/q/35709694"", ""35709694"")",0.6252072968490887,"0","60"
"=HYPERLINK(""https://stackoverflow.com/q/35764420"", ""35764420"")",0.7191547375596448,"0","128"
"=HYPERLINK(""https://stackoverflow.com/q/35846164"", ""35846164"")",0.409289196818065,"0","322"
"=HYPERLINK(""https://stackoverflow.com/q/35949803"", ""35949803"")",0.5328024270003788,"0","50"
"=HYPERLINK(""https://stackoverflow.com/q/36300398"", ""36300398"")",0.4007936507936509,"0","133"
"=HYPERLINK(""https://stackoverflow.com/q/36356587"", ""36356587"")",0.3120504917070306,"2","1445"
"=HYPERLINK(""https://stackoverflow.com/q/36426925"", ""36426925"")",0.410746812386157,"1","5792"
"=HYPERLINK(""https://stackoverflow.com/q/36764597"", ""36764597"")",0.3011134802179581,"2","2075"
"=HYPERLINK(""https://stackoverflow.com/q/36839154"", ""36839154"")",0.4546316038853353,"0","73"
"=HYPERLINK(""https://stackoverflow.com/q/36879862"", ""36879862"")",0.2944147355912062,"1","122"
"=HYPERLINK(""https://stackoverflow.com/q/37192455"", ""37192455"")",0.3376068376068378,"1","25"
"=HYPERLINK(""https://stackoverflow.com/q/37286291"", ""37286291"")",0.3910533910533907,"0","33"
"=HYPERLINK(""https://stackoverflow.com/q/37485158"", ""37485158"")",0.44346116027532,"0","49"
"=HYPERLINK(""https://stackoverflow.com/q/37733011"", ""37733011"")",0.4663167104111992,"1","83"
"=HYPERLINK(""https://stackoverflow.com/q/38059277"", ""38059277"")",0.750793650793651,"0","30"
"=HYPERLINK(""https://stackoverflow.com/q/38090536"", ""38090536"")",0.3571619812583665,"1","144"
"=HYPERLINK(""https://stackoverflow.com/q/39044806"", ""39044806"")",0.4388600038513386,"1","12880"
"=HYPERLINK(""https://stackoverflow.com/q/39111913"", ""39111913"")",0.2556568726781494,"1","74"
"=HYPERLINK(""https://stackoverflow.com/q/39124576"", ""39124576"")",0.3951951951951948,"0","746"
"=HYPERLINK(""https://stackoverflow.com/q/39246809"", ""39246809"")",0.4972523790376623,"0","1463"
"=HYPERLINK(""https://stackoverflow.com/q/39588435"", ""39588435"")",0.4125336409073432,"0","21"
"=HYPERLINK(""https://stackoverflow.com/q/39595470"", ""39595470"")",0.3274853801169595,"0","3321"
"=HYPERLINK(""https://stackoverflow.com/q/39655974"", ""39655974"")",0.4189677843524,"0","49"
"=HYPERLINK(""https://stackoverflow.com/q/39666047"", ""39666047"")",0.6529258469556986,"2","3609"
"=HYPERLINK(""https://stackoverflow.com/q/39699602"", ""39699602"")",0.3835125448028668,"0","280"
"=HYPERLINK(""https://stackoverflow.com/q/39702355"", ""39702355"")",0.5925104705592503,"1","957"
"=HYPERLINK(""https://stackoverflow.com/q/39779784"", ""39779784"")",0.2774986041317698,"0","321"
"=HYPERLINK(""https://stackoverflow.com/q/39846057"", ""39846057"")",0.4832562701415168,"0","1018"
"=HYPERLINK(""https://stackoverflow.com/q/40093129"", ""40093129"")",0.4540770609318998,"1","72"
"=HYPERLINK(""https://stackoverflow.com/q/40131162"", ""40131162"")",0.2253917943299876,"0","43"
"=HYPERLINK(""https://stackoverflow.com/q/40206576"", ""40206576"")",0.4228210246174315,"0","1042"
"=HYPERLINK(""https://stackoverflow.com/q/40367375"", ""40367375"")",0.4373385012919891,"0","592"
"=HYPERLINK(""https://stackoverflow.com/q/40379227"", ""40379227"")",0.5545007032348799,"1","530"
"=HYPERLINK(""https://stackoverflow.com/q/40489149"", ""40489149"")",0.7249846531614491,"1","114"
"=HYPERLINK(""https://stackoverflow.com/q/40855272"", ""40855272"")",0.4797072521623416,"0","23"
"=HYPERLINK(""https://stackoverflow.com/q/40923783"", ""40923783"")",0.4439881359799221,"0","818"
"=HYPERLINK(""https://stackoverflow.com/q/41044952"", ""41044952"")",0.402222222222222,"2","2600"
"=HYPERLINK(""https://stackoverflow.com/q/41205154"", ""41205154"")",0.5355862775217605,"0","169"
"=HYPERLINK(""https://stackoverflow.com/q/41268119"", ""41268119"")",0.3600271002710025,"0","1550"
"=HYPERLINK(""https://stackoverflow.com/q/41484050"", ""41484050"")",0.5254292193067709,"0","2935"
"=HYPERLINK(""https://stackoverflow.com/q/41535469"", ""41535469"")",0.8419827012641378,"0","1119"
"=HYPERLINK(""https://stackoverflow.com/q/41755842"", ""41755842"")",0.3684672815107594,"1","331"
"=HYPERLINK(""https://stackoverflow.com/q/41765710"", ""41765710"")",0.472642390289449,"0","895"
"=HYPERLINK(""https://stackoverflow.com/q/41821291"", ""41821291"")",0.468376068376069,"2","112"
"=HYPERLINK(""https://stackoverflow.com/q/42008395"", ""42008395"")",0.5734880450070317,"0","684"
"=HYPERLINK(""https://stackoverflow.com/q/42084125"", ""42084125"")",0.3387635756056806,"0","2078"
"=HYPERLINK(""https://stackoverflow.com/q/42092667"", ""42092667"")",0.5828779599271409,"1","56"
"=HYPERLINK(""https://stackoverflow.com/q/42110586"", ""42110586"")",0.6409073433294881,"1","669"
"=HYPERLINK(""https://stackoverflow.com/q/42164646"", ""42164646"")",0.4830917874396132,"0","593"
"=HYPERLINK(""https://stackoverflow.com/q/42403671"", ""42403671"")",0.2573265865485981,"0","151"
"=HYPERLINK(""https://stackoverflow.com/q/42628756"", ""42628756"")",0.4989749897498976,"0","75"
"=HYPERLINK(""https://stackoverflow.com/q/43097391"", ""43097391"")",0.6084291187739463,"1","46"
"=HYPERLINK(""https://stackoverflow.com/q/43160478"", ""43160478"")",0.3797025371828527,"0","3577"
"=HYPERLINK(""https://stackoverflow.com/q/43235188"", ""43235188"")",0.6982701264138387,"1","37"
"=HYPERLINK(""https://stackoverflow.com/q/43306387"", ""43306387"")",0.7096594081518698,"0","2644"
"=HYPERLINK(""https://stackoverflow.com/q/43444862"", ""43444862"")",0.7310717797443469,"0","125"
"=HYPERLINK(""https://stackoverflow.com/q/43549866"", ""43549866"")",0.6064327485380125,"1","562"
"=HYPERLINK(""https://stackoverflow.com/q/43652226"", ""43652226"")",0.5519602807738403,"0","96"
"=HYPERLINK(""https://stackoverflow.com/q/43716623"", ""43716623"")",0.2371475953565506,"1","234"
"=HYPERLINK(""https://stackoverflow.com/q/43793525"", ""43793525"")",0.5803838703997186,"0","45"
"=HYPERLINK(""https://stackoverflow.com/q/44097192"", ""44097192"")",0.4739000745712157,"0","643"
"=HYPERLINK(""https://stackoverflow.com/q/44236008"", ""44236008"")",0.5889768396364706,"1","1773"
"=HYPERLINK(""https://stackoverflow.com/q/44380225"", ""44380225"")",0.4489664082687333,"1","431"
"=HYPERLINK(""https://stackoverflow.com/q/44446194"", ""44446194"")",0.5014830025096959,"0","694"
"=HYPERLINK(""https://stackoverflow.com/q/44458965"", ""44458965"")",0.4176619616359029,"1","632"
"=HYPERLINK(""https://stackoverflow.com/q/44499350"", ""44499350"")",0.3653090389424795,"1","322"
"=HYPERLINK(""https://stackoverflow.com/q/44530232"", ""44530232"")",0.6033697632058295,"0","189"
"=HYPERLINK(""https://stackoverflow.com/q/44664972"", ""44664972"")",0.3062930186823994,"1","49"
"=HYPERLINK(""https://stackoverflow.com/q/44686133"", ""44686133"")",0.3254924459743735,"0","219"
"=HYPERLINK(""https://stackoverflow.com/q/44920041"", ""44920041"")",0.3245676380004739,"0","1136"
"=HYPERLINK(""https://stackoverflow.com/q/45228195"", ""45228195"")",0.6009204470742938,"1","1297"
"=HYPERLINK(""https://stackoverflow.com/q/45288459"", ""45288459"")",0.495418098510882,"0","928"
"=HYPERLINK(""https://stackoverflow.com/q/45291080"", ""45291080"")",0.3627627627627626,"0","78"
"=HYPERLINK(""https://stackoverflow.com/q/45427779"", ""45427779"")",0.5818281335522709,"0","140"
"=HYPERLINK(""https://stackoverflow.com/q/45576284"", ""45576284"")",0.2606837606837607,"1","251"
"=HYPERLINK(""https://stackoverflow.com/q/45580363"", ""45580363"")",0.4741113909879646,"0","271"
"=HYPERLINK(""https://stackoverflow.com/q/45625280"", ""45625280"")",0.4636994949494947,"0","153"
"=HYPERLINK(""https://stackoverflow.com/q/45995711"", ""45995711"")",0.5946360153256706,"1","1039"
"=HYPERLINK(""https://stackoverflow.com/q/46019605"", ""46019605"")",0.3817314246762095,"0","839"
"=HYPERLINK(""https://stackoverflow.com/q/46194674"", ""46194674"")",0.3922222222222219,"1","701"
"=HYPERLINK(""https://stackoverflow.com/q/46278659"", ""46278659"")",0.4230418943533702,"1","1692"
"=HYPERLINK(""https://stackoverflow.com/q/46358162"", ""46358162"")",0.3793650793650795,"0","669"
"=HYPERLINK(""https://stackoverflow.com/q/46590107"", ""46590107"")",0.4561249817491606,"0","198"
"=HYPERLINK(""https://stackoverflow.com/q/46705213"", ""46705213"")",0.4016417472881854,"0","490"
"=HYPERLINK(""https://stackoverflow.com/q/46852867"", ""46852867"")",0.3646272855133612,"0","104"
"=HYPERLINK(""https://stackoverflow.com/q/46956045"", ""46956045"")",0.292462517970836,"0","1278"
"=HYPERLINK(""https://stackoverflow.com/q/47412338"", ""47412338"")",0.29264475743349,"0","187"
"=HYPERLINK(""https://stackoverflow.com/q/47542317"", ""47542317"")",0.6623419827012638,"0","124"
"=HYPERLINK(""https://stackoverflow.com/q/48067259"", ""48067259"")",0.3722222222222223,"0","557"
"=HYPERLINK(""https://stackoverflow.com/q/48081053"", ""48081053"")",0.3211727469598536,"0","338"
"=HYPERLINK(""https://stackoverflow.com/q/48404407"", ""48404407"")",0.4896640826873379,"1","176"
"=HYPERLINK(""https://stackoverflow.com/q/48411116"", ""48411116"")",0.2776439089692101,"0","629"
"=HYPERLINK(""https://stackoverflow.com/q/48588317"", ""48588317"")",0.3016742770167427,"1","567"
"=HYPERLINK(""https://stackoverflow.com/q/48645189"", ""48645189"")",0.4807449494949491,"1","589"
"=HYPERLINK(""https://stackoverflow.com/q/48848130"", ""48848130"")",0.5739463601532568,"0","1413"
"=HYPERLINK(""https://stackoverflow.com/q/48933802"", ""48933802"")",0.6128039396737458,"1","692"
"=HYPERLINK(""https://stackoverflow.com/q/49053676"", ""49053676"")",0.489323199420919,"1","1871"
"=HYPERLINK(""https://stackoverflow.com/q/49259907"", ""49259907"")",0.3669030732860521,"1","59"
"=HYPERLINK(""https://stackoverflow.com/q/49493470"", ""49493470"")",0.3897897897897895,"0","479"
"=HYPERLINK(""https://stackoverflow.com/q/49628134"", ""49628134"")",0.3172090296100852,"0","45"
"=HYPERLINK(""https://stackoverflow.com/q/49728066"", ""49728066"")",0.5060060060060055,"0","2138"
"=HYPERLINK(""https://stackoverflow.com/q/49789544"", ""49789544"")",0.3659593885466572,"0","622"
"=HYPERLINK(""https://stackoverflow.com/q/49850352"", ""49850352"")",0.3416912487708951,"0","39"
"=HYPERLINK(""https://stackoverflow.com/q/50124671"", ""50124671"")",0.2758266584514275,"0","146"
"=HYPERLINK(""https://stackoverflow.com/q/50149635"", ""50149635"")",0.4222222222222223,"1","348"
"=HYPERLINK(""https://stackoverflow.com/q/50469112"", ""50469112"")",0.3657990484186953,"0","16"
"=HYPERLINK(""https://stackoverflow.com/q/50708194"", ""50708194"")",0.2694663167104115,"0","275"
"=HYPERLINK(""https://stackoverflow.com/q/50724903"", ""50724903"")",0.7497812773403338,"0","291"
"=HYPERLINK(""https://stackoverflow.com/q/50826480"", ""50826480"")",0.3560654344593161,"0","114"
"=HYPERLINK(""https://stackoverflow.com/q/50885138"", ""50885138"")",0.3876357560568084,"1","34"
"=HYPERLINK(""https://stackoverflow.com/q/51157760"", ""51157760"")",0.3571915473755962,"1","1952"
"=HYPERLINK(""https://stackoverflow.com/q/51194582"", ""51194582"")",0.3772037720377205,"0","50"
"=HYPERLINK(""https://stackoverflow.com/q/51367134"", ""51367134"")",0.3884029802397151,"0","1015"
"=HYPERLINK(""https://stackoverflow.com/q/51444586"", ""51444586"")",0.3449216087252894,"0","41"
"=HYPERLINK(""https://stackoverflow.com/q/51638457"", ""51638457"")",0.5537139349294048,"0","186"
"=HYPERLINK(""https://stackoverflow.com/q/52262324"", ""52262324"")",0.5547345374931575,"0","30"
"=HYPERLINK(""https://stackoverflow.com/q/52735430"", ""52735430"")",0.7271082157075641,"1","39"
"=HYPERLINK(""https://stackoverflow.com/q/52744724"", ""52744724"")",0.5469644902634593,"0","75"
"=HYPERLINK(""https://stackoverflow.com/q/52762374"", ""52762374"")",0.6496628554676053,"1","3790"
"=HYPERLINK(""https://stackoverflow.com/q/52855520"", ""52855520"")",0.4583845838458385,"0","38"
"=HYPERLINK(""https://stackoverflow.com/q/52970719"", ""52970719"")",0.3203234880450068,"0","834"
"=HYPERLINK(""https://stackoverflow.com/q/53068135"", ""53068135"")",0.4676048079742013,"0","3004"
"=HYPERLINK(""https://stackoverflow.com/q/53262784"", ""53262784"")",0.636249371543489,"1","603"
"=HYPERLINK(""https://stackoverflow.com/q/53269367"", ""53269367"")",0.2776677667766775,"0","413"
"=HYPERLINK(""https://stackoverflow.com/q/53350408"", ""53350408"")",0.6566245545837391,"0","1548"
"=HYPERLINK(""https://stackoverflow.com/q/53463287"", ""53463287"")",0.352719698790355,"1","1036"
"=HYPERLINK(""https://stackoverflow.com/q/53504268"", ""53504268"")",0.4816974408811151,"2","658"
"=HYPERLINK(""https://stackoverflow.com/q/53702715"", ""53702715"")",0.4558287795992719,"0","76"
"=HYPERLINK(""https://stackoverflow.com/q/53732398"", ""53732398"")",0.503659347970725,"0","254"
"=HYPERLINK(""https://stackoverflow.com/q/53776888"", ""53776888"")",0.3273317112733173,"2","5722"
"=HYPERLINK(""https://stackoverflow.com/q/53903403"", ""53903403"")",0.3251245968924071,"0","850"
"=HYPERLINK(""https://stackoverflow.com/q/54074406"", ""54074406"")",0.2701927019270193,"0","23"
"=HYPERLINK(""https://stackoverflow.com/q/54127394"", ""54127394"")",0.5830176767676764,"1","141"
"=HYPERLINK(""https://stackoverflow.com/q/54289894"", ""54289894"")",0.453275826658452,"0","176"
"=HYPERLINK(""https://stackoverflow.com/q/54453916"", ""54453916"")",0.726159230096239,"0","20"
"=HYPERLINK(""https://stackoverflow.com/q/54551373"", ""54551373"")",0.562647754137116,"0","354"
"=HYPERLINK(""https://stackoverflow.com/q/54645236"", ""54645236"")",0.4117265954000652,"0","986"
"=HYPERLINK(""https://stackoverflow.com/q/54730109"", ""54730109"")",0.4053547523427039,"0","332"
"=HYPERLINK(""https://stackoverflow.com/q/55011299"", ""55011299"")",0.4288642886428865,"0","986"
"=HYPERLINK(""https://stackoverflow.com/q/55183803"", ""55183803"")",0.3300756253635831,"0","140"
"=HYPERLINK(""https://stackoverflow.com/q/55224275"", ""55224275"")",0.3627130197682341,"0","182"
"=HYPERLINK(""https://stackoverflow.com/q/55263422"", ""55263422"")",0.5007936507936508,"0","28"
"=HYPERLINK(""https://stackoverflow.com/q/55277488"", ""55277488"")",0.3134811557021561,"0","245"
"=HYPERLINK(""https://stackoverflow.com/q/55315953"", ""55315953"")",0.3226185234111257,"1","674"
"=HYPERLINK(""https://stackoverflow.com/q/55347992"", ""55347992"")",0.5457969525766138,"2","50"
"=HYPERLINK(""https://stackoverflow.com/q/55363206"", ""55363206"")",0.3794345398883483,"0","254"
"=HYPERLINK(""https://stackoverflow.com/q/55375606"", ""55375606"")",0.2776944860902883,"0","120"
"=HYPERLINK(""https://stackoverflow.com/q/55378000"", ""55378000"")",0.6543445931591256,"5","80"
"=HYPERLINK(""https://stackoverflow.com/q/55397142"", ""55397142"")",0.5043945953036857,"1","114"
"=HYPERLINK(""https://stackoverflow.com/q/55420125"", ""55420125"")",0.3954279638490168,"1","93"
"=HYPERLINK(""https://stackoverflow.com/q/55437069"", ""55437069"")",0.4609440267335,"0","875"
"=HYPERLINK(""https://stackoverflow.com/q/55634195"", ""55634195"")",0.3331811263318111,"0","176"
"=HYPERLINK(""https://stackoverflow.com/q/55646328"", ""55646328"")",0.4816078877512322,"0","100"
"=HYPERLINK(""https://stackoverflow.com/q/55864354"", ""55864354"")",0.5245478036175714,"2","409"
"=HYPERLINK(""https://stackoverflow.com/q/56043124"", ""56043124"")",0.4104007505696285,"1","49"
"=HYPERLINK(""https://stackoverflow.com/q/56056477"", ""56056477"")",0.3796501601379647,"1","548"
"=HYPERLINK(""https://stackoverflow.com/q/56112524"", ""56112524"")",0.4365079365079365,"1","113"
"=HYPERLINK(""https://stackoverflow.com/q/56253902"", ""56253902"")",0.2045677455513522,"0","109"
"=HYPERLINK(""https://stackoverflow.com/q/56271673"", ""56271673"")",0.3330255463219453,"0","631"
"=HYPERLINK(""https://stackoverflow.com/q/56325707"", ""56325707"")",0.2921880925293892,"0","37"
"=HYPERLINK(""https://stackoverflow.com/q/56389977"", ""56389977"")",0.3171127331711277,"2","228"
"=HYPERLINK(""https://stackoverflow.com/q/56398066"", ""56398066"")",0.529586149650184,"0","79"
"=HYPERLINK(""https://stackoverflow.com/q/56423194"", ""56423194"")",0.4029802397149339,"0","119"
"=HYPERLINK(""https://stackoverflow.com/q/56658409"", ""56658409"")",0.5918320784850553,"0","21"
"=HYPERLINK(""https://stackoverflow.com/q/56705065"", ""56705065"")",0.4732682473268243,"0","1889"
"=HYPERLINK(""https://stackoverflow.com/q/56790149"", ""56790149"")",0.3615079365079366,"1","57"
"=HYPERLINK(""https://stackoverflow.com/q/57193594"", ""57193594"")",0.7249846531614489,"0","129"
"=HYPERLINK(""https://stackoverflow.com/q/57201752"", ""57201752"")",0.3549494949494949,"0","1026"
"=HYPERLINK(""https://stackoverflow.com/q/57260344"", ""57260344"")",0.4258421317244846,"0","53"
"=HYPERLINK(""https://stackoverflow.com/q/57312839"", ""57312839"")",0.4965585054080635,"0","17"
"=HYPERLINK(""https://stackoverflow.com/q/57381490"", ""57381490"")",0.3635460147088055,"0","29"
"=HYPERLINK(""https://stackoverflow.com/q/57399796"", ""57399796"")",0.4773946360153256,"0","25"
"=HYPERLINK(""https://stackoverflow.com/q/57537903"", ""57537903"")",0.3310931899641579,"0","1129"
"=HYPERLINK(""https://stackoverflow.com/q/57758701"", ""57758701"")",0.356609574000878,"1","826"
"=HYPERLINK(""https://stackoverflow.com/q/57807601"", ""57807601"")",0.5287548855388048,"0","42"
"=HYPERLINK(""https://stackoverflow.com/q/57873246"", ""57873246"")",0.3650793650793648,"0","130"
"=HYPERLINK(""https://stackoverflow.com/q/57917619"", ""57917619"")",0.3906657190239285,"2","264"
"=HYPERLINK(""https://stackoverflow.com/q/57955158"", ""57955158"")",0.5900793650793652,"1","953"
"=HYPERLINK(""https://stackoverflow.com/q/58174301"", ""58174301"")",0.7489397794741318,"0","64"
"=HYPERLINK(""https://stackoverflow.com/q/58209467"", ""58209467"")",0.4332774986041314,"0","69"
"=HYPERLINK(""https://stackoverflow.com/q/58304326"", ""58304326"")",0.3582981715893105,"0","110"
"=HYPERLINK(""https://stackoverflow.com/q/58393594"", ""58393594"")",0.280683760683761,"2","241"
"=HYPERLINK(""https://stackoverflow.com/q/58405973"", ""58405973"")",0.3137554030002542,"3","1270"
"=HYPERLINK(""https://stackoverflow.com/q/58412412"", ""58412412"")",0.34028765607713,"0","65"
"=HYPERLINK(""https://stackoverflow.com/q/58452561"", ""58452561"")",0.3237606837606837,"1","96"
"=HYPERLINK(""https://stackoverflow.com/q/58647264"", ""58647264"")",0.3633265167007496,"0","27"
"=HYPERLINK(""https://stackoverflow.com/q/58726385"", ""58726385"")",0.5147652432547277,"1","967"
"=HYPERLINK(""https://stackoverflow.com/q/58884856"", ""58884856"")",0.3559348822506721,"2","155"
"=HYPERLINK(""https://stackoverflow.com/q/59286404"", ""59286404"")",0.4839206624301949,"0","35"
"=HYPERLINK(""https://stackoverflow.com/q/59309655"", ""59309655"")",0.543551862111419,"0","35"
"=HYPERLINK(""https://stackoverflow.com/q/59312183"", ""59312183"")",0.6272855133614622,"0","42"
"=HYPERLINK(""https://stackoverflow.com/q/59592466"", ""59592466"")",0.34241452991453,"0","487"
"=HYPERLINK(""https://stackoverflow.com/q/59856208"", ""59856208"")",0.4776677667766774,"0","51"
"=HYPERLINK(""https://stackoverflow.com/q/60000689"", ""60000689"")",0.4591452991452996,"0","54"
"=HYPERLINK(""https://stackoverflow.com/q/60033884"", ""60033884"")",0.4492160872528965,"0","1652"
"=HYPERLINK(""https://stackoverflow.com/q/60334874"", ""60334874"")",0.5288478000342408,"0","375"
"=HYPERLINK(""https://stackoverflow.com/q/60551169"", ""60551169"")",0.3262490678598064,"0","184"
"=HYPERLINK(""https://stackoverflow.com/q/60595868"", ""60595868"")",0.6422648661454641,"1","533"
"=HYPERLINK(""https://stackoverflow.com/q/60640554"", ""60640554"")",0.5939613526570038,"1","33"
"=HYPERLINK(""https://stackoverflow.com/q/60658887"", ""60658887"")",0.3439934399343994,"0","1296"
"=HYPERLINK(""https://stackoverflow.com/q/60765255"", ""60765255"")",0.2677667766776677,"0","31"
"=HYPERLINK(""https://stackoverflow.com/q/60787938"", ""60787938"")",0.5230137789504548,"0","30"
"=HYPERLINK(""https://stackoverflow.com/q/60811213"", ""60811213"")",0.3738059326294619,"0","59"
"=HYPERLINK(""https://stackoverflow.com/q/60828343"", ""60828343"")",0.4111303678028118,"0","108"
"=HYPERLINK(""https://stackoverflow.com/q/61093844"", ""61093844"")",0.710701484895032,"1","103"
"=HYPERLINK(""https://stackoverflow.com/q/61166073"", ""61166073"")",0.4100050276520863,"0","49"
"=HYPERLINK(""https://stackoverflow.com/q/61168261"", ""61168261"")",0.5869763205828787,"0","257"
"=HYPERLINK(""https://stackoverflow.com/q/61343530"", ""61343530"")",0.4324494949494947,"0","622"
"=HYPERLINK(""https://stackoverflow.com/q/61346116"", ""61346116"")",0.3861945085963561,"0","93"
"=HYPERLINK(""https://stackoverflow.com/q/61473875"", ""61473875"")",0.5391452991452997,"0","208"
"=HYPERLINK(""https://stackoverflow.com/q/61480945"", ""61480945"")",0.5945299145299153,"1","302"
"=HYPERLINK(""https://stackoverflow.com/q/61481389"", ""61481389"")",0.4525429219306778,"1","24"
"=HYPERLINK(""https://stackoverflow.com/q/61509767"", ""61509767"")",0.31981769605532,"0","134"
"=HYPERLINK(""https://stackoverflow.com/q/61734680"", ""61734680"")",0.4785513361462725,"0","396"
"=HYPERLINK(""https://stackoverflow.com/q/61753961"", ""61753961"")",0.439706230751007,"0","273"
"=HYPERLINK(""https://stackoverflow.com/q/61759228"", ""61759228"")",0.5370836831794004,"2","65"
"=HYPERLINK(""https://stackoverflow.com/q/61785820"", ""61785820"")",0.4618535586277519,"1","124"
"=HYPERLINK(""https://stackoverflow.com/q/61812848"", ""61812848"")",0.2250631313131312,"0","1239"
"=HYPERLINK(""https://stackoverflow.com/q/61842832"", ""61842832"")",0.3614267676767675,"1","838"
"=HYPERLINK(""https://stackoverflow.com/q/61884478"", ""61884478"")",0.3845838458384585,"0","737"
"=HYPERLINK(""https://stackoverflow.com/q/61946889"", ""61946889"")",0.3298171589310827,"0","16"
"=HYPERLINK(""https://stackoverflow.com/q/61947363"", ""61947363"")",0.2523729759910663,"0","26"
"=HYPERLINK(""https://stackoverflow.com/q/62095641"", ""62095641"")",0.5981620718462818,"0","121"
"=HYPERLINK(""https://stackoverflow.com/q/62330862"", ""62330862"")",0.3986928104575162,"1","140"
"=HYPERLINK(""https://stackoverflow.com/q/62363804"", ""62363804"")",0.3803249890206411,"1","65"
"=HYPERLINK(""https://stackoverflow.com/q/62453641"", ""62453641"")",0.6260931899641576,"0","307"
"=HYPERLINK(""https://stackoverflow.com/q/62501296"", ""62501296"")",0.4627627627627624,"0","871"
"=HYPERLINK(""https://stackoverflow.com/q/62527107"", ""62527107"")",0.3992650237786423,"0","23"
"=HYPERLINK(""https://stackoverflow.com/q/62612952"", ""62612952"")",0.8120839733742947,"0","99"
"=HYPERLINK(""https://stackoverflow.com/q/62660198"", ""62660198"")",0.5065595716198121,"0","8"
"=HYPERLINK(""https://stackoverflow.com/q/62662459"", ""62662459"")",0.4717601150133501,"0","146"
"=HYPERLINK(""https://stackoverflow.com/q/62792985"", ""62792985"")",0.5790061418202117,"1","40"
"=HYPERLINK(""https://stackoverflow.com/q/62861444"", ""62861444"")",0.3700661647273551,"0","159"
"=HYPERLINK(""https://stackoverflow.com/q/63041294"", ""63041294"")",0.7335004177109435,"0","190"
"=HYPERLINK(""https://stackoverflow.com/q/63092696"", ""63092696"")",0.3184565318456529,"0","35"
"=HYPERLINK(""https://stackoverflow.com/q/63114398"", ""63114398"")",0.5282463186077637,"0","41"
"=HYPERLINK(""https://stackoverflow.com/q/63116201"", ""63116201"")",0.5605783866057837,"0","56"
"=HYPERLINK(""https://stackoverflow.com/q/63148921"", ""63148921"")",0.4016115351993219,"0","35"
"=HYPERLINK(""https://stackoverflow.com/q/63214544"", ""63214544"")",0.3753166847629388,"0","20"
"=HYPERLINK(""https://stackoverflow.com/q/63254838"", ""63254838"")",0.3931367649508583,"2","83"
"=HYPERLINK(""https://stackoverflow.com/q/63314808"", ""63314808"")",0.4949494949494943,"0","34"
"=HYPERLINK(""https://stackoverflow.com/q/63528866"", ""63528866"")",0.5058760683760685,"0","63"
"=HYPERLINK(""https://stackoverflow.com/q/63612346"", ""63612346"")",0.5218964893231992,"0","22"
"=HYPERLINK(""https://stackoverflow.com/q/63617279"", ""63617279"")",0.3488045007032345,"0","33"
"=HYPERLINK(""https://stackoverflow.com/q/63637052"", ""63637052"")",0.2545796952576614,"1","120"
"=HYPERLINK(""https://stackoverflow.com/q/63785305"", ""63785305"")",0.3463907366346386,"0","83"
"=HYPERLINK(""https://stackoverflow.com/q/63883616"", ""63883616"")",0.3506908758707321,"0","80"
"=HYPERLINK(""https://stackoverflow.com/q/63909844"", ""63909844"")",0.3794802867383512,"0","88"
"=HYPERLINK(""https://stackoverflow.com/q/63917845"", ""63917845"")",0.3167104111986004,"0","17"
"=HYPERLINK(""https://stackoverflow.com/q/63920012"", ""63920012"")",0.322568242983468,"0","21"
"=HYPERLINK(""https://stackoverflow.com/q/63961470"", ""63961470"")",0.5650793650793652,"0","30"
"=HYPERLINK(""https://stackoverflow.com/q/63986976"", ""63986976"")",0.619118009361911,"0","180"
"=HYPERLINK(""https://stackoverflow.com/q/63988260"", ""63988260"")",0.5690856908569086,"1","46"
"=HYPERLINK(""https://stackoverflow.com/q/63990050"", ""63990050"")",0.3924349881796691,"0","12"
"=HYPERLINK(""https://stackoverflow.com/q/64019187"", ""64019187"")",0.3191609977324259,"0","70"
"=HYPERLINK(""https://stackoverflow.com/q/64205586"", ""64205586"")",0.4189435336976326,"0","116"
"=HYPERLINK(""https://stackoverflow.com/q/64287508"", ""64287508"")",0.2406271301976822,"0","15"
"=HYPERLINK(""https://stackoverflow.com/q/64345469"", ""64345469"")",0.7001633986928105,"0","11"
"=HYPERLINK(""https://stackoverflow.com/q/64382793"", ""64382793"")",0.5101969057665254,"0","45"
"=HYPERLINK(""https://stackoverflow.com/q/64462218"", ""64462218"")",0.246456916099773,"0","40"
"=HYPERLINK(""https://stackoverflow.com/q/64510852"", ""64510852"")",0.4520094562647755,"3","30"
"=HYPERLINK(""https://stackoverflow.com/q/64558870"", ""64558870"")",0.3257936507936508,"0","9"
"=HYPERLINK(""https://stackoverflow.com/q/64573024"", ""64573024"")",0.3222222222222221,"0","280"
"=HYPERLINK(""https://stackoverflow.com/q/64650514"", ""64650514"")",0.8361462728551329,"1","18"
"=HYPERLINK(""https://stackoverflow.com/q/64873243"", ""64873243"")",0.3485108820160366,"0","23"
"=HYPERLINK(""https://stackoverflow.com/q/64884604"", ""64884604"")",0.3400304414003043,"0","18"
"=HYPERLINK(""https://stackoverflow.com/q/64916809"", ""64916809"")",0.2754137115839244,"0","81"
"=HYPERLINK(""https://stackoverflow.com/q/65069704"", ""65069704"")",0.3977947413061921,"0","11"
"=HYPERLINK(""https://stackoverflow.com/q/65236060"", ""65236060"")",0.4442532032893477,"0","37"
"=HYPERLINK(""https://stackoverflow.com/q/65603279"", ""65603279"")",0.3687568756875686,"0","19"
"=HYPERLINK(""https://stackoverflow.com/q/65626996"", ""65626996"")",0.6653359946773115,"0","22"
"=HYPERLINK(""https://stackoverflow.com/q/65658016"", ""65658016"")",0.5652256351915051,"1","43"
"=HYPERLINK(""https://stackoverflow.com/q/65666703"", ""65666703"")",0.345526784491026,"0","21"
"=HYPERLINK(""https://stackoverflow.com/q/65682475"", ""65682475"")",0.4390896921017398,"0","88"
"=HYPERLINK(""https://stackoverflow.com/q/65736241"", ""65736241"")",0.6524281718789723,"0","10"
"=HYPERLINK(""https://stackoverflow.com/q/65798477"", ""65798477"")",0.5079365079365079,"1","26"
"=HYPERLINK(""https://stackoverflow.com/q/65806916"", ""65806916"")",0.7950865438302617,"0","41"
"=HYPERLINK(""https://stackoverflow.com/q/65836817"", ""65836817"")",0.5592387968078577,"0","37"
"=HYPERLINK(""https://stackoverflow.com/q/65883966"", ""65883966"")",0.4932145886344369,"2","59"
"=HYPERLINK(""https://stackoverflow.com/q/65949703"", ""65949703"")",0.6175710594315239,"0","19"
"=HYPERLINK(""https://stackoverflow.com/q/66040783"", ""66040783"")",0.3592484612892781,"1","70"
"=HYPERLINK(""https://stackoverflow.com/q/66053192"", ""66053192"")",0.3958749168330004,"0","42"
"=HYPERLINK(""https://stackoverflow.com/q/66088882"", ""66088882"")",0.4684533780011164,"1","27"
"=HYPERLINK(""https://stackoverflow.com/q/66193366"", ""66193366"")",0.5087286917231472,"0","9"
"=HYPERLINK(""https://stackoverflow.com/q/66221461"", ""66221461"")",0.7668650793650782,"0","24"
"=HYPERLINK(""https://stackoverflow.com/q/66234310"", ""66234310"")",0.4288090485695273,"0","30"
"=HYPERLINK(""https://stackoverflow.com/q/66276487"", ""66276487"")",0.4700356333009401,"1","25"
"=HYPERLINK(""https://stackoverflow.com/q/66487239"", ""66487239"")",0.6169007144616893,"0","95"
"=HYPERLINK(""https://stackoverflow.com/q/66584783"", ""66584783"")",0.2591225912259123,"0","13"
"=HYPERLINK(""https://stackoverflow.com/q/66666152"", ""66666152"")",0.5121245023525153,"0","24"
"=HYPERLINK(""https://stackoverflow.com/q/66669965"", ""66669965"")",0.5151092515109247,"2","48"
"=HYPERLINK(""https://stackoverflow.com/q/66708845"", ""66708845"")",0.3443152454780357,"0","53"
"=HYPERLINK(""https://stackoverflow.com/q/66724574"", ""66724574"")",0.7104951433309649,"0","41"
"=HYPERLINK(""https://stackoverflow.com/q/66741440"", ""66741440"")",0.3791160415566121,"0","74"
"=HYPERLINK(""https://stackoverflow.com/q/66755495"", ""66755495"")",0.2792692020879943,"0","14"
"=HYPERLINK(""https://stackoverflow.com/q/66758619"", ""66758619"")",0.3228933631618197,"0","11"
"=HYPERLINK(""https://stackoverflow.com/q/66853056"", ""66853056"")",0.8921017402945104,"0","12"
"=HYPERLINK(""https://stackoverflow.com/q/66864814"", ""66864814"")",0.3317727840199751,"0","26"
"=HYPERLINK(""https://stackoverflow.com/q/66865734"", ""66865734"")",0.6461935996819721,"1","36"
"=HYPERLINK(""https://stackoverflow.com/q/66883672"", ""66883672"")",0.2835719154737557,"0","13"
"=HYPERLINK(""https://stackoverflow.com/q/66950925"", ""66950925"")",0.6512879661668584,"0","22"
"=HYPERLINK(""https://stackoverflow.com/q/66951840"", ""66951840"")",0.5187046342825233,"0","11"
"=HYPERLINK(""https://stackoverflow.com/q/66958618"", ""66958618"")",0.3672603901611536,"0","57"
"=HYPERLINK(""https://stackoverflow.com/q/67008344"", ""67008344"")",0.5724526369687652,"1","35"
"=HYPERLINK(""https://stackoverflow.com/q/67113891"", ""67113891"")",0.3598061148396721,"0","50"
"=HYPERLINK(""https://stackoverflow.com/q/67310375"", ""67310375"")",0.6507936507936496,"0","22"
"=HYPERLINK(""https://stackoverflow.com/q/67336217"", ""67336217"")",0.3720593557727107,"0","54"
"=HYPERLINK(""https://stackoverflow.com/q/67398736"", ""67398736"")",0.4523107177974438,"0","11"
"=HYPERLINK(""https://stackoverflow.com/q/67401226"", ""67401226"")",0.4647371922821021,"0","22"
"=HYPERLINK(""https://stackoverflow.com/q/67456021"", ""67456021"")",0.3898868928809045,"0","30"
"=HYPERLINK(""https://stackoverflow.com/q/67483180"", ""67483180"")",0.3827825670498083,"1","21"
"=HYPERLINK(""https://stackoverflow.com/q/67755558"", ""67755558"")",0.3830355309098381,"0","6"
