link,Correlation
"=HYPERLINK(""https://stackoverflow.com/a/1745701"", ""1745701"")",0.33310517910107196
"=HYPERLINK(""https://stackoverflow.com/a/4036742"", ""4036742"")",0.3782797170887518
"=HYPERLINK(""https://stackoverflow.com/a/4550580"", ""4550580"")",0.49051490514905116
"=HYPERLINK(""https://stackoverflow.com/a/6798483"", ""6798483"")",0.3879680785758134
"=HYPERLINK(""https://stackoverflow.com/a/7504244"", ""7504244"")",0.47496947496947484
"=HYPERLINK(""https://stackoverflow.com/a/7806819"", ""7806819"")",0.6040404040404042
"=HYPERLINK(""https://stackoverflow.com/a/8223587"", ""8223587"")",0.36281628162816254
"=HYPERLINK(""https://stackoverflow.com/a/8573036"", ""8573036"")",0.6006006006006
"=HYPERLINK(""https://stackoverflow.com/a/8724081"", ""8724081"")",0.3159722222222225
"=HYPERLINK(""https://stackoverflow.com/a/8817667"", ""8817667"")",0.48650793650793656
"=HYPERLINK(""https://stackoverflow.com/a/9294719"", ""9294719"")",0.8357191547375585
"=HYPERLINK(""https://stackoverflow.com/a/9354843"", ""9354843"")",0.22222222222222232
"=HYPERLINK(""https://stackoverflow.com/a/9372609"", ""9372609"")",0.43961352657004865
"=HYPERLINK(""https://stackoverflow.com/a/9979011"", ""9979011"")",0.35105657805044305
"=HYPERLINK(""https://stackoverflow.com/a/10115103"", ""10115103"")",0.6566029985623342
"=HYPERLINK(""https://stackoverflow.com/a/10690347"", ""10690347"")",0.46741452991453014
"=HYPERLINK(""https://stackoverflow.com/a/11845036"", ""11845036"")",0.32399213372664737
"=HYPERLINK(""https://stackoverflow.com/a/12497556"", ""12497556"")",0.27222222222222203
"=HYPERLINK(""https://stackoverflow.com/a/12868351"", ""12868351"")",0.7831978319783192
"=HYPERLINK(""https://stackoverflow.com/a/13520370"", ""13520370"")",0.2671561429270682
"=HYPERLINK(""https://stackoverflow.com/a/14791486"", ""14791486"")",0.11695906432748529
"=HYPERLINK(""https://stackoverflow.com/a/15081635"", ""15081635"")",0.3051715309779823
"=HYPERLINK(""https://stackoverflow.com/a/15888405"", ""15888405"")",0.2665435518621115
"=HYPERLINK(""https://stackoverflow.com/a/16331872"", ""16331872"")",0.4648692810457517
"=HYPERLINK(""https://stackoverflow.com/a/16744433"", ""16744433"")",0.43961352657004865
"=HYPERLINK(""https://stackoverflow.com/a/16938606"", ""16938606"")",0.4492160872528967
"=HYPERLINK(""https://stackoverflow.com/a/17663734"", ""17663734"")",0.7419072615923021
"=HYPERLINK(""https://stackoverflow.com/a/17929670"", ""17929670"")",0.4804040404040403
"=HYPERLINK(""https://stackoverflow.com/a/18200426"", ""18200426"")",0.4153256704980842
"=HYPERLINK(""https://stackoverflow.com/a/18642298"", ""18642298"")",0.852359208523592
"=HYPERLINK(""https://stackoverflow.com/a/19623468"", ""19623468"")",0.5483091787439618
"=HYPERLINK(""https://stackoverflow.com/a/20771114"", ""20771114"")",0.3106200122774709
"=HYPERLINK(""https://stackoverflow.com/a/20843973"", ""20843973"")",0.5646879756468797
"=HYPERLINK(""https://stackoverflow.com/a/21380412"", ""21380412"")",0.5299145299145298
"=HYPERLINK(""https://stackoverflow.com/a/21549206"", ""21549206"")",0.5059592464436751
"=HYPERLINK(""https://stackoverflow.com/a/21715592"", ""21715592"")",0.2767676767676769
"=HYPERLINK(""https://stackoverflow.com/a/22921459"", ""22921459"")",0.38398692810457513
"=HYPERLINK(""https://stackoverflow.com/a/23216755"", ""23216755"")",0.2767676767676768
"=HYPERLINK(""https://stackoverflow.com/a/23333918"", ""23333918"")",0.5903203817314239
"=HYPERLINK(""https://stackoverflow.com/a/23608115"", ""23608115"")",0.4049145299145301
"=HYPERLINK(""https://stackoverflow.com/a/23713162"", ""23713162"")",0.49222222222222184
"=HYPERLINK(""https://stackoverflow.com/a/24625219"", ""24625219"")",0.49428104575163406
"=HYPERLINK(""https://stackoverflow.com/a/24964212"", ""24964212"")",0.2690972222222223
"=HYPERLINK(""https://stackoverflow.com/a/25422037"", ""25422037"")",0.3853801169590648
"=HYPERLINK(""https://stackoverflow.com/a/26604388"", ""26604388"")",0.30222222222222206
"=HYPERLINK(""https://stackoverflow.com/a/26694685"", ""26694685"")",0.40404040404040376
"=HYPERLINK(""https://stackoverflow.com/a/27113302"", ""27113302"")",0.5274170274170271
"=HYPERLINK(""https://stackoverflow.com/a/28124664"", ""28124664"")",0.37812109862671694
"=HYPERLINK(""https://stackoverflow.com/a/28405330"", ""28405330"")",0.6075433231396536
"=HYPERLINK(""https://stackoverflow.com/a/28493440"", ""28493440"")",0.2633181126331811
"=HYPERLINK(""https://stackoverflow.com/a/28540121"", ""28540121"")",0.14114114114114104
"=HYPERLINK(""https://stackoverflow.com/a/29178008"", ""29178008"")",0.5507936507936507
"=HYPERLINK(""https://stackoverflow.com/a/29955886"", ""29955886"")",0.5133614627285508
"=HYPERLINK(""https://stackoverflow.com/a/30654944"", ""30654944"")",0.4185412406271299
"=HYPERLINK(""https://stackoverflow.com/a/30671959"", ""30671959"")",0.41980286738351263
"=HYPERLINK(""https://stackoverflow.com/a/30672157"", ""30672157"")",0.507936507936508
"=HYPERLINK(""https://stackoverflow.com/a/30784275"", ""30784275"")",0.5256704980842912
"=HYPERLINK(""https://stackoverflow.com/a/31700927"", ""31700927"")",0.396534148827727
"=HYPERLINK(""https://stackoverflow.com/a/32530413"", ""32530413"")",0.30361757105943116
"=HYPERLINK(""https://stackoverflow.com/a/33678506"", ""33678506"")",0.4439517122443947
"=HYPERLINK(""https://stackoverflow.com/a/34260683"", ""34260683"")",0.34086629001883206
"=HYPERLINK(""https://stackoverflow.com/a/34266320"", ""34266320"")",0.4954780361757099
"=HYPERLINK(""https://stackoverflow.com/a/34719825"", ""34719825"")",0.19097222222222235
"=HYPERLINK(""https://stackoverflow.com/a/35136621"", ""35136621"")",0.5249745158002042
"=HYPERLINK(""https://stackoverflow.com/a/36889925"", ""36889925"")",0.43222222222222184
"=HYPERLINK(""https://stackoverflow.com/a/37271467"", ""37271467"")",0.3707577870757784
"=HYPERLINK(""https://stackoverflow.com/a/37314773"", ""37314773"")",0.7975646879756468
"=HYPERLINK(""https://stackoverflow.com/a/38272266"", ""38272266"")",0.35015399194503716
"=HYPERLINK(""https://stackoverflow.com/a/39472150"", ""39472150"")",0.33091787439613546
"=HYPERLINK(""https://stackoverflow.com/a/40745293"", ""40745293"")",0.548588781707753
"=HYPERLINK(""https://stackoverflow.com/a/41549744"", ""41549744"")",0.3091787439613529
"=HYPERLINK(""https://stackoverflow.com/a/42276769"", ""42276769"")",0.34550989345509897
"=HYPERLINK(""https://stackoverflow.com/a/42296365"", ""42296365"")",0.4559884559884557
"=HYPERLINK(""https://stackoverflow.com/a/42348560"", ""42348560"")",0.3387866394001361
"=HYPERLINK(""https://stackoverflow.com/a/42527342"", ""42527342"")",0.276276276276276
"=HYPERLINK(""https://stackoverflow.com/a/42942251"", ""42942251"")",0.11695906432748546
"=HYPERLINK(""https://stackoverflow.com/a/44026235"", ""44026235"")",0.3798514782121342
"=HYPERLINK(""https://stackoverflow.com/a/45038739"", ""45038739"")",0.5235920852359208
"=HYPERLINK(""https://stackoverflow.com/a/46046354"", ""46046354"")",0.19519519519519507
"=HYPERLINK(""https://stackoverflow.com/a/46546269"", ""46546269"")",0.6398046398046398
"=HYPERLINK(""https://stackoverflow.com/a/46706347"", ""46706347"")",0.3993439934399345
"=HYPERLINK(""https://stackoverflow.com/a/47708334"", ""47708334"")",0.2111724984653161
"=HYPERLINK(""https://stackoverflow.com/a/47860867"", ""47860867"")",0.5418424753867785
"=HYPERLINK(""https://stackoverflow.com/a/48626065"", ""48626065"")",0.20527306967984926
"=HYPERLINK(""https://stackoverflow.com/a/48692606"", ""48692606"")",0.32583668005354743
"=HYPERLINK(""https://stackoverflow.com/a/48993808"", ""48993808"")",0.6978319783197826
"=HYPERLINK(""https://stackoverflow.com/a/49207544"", ""49207544"")",0.42953929539295355
"=HYPERLINK(""https://stackoverflow.com/a/49644713"", ""49644713"")",0.5628815628815628
"=HYPERLINK(""https://stackoverflow.com/a/49874273"", ""49874273"")",0.1753472222222223
"=HYPERLINK(""https://stackoverflow.com/a/50165032"", ""50165032"")",0.20048309178743975
"=HYPERLINK(""https://stackoverflow.com/a/50384822"", ""50384822"")",0.5536175710594309
"=HYPERLINK(""https://stackoverflow.com/a/50517342"", ""50517342"")",0.2538427755819058
"=HYPERLINK(""https://stackoverflow.com/a/50652906"", ""50652906"")",0.7439613526570055
"=HYPERLINK(""https://stackoverflow.com/a/51665556"", ""51665556"")",0.40116959064327534
"=HYPERLINK(""https://stackoverflow.com/a/54952024"", ""54952024"")",0.24676209952283565
"=HYPERLINK(""https://stackoverflow.com/a/56581077"", ""56581077"")",0.3438438438438434
"=HYPERLINK(""https://stackoverflow.com/a/56982453"", ""56982453"")",0.2989267676767677
"=HYPERLINK(""https://stackoverflow.com/a/57062693"", ""57062693"")",0.3622222222222219
"=HYPERLINK(""https://stackoverflow.com/a/57092928"", ""57092928"")",0.4300144300144296
"=HYPERLINK(""https://stackoverflow.com/a/57377367"", ""57377367"")",0.46612466124661217
"=HYPERLINK(""https://stackoverflow.com/a/57717999"", ""57717999"")",0.6552930883639555
"=HYPERLINK(""https://stackoverflow.com/a/57980744"", ""57980744"")",0.4335624284077892
"=HYPERLINK(""https://stackoverflow.com/a/58083227"", ""58083227"")",0.6463657785028097
"=HYPERLINK(""https://stackoverflow.com/a/58480476"", ""58480476"")",0.35006313131313116
"=HYPERLINK(""https://stackoverflow.com/a/58496413"", ""58496413"")",0.3519293351929331
"=HYPERLINK(""https://stackoverflow.com/a/58909686"", ""58909686"")",0.40903540903540897
"=HYPERLINK(""https://stackoverflow.com/a/60537869"", ""60537869"")",0.3472222222222224
"=HYPERLINK(""https://stackoverflow.com/a/61789540"", ""61789540"")",0.15628815628815632
"=HYPERLINK(""https://stackoverflow.com/a/62524110"", ""62524110"")",0.4504101416853098
"=HYPERLINK(""https://stackoverflow.com/a/63365447"", ""63365447"")",0.4661246612466121
"=HYPERLINK(""https://stackoverflow.com/a/63504022"", ""63504022"")",0.11507936507936507
"=HYPERLINK(""https://stackoverflow.com/a/64395863"", ""64395863"")",0.11695906432748551
"=HYPERLINK(""https://stackoverflow.com/a/64655601"", ""64655601"")",0.46507936507936515
"=HYPERLINK(""https://stackoverflow.com/a/65605617"", ""65605617"")",0.772680937818553
"=HYPERLINK(""https://stackoverflow.com/a/65612600"", ""65612600"")",0.5347222222222228
"=HYPERLINK(""https://stackoverflow.com/a/66414937"", ""66414937"")",0.18585858585858592
"=HYPERLINK(""https://stackoverflow.com/a/66615818"", ""66615818"")",0.5011695906432756
"=HYPERLINK(""https://stackoverflow.com/a/66669314"", ""66669314"")",0.1909722222222223
"=HYPERLINK(""https://stackoverflow.com/a/66713116"", ""66713116"")",0.36767676767676766
"=HYPERLINK(""https://stackoverflow.com/a/67508411"", ""67508411"")",0.4757936507936509
