"link","Correlation","score","view_count"
"=HYPERLINK(""https://stackoverflow.com/q/984708"", ""984708"")",0.5114114114114108,"2","713"
"=HYPERLINK(""https://stackoverflow.com/q/2470029"", ""2470029"")",0.6616472735569237,"0","843"
"=HYPERLINK(""https://stackoverflow.com/q/2983445"", ""2983445"")",0.4222222222222226,"0","1183"
"=HYPERLINK(""https://stackoverflow.com/q/3122038"", ""3122038"")",0.7027417027417023,"5","21904"
"=HYPERLINK(""https://stackoverflow.com/q/3412918"", ""3412918"")",0.2724734785036291,"1","7458"
"=HYPERLINK(""https://stackoverflow.com/q/3700594"", ""3700594"")",0.2697726544988792,"0","610"
"=HYPERLINK(""https://stackoverflow.com/q/3775654"", ""3775654"")",0.5276276276276272,"0","9367"
"=HYPERLINK(""https://stackoverflow.com/q/3889852"", ""3889852"")",0.3807008276104948,"1","2073"
"=HYPERLINK(""https://stackoverflow.com/q/4080215"", ""4080215"")",0.5341488277268096,"4","1918"
"=HYPERLINK(""https://stackoverflow.com/q/4127316"", ""4127316"")",0.4546165884194058,"0","1616"
"=HYPERLINK(""https://stackoverflow.com/q/4277332"", ""4277332"")",0.2349494949494948,"4","20468"
"=HYPERLINK(""https://stackoverflow.com/q/4326598"", ""4326598"")",0.4816561844863733,"4","10070"
"=HYPERLINK(""https://stackoverflow.com/q/4496769"", ""4496769"")",0.2835360908353611,"3","9495"
"=HYPERLINK(""https://stackoverflow.com/q/4556252"", ""4556252"")",0.4892676767676763,"0","1261"
"=HYPERLINK(""https://stackoverflow.com/q/4606985"", ""4606985"")",0.3990032248607448,"2","2993"
"=HYPERLINK(""https://stackoverflow.com/q/4752086"", ""4752086"")",0.3875401412973668,"1","226"
"=HYPERLINK(""https://stackoverflow.com/q/4804623"", ""4804623"")",0.8360153256704983,"1","1118"
"=HYPERLINK(""https://stackoverflow.com/q/5052804"", ""5052804"")",0.3178854875283443,"3","2458"
"=HYPERLINK(""https://stackoverflow.com/q/5454161"", ""5454161"")",0.3190940688417985,"2","2409"
"=HYPERLINK(""https://stackoverflow.com/q/5552901"", ""5552901"")",0.6687871077184063,"0","467"
"=HYPERLINK(""https://stackoverflow.com/q/5554752"", ""5554752"")",0.3700054734537488,"3","553"
"=HYPERLINK(""https://stackoverflow.com/q/5846347"", ""5846347"")",0.4435660957400085,"2","265"
"=HYPERLINK(""https://stackoverflow.com/q/5971174"", ""5971174"")",0.4992305324715298,"3","1182"
"=HYPERLINK(""https://stackoverflow.com/q/6143493"", ""6143493"")",0.2805312601230971,"1","467"
"=HYPERLINK(""https://stackoverflow.com/q/6144996"", ""6144996"")",0.3574681238615667,"0","1847"
"=HYPERLINK(""https://stackoverflow.com/q/6201900"", ""6201900"")",0.4349881796690308,"1","1827"
"=HYPERLINK(""https://stackoverflow.com/q/6318957"", ""6318957"")",0.4286738351254479,"3","5705"
"=HYPERLINK(""https://stackoverflow.com/q/6491751"", ""6491751"")",0.3760683760683762,"0","2595"
"=HYPERLINK(""https://stackoverflow.com/q/6771383"", ""6771383"")",0.5426642111724986,"0","342"
"=HYPERLINK(""https://stackoverflow.com/q/6785448"", ""6785448"")",0.4921337266470015,"0","1866"
"=HYPERLINK(""https://stackoverflow.com/q/6847729"", ""6847729"")",0.3498817966903074,"1","736"
"=HYPERLINK(""https://stackoverflow.com/q/6870677"", ""6870677"")",0.7461516932549666,"2","2159"
"=HYPERLINK(""https://stackoverflow.com/q/6912647"", ""6912647"")",0.5683760683760687,"0","2531"
"=HYPERLINK(""https://stackoverflow.com/q/6985609"", ""6985609"")",0.406045751633987,"1","757"
"=HYPERLINK(""https://stackoverflow.com/q/7260403"", ""7260403"")",0.3864013266998345,"0","4234"
"=HYPERLINK(""https://stackoverflow.com/q/7375178"", ""7375178"")",0.34783798576902,"2","7898"
"=HYPERLINK(""https://stackoverflow.com/q/7482334"", ""7482334"")",0.5544697792254794,"0","1022"
"=HYPERLINK(""https://stackoverflow.com/q/7504057"", ""7504057"")",0.7176350662589198,"12","13603"
"=HYPERLINK(""https://stackoverflow.com/q/7549675"", ""7549675"")",0.3928809048569525,"1","498"
"=HYPERLINK(""https://stackoverflow.com/q/7714157"", ""7714157"")",0.4293650793650794,"1","1262"
"=HYPERLINK(""https://stackoverflow.com/q/7835247"", ""7835247"")",0.4296144193474785,"4","1689"
"=HYPERLINK(""https://stackoverflow.com/q/8005085"", ""8005085"")",0.5597080659368312,"0","2159"
"=HYPERLINK(""https://stackoverflow.com/q/8076111"", ""8076111"")",0.6738351254480277,"0","1655"
"=HYPERLINK(""https://stackoverflow.com/q/8230203"", ""8230203"")",0.3862280277374613,"0","2005"
"=HYPERLINK(""https://stackoverflow.com/q/8293777"", ""8293777"")",0.504664970313826,"0","820"
"=HYPERLINK(""https://stackoverflow.com/q/8328212"", ""8328212"")",0.3634435962680241,"1","2893"
"=HYPERLINK(""https://stackoverflow.com/q/8541404"", ""8541404"")",0.6372419850680713,"0","404"
"=HYPERLINK(""https://stackoverflow.com/q/8573914"", ""8573914"")",0.5748538011695916,"2","5116"
"=HYPERLINK(""https://stackoverflow.com/q/8585629"", ""8585629"")",0.6380116959064338,"1","612"
"=HYPERLINK(""https://stackoverflow.com/q/8702238"", ""8702238"")",0.3552271483305964,"0","2526"
"=HYPERLINK(""https://stackoverflow.com/q/8817352"", ""8817352"")",0.4695906432748542,"1","683"
"=HYPERLINK(""https://stackoverflow.com/q/8857318"", ""8857318"")",0.8976839636470249,"4","1310"
"=HYPERLINK(""https://stackoverflow.com/q/8980486"", ""8980486"")",0.2499802293396603,"1","630"
"=HYPERLINK(""https://stackoverflow.com/q/9070690"", ""9070690"")",0.488351254480287,"1","2766"
"=HYPERLINK(""https://stackoverflow.com/q/9139207"", ""9139207"")",0.560153256704981,"1","414"
"=HYPERLINK(""https://stackoverflow.com/q/9155913"", ""9155913"")",0.9118773946360156,"0","691"
"=HYPERLINK(""https://stackoverflow.com/q/9221170"", ""9221170"")",0.5771840542832916,"5","2270"
"=HYPERLINK(""https://stackoverflow.com/q/9289910"", ""9289910"")",0.7509107468123869,"1","2033"
"=HYPERLINK(""https://stackoverflow.com/q/9313245"", ""9313245"")",0.4033033033033031,"0","709"
"=HYPERLINK(""https://stackoverflow.com/q/9358358"", ""9358358"")",0.8650793650793642,"0","1185"
"=HYPERLINK(""https://stackoverflow.com/q/9378353"", ""9378353"")",0.4246762099522829,"1","1077"
"=HYPERLINK(""https://stackoverflow.com/q/9392326"", ""9392326"")",0.5274853801169599,"0","731"
"=HYPERLINK(""https://stackoverflow.com/q/9396446"", ""9396446"")",0.7487708947885946,"0","311"
"=HYPERLINK(""https://stackoverflow.com/q/9439060"", ""9439060"")",0.5765529308836407,"0","423"
"=HYPERLINK(""https://stackoverflow.com/q/9497228"", ""9497228"")",0.6169590643274863,"13","17504"
"=HYPERLINK(""https://stackoverflow.com/q/9518268"", ""9518268"")",0.5727376861397478,"9","4027"
"=HYPERLINK(""https://stackoverflow.com/q/9716971"", ""9716971"")",0.5091074681238624,"3","581"
"=HYPERLINK(""https://stackoverflow.com/q/9717825"", ""9717825"")",0.4737192282102458,"2","1579"
"=HYPERLINK(""https://stackoverflow.com/q/9903327"", ""9903327"")",0.7115839243498819,"0","282"
"=HYPERLINK(""https://stackoverflow.com/q/9959449"", ""9959449"")",0.7734687596183444,"1","12891"
"=HYPERLINK(""https://stackoverflow.com/q/10072288"", ""10072288"")",0.3828870421668205,"1","202"
"=HYPERLINK(""https://stackoverflow.com/q/10152372"", ""10152372"")",0.5647636586863107,"0","248"
"=HYPERLINK(""https://stackoverflow.com/q/10170940"", ""10170940"")",0.4546546546546543,"4","5243"
"=HYPERLINK(""https://stackoverflow.com/q/10358532"", ""10358532"")",0.5118149824032175,"2","1850"
"=HYPERLINK(""https://stackoverflow.com/q/10586755"", ""10586755"")",0.3022222222222223,"5","1923"
"=HYPERLINK(""https://stackoverflow.com/q/10632383"", ""10632383"")",0.4584031267448348,"0","339"
"=HYPERLINK(""https://stackoverflow.com/q/10673123"", ""10673123"")",0.3404488232074436,"0","532"
"=HYPERLINK(""https://stackoverflow.com/q/10697421"", ""10697421"")",0.5858585858585854,"0","277"
"=HYPERLINK(""https://stackoverflow.com/q/10761717"", ""10761717"")",0.3952326028450594,"0","68"
"=HYPERLINK(""https://stackoverflow.com/q/10784169"", ""10784169"")",0.2711618633315207,"1","1718"
"=HYPERLINK(""https://stackoverflow.com/q/11142003"", ""11142003"")",0.3109594235874098,"1","3542"
"=HYPERLINK(""https://stackoverflow.com/q/11248169"", ""11248169"")",0.2465383316447146,"1","526"
"=HYPERLINK(""https://stackoverflow.com/q/11288348"", ""11288348"")",0.4510045100451005,"2","127"
"=HYPERLINK(""https://stackoverflow.com/q/11352675"", ""11352675"")",0.430691277596815,"0","1975"
"=HYPERLINK(""https://stackoverflow.com/q/11396792"", ""11396792"")",0.3665175242356454,"2","442"
"=HYPERLINK(""https://stackoverflow.com/q/11412898"", ""11412898"")",0.5816692268305159,"0","686"
"=HYPERLINK(""https://stackoverflow.com/q/11429441"", ""11429441"")",0.52271483305966,"0","1240"
"=HYPERLINK(""https://stackoverflow.com/q/11476654"", ""11476654"")",0.6131017010495835,"0","900"
"=HYPERLINK(""https://stackoverflow.com/q/11513122"", ""11513122"")",0.5828779599271411,"3","5650"
"=HYPERLINK(""https://stackoverflow.com/q/11513915"", ""11513915"")",0.3497390007457125,"1","1388"
"=HYPERLINK(""https://stackoverflow.com/q/11657977"", ""11657977"")",0.7475678443420366,"0","432"
"=HYPERLINK(""https://stackoverflow.com/q/11666759"", ""11666759"")",0.4596892406918795,"0","1402"
"=HYPERLINK(""https://stackoverflow.com/q/11796933"", ""11796933"")",0.540194572452636,"0","278"
"=HYPERLINK(""https://stackoverflow.com/q/11876789"", ""11876789"")",0.4886582083813914,"0","936"
"=HYPERLINK(""https://stackoverflow.com/q/11886261"", ""11886261"")",0.3757936507936509,"1","173"
"=HYPERLINK(""https://stackoverflow.com/q/11886718"", ""11886718"")",0.276104948054235,"0","592"
"=HYPERLINK(""https://stackoverflow.com/q/11993670"", ""11993670"")",0.4802867383512538,"1","390"
"=HYPERLINK(""https://stackoverflow.com/q/12031216"", ""12031216"")",0.270860354517942,"1","620"
"=HYPERLINK(""https://stackoverflow.com/q/12155128"", ""12155128"")",0.4148343594253887,"0","397"
"=HYPERLINK(""https://stackoverflow.com/q/12185988"", ""12185988"")",0.3696876600102403,"0","1167"
"=HYPERLINK(""https://stackoverflow.com/q/12287660"", ""12287660"")",0.4228210246174316,"0","1116"
"=HYPERLINK(""https://stackoverflow.com/q/12600020"", ""12600020"")",0.4897589269530545,"1","713"
"=HYPERLINK(""https://stackoverflow.com/q/12674988"", ""12674988"")",0.7691835481890732,"0","336"
"=HYPERLINK(""https://stackoverflow.com/q/12702529"", ""12702529"")",0.9235209235209229,"1","484"
"=HYPERLINK(""https://stackoverflow.com/q/12743006"", ""12743006"")",0.5689558905639303,"0","65"
"=HYPERLINK(""https://stackoverflow.com/q/12832717"", ""12832717"")",0.4575163398692811,"0","181"
"=HYPERLINK(""https://stackoverflow.com/q/12863922"", ""12863922"")",0.8695906432748551,"0","230"
"=HYPERLINK(""https://stackoverflow.com/q/12892568"", ""12892568"")",0.6266543551862113,"3","2183"
"=HYPERLINK(""https://stackoverflow.com/q/12958346"", ""12958346"")",0.3299392640228655,"0","106"
"=HYPERLINK(""https://stackoverflow.com/q/13121688"", ""13121688"")",0.864424057084608,"18","17703"
"=HYPERLINK(""https://stackoverflow.com/q/13188827"", ""13188827"")",0.4410587873191751,"1","354"
"=HYPERLINK(""https://stackoverflow.com/q/13195307"", ""13195307"")",0.6722222222222224,"0","858"
"=HYPERLINK(""https://stackoverflow.com/q/13271557"", ""13271557"")",0.464366399671391,"2","4294"
"=HYPERLINK(""https://stackoverflow.com/q/13392577"", ""13392577"")",0.4510357815442559,"2","15850"
"=HYPERLINK(""https://stackoverflow.com/q/13408502"", ""13408502"")",0.477086035451794,"2","1346"
"=HYPERLINK(""https://stackoverflow.com/q/13414720"", ""13414720"")",0.6056214317083873,"1","1237"
"=HYPERLINK(""https://stackoverflow.com/q/13447944"", ""13447944"")",0.5186823992133731,"2","186"
"=HYPERLINK(""https://stackoverflow.com/q/13502287"", ""13502287"")",0.515839243498818,"0","314"
"=HYPERLINK(""https://stackoverflow.com/q/13695322"", ""13695322"")",0.6100850190559958,"0","549"
"=HYPERLINK(""https://stackoverflow.com/q/13781686"", ""13781686"")",0.4239267676767673,"1","489"
"=HYPERLINK(""https://stackoverflow.com/q/13825378"", ""13825378"")",0.4237335572348164,"0","1953"
"=HYPERLINK(""https://stackoverflow.com/q/13870089"", ""13870089"")",0.5158392434988182,"0","2364"
"=HYPERLINK(""https://stackoverflow.com/q/14191389"", ""14191389"")",0.5608298171589304,"2","1285"
"=HYPERLINK(""https://stackoverflow.com/q/14216216"", ""14216216"")",0.7107014848950319,"0","1217"
"=HYPERLINK(""https://stackoverflow.com/q/14890166"", ""14890166"")",0.4817377931564776,"0","417"
"=HYPERLINK(""https://stackoverflow.com/q/15003511"", ""15003511"")",0.620425815036593,"0","270"
"=HYPERLINK(""https://stackoverflow.com/q/15106856"", ""15106856"")",0.5340778923253149,"0","205"
"=HYPERLINK(""https://stackoverflow.com/q/15224492"", ""15224492"")",0.6702741702741699,"2","360"
"=HYPERLINK(""https://stackoverflow.com/q/15349139"", ""15349139"")",0.4754689754689749,"1","1061"
"=HYPERLINK(""https://stackoverflow.com/q/15382312"", ""15382312"")",0.62748538011696,"0","96"
"=HYPERLINK(""https://stackoverflow.com/q/15410332"", ""15410332"")",0.4169124877089483,"2","235"
"=HYPERLINK(""https://stackoverflow.com/q/15434412"", ""15434412"")",0.4425347222222227,"1","298"
"=HYPERLINK(""https://stackoverflow.com/q/15698362"", ""15698362"")",0.4172509029105589,"2","3172"
"=HYPERLINK(""https://stackoverflow.com/q/15740199"", ""15740199"")",0.4605200945626479,"1","505"
"=HYPERLINK(""https://stackoverflow.com/q/15763574"", ""15763574"")",0.4553510565780502,"0","2186"
"=HYPERLINK(""https://stackoverflow.com/q/15919715"", ""15919715"")",0.4007936507936509,"0","2922"
"=HYPERLINK(""https://stackoverflow.com/q/15995578"", ""15995578"")",0.4737192282102458,"0","632"
"=HYPERLINK(""https://stackoverflow.com/q/16200946"", ""16200946"")",0.4160683760683766,"2","6134"
"=HYPERLINK(""https://stackoverflow.com/q/16214812"", ""16214812"")",0.4636015325670499,"2","808"
"=HYPERLINK(""https://stackoverflow.com/q/16306006"", ""16306006"")",0.4405766526019688,"0","412"
"=HYPERLINK(""https://stackoverflow.com/q/16356233"", ""16356233"")",0.3293650793650795,"1","1196"
"=HYPERLINK(""https://stackoverflow.com/q/16399280"", ""16399280"")",0.4194053208137719,"4","3941"
"=HYPERLINK(""https://stackoverflow.com/q/16448054"", ""16448054"")",0.4375566431031359,"0","263"
"=HYPERLINK(""https://stackoverflow.com/q/16744243"", ""16744243"")",0.446977922547955,"1","187"
"=HYPERLINK(""https://stackoverflow.com/q/16828966"", ""16828966"")",0.6552119129438717,"9","4536"
"=HYPERLINK(""https://stackoverflow.com/q/16911661"", ""16911661"")",0.6694584031267442,"3","2264"
"=HYPERLINK(""https://stackoverflow.com/q/16934479"", ""16934479"")",0.6868376068376076,"4","1658"
"=HYPERLINK(""https://stackoverflow.com/q/17268698"", ""17268698"")",0.8288704216682057,"2","9512"
"=HYPERLINK(""https://stackoverflow.com/q/17271347"", ""17271347"")",0.5731837606837611,"0","185"
"=HYPERLINK(""https://stackoverflow.com/q/17273496"", ""17273496"")",0.7321036451471225,"0","2453"
"=HYPERLINK(""https://stackoverflow.com/q/17279416"", ""17279416"")",0.6257698940625763,"0","3631"
"=HYPERLINK(""https://stackoverflow.com/q/17346677"", ""17346677"")",0.2603901611535201,"0","541"
"=HYPERLINK(""https://stackoverflow.com/q/17352676"", ""17352676"")",0.4498084291187741,"0","125"
"=HYPERLINK(""https://stackoverflow.com/q/17459434"", ""17459434"")",0.5253645512425555,"0","226"
"=HYPERLINK(""https://stackoverflow.com/q/17577317"", ""17577317"")",0.4486373165618449,"1","1767"
"=HYPERLINK(""https://stackoverflow.com/q/17590892"", ""17590892"")",0.5088671733622872,"2","365"
"=HYPERLINK(""https://stackoverflow.com/q/17659288"", ""17659288"")",0.5186507936507938,"1","377"
"=HYPERLINK(""https://stackoverflow.com/q/17750522"", ""17750522"")",0.4807449494949492,"0","136"
"=HYPERLINK(""https://stackoverflow.com/q/17800185"", ""17800185"")",0.6041464204729522,"2","308"
"=HYPERLINK(""https://stackoverflow.com/q/17859813"", ""17859813"")",0.5633300939423395,"2","1870"
"=HYPERLINK(""https://stackoverflow.com/q/17890967"", ""17890967"")",0.2899145299145303,"2","225"
"=HYPERLINK(""https://stackoverflow.com/q/17949833"", ""17949833"")",0.4438438438438434,"0","512"
"=HYPERLINK(""https://stackoverflow.com/q/17949889"", ""17949889"")",0.6860520094562649,"5","526"
"=HYPERLINK(""https://stackoverflow.com/q/18027222"", ""18027222"")",0.5079365079365084,"0","138"
"=HYPERLINK(""https://stackoverflow.com/q/18039145"", ""18039145"")",0.369281045751634,"2","19496"
"=HYPERLINK(""https://stackoverflow.com/q/18041364"", ""18041364"")",0.4686287930641109,"0","480"
"=HYPERLINK(""https://stackoverflow.com/q/18096689"", ""18096689"")",0.349249249249249,"0","1568"
"=HYPERLINK(""https://stackoverflow.com/q/18155999"", ""18155999"")",0.573261483192199,"2","349"
"=HYPERLINK(""https://stackoverflow.com/q/18270581"", ""18270581"")",0.717797443461161,"0","373"
"=HYPERLINK(""https://stackoverflow.com/q/18270659"", ""18270659"")",0.5540194572452628,"0","979"
"=HYPERLINK(""https://stackoverflow.com/q/18494786"", ""18494786"")",0.5169590643274863,"4","1585"
"=HYPERLINK(""https://stackoverflow.com/q/18585745"", ""18585745"")",0.5381218038121799,"5","11811"
"=HYPERLINK(""https://stackoverflow.com/q/18617586"", ""18617586"")",0.6674184333182984,"1","248"
"=HYPERLINK(""https://stackoverflow.com/q/18653189"", ""18653189"")",0.4860520094562648,"0","109"
"=HYPERLINK(""https://stackoverflow.com/q/18730532"", ""18730532"")",0.6652991452991462,"3","853"
"=HYPERLINK(""https://stackoverflow.com/q/18808535"", ""18808535"")",0.7369281045751634,"2","2103"
"=HYPERLINK(""https://stackoverflow.com/q/18867452"", ""18867452"")",0.2750623807426977,"0","851"
"=HYPERLINK(""https://stackoverflow.com/q/19109573"", ""19109573"")",0.3877394636015325,"0","108"
"=HYPERLINK(""https://stackoverflow.com/q/19257165"", ""19257165"")",0.6558505408062936,"2","1085"
"=HYPERLINK(""https://stackoverflow.com/q/19264333"", ""19264333"")",0.6572871572871569,"0","112"
"=HYPERLINK(""https://stackoverflow.com/q/19289621"", ""19289621"")",0.6114839671886654,"0","1121"
"=HYPERLINK(""https://stackoverflow.com/q/19392642"", ""19392642"")",0.2828916782891677,"0","569"
"=HYPERLINK(""https://stackoverflow.com/q/19410892"", ""19410892"")",0.4910901467505242,"2","1551"
"=HYPERLINK(""https://stackoverflow.com/q/19432016"", ""19432016"")",0.5819686564536016,"0","898"
"=HYPERLINK(""https://stackoverflow.com/q/19492019"", ""19492019"")",0.4115079365079366,"0","304"
"=HYPERLINK(""https://stackoverflow.com/q/19495048"", ""19495048"")",0.3945299145299151,"4","3937"
"=HYPERLINK(""https://stackoverflow.com/q/19654786"", ""19654786"")",0.2380533567868662,"0","103"
"=HYPERLINK(""https://stackoverflow.com/q/19663119"", ""19663119"")",0.8023748939779488,"9","6392"
"=HYPERLINK(""https://stackoverflow.com/q/19670711"", ""19670711"")",0.2321559970566594,"0","354"
"=HYPERLINK(""https://stackoverflow.com/q/19926493"", ""19926493"")",0.4381313131313128,"0","4095"
"=HYPERLINK(""https://stackoverflow.com/q/20072050"", ""20072050"")",0.3788487282463184,"0","1069"
"=HYPERLINK(""https://stackoverflow.com/q/20162336"", ""20162336"")",0.5874396135265688,"2","799"
"=HYPERLINK(""https://stackoverflow.com/q/20248573"", ""20248573"")",0.3513735137351375,"1","330"
"=HYPERLINK(""https://stackoverflow.com/q/20272633"", ""20272633"")",0.4493348982785606,"2","470"
"=HYPERLINK(""https://stackoverflow.com/q/20335978"", ""20335978"")",0.7299827543729973,"7","11616"
"=HYPERLINK(""https://stackoverflow.com/q/20475074"", ""20475074"")",0.2723541483435944,"1","932"
"=HYPERLINK(""https://stackoverflow.com/q/20502427"", ""20502427"")",0.4397062307510072,"0","440"
"=HYPERLINK(""https://stackoverflow.com/q/20549633"", ""20549633"")",0.4109830291386488,"0","551"
"=HYPERLINK(""https://stackoverflow.com/q/20621910"", ""20621910"")",0.5448028673835116,"1","289"
"=HYPERLINK(""https://stackoverflow.com/q/20710422"", ""20710422"")",0.387222222222222,"3","2626"
"=HYPERLINK(""https://stackoverflow.com/q/20785681"", ""20785681"")",0.4846656611362492,"0","649"
"=HYPERLINK(""https://stackoverflow.com/q/20799749"", ""20799749"")",0.4558287795992718,"0","338"
"=HYPERLINK(""https://stackoverflow.com/q/20824790"", ""20824790"")",0.5085963561714137,"0","383"
"=HYPERLINK(""https://stackoverflow.com/q/20846544"", ""20846544"")",0.2959064327485384,"2","983"
"=HYPERLINK(""https://stackoverflow.com/q/20975357"", ""20975357"")",0.6677667766776672,"2","2586"
"=HYPERLINK(""https://stackoverflow.com/q/20987054"", ""20987054"")",0.4438438438438434,"0","200"
"=HYPERLINK(""https://stackoverflow.com/q/21096055"", ""21096055"")",0.7739463601532558,"0","669"
"=HYPERLINK(""https://stackoverflow.com/q/21272081"", ""21272081"")",0.4315245478036171,"0","88"
"=HYPERLINK(""https://stackoverflow.com/q/21315504"", ""21315504"")",0.5796882855706383,"2","60"
"=HYPERLINK(""https://stackoverflow.com/q/21473504"", ""21473504"")",0.7521761392729123,"0","2388"
"=HYPERLINK(""https://stackoverflow.com/q/21853375"", ""21853375"")",0.592352092352092,"2","298"
"=HYPERLINK(""https://stackoverflow.com/q/21867999"", ""21867999"")",0.4383026242322722,"0","928"
"=HYPERLINK(""https://stackoverflow.com/q/21988813"", ""21988813"")",0.9312386156648466,"0","408"
"=HYPERLINK(""https://stackoverflow.com/q/22028500"", ""22028500"")",0.4514413657990477,"0","43"
"=HYPERLINK(""https://stackoverflow.com/q/22145868"", ""22145868"")",0.6310892172961133,"0","1277"
"=HYPERLINK(""https://stackoverflow.com/q/22214954"", ""22214954"")",0.5695025569502552,"2","1939"
"=HYPERLINK(""https://stackoverflow.com/q/22394787"", ""22394787"")",0.407936507936508,"0","291"
"=HYPERLINK(""https://stackoverflow.com/q/22532484"", ""22532484"")",0.4929404542664212,"3","289"
"=HYPERLINK(""https://stackoverflow.com/q/22563261"", ""22563261"")",0.4300744162176032,"0","529"
"=HYPERLINK(""https://stackoverflow.com/q/22611025"", ""22611025"")",0.381667629501252,"1","2885"
"=HYPERLINK(""https://stackoverflow.com/q/22671378"", ""22671378"")",0.471529701446599,"0","64"
"=HYPERLINK(""https://stackoverflow.com/q/22710675"", ""22710675"")",0.3780011166945837,"0","56"
"=HYPERLINK(""https://stackoverflow.com/q/22785484"", ""22785484"")",0.8039529914529917,"0","211"
"=HYPERLINK(""https://stackoverflow.com/q/22853232"", ""22853232"")",0.3787107718405433,"4","5459"
"=HYPERLINK(""https://stackoverflow.com/q/22859829"", ""22859829"")",0.4915884194053214,"0","1936"
"=HYPERLINK(""https://stackoverflow.com/q/23033305"", ""23033305"")",0.4804040404040403,"2","891"
"=HYPERLINK(""https://stackoverflow.com/q/23062636"", ""23062636"")",0.5597537083683172,"1","2125"
"=HYPERLINK(""https://stackoverflow.com/q/23126223"", ""23126223"")",0.3780663780663778,"1","278"
"=HYPERLINK(""https://stackoverflow.com/q/23397044"", ""23397044"")",0.3000665335994675,"1","428"
"=HYPERLINK(""https://stackoverflow.com/q/23492308"", ""23492308"")",0.3302554632194522,"0","438"
"=HYPERLINK(""https://stackoverflow.com/q/23514937"", ""23514937"")",0.3852991452991457,"1","138"
"=HYPERLINK(""https://stackoverflow.com/q/23635983"", ""23635983"")",0.3494949494949494,"1","1012"
"=HYPERLINK(""https://stackoverflow.com/q/23698402"", ""23698402"")",0.2679919864385885,"2","1050"
"=HYPERLINK(""https://stackoverflow.com/q/23711762"", ""23711762"")",0.5361757105943146,"0","1137"
"=HYPERLINK(""https://stackoverflow.com/q/23775115"", ""23775115"")",0.619281045751634,"0","510"
"=HYPERLINK(""https://stackoverflow.com/q/23903287"", ""23903287"")",0.742700037921881,"0","482"
"=HYPERLINK(""https://stackoverflow.com/q/23964767"", ""23964767"")",0.422987040577863,"0","73"
"=HYPERLINK(""https://stackoverflow.com/q/24010154"", ""24010154"")",0.7548855388051362,"1","579"
"=HYPERLINK(""https://stackoverflow.com/q/24030402"", ""24030402"")",0.4634282523729756,"0","1067"
"=HYPERLINK(""https://stackoverflow.com/q/24194057"", ""24194057"")",0.499267077103489,"0","1116"
"=HYPERLINK(""https://stackoverflow.com/q/24220565"", ""24220565"")",0.689173181710496,"0","101"
"=HYPERLINK(""https://stackoverflow.com/q/24321382"", ""24321382"")",0.2560683760683763,"1","3154"
"=HYPERLINK(""https://stackoverflow.com/q/24571123"", ""24571123"")",0.3870870870870867,"0","107"
"=HYPERLINK(""https://stackoverflow.com/q/24589022"", ""24589022"")",0.7922547955121243,"0","474"
"=HYPERLINK(""https://stackoverflow.com/q/24613247"", ""24613247"")",0.7601969057665252,"0","417"
"=HYPERLINK(""https://stackoverflow.com/q/24888515"", ""24888515"")",0.7706093189964143,"0","118"
"=HYPERLINK(""https://stackoverflow.com/q/24993982"", ""24993982"")",0.5575515635395871,"0","927"
"=HYPERLINK(""https://stackoverflow.com/q/25040383"", ""25040383"")",0.3386994949494947,"1","201"
"=HYPERLINK(""https://stackoverflow.com/q/25077760"", ""25077760"")",0.6685890042291419,"0","204"
"=HYPERLINK(""https://stackoverflow.com/q/25128067"", ""25128067"")",0.2514051015996541,"0","1277"
"=HYPERLINK(""https://stackoverflow.com/q/25155079"", ""25155079"")",0.7871077184054296,"3","153"
"=HYPERLINK(""https://stackoverflow.com/q/25155601"", ""25155601"")",0.4026019690576651,"0","58"
"=HYPERLINK(""https://stackoverflow.com/q/25161299"", ""25161299"")",0.6719142140086691,"0","1679"
"=HYPERLINK(""https://stackoverflow.com/q/25189782"", ""25189782"")",0.4754689754689752,"0","445"
"=HYPERLINK(""https://stackoverflow.com/q/25408973"", ""25408973"")",0.3141930251419305,"0","36"
"=HYPERLINK(""https://stackoverflow.com/q/25427569"", ""25427569"")",0.8043650793650796,"2","2419"
"=HYPERLINK(""https://stackoverflow.com/q/25449899"", ""25449899"")",0.446977922547955,"0","881"
"=HYPERLINK(""https://stackoverflow.com/q/25748606"", ""25748606"")",0.3769183548189074,"1","201"
"=HYPERLINK(""https://stackoverflow.com/q/25751435"", ""25751435"")",0.5428329092451238,"0","249"
"=HYPERLINK(""https://stackoverflow.com/q/26019274"", ""26019274"")",0.4633289415898107,"1","256"
"=HYPERLINK(""https://stackoverflow.com/q/26058408"", ""26058408"")",0.2749494949494948,"2","141"
"=HYPERLINK(""https://stackoverflow.com/q/26065191"", ""26065191"")",0.3437691835481891,"3","7620"
"=HYPERLINK(""https://stackoverflow.com/q/26319708"", ""26319708"")",0.3330534564791487,"0","588"
"=HYPERLINK(""https://stackoverflow.com/q/26399555"", ""26399555"")",0.6028450595924638,"2","459"
"=HYPERLINK(""https://stackoverflow.com/q/26427832"", ""26427832"")",0.3229778897285193,"0","351"
"=HYPERLINK(""https://stackoverflow.com/q/26428957"", ""26428957"")",0.3115593980147295,"0","1443"
"=HYPERLINK(""https://stackoverflow.com/q/26433938"", ""26433938"")",0.3461352657004825,"0","909"
"=HYPERLINK(""https://stackoverflow.com/q/26475674"", ""26475674"")",0.5138143510236536,"0","316"
"=HYPERLINK(""https://stackoverflow.com/q/26590629"", ""26590629"")",0.7152884780003427,"0","1186"
"=HYPERLINK(""https://stackoverflow.com/q/26598084"", ""26598084"")",0.37989857076994,"0","483"
"=HYPERLINK(""https://stackoverflow.com/q/26623276"", ""26623276"")",0.597912829957029,"0","568"
"=HYPERLINK(""https://stackoverflow.com/q/26624143"", ""26624143"")",0.5410141685309474,"0","992"
"=HYPERLINK(""https://stackoverflow.com/q/26634391"", ""26634391"")",0.457357357357357,"0","290"
"=HYPERLINK(""https://stackoverflow.com/q/26711982"", ""26711982"")",0.3492580528411148,"0","113"
"=HYPERLINK(""https://stackoverflow.com/q/26982152"", ""26982152"")",0.4070271503536387,"3","147"
"=HYPERLINK(""https://stackoverflow.com/q/27066786"", ""27066786"")",0.5844269466316723,"0","157"
"=HYPERLINK(""https://stackoverflow.com/q/27084288"", ""27084288"")",0.476365868631062,"1","835"
"=HYPERLINK(""https://stackoverflow.com/q/27268800"", ""27268800"")",0.669226830517152,"1","2043"
"=HYPERLINK(""https://stackoverflow.com/q/27306044"", ""27306044"")",0.35594315245478,"1","185"
"=HYPERLINK(""https://stackoverflow.com/q/27398134"", ""27398134"")",0.5137351373513734,"0","20"
"=HYPERLINK(""https://stackoverflow.com/q/27416913"", ""27416913"")",0.6707710348871301,"0","732"
"=HYPERLINK(""https://stackoverflow.com/q/27518664"", ""27518664"")",0.3508253264350821,"1","117"
"=HYPERLINK(""https://stackoverflow.com/q/27627089"", ""27627089"")",0.8236982369823701,"1","113"
"=HYPERLINK(""https://stackoverflow.com/q/27814175"", ""27814175"")",0.5498817966903073,"1","267"
"=HYPERLINK(""https://stackoverflow.com/q/27922716"", ""27922716"")",0.5744949494949491,"1","1248"
"=HYPERLINK(""https://stackoverflow.com/q/27938078"", ""27938078"")",0.2743394860658704,"0","233"
"=HYPERLINK(""https://stackoverflow.com/q/27980160"", ""27980160"")",0.451229855810009,"0","448"
"=HYPERLINK(""https://stackoverflow.com/q/28019888"", ""28019888"")",0.7866394001363314,"0","950"
"=HYPERLINK(""https://stackoverflow.com/q/28294899"", ""28294899"")",0.4406837606837613,"0","339"
"=HYPERLINK(""https://stackoverflow.com/q/28377675"", ""28377675"")",0.3297366730892742,"0","54"
"=HYPERLINK(""https://stackoverflow.com/q/28393085"", ""28393085"")",0.4425612052730694,"1","155"
"=HYPERLINK(""https://stackoverflow.com/q/28395996"", ""28395996"")",0.3685636856368559,"0","51"
"=HYPERLINK(""https://stackoverflow.com/q/28400159"", ""28400159"")",0.3245676380004739,"0","859"
"=HYPERLINK(""https://stackoverflow.com/q/28459643"", ""28459643"")",0.3559608240459305,"0","1192"
"=HYPERLINK(""https://stackoverflow.com/q/28536361"", ""28536361"")",0.6465764657646577,"0","942"
"=HYPERLINK(""https://stackoverflow.com/q/28610006"", ""28610006"")",0.4122732426303851,"1","779"
"=HYPERLINK(""https://stackoverflow.com/q/28749567"", ""28749567"")",0.4731447314473147,"0","40"
"=HYPERLINK(""https://stackoverflow.com/q/28815525"", ""28815525"")",0.3309642264866147,"1","436"
"=HYPERLINK(""https://stackoverflow.com/q/28962395"", ""28962395"")",0.6640826873385005,"0","245"
"=HYPERLINK(""https://stackoverflow.com/q/29011149"", ""29011149"")",0.6726039016115357,"2","274"
"=HYPERLINK(""https://stackoverflow.com/q/29025887"", ""29025887"")",0.3558627752176137,"1","1048"
"=HYPERLINK(""https://stackoverflow.com/q/29155714"", ""29155714"")",0.3906432748538014,"2","346"
"=HYPERLINK(""https://stackoverflow.com/q/29183880"", ""29183880"")",0.5647636586863108,"0","548"
"=HYPERLINK(""https://stackoverflow.com/q/29374244"", ""29374244"")",0.4077232883203033,"0","634"
"=HYPERLINK(""https://stackoverflow.com/q/29386945"", ""29386945"")",0.494281045751634,"0","4338"
"=HYPERLINK(""https://stackoverflow.com/q/29390731"", ""29390731"")",0.446546546546546,"0","127"
"=HYPERLINK(""https://stackoverflow.com/q/29477514"", ""29477514"")",0.4974515800203876,"1","264"
"=HYPERLINK(""https://stackoverflow.com/q/29624129"", ""29624129"")",0.5862775217613918,"2","90"
"=HYPERLINK(""https://stackoverflow.com/q/29740948"", ""29740948"")",0.6693376068376071,"1","348"
"=HYPERLINK(""https://stackoverflow.com/q/29836165"", ""29836165"")",0.2994236697493632,"2","1336"
"=HYPERLINK(""https://stackoverflow.com/q/29918200"", ""29918200"")",0.3558100084817647,"1","1193"
"=HYPERLINK(""https://stackoverflow.com/q/30003533"", ""30003533"")",0.3710111495578621,"0","397"
"=HYPERLINK(""https://stackoverflow.com/q/30154601"", ""30154601"")",0.4283290924512303,"1","890"
"=HYPERLINK(""https://stackoverflow.com/q/30180476"", ""30180476"")",0.4980842911877395,"2","760"
"=HYPERLINK(""https://stackoverflow.com/q/30294913"", ""30294913"")",0.5825163398692812,"1","878"
"=HYPERLINK(""https://stackoverflow.com/q/30345107"", ""30345107"")",0.7798259088581657,"0","30"
"=HYPERLINK(""https://stackoverflow.com/q/30367633"", ""30367633"")",0.5260896255371396,"1","190"
"=HYPERLINK(""https://stackoverflow.com/q/30396558"", ""30396558"")",0.7462074620746209,"0","277"
"=HYPERLINK(""https://stackoverflow.com/q/30404878"", ""30404878"")",0.2555144540347993,"1","1462"
"=HYPERLINK(""https://stackoverflow.com/q/30459281"", ""30459281"")",0.3787107718405432,"1","431"
"=HYPERLINK(""https://stackoverflow.com/q/30535932"", ""30535932"")",0.484880450070323,"1","242"
"=HYPERLINK(""https://stackoverflow.com/q/30602504"", ""30602504"")",0.4395171224439513,"0","90"
"=HYPERLINK(""https://stackoverflow.com/q/30668114"", ""30668114"")",0.7075163398692812,"0","484"
"=HYPERLINK(""https://stackoverflow.com/q/30712608"", ""30712608"")",0.5104705592510465,"2","1478"
"=HYPERLINK(""https://stackoverflow.com/q/30782673"", ""30782673"")",0.7197096594081513,"0","508"
"=HYPERLINK(""https://stackoverflow.com/q/30879669"", ""30879669"")",0.5290404040404036,"1","124"
"=HYPERLINK(""https://stackoverflow.com/q/30946670"", ""30946670"")",0.4730365544697791,"0","325"
"=HYPERLINK(""https://stackoverflow.com/q/31000031"", ""31000031"")",0.4040404040404037,"1","18"
"=HYPERLINK(""https://stackoverflow.com/q/31099795"", ""31099795"")",0.487445496917757,"0","121"
"=HYPERLINK(""https://stackoverflow.com/q/31189858"", ""31189858"")",0.4362443624436246,"3","136"
"=HYPERLINK(""https://stackoverflow.com/q/31369826"", ""31369826"")",0.7305095150399021,"1","4417"
"=HYPERLINK(""https://stackoverflow.com/q/31386733"", ""31386733"")",0.8441734417344168,"0","344"
"=HYPERLINK(""https://stackoverflow.com/q/31434640"", ""31434640"")",0.3433294886582083,"0","73"
"=HYPERLINK(""https://stackoverflow.com/q/31496542"", ""31496542"")",0.5414404632645674,"1","716"
"=HYPERLINK(""https://stackoverflow.com/q/31550247"", ""31550247"")",0.6125224531691043,"0","256"
"=HYPERLINK(""https://stackoverflow.com/q/31607203"", ""31607203"")",0.5337800111669455,"1","80"
"=HYPERLINK(""https://stackoverflow.com/q/31658122"", ""31658122"")",0.3030605455755155,"1","1316"
"=HYPERLINK(""https://stackoverflow.com/q/31684670"", ""31684670"")",0.6862940785096469,"1","44"
"=HYPERLINK(""https://stackoverflow.com/q/31852018"", ""31852018"")",0.6118326118326114,"0","47"
"=HYPERLINK(""https://stackoverflow.com/q/31914821"", ""31914821"")",0.7102461743180302,"1","1812"
"=HYPERLINK(""https://stackoverflow.com/q/31958779"", ""31958779"")",0.26159230096238,"1","278"
"=HYPERLINK(""https://stackoverflow.com/q/31960296"", ""31960296"")",0.3953739731949847,"1","320"
"=HYPERLINK(""https://stackoverflow.com/q/32095716"", ""32095716"")",0.624232272473478,"0","345"
"=HYPERLINK(""https://stackoverflow.com/q/32201636"", ""32201636"")",0.782936507936508,"2","1104"
"=HYPERLINK(""https://stackoverflow.com/q/32250313"", ""32250313"")",0.3791452991452999,"2","3103"
"=HYPERLINK(""https://stackoverflow.com/q/32306270"", ""32306270"")",0.6443675509419445,"0","1972"
"=HYPERLINK(""https://stackoverflow.com/q/32376434"", ""32376434"")",0.3350329296792015,"0","592"
"=HYPERLINK(""https://stackoverflow.com/q/32472952"", ""32472952"")",0.342037890424987,"0","77"
"=HYPERLINK(""https://stackoverflow.com/q/32598036"", ""32598036"")",0.553280242700038,"1","262"
"=HYPERLINK(""https://stackoverflow.com/q/32911080"", ""32911080"")",0.295108519598316,"0","22"
"=HYPERLINK(""https://stackoverflow.com/q/32972872"", ""32972872"")",0.3131313131313129,"2","625"
"=HYPERLINK(""https://stackoverflow.com/q/33016067"", ""33016067"")",0.3564504101416856,"6","224"
"=HYPERLINK(""https://stackoverflow.com/q/33211084"", ""33211084"")",0.4504830917874386,"1","404"
"=HYPERLINK(""https://stackoverflow.com/q/33475104"", ""33475104"")",0.664775413711584,"1","374"
"=HYPERLINK(""https://stackoverflow.com/q/33551834"", ""33551834"")",0.762014609765474,"0","1238"
"=HYPERLINK(""https://stackoverflow.com/q/33952130"", ""33952130"")",0.4283290924512302,"0","131"
"=HYPERLINK(""https://stackoverflow.com/q/33991568"", ""33991568"")",0.530180699730872,"0","156"
"=HYPERLINK(""https://stackoverflow.com/q/34124103"", ""34124103"")",0.4735823963245072,"0","1411"
"=HYPERLINK(""https://stackoverflow.com/q/34337722"", ""34337722"")",0.3548189073050952,"0","176"
"=HYPERLINK(""https://stackoverflow.com/q/34338822"", ""34338822"")",0.407936507936508,"1","74"
"=HYPERLINK(""https://stackoverflow.com/q/34438162"", ""34438162"")",0.4643274853801173,"0","26"
"=HYPERLINK(""https://stackoverflow.com/q/34482891"", ""34482891"")",0.4952849528495284,"3","2405"
"=HYPERLINK(""https://stackoverflow.com/q/34504198"", ""34504198"")",0.2475140510159965,"1","1160"
"=HYPERLINK(""https://stackoverflow.com/q/34606477"", ""34606477"")",0.5477255779269206,"0","38"
"=HYPERLINK(""https://stackoverflow.com/q/34639686"", ""34639686"")",0.6566484517304196,"0","595"
"=HYPERLINK(""https://stackoverflow.com/q/34690165"", ""34690165"")",0.8911877394636019,"0","836"
"=HYPERLINK(""https://stackoverflow.com/q/34731701"", ""34731701"")",0.5122985581000855,"0","103"
"=HYPERLINK(""https://stackoverflow.com/q/34764185"", ""34764185"")",0.3170838823012734,"1","103"
"=HYPERLINK(""https://stackoverflow.com/q/34775759"", ""34775759"")",0.5858585858585853,"1","1401"
"=HYPERLINK(""https://stackoverflow.com/q/34796227"", ""34796227"")",0.5048309178743952,"1","635"
"=HYPERLINK(""https://stackoverflow.com/q/34849800"", ""34849800"")",0.431708388230127,"0","62"
"=HYPERLINK(""https://stackoverflow.com/q/34922170"", ""34922170"")",0.5237686139747995,"1","175"
"=HYPERLINK(""https://stackoverflow.com/q/34961032"", ""34961032"")",0.5038677918424749,"4","1167"
"=HYPERLINK(""https://stackoverflow.com/q/34971515"", ""34971515"")",0.5977162933684668,"1","130"
"=HYPERLINK(""https://stackoverflow.com/q/35142245"", ""35142245"")",0.3634964604493692,"0","155"
"=HYPERLINK(""https://stackoverflow.com/q/35414315"", ""35414315"")",0.5432748538011705,"0","127"
"=HYPERLINK(""https://stackoverflow.com/q/35436608"", ""35436608"")",0.4467120181405896,"2","583"
"=HYPERLINK(""https://stackoverflow.com/q/35576562"", ""35576562"")",0.4690307328605201,"4","1434"
"=HYPERLINK(""https://stackoverflow.com/q/35618897"", ""35618897"")",0.5491452991452993,"0","256"
"=HYPERLINK(""https://stackoverflow.com/q/35655498"", ""35655498"")",0.6617383512544811,"0","743"
"=HYPERLINK(""https://stackoverflow.com/q/35660296"", ""35660296"")",0.3748939779474133,"1","862"
"=HYPERLINK(""https://stackoverflow.com/q/35677362"", ""35677362"")",0.6349580712788262,"0","772"
"=HYPERLINK(""https://stackoverflow.com/q/35728290"", ""35728290"")",0.5858585858585855,"1","179"
"=HYPERLINK(""https://stackoverflow.com/q/35742554"", ""35742554"")",0.597897897897897,"2","1855"
"=HYPERLINK(""https://stackoverflow.com/q/35859198"", ""35859198"")",0.2760037348272641,"0","596"
"=HYPERLINK(""https://stackoverflow.com/q/35889334"", ""35889334"")",0.5267204921184153,"1","83"
"=HYPERLINK(""https://stackoverflow.com/q/35927490"", ""35927490"")",0.7633614627285505,"0","2319"
"=HYPERLINK(""https://stackoverflow.com/q/35996569"", ""35996569"")",0.5740008783487036,"0","1328"
"=HYPERLINK(""https://stackoverflow.com/q/36012504"", ""36012504"")",0.6795086543830258,"1","909"
"=HYPERLINK(""https://stackoverflow.com/q/36012985"", ""36012985"")",0.3084291187739462,"0","366"
"=HYPERLINK(""https://stackoverflow.com/q/36028847"", ""36028847"")",0.5094194540561316,"0","399"
"=HYPERLINK(""https://stackoverflow.com/q/36059885"", ""36059885"")",0.416853094705444,"0","79"
"=HYPERLINK(""https://stackoverflow.com/q/36156241"", ""36156241"")",0.4863731656184487,"0","829"
"=HYPERLINK(""https://stackoverflow.com/q/36257435"", ""36257435"")",0.3097798259088579,"1","87"
"=HYPERLINK(""https://stackoverflow.com/q/36449044"", ""36449044"")",0.5673549655850546,"0","549"
"=HYPERLINK(""https://stackoverflow.com/q/36565321"", ""36565321"")",0.8977947413061933,"0","114"
"=HYPERLINK(""https://stackoverflow.com/q/36733331"", ""36733331"")",0.775855440215301,"0","662"
"=HYPERLINK(""https://stackoverflow.com/q/37020959"", ""37020959"")",0.3822222222222217,"3","617"
"=HYPERLINK(""https://stackoverflow.com/q/37109014"", ""37109014"")",0.4355934882250676,"0","39"
"=HYPERLINK(""https://stackoverflow.com/q/37148339"", ""37148339"")",0.3060060060060061,"3","2179"
"=HYPERLINK(""https://stackoverflow.com/q/37161453"", ""37161453"")",0.670498084291188,"2","1292"
"=HYPERLINK(""https://stackoverflow.com/q/37249294"", ""37249294"")",0.4611602753195675,"0","56"
"=HYPERLINK(""https://stackoverflow.com/q/37253926"", ""37253926"")",0.2861881070836297,"3","164"
"=HYPERLINK(""https://stackoverflow.com/q/37286573"", ""37286573"")",0.481837606837607,"1","855"
"=HYPERLINK(""https://stackoverflow.com/q/37291261"", ""37291261"")",0.4832841691248773,"0","1092"
"=HYPERLINK(""https://stackoverflow.com/q/37474988"", ""37474988"")",0.5459927140255013,"0","162"
"=HYPERLINK(""https://stackoverflow.com/q/37475065"", ""37475065"")",0.647479954180985,"2","929"
"=HYPERLINK(""https://stackoverflow.com/q/37618104"", ""37618104"")",0.5617141390813444,"0","418"
"=HYPERLINK(""https://stackoverflow.com/q/37665807"", ""37665807"")",0.7222222222222229,"1","216"
"=HYPERLINK(""https://stackoverflow.com/q/37683362"", ""37683362"")",0.4772557792692023,"3","1233"
"=HYPERLINK(""https://stackoverflow.com/q/37695865"", ""37695865"")",0.6059431524547796,"0","184"
"=HYPERLINK(""https://stackoverflow.com/q/37723718"", ""37723718"")",0.4619129438717066,"1","632"
"=HYPERLINK(""https://stackoverflow.com/q/37966347"", ""37966347"")",0.827726809378186,"0","123"
"=HYPERLINK(""https://stackoverflow.com/q/38006238"", ""38006238"")",0.431225437656306,"0","344"
"=HYPERLINK(""https://stackoverflow.com/q/38010603"", ""38010603"")",0.5868631062001232,"2","278"
"=HYPERLINK(""https://stackoverflow.com/q/38063632"", ""38063632"")",0.7578422749926713,"0","248"
"=HYPERLINK(""https://stackoverflow.com/q/38137728"", ""38137728"")",0.4970313825275665,"0","626"
"=HYPERLINK(""https://stackoverflow.com/q/38160293"", ""38160293"")",0.5286052009456265,"0","706"
"=HYPERLINK(""https://stackoverflow.com/q/38194847"", ""38194847"")",0.3237606837606839,"0","38"
"=HYPERLINK(""https://stackoverflow.com/q/38342186"", ""38342186"")",0.2130689041444188,"1","406"
"=HYPERLINK(""https://stackoverflow.com/q/38350218"", ""38350218"")",0.4412195836997949,"1","107"
"=HYPERLINK(""https://stackoverflow.com/q/38532528"", ""38532528"")",0.4115079365079366,"1","380"
"=HYPERLINK(""https://stackoverflow.com/q/38653570"", ""38653570"")",0.6415770609318987,"0","979"
"=HYPERLINK(""https://stackoverflow.com/q/38721177"", ""38721177"")",0.5124596892406922,"0","495"
"=HYPERLINK(""https://stackoverflow.com/q/38781470"", ""38781470"")",0.7498604131769956,"0","1373"
"=HYPERLINK(""https://stackoverflow.com/q/39018089"", ""39018089"")",0.2401667572956318,"0","48"
"=HYPERLINK(""https://stackoverflow.com/q/39043710"", ""39043710"")",0.2644385810612725,"1","252"
"=HYPERLINK(""https://stackoverflow.com/q/39141990"", ""39141990"")",0.5480140774258421,"2","1019"
"=HYPERLINK(""https://stackoverflow.com/q/39142953"", ""39142953"")",0.4588959962094294,"0","89"
"=HYPERLINK(""https://stackoverflow.com/q/39382810"", ""39382810"")",0.5356025039123635,"0","2419"
"=HYPERLINK(""https://stackoverflow.com/q/39520902"", ""39520902"")",0.253635834787667,"1","2894"
"=HYPERLINK(""https://stackoverflow.com/q/39529028"", ""39529028"")",0.4903073286052011,"3","1314"
"=HYPERLINK(""https://stackoverflow.com/q/39763956"", ""39763956"")",0.4730365544697791,"1","40"
"=HYPERLINK(""https://stackoverflow.com/q/39834940"", ""39834940"")",0.5779269202087995,"0","87"
"=HYPERLINK(""https://stackoverflow.com/q/39847495"", ""39847495"")",0.3566095740008779,"1","199"
"=HYPERLINK(""https://stackoverflow.com/q/39881656"", ""39881656"")",0.3584581772784024,"1","213"
"=HYPERLINK(""https://stackoverflow.com/q/40064989"", ""40064989"")",0.5924512298558109,"1","372"
"=HYPERLINK(""https://stackoverflow.com/q/40078661"", ""40078661"")",0.7511894766302815,"0","537"
"=HYPERLINK(""https://stackoverflow.com/q/40109678"", ""40109678"")",0.3586827765932243,"0","1054"
"=HYPERLINK(""https://stackoverflow.com/q/40146814"", ""40146814"")",0.3394930111348025,"0","220"
"=HYPERLINK(""https://stackoverflow.com/q/40181902"", ""40181902"")",0.7386156648451739,"1","1569"
"=HYPERLINK(""https://stackoverflow.com/q/40283855"", ""40283855"")",0.4741907261592306,"0","67"
"=HYPERLINK(""https://stackoverflow.com/q/40371002"", ""40371002"")",0.5939613526570036,"0","420"
"=HYPERLINK(""https://stackoverflow.com/q/40471357"", ""40471357"")",0.3330819507290095,"0","550"
"=HYPERLINK(""https://stackoverflow.com/q/40490962"", ""40490962"")",0.5983284169124883,"0","431"
"=HYPERLINK(""https://stackoverflow.com/q/40751894"", ""40751894"")",0.6647000983284175,"2","641"
"=HYPERLINK(""https://stackoverflow.com/q/40777490"", ""40777490"")",0.2312042581503658,"0","1165"
"=HYPERLINK(""https://stackoverflow.com/q/40788306"", ""40788306"")",0.4256120527306968,"2","2578"
"=HYPERLINK(""https://stackoverflow.com/q/40822126"", ""40822126"")",0.5695906432748546,"0","138"
"=HYPERLINK(""https://stackoverflow.com/q/41004155"", ""41004155"")",0.5700483091787434,"1","909"
"=HYPERLINK(""https://stackoverflow.com/q/41063794"", ""41063794"")",0.4371269015983058,"0","3196"
"=HYPERLINK(""https://stackoverflow.com/q/41116429"", ""41116429"")",0.316609977324263,"1","553"
"=HYPERLINK(""https://stackoverflow.com/q/41124026"", ""41124026"")",0.4022222222222218,"0","729"
"=HYPERLINK(""https://stackoverflow.com/q/41127245"", ""41127245"")",0.6449026345933561,"0","676"
"=HYPERLINK(""https://stackoverflow.com/q/41138252"", ""41138252"")",0.3446712018140593,"0","111"
"=HYPERLINK(""https://stackoverflow.com/q/41463922"", ""41463922"")",0.496260683760684,"1","119"
"=HYPERLINK(""https://stackoverflow.com/q/41565328"", ""41565328"")",0.6413398692810458,"0","152"
"=HYPERLINK(""https://stackoverflow.com/q/41717937"", ""41717937"")",0.7861757105943143,"0","85"
"=HYPERLINK(""https://stackoverflow.com/q/41850838"", ""41850838"")",0.4514413657990477,"1","91"
"=HYPERLINK(""https://stackoverflow.com/q/41930175"", ""41930175"")",0.2582832485745109,"0","368"
"=HYPERLINK(""https://stackoverflow.com/q/41952695"", ""41952695"")",0.4713131313131312,"1","336"
"=HYPERLINK(""https://stackoverflow.com/q/42112550"", ""42112550"")",0.4870443566095735,"0","73"
"=HYPERLINK(""https://stackoverflow.com/q/42208383"", ""42208383"")",0.6114839671886655,"0","324"
"=HYPERLINK(""https://stackoverflow.com/q/42338064"", ""42338064"")",0.5592387968078578,"0","30"
"=HYPERLINK(""https://stackoverflow.com/q/42409418"", ""42409418"")",0.841074681238617,"0","379"
"=HYPERLINK(""https://stackoverflow.com/q/42431845"", ""42431845"")",0.7510683760683765,"0","622"
"=HYPERLINK(""https://stackoverflow.com/q/42554443"", ""42554443"")",0.3859390363815144,"1","3165"
"=HYPERLINK(""https://stackoverflow.com/q/42601243"", ""42601243"")",0.4226939203354298,"0","242"
"=HYPERLINK(""https://stackoverflow.com/q/42664718"", ""42664718"")",0.7636586863106203,"0","1018"
"=HYPERLINK(""https://stackoverflow.com/q/42756855"", ""42756855"")",0.5048309178743952,"0","222"
"=HYPERLINK(""https://stackoverflow.com/q/42809056"", ""42809056"")",0.5964737192282098,"1","118"
"=HYPERLINK(""https://stackoverflow.com/q/42911530"", ""42911530"")",0.3665736866573683,"1","188"
"=HYPERLINK(""https://stackoverflow.com/q/43162657"", ""43162657"")",0.4617431803060543,"0","67"
"=HYPERLINK(""https://stackoverflow.com/q/43164321"", ""43164321"")",0.3311331133113309,"0","347"
"=HYPERLINK(""https://stackoverflow.com/q/43192317"", ""43192317"")",0.3654654654654654,"0","28"
"=HYPERLINK(""https://stackoverflow.com/q/43265178"", ""43265178"")",0.35451794206658,"0","181"
"=HYPERLINK(""https://stackoverflow.com/q/43286524"", ""43286524"")",0.9040404040404032,"3","6832"
"=HYPERLINK(""https://stackoverflow.com/q/43357812"", ""43357812"")",0.5344751866490991,"4","659"
"=HYPERLINK(""https://stackoverflow.com/q/43651613"", ""43651613"")",0.45418098510882,"0","47"
"=HYPERLINK(""https://stackoverflow.com/q/43730522"", ""43730522"")",0.1622222222222221,"0","80"
"=HYPERLINK(""https://stackoverflow.com/q/43742301"", ""43742301"")",0.3144731447314474,"0","824"
"=HYPERLINK(""https://stackoverflow.com/q/43884268"", ""43884268"")",0.2861757105943149,"0","222"
"=HYPERLINK(""https://stackoverflow.com/q/44050274"", ""44050274"")",0.2708708708708708,"11","156"
"=HYPERLINK(""https://stackoverflow.com/q/44082304"", ""44082304"")",0.3896135265700477,"0","1131"
"=HYPERLINK(""https://stackoverflow.com/q/44140039"", ""44140039"")",0.3187314624686285,"0","134"
"=HYPERLINK(""https://stackoverflow.com/q/44263887"", ""44263887"")",0.663259958071279,"0","994"
"=HYPERLINK(""https://stackoverflow.com/q/44361023"", ""44361023"")",0.6212606837606841,"1","361"
"=HYPERLINK(""https://stackoverflow.com/q/44427515"", ""44427515"")",0.5968150560984435,"0","262"
"=HYPERLINK(""https://stackoverflow.com/q/44525150"", ""44525150"")",0.9300144300144292,"1","577"
"=HYPERLINK(""https://stackoverflow.com/q/44567418"", ""44567418"")",0.3900742848111272,"3","2424"
"=HYPERLINK(""https://stackoverflow.com/q/44813180"", ""44813180"")",0.4792976939203356,"0","841"
"=HYPERLINK(""https://stackoverflow.com/q/44841894"", ""44841894"")",0.4480286738351248,"0","371"
"=HYPERLINK(""https://stackoverflow.com/q/44939833"", ""44939833"")",0.8673835125448012,"1","731"
"=HYPERLINK(""https://stackoverflow.com/q/45028014"", ""45028014"")",0.7567844342037875,"0","159"
"=HYPERLINK(""https://stackoverflow.com/q/45034849"", ""45034849"")",0.6320582877959934,"1","180"
"=HYPERLINK(""https://stackoverflow.com/q/45056106"", ""45056106"")",0.3954505686789155,"0","33"
"=HYPERLINK(""https://stackoverflow.com/q/45174597"", ""45174597"")",0.4558287795992719,"0","188"
"=HYPERLINK(""https://stackoverflow.com/q/45202450"", ""45202450"")",0.7123407992973201,"0","426"
"=HYPERLINK(""https://stackoverflow.com/q/45241330"", ""45241330"")",0.3981179876945348,"2","944"
"=HYPERLINK(""https://stackoverflow.com/q/45283751"", ""45283751"")",0.812773403324586,"3","3179"
"=HYPERLINK(""https://stackoverflow.com/q/45285634"", ""45285634"")",0.5793650793650794,"0","648"
"=HYPERLINK(""https://stackoverflow.com/q/45563892"", ""45563892"")",0.3322222222222218,"0","144"
"=HYPERLINK(""https://stackoverflow.com/q/45607953"", ""45607953"")",0.5429219306770336,"0","70"
"=HYPERLINK(""https://stackoverflow.com/q/45776401"", ""45776401"")",0.698966408268733,"0","80"
"=HYPERLINK(""https://stackoverflow.com/q/45827243"", ""45827243"")",0.2617479139218268,"0","72"
"=HYPERLINK(""https://stackoverflow.com/q/45831467"", ""45831467"")",0.5187739463601534,"0","137"
"=HYPERLINK(""https://stackoverflow.com/q/45853491"", ""45853491"")",0.4376918354818908,"2","135"
"=HYPERLINK(""https://stackoverflow.com/q/45896488"", ""45896488"")",0.5493941261039236,"1","120"
"=HYPERLINK(""https://stackoverflow.com/q/45949757"", ""45949757"")",0.6197632058287804,"0","144"
"=HYPERLINK(""https://stackoverflow.com/q/46033973"", ""46033973"")",0.9390363815142586,"0","156"
"=HYPERLINK(""https://stackoverflow.com/q/46164363"", ""46164363"")",0.4636015325670493,"1","1089"
"=HYPERLINK(""https://stackoverflow.com/q/46241015"", ""46241015"")",0.731917513080948,"2","497"
"=HYPERLINK(""https://stackoverflow.com/q/46347668"", ""46347668"")",0.4436755094194537,"1","227"
"=HYPERLINK(""https://stackoverflow.com/q/46482177"", ""46482177"")",0.6009456264775415,"0","1287"
"=HYPERLINK(""https://stackoverflow.com/q/46483388"", ""46483388"")",0.9359626802374912,"0","305"
"=HYPERLINK(""https://stackoverflow.com/q/46538734"", ""46538734"")",0.6056214317083873,"0","38"
"=HYPERLINK(""https://stackoverflow.com/q/46543714"", ""46543714"")",0.5347222222222225,"0","1064"
"=HYPERLINK(""https://stackoverflow.com/q/46551314"", ""46551314"")",0.5251538183134273,"3","2827"
"=HYPERLINK(""https://stackoverflow.com/q/46566506"", ""46566506"")",0.3619812583668004,"3","2698"
"=HYPERLINK(""https://stackoverflow.com/q/46580660"", ""46580660"")",0.4785036292573977,"0","3001"
"=HYPERLINK(""https://stackoverflow.com/q/46598707"", ""46598707"")",0.4177109440267333,"1","493"
"=HYPERLINK(""https://stackoverflow.com/q/46681967"", ""46681967"")",0.5027100271002707,"0","250"
"=HYPERLINK(""https://stackoverflow.com/q/46855545"", ""46855545"")",0.4567676767676766,"0","358"
"=HYPERLINK(""https://stackoverflow.com/q/46874301"", ""46874301"")",0.2708947885939038,"1","54"
"=HYPERLINK(""https://stackoverflow.com/q/47005811"", ""47005811"")",0.5924993003078636,"0","137"
"=HYPERLINK(""https://stackoverflow.com/q/47037042"", ""47037042"")",0.6873385012919889,"0","83"
"=HYPERLINK(""https://stackoverflow.com/q/47049036"", ""47049036"")",0.4353369763205832,"0","414"
"=HYPERLINK(""https://stackoverflow.com/q/47073156"", ""47073156"")",0.6499145299145309,"0","1276"
"=HYPERLINK(""https://stackoverflow.com/q/47195630"", ""47195630"")",0.4464490263459336,"0","502"
"=HYPERLINK(""https://stackoverflow.com/q/47202839"", ""47202839"")",0.4681681681681676,"0","111"
"=HYPERLINK(""https://stackoverflow.com/q/47358219"", ""47358219"")",0.6434988179669032,"0","594"
"=HYPERLINK(""https://stackoverflow.com/q/47437704"", ""47437704"")",0.5640236079035156,"0","301"
"=HYPERLINK(""https://stackoverflow.com/q/47515082"", ""47515082"")",0.5169590643274862,"0","775"
"=HYPERLINK(""https://stackoverflow.com/q/47585048"", ""47585048"")",0.689350249903882,"1","3326"
"=HYPERLINK(""https://stackoverflow.com/q/47860134"", ""47860134"")",0.3353887075323419,"6","1858"
"=HYPERLINK(""https://stackoverflow.com/q/47872514"", ""47872514"")",0.471091000502765,"0","93"
"=HYPERLINK(""https://stackoverflow.com/q/47873507"", ""47873507"")",0.4138389886892878,"0","888"
"=HYPERLINK(""https://stackoverflow.com/q/47959566"", ""47959566"")",0.2841818764008966,"0","39"
"=HYPERLINK(""https://stackoverflow.com/q/48038991"", ""48038991"")",0.5877394636015328,"0","117"
"=HYPERLINK(""https://stackoverflow.com/q/48185677"", ""48185677"")",0.3598369011213049,"0","29"
"=HYPERLINK(""https://stackoverflow.com/q/48212453"", ""48212453"")",0.5324715297014467,"0","5166"
"=HYPERLINK(""https://stackoverflow.com/q/48233632"", ""48233632"")",0.5686425455478572,"0","999"
"=HYPERLINK(""https://stackoverflow.com/q/48342522"", ""48342522"")",0.4477541371158393,"0","892"
"=HYPERLINK(""https://stackoverflow.com/q/48443107"", ""48443107"")",0.3270126413838987,"1","2722"
"=HYPERLINK(""https://stackoverflow.com/q/48454558"", ""48454558"")",0.3961352657004825,"0","56"
"=HYPERLINK(""https://stackoverflow.com/q/48524406"", ""48524406"")",0.3815142576204521,"0","248"
"=HYPERLINK(""https://stackoverflow.com/q/48541670"", ""48541670"")",0.4636015325670499,"1","746"
"=HYPERLINK(""https://stackoverflow.com/q/48628269"", ""48628269"")",0.3066593083149375,"1","370"
"=HYPERLINK(""https://stackoverflow.com/q/48681832"", ""48681832"")",0.4476767676767675,"1","337"
"=HYPERLINK(""https://stackoverflow.com/q/48814134"", ""48814134"")",0.3405216676935717,"1","1074"
"=HYPERLINK(""https://stackoverflow.com/q/48882365"", ""48882365"")",0.6164529914529917,"1","282"
"=HYPERLINK(""https://stackoverflow.com/q/48888091"", ""48888091"")",0.3874941887494185,"0","341"
"=HYPERLINK(""https://stackoverflow.com/q/48897037"", ""48897037"")",0.4501633986928104,"0","296"
"=HYPERLINK(""https://stackoverflow.com/q/48904349"", ""48904349"")",0.7155108128262496,"2","919"
"=HYPERLINK(""https://stackoverflow.com/q/48914817"", ""48914817"")",0.353801169590643,"0","397"
"=HYPERLINK(""https://stackoverflow.com/q/49002928"", ""49002928"")",0.3000665335994676,"0","33"
"=HYPERLINK(""https://stackoverflow.com/q/49230672"", ""49230672"")",0.2692020879940345,"0","190"
"=HYPERLINK(""https://stackoverflow.com/q/49298407"", ""49298407"")",0.7032348804500695,"0","212"
"=HYPERLINK(""https://stackoverflow.com/q/49326299"", ""49326299"")",0.3151425762045234,"0","511"
"=HYPERLINK(""https://stackoverflow.com/q/49333716"", ""49333716"")",0.5703234880450065,"1","286"
"=HYPERLINK(""https://stackoverflow.com/q/49342659"", ""49342659"")",0.643498817966903,"1","968"
"=HYPERLINK(""https://stackoverflow.com/q/49424504"", ""49424504"")",0.4851088201603664,"0","311"
"=HYPERLINK(""https://stackoverflow.com/q/49485700"", ""49485700"")",0.3992133726647004,"0","1093"
"=HYPERLINK(""https://stackoverflow.com/q/49513958"", ""49513958"")",0.5830176767676762,"0","56"
"=HYPERLINK(""https://stackoverflow.com/q/49536780"", ""49536780"")",0.6041464204729523,"0","52"
"=HYPERLINK(""https://stackoverflow.com/q/49544295"", ""49544295"")",0.46135265700483,"0","859"
"=HYPERLINK(""https://stackoverflow.com/q/49551798"", ""49551798"")",0.4103410341034101,"0","407"
"=HYPERLINK(""https://stackoverflow.com/q/49684506"", ""49684506"")",0.3753912363067296,"0","166"
"=HYPERLINK(""https://stackoverflow.com/q/49725668"", ""49725668"")",0.6227904040404036,"1","134"
"=HYPERLINK(""https://stackoverflow.com/q/49882389"", ""49882389"")",0.4856952761144376,"1","4139"
"=HYPERLINK(""https://stackoverflow.com/q/49905425"", ""49905425"")",0.5839243498817968,"0","334"
"=HYPERLINK(""https://stackoverflow.com/q/49951320"", ""49951320"")",0.3293650793650794,"0","292"
"=HYPERLINK(""https://stackoverflow.com/q/50003474"", ""50003474"")",0.4330917874396127,"0","53"
"=HYPERLINK(""https://stackoverflow.com/q/50027522"", ""50027522"")",0.3541371158392435,"1","183"
"=HYPERLINK(""https://stackoverflow.com/q/50028193"", ""50028193"")",0.942091929062613,"0","60"
"=HYPERLINK(""https://stackoverflow.com/q/50028775"", ""50028775"")",0.4901206055940466,"4","115"
"=HYPERLINK(""https://stackoverflow.com/q/50032910"", ""50032910"")",0.6179669030732861,"0","44"
"=HYPERLINK(""https://stackoverflow.com/q/50056851"", ""50056851"")",0.3161981258366799,"0","69"
"=HYPERLINK(""https://stackoverflow.com/q/50130027"", ""50130027"")",0.42322724734785,"1","180"
"=HYPERLINK(""https://stackoverflow.com/q/50159518"", ""50159518"")",0.4353369763205834,"0","323"
"=HYPERLINK(""https://stackoverflow.com/q/50163969"", ""50163969"")",0.3260284505959244,"1","194"
"=HYPERLINK(""https://stackoverflow.com/q/50240738"", ""50240738"")",0.4222222222222225,"0","22"
"=HYPERLINK(""https://stackoverflow.com/q/50267824"", ""50267824"")",0.7068847989093378,"0","2286"
"=HYPERLINK(""https://stackoverflow.com/q/50277238"", ""50277238"")",0.6249067859806121,"3","1100"
"=HYPERLINK(""https://stackoverflow.com/q/50285253"", ""50285253"")",0.6842911877394637,"0","395"
"=HYPERLINK(""https://stackoverflow.com/q/50327444"", ""50327444"")",0.3472222222222224,"0","933"
"=HYPERLINK(""https://stackoverflow.com/q/50330121"", ""50330121"")",0.7030732860520095,"0","1122"
"=HYPERLINK(""https://stackoverflow.com/q/50333078"", ""50333078"")",0.4785513361462725,"1","114"
"=HYPERLINK(""https://stackoverflow.com/q/50377090"", ""50377090"")",0.5892172961138472,"0","85"
"=HYPERLINK(""https://stackoverflow.com/q/50409408"", ""50409408"")",0.5574022776238844,"0","68"
"=HYPERLINK(""https://stackoverflow.com/q/50465033"", ""50465033"")",0.4741907261592307,"1","56"
"=HYPERLINK(""https://stackoverflow.com/q/50512460"", ""50512460"")",0.6222222222222222,"1","298"
"=HYPERLINK(""https://stackoverflow.com/q/50635277"", ""50635277"")",0.6698966408268726,"1","444"
"=HYPERLINK(""https://stackoverflow.com/q/50699695"", ""50699695"")",0.2622222222222226,"0","49"
"=HYPERLINK(""https://stackoverflow.com/q/50708942"", ""50708942"")",0.3783935068569827,"1","754"
"=HYPERLINK(""https://stackoverflow.com/q/50752250"", ""50752250"")",0.3386994949494947,"0","562"
"=HYPERLINK(""https://stackoverflow.com/q/50833958"", ""50833958"")",0.2822684115986656,"0","1384"
"=HYPERLINK(""https://stackoverflow.com/q/50856027"", ""50856027"")",0.496260683760684,"0","30"
"=HYPERLINK(""https://stackoverflow.com/q/50958561"", ""50958561"")",0.4870443566095735,"1","231"
"=HYPERLINK(""https://stackoverflow.com/q/50971864"", ""50971864"")",0.5370910268869462,"1","20"
"=HYPERLINK(""https://stackoverflow.com/q/50973254"", ""50973254"")",0.388179669030733,"0","532"
"=HYPERLINK(""https://stackoverflow.com/q/50980779"", ""50980779"")",0.6476365868631065,"1","3294"
"=HYPERLINK(""https://stackoverflow.com/q/51079139"", ""51079139"")",0.4886892880904854,"0","363"
"=HYPERLINK(""https://stackoverflow.com/q/51081579"", ""51081579"")",0.5908969210174023,"1","577"
"=HYPERLINK(""https://stackoverflow.com/q/51168207"", ""51168207"")",0.4882772680937821,"0","1381"
"=HYPERLINK(""https://stackoverflow.com/q/51212283"", ""51212283"")",0.4994499449944992,"0","575"
"=HYPERLINK(""https://stackoverflow.com/q/51303561"", ""51303561"")",0.4464966285546762,"0","846"
"=HYPERLINK(""https://stackoverflow.com/q/51352265"", ""51352265"")",0.4971667898497161,"3","3167"
"=HYPERLINK(""https://stackoverflow.com/q/51381386"", ""51381386"")",0.2398278560250392,"2","193"
"=HYPERLINK(""https://stackoverflow.com/q/51418152"", ""51418152"")",0.3661336613366136,"0","211"
"=HYPERLINK(""https://stackoverflow.com/q/51432021"", ""51432021"")",0.3137884872824631,"1","74"
"=HYPERLINK(""https://stackoverflow.com/q/51480081"", ""51480081"")",0.5365934797072518,"3","1548"
"=HYPERLINK(""https://stackoverflow.com/q/51485762"", ""51485762"")",0.6547481737793148,"0","58"
"=HYPERLINK(""https://stackoverflow.com/q/51574153"", ""51574153"")",0.3447518664909965,"0","148"
"=HYPERLINK(""https://stackoverflow.com/q/51604830"", ""51604830"")",0.7222222222222208,"0","437"
"=HYPERLINK(""https://stackoverflow.com/q/51617545"", ""51617545"")",0.6587043069127759,"0","356"
"=HYPERLINK(""https://stackoverflow.com/q/51629301"", ""51629301"")",0.2871572871572869,"0","51"
"=HYPERLINK(""https://stackoverflow.com/q/51649558"", ""51649558"")",0.2654914529914531,"0","156"
"=HYPERLINK(""https://stackoverflow.com/q/51661112"", ""51661112"")",0.6056214317083874,"0","47"
"=HYPERLINK(""https://stackoverflow.com/q/51834269"", ""51834269"")",0.2791842475386779,"1","103"
"=HYPERLINK(""https://stackoverflow.com/q/51865601"", ""51865601"")",0.9093387866393988,"0","187"
"=HYPERLINK(""https://stackoverflow.com/q/51919058"", ""51919058"")",0.2042581503659346,"0","58"
"=HYPERLINK(""https://stackoverflow.com/q/52033531"", ""52033531"")",0.5870430691277595,"0","746"
"=HYPERLINK(""https://stackoverflow.com/q/52046824"", ""52046824"")",0.4517714709701356,"0","73"
"=HYPERLINK(""https://stackoverflow.com/q/52117640"", ""52117640"")",0.5790061418202117,"5","3886"
"=HYPERLINK(""https://stackoverflow.com/q/52160298"", ""52160298"")",0.6854575163398694,"0","26"
"=HYPERLINK(""https://stackoverflow.com/q/52163958"", ""52163958"")",0.4090199750312115,"0","657"
"=HYPERLINK(""https://stackoverflow.com/q/52294271"", ""52294271"")",0.6008833100883305,"0","616"
"=HYPERLINK(""https://stackoverflow.com/q/52321278"", ""52321278"")",0.3760683760683761,"1","325"
"=HYPERLINK(""https://stackoverflow.com/q/52370526"", ""52370526"")",0.5972222222222219,"0","315"
"=HYPERLINK(""https://stackoverflow.com/q/52376226"", ""52376226"")",0.5177367340955734,"1","25"
"=HYPERLINK(""https://stackoverflow.com/q/52492264"", ""52492264"")",0.3949026345933561,"0","241"
"=HYPERLINK(""https://stackoverflow.com/q/52510724"", ""52510724"")",0.7115839243498818,"0","323"
"=HYPERLINK(""https://stackoverflow.com/q/52525320"", ""52525320"")",0.7847222222222227,"0","835"
"=HYPERLINK(""https://stackoverflow.com/q/52574490"", ""52574490"")",0.6380116959064338,"1","746"
"=HYPERLINK(""https://stackoverflow.com/q/52844485"", ""52844485"")",0.6249371543489189,"0","933"
"=HYPERLINK(""https://stackoverflow.com/q/52934607"", ""52934607"")",0.5039901780233276,"0","25"
"=HYPERLINK(""https://stackoverflow.com/q/52987358"", ""52987358"")",0.5734880450070315,"1","41"
"=HYPERLINK(""https://stackoverflow.com/q/53082382"", ""53082382"")",0.5825163398692811,"0","318"
"=HYPERLINK(""https://stackoverflow.com/q/53095373"", ""53095373"")",0.4504101416853099,"1","3610"
"=HYPERLINK(""https://stackoverflow.com/q/53155525"", ""53155525"")",0.5481645725548157,"1","60"
"=HYPERLINK(""https://stackoverflow.com/q/53410847"", ""53410847"")",0.5350564468211528,"0","979"
"=HYPERLINK(""https://stackoverflow.com/q/53413258"", ""53413258"")",0.5839243498817968,"4","717"
"=HYPERLINK(""https://stackoverflow.com/q/53472963"", ""53472963"")",0.6304725778409999,"0","678"
"=HYPERLINK(""https://stackoverflow.com/q/53564084"", ""53564084"")",0.5010683760683763,"0","59"
"=HYPERLINK(""https://stackoverflow.com/q/53585746"", ""53585746"")",0.3527640941434042,"0","80"
"=HYPERLINK(""https://stackoverflow.com/q/53845544"", ""53845544"")",0.4437965662455466,"2","1315"
"=HYPERLINK(""https://stackoverflow.com/q/53944354"", ""53944354"")",0.6094562647754137,"0","266"
"=HYPERLINK(""https://stackoverflow.com/q/54201191"", ""54201191"")",0.5420516465292592,"0","71"
"=HYPERLINK(""https://stackoverflow.com/q/54207124"", ""54207124"")",0.5508139718666041,"1","624"
"=HYPERLINK(""https://stackoverflow.com/q/54216119"", ""54216119"")",0.4353609083536097,"1","935"
"=HYPERLINK(""https://stackoverflow.com/q/54306564"", ""54306564"")",0.3713934929404543,"3","870"
"=HYPERLINK(""https://stackoverflow.com/q/54323760"", ""54323760"")",0.5200945626477544,"2","1668"
"=HYPERLINK(""https://stackoverflow.com/q/54358796"", ""54358796"")",0.3898358585858584,"0","74"
"=HYPERLINK(""https://stackoverflow.com/q/54360291"", ""54360291"")",0.5301039956212362,"1","96"
"=HYPERLINK(""https://stackoverflow.com/q/54406837"", ""54406837"")",0.7718405428329106,"2","242"
"=HYPERLINK(""https://stackoverflow.com/q/54480031"", ""54480031"")",0.5365079365079366,"0","133"
"=HYPERLINK(""https://stackoverflow.com/q/54532837"", ""54532837"")",0.4772557792692025,"0","203"
"=HYPERLINK(""https://stackoverflow.com/q/54548422"", ""54548422"")",0.5059592464436748,"0","435"
"=HYPERLINK(""https://stackoverflow.com/q/54666876"", ""54666876"")",0.5030732860520095,"0","689"
"=HYPERLINK(""https://stackoverflow.com/q/54695712"", ""54695712"")",0.2388580817416309,"1","103"
"=HYPERLINK(""https://stackoverflow.com/q/54782574"", ""54782574"")",0.274188514357054,"1","108"
"=HYPERLINK(""https://stackoverflow.com/q/54791327"", ""54791327"")",0.7446496628554681,"1","189"
"=HYPERLINK(""https://stackoverflow.com/q/54822822"", ""54822822"")",0.4788593903638156,"1","714"
"=HYPERLINK(""https://stackoverflow.com/q/54871142"", ""54871142"")",0.3289984029203738,"0","17"
"=HYPERLINK(""https://stackoverflow.com/q/54893989"", ""54893989"")",0.3048309178743957,"0","23"
"=HYPERLINK(""https://stackoverflow.com/q/54894563"", ""54894563"")",0.3787107718405432,"1","141"
"=HYPERLINK(""https://stackoverflow.com/q/54944573"", ""54944573"")",0.7475678443420366,"0","17"
"=HYPERLINK(""https://stackoverflow.com/q/54960110"", ""54960110"")",0.6443327749860408,"0","52"
"=HYPERLINK(""https://stackoverflow.com/q/54983684"", ""54983684"")",0.6248196248196243,"0","60"
"=HYPERLINK(""https://stackoverflow.com/q/54995158"", ""54995158"")",0.921085858585858,"1","456"
"=HYPERLINK(""https://stackoverflow.com/q/55032493"", ""55032493"")",0.3662665435518621,"0","655"
"=HYPERLINK(""https://stackoverflow.com/q/55064804"", ""55064804"")",0.4054154995331465,"0","253"
"=HYPERLINK(""https://stackoverflow.com/q/55165029"", ""55165029"")",0.4462406979727994,"1","225"
"=HYPERLINK(""https://stackoverflow.com/q/55212167"", ""55212167"")",0.4454365079365074,"0","254"
"=HYPERLINK(""https://stackoverflow.com/q/55217961"", ""55217961"")",0.3086883876357557,"1","838"
"=HYPERLINK(""https://stackoverflow.com/q/55219681"", ""55219681"")",0.3804500703234877,"1","350"
"=HYPERLINK(""https://stackoverflow.com/q/55232266"", ""55232266"")",0.3328779599271404,"3","233"
"=HYPERLINK(""https://stackoverflow.com/q/55283642"", ""55283642"")",0.5394636015325671,"0","69"
"=HYPERLINK(""https://stackoverflow.com/q/55293288"", ""55293288"")",0.4877089478859396,"1","248"
"=HYPERLINK(""https://stackoverflow.com/q/55448792"", ""55448792"")",0.2853801169590647,"0","605"
"=HYPERLINK(""https://stackoverflow.com/q/55468939"", ""55468939"")",0.4500703234880448,"0","410"
"=HYPERLINK(""https://stackoverflow.com/q/55471803"", ""55471803"")",0.3719228210246172,"0","257"
"=HYPERLINK(""https://stackoverflow.com/q/55494787"", ""55494787"")",0.4125336409073433,"0","25"
"=HYPERLINK(""https://stackoverflow.com/q/55513835"", ""55513835"")",0.7512919896640818,"0","31"
"=HYPERLINK(""https://stackoverflow.com/q/55530551"", ""55530551"")",0.4038665816868495,"0","143"
"=HYPERLINK(""https://stackoverflow.com/q/55537360"", ""55537360"")",0.3552271483305962,"0","418"
"=HYPERLINK(""https://stackoverflow.com/q/55578235"", ""55578235"")",0.5187046342825233,"0","27"
"=HYPERLINK(""https://stackoverflow.com/q/55582426"", ""55582426"")",0.3921632831259545,"1","1185"
"=HYPERLINK(""https://stackoverflow.com/q/55642547"", ""55642547"")",0.3970623075100688,"2","620"
"=HYPERLINK(""https://stackoverflow.com/q/55743944"", ""55743944"")",0.5150793650793651,"0","1161"
"=HYPERLINK(""https://stackoverflow.com/q/55758941"", ""55758941"")",0.4234542550764314,"1","164"
"=HYPERLINK(""https://stackoverflow.com/q/56056401"", ""56056401"")",0.6840542832909257,"0","162"
"=HYPERLINK(""https://stackoverflow.com/q/56077666"", ""56077666"")",0.2865079365079366,"1","17"
"=HYPERLINK(""https://stackoverflow.com/q/56082607"", ""56082607"")",0.4941116231438806,"3","364"
"=HYPERLINK(""https://stackoverflow.com/q/56111559"", ""56111559"")",0.6191687871077193,"0","73"
"=HYPERLINK(""https://stackoverflow.com/q/56127535"", ""56127535"")",0.5391452991453,"1","551"
"=HYPERLINK(""https://stackoverflow.com/q/56152251"", ""56152251"")",0.4739543238388501,"1","721"
"=HYPERLINK(""https://stackoverflow.com/q/56169816"", ""56169816"")",0.3390861275476661,"1","194"
"=HYPERLINK(""https://stackoverflow.com/q/56302073"", ""56302073"")",0.6081497275527136,"3","282"
"=HYPERLINK(""https://stackoverflow.com/q/56319818"", ""56319818"")",0.4590643274853804,"0","289"
"=HYPERLINK(""https://stackoverflow.com/q/56336917"", ""56336917"")",0.4180985108820159,"0","35"
"=HYPERLINK(""https://stackoverflow.com/q/56352723"", ""56352723"")",0.5548164572554809,"0","189"
"=HYPERLINK(""https://stackoverflow.com/q/56355331"", ""56355331"")",0.6222222222222232,"0","665"
"=HYPERLINK(""https://stackoverflow.com/q/56405230"", ""56405230"")",0.5875358753587537,"0","48"
"=HYPERLINK(""https://stackoverflow.com/q/56556156"", ""56556156"")",0.305966064586754,"0","133"
"=HYPERLINK(""https://stackoverflow.com/q/56558632"", ""56558632"")",0.3905895691609974,"2","2063"
"=HYPERLINK(""https://stackoverflow.com/q/56570383"", ""56570383"")",0.7239523260284498,"1","445"
"=HYPERLINK(""https://stackoverflow.com/q/56573602"", ""56573602"")",0.3599681971774996,"0","146"
"=HYPERLINK(""https://stackoverflow.com/q/56700759"", ""56700759"")",0.759064327485381,"1","2054"
"=HYPERLINK(""https://stackoverflow.com/q/56744215"", ""56744215"")",0.3534148827726807,"0","230"
"=HYPERLINK(""https://stackoverflow.com/q/56746025"", ""56746025"")",0.3581324466611247,"0","122"
"=HYPERLINK(""https://stackoverflow.com/q/56937356"", ""56937356"")",0.4318996415770611,"0","507"
"=HYPERLINK(""https://stackoverflow.com/q/56969396"", ""56969396"")",0.566390482260464,"1","1984"
"=HYPERLINK(""https://stackoverflow.com/q/56985568"", ""56985568"")",0.7222222222222219,"0","55"
"=HYPERLINK(""https://stackoverflow.com/q/57034159"", ""57034159"")",0.2970144659895353,"0","208"
"=HYPERLINK(""https://stackoverflow.com/q/57059487"", ""57059487"")",0.670498084291188,"0","2084"
"=HYPERLINK(""https://stackoverflow.com/q/57192642"", ""57192642"")",0.2892325315005727,"0","45"
"=HYPERLINK(""https://stackoverflow.com/q/57265782"", ""57265782"")",0.3576902025177882,"0","85"
"=HYPERLINK(""https://stackoverflow.com/q/57282075"", ""57282075"")",0.2345461658841942,"0","169"
"=HYPERLINK(""https://stackoverflow.com/q/57381890"", ""57381890"")",0.5071826443858106,"0","55"
"=HYPERLINK(""https://stackoverflow.com/q/57403551"", ""57403551"")",0.5133834007317548,"0","239"
"=HYPERLINK(""https://stackoverflow.com/q/57427500"", ""57427500"")",0.3544410672070247,"0","612"
"=HYPERLINK(""https://stackoverflow.com/q/57523091"", ""57523091"")",0.5267204921184154,"0","277"
"=HYPERLINK(""https://stackoverflow.com/q/57523759"", ""57523759"")",0.7222222222222223,"0","214"
"=HYPERLINK(""https://stackoverflow.com/q/57556256"", ""57556256"")",0.4507936507936509,"0","31"
"=HYPERLINK(""https://stackoverflow.com/q/57559213"", ""57559213"")",0.5137884872824627,"0","479"
"=HYPERLINK(""https://stackoverflow.com/q/57590301"", ""57590301"")",0.6449026345933562,"0","313"
"=HYPERLINK(""https://stackoverflow.com/q/57591626"", ""57591626"")",0.2568242983467896,"0","785"
"=HYPERLINK(""https://stackoverflow.com/q/57634491"", ""57634491"")",0.4081292686989842,"1","109"
"=HYPERLINK(""https://stackoverflow.com/q/57657610"", ""57657610"")",0.3672603901611542,"0","107"
"=HYPERLINK(""https://stackoverflow.com/q/57690433"", ""57690433"")",0.3977947413061922,"0","115"
"=HYPERLINK(""https://stackoverflow.com/q/57744426"", ""57744426"")",0.4837606837606842,"1","529"
"=HYPERLINK(""https://stackoverflow.com/q/57762017"", ""57762017"")",0.5924644367550933,"0","550"
"=HYPERLINK(""https://stackoverflow.com/q/57801569"", ""57801569"")",0.5700483091787428,"0","23"
"=HYPERLINK(""https://stackoverflow.com/q/57831723"", ""57831723"")",0.3653673835125448,"0","365"
"=HYPERLINK(""https://stackoverflow.com/q/57880930"", ""57880930"")",0.291426374471357,"0","439"
"=HYPERLINK(""https://stackoverflow.com/q/57894512"", ""57894512"")",0.609156895589056,"0","91"
"=HYPERLINK(""https://stackoverflow.com/q/57960907"", ""57960907"")",0.4350502105604152,"1","151"
"=HYPERLINK(""https://stackoverflow.com/q/57976478"", ""57976478"")",0.4700356333009398,"2","458"
"=HYPERLINK(""https://stackoverflow.com/q/58011656"", ""58011656"")",0.9026345933562426,"0","131"
"=HYPERLINK(""https://stackoverflow.com/q/58054575"", ""58054575"")",0.2688804819952363,"0","726"
"=HYPERLINK(""https://stackoverflow.com/q/58091962"", ""58091962"")",0.2965756704980842,"0","120"
"=HYPERLINK(""https://stackoverflow.com/q/58092987"", ""58092987"")",0.4098554844823503,"1","234"
"=HYPERLINK(""https://stackoverflow.com/q/58134573"", ""58134573"")",0.5724071790656253,"0","196"
"=HYPERLINK(""https://stackoverflow.com/q/58151857"", ""58151857"")",0.4779040404040401,"0","229"
"=HYPERLINK(""https://stackoverflow.com/q/58212059"", ""58212059"")",0.4387715179968706,"0","425"
"=HYPERLINK(""https://stackoverflow.com/q/58227967"", ""58227967"")",0.4038942479456951,"0","392"
"=HYPERLINK(""https://stackoverflow.com/q/58235434"", ""58235434"")",0.8698732289336323,"0","98"
"=HYPERLINK(""https://stackoverflow.com/q/58255162"", ""58255162"")",0.4388120839733739,"0","146"
"=HYPERLINK(""https://stackoverflow.com/q/58345697"", ""58345697"")",0.4826100338565713,"0","374"
"=HYPERLINK(""https://stackoverflow.com/q/58347725"", ""58347725"")",0.4949494949494946,"0","387"
"=HYPERLINK(""https://stackoverflow.com/q/58401116"", ""58401116"")",0.5446977922547953,"2","94"
"=HYPERLINK(""https://stackoverflow.com/q/58538713"", ""58538713"")",0.6039956212369998,"0","248"
"=HYPERLINK(""https://stackoverflow.com/q/58657409"", ""58657409"")",0.4438288704216682,"0","113"
"=HYPERLINK(""https://stackoverflow.com/q/58680024"", ""58680024"")",0.397606837606838,"0","417"
"=HYPERLINK(""https://stackoverflow.com/q/58783610"", ""58783610"")",0.3268247326824729,"0","108"
"=HYPERLINK(""https://stackoverflow.com/q/58805768"", ""58805768"")",0.2324891626739676,"1","165"
"=HYPERLINK(""https://stackoverflow.com/q/58870274"", ""58870274"")",0.4773768613974798,"0","752"
"=HYPERLINK(""https://stackoverflow.com/q/58877222"", ""58877222"")",0.4792976939203355,"1","238"
"=HYPERLINK(""https://stackoverflow.com/q/58927398"", ""58927398"")",0.2515860068878014,"0","55"
"=HYPERLINK(""https://stackoverflow.com/q/58933463"", ""58933463"")",0.4713571703191076,"0","148"
"=HYPERLINK(""https://stackoverflow.com/q/59056956"", ""59056956"")",0.3557727108215707,"0","78"
"=HYPERLINK(""https://stackoverflow.com/q/59058293"", ""59058293"")",0.6709756848261004,"0","120"
"=HYPERLINK(""https://stackoverflow.com/q/59063029"", ""59063029"")",0.5299145299145303,"0","134"
"=HYPERLINK(""https://stackoverflow.com/q/59064862"", ""59064862"")",0.3854875283446717,"0","259"
"=HYPERLINK(""https://stackoverflow.com/q/59100656"", ""59100656"")",0.8748939779474147,"0","1022"
"=HYPERLINK(""https://stackoverflow.com/q/59134196"", ""59134196"")",0.8000768935024983,"1","1620"
"=HYPERLINK(""https://stackoverflow.com/q/59160877"", ""59160877"")",0.3505021056041469,"0","86"
"=HYPERLINK(""https://stackoverflow.com/q/59192706"", ""59192706"")",0.7468123861566495,"0","38"
"=HYPERLINK(""https://stackoverflow.com/q/59207397"", ""59207397"")",0.8346000723850885,"2","64"
"=HYPERLINK(""https://stackoverflow.com/q/59217804"", ""59217804"")",0.6001749781277352,"0","80"
"=HYPERLINK(""https://stackoverflow.com/q/59282347"", ""59282347"")",0.9371158392434988,"0","61"
"=HYPERLINK(""https://stackoverflow.com/q/59285658"", ""59285658"")",0.7519963495322828,"0","118"
"=HYPERLINK(""https://stackoverflow.com/q/59373909"", ""59373909"")",0.4783798576902023,"1","22"
"=HYPERLINK(""https://stackoverflow.com/q/59391200"", ""59391200"")",0.4439312291506285,"1","54"
"=HYPERLINK(""https://stackoverflow.com/q/59434557"", ""59434557"")",0.608725289706884,"3","115"
"=HYPERLINK(""https://stackoverflow.com/q/59501427"", ""59501427"")",0.3765846383296051,"0","58"
"=HYPERLINK(""https://stackoverflow.com/q/59565330"", ""59565330"")",0.3327991452991454,"1","414"
"=HYPERLINK(""https://stackoverflow.com/q/59624024"", ""59624024"")",0.4136579904841862,"1","217"
"=HYPERLINK(""https://stackoverflow.com/q/59648285"", ""59648285"")",0.367542419266557,"2","362"
"=HYPERLINK(""https://stackoverflow.com/q/59716020"", ""59716020"")",0.5816692268305161,"0","42"
"=HYPERLINK(""https://stackoverflow.com/q/59901635"", ""59901635"")",0.4359208523592083,"2","300"
"=HYPERLINK(""https://stackoverflow.com/q/60058295"", ""60058295"")",0.3752565230137791,"1","57"
"=HYPERLINK(""https://stackoverflow.com/q/60066980"", ""60066980"")",0.4647754137115841,"0","66"
"=HYPERLINK(""https://stackoverflow.com/q/60122169"", ""60122169"")",0.500665335994677,"0","59"
"=HYPERLINK(""https://stackoverflow.com/q/60153860"", ""60153860"")",0.4835858585858583,"0","61"
"=HYPERLINK(""https://stackoverflow.com/q/60220928"", ""60220928"")",0.4722222222222223,"0","27"
"=HYPERLINK(""https://stackoverflow.com/q/60304958"", ""60304958"")",0.5514529914529922,"0","258"
"=HYPERLINK(""https://stackoverflow.com/q/60327104"", ""60327104"")",0.6845337800111664,"0","18"
"=HYPERLINK(""https://stackoverflow.com/q/60327232"", ""60327232"")",0.5155247626379263,"0","47"
"=HYPERLINK(""https://stackoverflow.com/q/60348603"", ""60348603"")",0.7180670975684826,"1","100"
"=HYPERLINK(""https://stackoverflow.com/q/60460473"", ""60460473"")",0.3207259628706009,"1","428"
"=HYPERLINK(""https://stackoverflow.com/q/60479053"", ""60479053"")",0.5003792188092526,"0","493"
"=HYPERLINK(""https://stackoverflow.com/q/60508780"", ""60508780"")",0.8479890933878652,"0","96"
"=HYPERLINK(""https://stackoverflow.com/q/60533565"", ""60533565"")",0.6619616359030038,"0","745"
"=HYPERLINK(""https://stackoverflow.com/q/60565268"", ""60565268"")",0.5577926920208802,"0","363"
"=HYPERLINK(""https://stackoverflow.com/q/60683396"", ""60683396"")",0.5972222222222225,"2","746"
"=HYPERLINK(""https://stackoverflow.com/q/60686648"", ""60686648"")",0.4759168035030098,"1","475"
"=HYPERLINK(""https://stackoverflow.com/q/60779826"", ""60779826"")",0.6620956399437404,"1","220"
"=HYPERLINK(""https://stackoverflow.com/q/60848585"", ""60848585"")",0.4748538011695911,"0","172"
"=HYPERLINK(""https://stackoverflow.com/q/60934820"", ""60934820"")",0.4584031267448349,"0","23"
"=HYPERLINK(""https://stackoverflow.com/q/61100181"", ""61100181"")",0.4941116231438804,"0","32"
"=HYPERLINK(""https://stackoverflow.com/q/61125003"", ""61125003"")",0.3385012919896638,"0","302"
"=HYPERLINK(""https://stackoverflow.com/q/61188935"", ""61188935"")",0.6678984971667891,"0","71"
"=HYPERLINK(""https://stackoverflow.com/q/61321340"", ""61321340"")",0.7396640826873377,"1","15"
"=HYPERLINK(""https://stackoverflow.com/q/61345897"", ""61345897"")",0.4798909338786634,"1","212"
"=HYPERLINK(""https://stackoverflow.com/q/61362602"", ""61362602"")",0.608962553713935,"0","38"
"=HYPERLINK(""https://stackoverflow.com/q/61480704"", ""61480704"")",0.27764390896921,"1","131"
"=HYPERLINK(""https://stackoverflow.com/q/61488025"", ""61488025"")",0.8796807857581341,"1","124"
"=HYPERLINK(""https://stackoverflow.com/q/61507931"", ""61507931"")",0.5688131313131308,"1","216"
"=HYPERLINK(""https://stackoverflow.com/q/61532478"", ""61532478"")",0.5740294511378842,"0","434"
"=HYPERLINK(""https://stackoverflow.com/q/61542636"", ""61542636"")",0.5474817377931559,"0","29"
"=HYPERLINK(""https://stackoverflow.com/q/61626875"", ""61626875"")",0.5218964893231993,"0","32"
"=HYPERLINK(""https://stackoverflow.com/q/61675551"", ""61675551"")",0.3742840778923252,"0","41"
"=HYPERLINK(""https://stackoverflow.com/q/61694191"", ""61694191"")",0.735645041014169,"0","55"
"=HYPERLINK(""https://stackoverflow.com/q/61740155"", ""61740155"")",0.7583924349881798,"1","265"
"=HYPERLINK(""https://stackoverflow.com/q/61746788"", ""61746788"")",0.6218038121803808,"0","82"
"=HYPERLINK(""https://stackoverflow.com/q/61746946"", ""61746946"")",0.6737457679285934,"0","72"
"=HYPERLINK(""https://stackoverflow.com/q/61752027"", ""61752027"")",0.9338786639400122,"0","110"
"=HYPERLINK(""https://stackoverflow.com/q/61766048"", ""61766048"")",0.4327485380116958,"0","374"
"=HYPERLINK(""https://stackoverflow.com/q/61800631"", ""61800631"")",0.3709102688694531,"1","32"
"=HYPERLINK(""https://stackoverflow.com/q/61818220"", ""61818220"")",0.7896962706651279,"1","55"
"=HYPERLINK(""https://stackoverflow.com/q/61865788"", ""61865788"")",0.4611384783798572,"0","29"
"=HYPERLINK(""https://stackoverflow.com/q/61885909"", ""61885909"")",0.3003472222222223,"0","15"
"=HYPERLINK(""https://stackoverflow.com/q/61915231"", ""61915231"")",0.2733585858585858,"1","164"
"=HYPERLINK(""https://stackoverflow.com/q/61938413"", ""61938413"")",0.2143482064741909,"1","67"
"=HYPERLINK(""https://stackoverflow.com/q/61961302"", ""61961302"")",0.8738615664845184,"3","1364"
"=HYPERLINK(""https://stackoverflow.com/q/61999799"", ""61999799"")",0.5063550635506358,"0","261"
"=HYPERLINK(""https://stackoverflow.com/q/62002491"", ""62002491"")",0.4775039123630677,"0","64"
"=HYPERLINK(""https://stackoverflow.com/q/62043318"", ""62043318"")",0.4558287795992721,"1","499"
"=HYPERLINK(""https://stackoverflow.com/q/62067326"", ""62067326"")",0.3977947413061923,"0","38"
"=HYPERLINK(""https://stackoverflow.com/q/62081698"", ""62081698"")",0.4860658704306911,"0","34"
"=HYPERLINK(""https://stackoverflow.com/q/62147086"", ""62147086"")",0.407850964737192,"0","310"
"=HYPERLINK(""https://stackoverflow.com/q/62271273"", ""62271273"")",0.5455755156353956,"0","118"
"=HYPERLINK(""https://stackoverflow.com/q/62312058"", ""62312058"")",0.6214317083882294,"0","725"
"=HYPERLINK(""https://stackoverflow.com/q/62334458"", ""62334458"")",0.7308727412533631,"0","43"
"=HYPERLINK(""https://stackoverflow.com/q/62341412"", ""62341412"")",0.4198270126413836,"0","104"
"=HYPERLINK(""https://stackoverflow.com/q/62360150"", ""62360150"")",0.3813917723952323,"0","84"
"=HYPERLINK(""https://stackoverflow.com/q/62398221"", ""62398221"")",0.6613526570048296,"0","343"
"=HYPERLINK(""https://stackoverflow.com/q/62402924"", ""62402924"")",0.4281045751633986,"0","41"
"=HYPERLINK(""https://stackoverflow.com/q/62412886"", ""62412886"")",0.2546454304133483,"0","642"
"=HYPERLINK(""https://stackoverflow.com/q/62510222"", ""62510222"")",0.932449494949494,"0","1222"
"=HYPERLINK(""https://stackoverflow.com/q/62543269"", ""62543269"")",0.3070509334783398,"0","86"
"=HYPERLINK(""https://stackoverflow.com/q/62559340"", ""62559340"")",0.9073742794673032,"0","56"
"=HYPERLINK(""https://stackoverflow.com/q/62563315"", ""62563315"")",0.4094949494949493,"2","1077"
"=HYPERLINK(""https://stackoverflow.com/q/62637405"", ""62637405"")",0.2881852829082383,"0","22"
"=HYPERLINK(""https://stackoverflow.com/q/62647523"", ""62647523"")",0.4884559884559882,"0","33"
"=HYPERLINK(""https://stackoverflow.com/q/62682326"", ""62682326"")",0.5617056170561706,"0","865"
"=HYPERLINK(""https://stackoverflow.com/q/62686743"", ""62686743"")",0.9508654383026234,"0","65"
"=HYPERLINK(""https://stackoverflow.com/q/62706547"", ""62706547"")",0.3731656184486375,"0","49"
"=HYPERLINK(""https://stackoverflow.com/q/62732909"", ""62732909"")",0.4412943871706757,"1","25"
"=HYPERLINK(""https://stackoverflow.com/q/62784378"", ""62784378"")",0.5211912943871706,"0","84"
"=HYPERLINK(""https://stackoverflow.com/q/62816732"", ""62816732"")",0.3966408268733845,"0","17"
"=HYPERLINK(""https://stackoverflow.com/q/62853253"", ""62853253"")",0.7866394001363316,"1","140"
"=HYPERLINK(""https://stackoverflow.com/q/62866040"", ""62866040"")",0.4235796882855705,"0","66"
"=HYPERLINK(""https://stackoverflow.com/q/62871971"", ""62871971"")",0.8505408062930195,"1","232"
"=HYPERLINK(""https://stackoverflow.com/q/62872289"", ""62872289"")",0.4887467424780864,"0","48"
"=HYPERLINK(""https://stackoverflow.com/q/62882560"", ""62882560"")",0.5760683760683769,"0","181"
"=HYPERLINK(""https://stackoverflow.com/q/62884157"", ""62884157"")",0.6227985910983033,"1","138"
"=HYPERLINK(""https://stackoverflow.com/q/62947835"", ""62947835"")",0.3232074438970988,"1","251"
"=HYPERLINK(""https://stackoverflow.com/q/63012116"", ""63012116"")",0.3543650793650794,"0","124"
"=HYPERLINK(""https://stackoverflow.com/q/63023907"", ""63023907"")",0.3617571059431519,"0","17"
"=HYPERLINK(""https://stackoverflow.com/q/63076710"", ""63076710"")",0.8728246318607755,"0","73"
"=HYPERLINK(""https://stackoverflow.com/q/63089185"", ""63089185"")",0.3387866394001359,"0","23"
"=HYPERLINK(""https://stackoverflow.com/q/63119343"", ""63119343"")",0.5801767676767671,"0","235"
"=HYPERLINK(""https://stackoverflow.com/q/63178814"", ""63178814"")",0.4838501291989661,"0","87"
"=HYPERLINK(""https://stackoverflow.com/q/63253119"", ""63253119"")",0.4312386156648456,"0","62"
"=HYPERLINK(""https://stackoverflow.com/q/63296731"", ""63296731"")",0.5258585858585857,"0","40"
"=HYPERLINK(""https://stackoverflow.com/q/63373747"", ""63373747"")",0.7970253718285228,"1","171"
"=HYPERLINK(""https://stackoverflow.com/q/63413718"", ""63413718"")",0.2962277726385032,"0","117"
"=HYPERLINK(""https://stackoverflow.com/q/63493201"", ""63493201"")",0.7429978454909203,"0","62"
"=HYPERLINK(""https://stackoverflow.com/q/63495922"", ""63495922"")",0.691277596815056,"0","18"
"=HYPERLINK(""https://stackoverflow.com/q/63497180"", ""63497180"")",0.3103135762189596,"1","716"
"=HYPERLINK(""https://stackoverflow.com/q/63538635"", ""63538635"")",0.4837606837606844,"0","41"
"=HYPERLINK(""https://stackoverflow.com/q/63562144"", ""63562144"")",0.356837606837607,"0","44"
"=HYPERLINK(""https://stackoverflow.com/q/63587197"", ""63587197"")",0.2524235645041016,"0","89"
"=HYPERLINK(""https://stackoverflow.com/q/63641909"", ""63641909"")",0.5624477861319962,"1","35"
"=HYPERLINK(""https://stackoverflow.com/q/63675296"", ""63675296"")",0.4485535831689682,"0","17"
"=HYPERLINK(""https://stackoverflow.com/q/63738789"", ""63738789"")",0.351254480286738,"0","167"
"=HYPERLINK(""https://stackoverflow.com/q/63800375"", ""63800375"")",0.2961352657004827,"0","63"
"=HYPERLINK(""https://stackoverflow.com/q/63805542"", ""63805542"")",0.5343027591349743,"0","31"
"=HYPERLINK(""https://stackoverflow.com/q/63837268"", ""63837268"")",0.2763459335624284,"0","188"
"=HYPERLINK(""https://stackoverflow.com/q/63850927"", ""63850927"")",0.5195983155166836,"0","23"
"=HYPERLINK(""https://stackoverflow.com/q/63881476"", ""63881476"")",0.3049289891395151,"0","57"
"=HYPERLINK(""https://stackoverflow.com/q/63885844"", ""63885844"")",0.4893977947413067,"0","20"
"=HYPERLINK(""https://stackoverflow.com/q/63904911"", ""63904911"")",0.5617056170561706,"0","61"
"=HYPERLINK(""https://stackoverflow.com/q/63982317"", ""63982317"")",0.5020006155740229,"0","36"
"=HYPERLINK(""https://stackoverflow.com/q/63984830"", ""63984830"")",0.4421074994688767,"0","146"
"=HYPERLINK(""https://stackoverflow.com/q/64003056"", ""64003056"")",0.7541371158392435,"1","282"
"=HYPERLINK(""https://stackoverflow.com/q/64004770"", ""64004770"")",0.4365079365079366,"0","26"
"=HYPERLINK(""https://stackoverflow.com/q/64005170"", ""64005170"")",0.5840312674483524,"0","32"
"=HYPERLINK(""https://stackoverflow.com/q/64006434"", ""64006434"")",0.417213277678394,"0","179"
"=HYPERLINK(""https://stackoverflow.com/q/64047914"", ""64047914"")",0.5568525724167747,"1","108"
"=HYPERLINK(""https://stackoverflow.com/q/64097444"", ""64097444"")",0.637447135717031,"2","98"
"=HYPERLINK(""https://stackoverflow.com/q/64116531"", ""64116531"")",0.2343189964157708,"0","89"
"=HYPERLINK(""https://stackoverflow.com/q/64233885"", ""64233885"")",0.4848804500703229,"0","80"
"=HYPERLINK(""https://stackoverflow.com/q/64238753"", ""64238753"")",0.6620956399437405,"0","39"
"=HYPERLINK(""https://stackoverflow.com/q/64246068"", ""64246068"")",0.8231837606837611,"0","60"
"=HYPERLINK(""https://stackoverflow.com/q/64330099"", ""64330099"")",0.582936507936508,"0","95"
"=HYPERLINK(""https://stackoverflow.com/q/64367468"", ""64367468"")",0.2904040404040403,"0","32"
"=HYPERLINK(""https://stackoverflow.com/q/64395529"", ""64395529"")",0.3210364514712339,"0","22"
"=HYPERLINK(""https://stackoverflow.com/q/64430191"", ""64430191"")",0.7346875961834411,"1","155"
"=HYPERLINK(""https://stackoverflow.com/q/64435640"", ""64435640"")",0.5948637316561847,"1","44"
"=HYPERLINK(""https://stackoverflow.com/q/64480377"", ""64480377"")",0.7000703234880441,"0","73"
"=HYPERLINK(""https://stackoverflow.com/q/64504323"", ""64504323"")",0.5712155108128266,"0","25"
"=HYPERLINK(""https://stackoverflow.com/q/64551463"", ""64551463"")",0.5903203817314239,"0","11"
"=HYPERLINK(""https://stackoverflow.com/q/64616752"", ""64616752"")",0.5830176767676764,"0","170"
"=HYPERLINK(""https://stackoverflow.com/q/64661841"", ""64661841"")",0.3557234816680658,"0","118"
"=HYPERLINK(""https://stackoverflow.com/q/64662590"", ""64662590"")",0.3152454780361753,"0","142"
"=HYPERLINK(""https://stackoverflow.com/q/64674011"", ""64674011"")",0.5064327485380125,"0","251"
"=HYPERLINK(""https://stackoverflow.com/q/64766293"", ""64766293"")",0.557862360630526,"0","22"
"=HYPERLINK(""https://stackoverflow.com/q/64887487"", ""64887487"")",0.4373482726423902,"1","59"
"=HYPERLINK(""https://stackoverflow.com/q/64912963"", ""64912963"")",0.3477964948102774,"1","72"
"=HYPERLINK(""https://stackoverflow.com/q/64913223"", ""64913223"")",0.3820160366552119,"0","23"
"=HYPERLINK(""https://stackoverflow.com/q/64993640"", ""64993640"")",0.5079365079365078,"0","38"
"=HYPERLINK(""https://stackoverflow.com/q/65061252"", ""65061252"")",0.7869039470682172,"1","30"
"=HYPERLINK(""https://stackoverflow.com/q/65064131"", ""65064131"")",0.6503659347970722,"0","76"
"=HYPERLINK(""https://stackoverflow.com/q/65074303"", ""65074303"")",0.3766339869281045,"1","36"
"=HYPERLINK(""https://stackoverflow.com/q/65076554"", ""65076554"")",0.4094143404488229,"1","53"
"=HYPERLINK(""https://stackoverflow.com/q/65085451"", ""65085451"")",0.4105067410506737,"0","30"
"=HYPERLINK(""https://stackoverflow.com/q/65231559"", ""65231559"")",0.2826249067859808,"0","24"
"=HYPERLINK(""https://stackoverflow.com/q/65239885"", ""65239885"")",0.2276349421139679,"0","122"
"=HYPERLINK(""https://stackoverflow.com/q/65255195"", ""65255195"")",0.4007936507936508,"0","44"
"=HYPERLINK(""https://stackoverflow.com/q/65291960"", ""65291960"")",0.4185270721067486,"0","47"
"=HYPERLINK(""https://stackoverflow.com/q/65362260"", ""65362260"")",0.4952849528495285,"0","15"
"=HYPERLINK(""https://stackoverflow.com/q/65419426"", ""65419426"")",0.4700098328416918,"0","51"
"=HYPERLINK(""https://stackoverflow.com/q/65427820"", ""65427820"")",0.4168330006653358,"0","33"
"=HYPERLINK(""https://stackoverflow.com/q/65480717"", ""65480717"")",0.4015198192647362,"0","201"
"=HYPERLINK(""https://stackoverflow.com/q/65498645"", ""65498645"")",0.2965677719604417,"2","271"
"=HYPERLINK(""https://stackoverflow.com/q/65582940"", ""65582940"")",0.2289336316181955,"0","41"
"=HYPERLINK(""https://stackoverflow.com/q/65591503"", ""65591503"")",0.3615664845173046,"0","21"
"=HYPERLINK(""https://stackoverflow.com/q/65604585"", ""65604585"")",0.5303617571059425,"0","119"
"=HYPERLINK(""https://stackoverflow.com/q/65612320"", ""65612320"")",0.3962728551336144,"0","55"
"=HYPERLINK(""https://stackoverflow.com/q/65798157"", ""65798157"")",0.431708388230127,"0","23"
"=HYPERLINK(""https://stackoverflow.com/q/65828152"", ""65828152"")",0.5546321945213912,"2","48"
"=HYPERLINK(""https://stackoverflow.com/q/65849960"", ""65849960"")",0.3391053391053388,"0","21"
"=HYPERLINK(""https://stackoverflow.com/q/65856328"", ""65856328"")",0.7083760683760695,"0","25"
"=HYPERLINK(""https://stackoverflow.com/q/65910404"", ""65910404"")",0.2847222222222226,"0","260"
"=HYPERLINK(""https://stackoverflow.com/q/65928385"", ""65928385"")",0.4893755068937555,"0","9"
"=HYPERLINK(""https://stackoverflow.com/q/66044308"", ""66044308"")",0.736034376918355,"0","33"
"=HYPERLINK(""https://stackoverflow.com/q/66132157"", ""66132157"")",0.3791910990828448,"0","71"
"=HYPERLINK(""https://stackoverflow.com/q/66144802"", ""66144802"")",0.408151870463428,"1","51"
"=HYPERLINK(""https://stackoverflow.com/q/66147693"", ""66147693"")",0.310383431290232,"1","33"
"=HYPERLINK(""https://stackoverflow.com/q/66189013"", ""66189013"")",0.3132606290501029,"0","31"
"=HYPERLINK(""https://stackoverflow.com/q/66194598"", ""66194598"")",0.7399213372664706,"0","59"
"=HYPERLINK(""https://stackoverflow.com/q/66217646"", ""66217646"")",0.5543255432554327,"1","30"
"=HYPERLINK(""https://stackoverflow.com/q/66238219"", ""66238219"")",0.5740137531668476,"0","25"
"=HYPERLINK(""https://stackoverflow.com/q/66270827"", ""66270827"")",0.3791259879125985,"1","110"
"=HYPERLINK(""https://stackoverflow.com/q/66321502"", ""66321502"")",0.3329914529914533,"0","24"
"=HYPERLINK(""https://stackoverflow.com/q/66343471"", ""66343471"")",0.4294511378848725,"0","32"
"=HYPERLINK(""https://stackoverflow.com/q/66367719"", ""66367719"")",0.3005632360471068,"0","37"
"=HYPERLINK(""https://stackoverflow.com/q/66368026"", ""66368026"")",0.3380912398544637,"0","24"
"=HYPERLINK(""https://stackoverflow.com/q/66437181"", ""66437181"")",0.398117987694535,"0","29"
"=HYPERLINK(""https://stackoverflow.com/q/66456873"", ""66456873"")",0.3760683760683762,"0","12"
"=HYPERLINK(""https://stackoverflow.com/q/66524430"", ""66524430"")",0.9301868239921348,"0","63"
"=HYPERLINK(""https://stackoverflow.com/q/66539077"", ""66539077"")",0.5104705592510463,"0","45"
"=HYPERLINK(""https://stackoverflow.com/q/66558980"", ""66558980"")",0.5635683760683765,"0","24"
"=HYPERLINK(""https://stackoverflow.com/q/66587361"", ""66587361"")",0.4029802397149343,"0","71"
"=HYPERLINK(""https://stackoverflow.com/q/66587598"", ""66587598"")",0.5147123407992967,"0","34"
"=HYPERLINK(""https://stackoverflow.com/q/66608054"", ""66608054"")",0.4835287548855383,"0","14"
"=HYPERLINK(""https://stackoverflow.com/q/66632050"", ""66632050"")",0.6739267676767673,"0","14"
"=HYPERLINK(""https://stackoverflow.com/q/66646392"", ""66646392"")",0.6255371393492942,"0","12"
"=HYPERLINK(""https://stackoverflow.com/q/66696144"", ""66696144"")",0.2936507936507935,"0","13"
"=HYPERLINK(""https://stackoverflow.com/q/66765744"", ""66765744"")",0.6741452991452994,"0","27"
"=HYPERLINK(""https://stackoverflow.com/q/66794070"", ""66794070"")",0.4577171027682972,"0","25"
"=HYPERLINK(""https://stackoverflow.com/q/66810700"", ""66810700"")",0.3522413426811137,"0","16"
"=HYPERLINK(""https://stackoverflow.com/q/66829212"", ""66829212"")",0.4879048790487905,"2","94"
"=HYPERLINK(""https://stackoverflow.com/q/66916240"", ""66916240"")",0.5125448028673829,"0","175"
"=HYPERLINK(""https://stackoverflow.com/q/66921357"", ""66921357"")",0.246181869132689,"0","73"
"=HYPERLINK(""https://stackoverflow.com/q/67047916"", ""67047916"")",0.4425612052730694,"2","75"
"=HYPERLINK(""https://stackoverflow.com/q/67056677"", ""67056677"")",0.412497063659854,"0","13"
"=HYPERLINK(""https://stackoverflow.com/q/67063848"", ""67063848"")",0.4087768440709615,"0","44"
"=HYPERLINK(""https://stackoverflow.com/q/67082439"", ""67082439"")",0.4049302156969369,"0","48"
"=HYPERLINK(""https://stackoverflow.com/q/67157291"", ""67157291"")",0.5912259122591227,"0","9"
"=HYPERLINK(""https://stackoverflow.com/q/67186983"", ""67186983"")",0.6689435336976328,"0","13"
"=HYPERLINK(""https://stackoverflow.com/q/67191611"", ""67191611"")",0.657936507936508,"0","10"
"=HYPERLINK(""https://stackoverflow.com/q/67223387"", ""67223387"")",0.4425347222222225,"0","62"
"=HYPERLINK(""https://stackoverflow.com/q/67234154"", ""67234154"")",0.4934550989345508,"0","77"
"=HYPERLINK(""https://stackoverflow.com/q/67235343"", ""67235343"")",0.4925805284111473,"1","42"
"=HYPERLINK(""https://stackoverflow.com/q/67259972"", ""67259972"")",0.2349754105192964,"0","34"
"=HYPERLINK(""https://stackoverflow.com/q/67274810"", ""67274810"")",0.3966408268733846,"0","9"
"=HYPERLINK(""https://stackoverflow.com/q/67301790"", ""67301790"")",0.3881796690307328,"0","19"
"=HYPERLINK(""https://stackoverflow.com/q/67326993"", ""67326993"")",0.4394795411744566,"0","34"
"=HYPERLINK(""https://stackoverflow.com/q/67328879"", ""67328879"")",0.6306191687871089,"0","23"
"=HYPERLINK(""https://stackoverflow.com/q/67375690"", ""67375690"")",0.5660957400087829,"0","27"
"=HYPERLINK(""https://stackoverflow.com/q/67504883"", ""67504883"")",0.5365079365079366,"0","24"
"=HYPERLINK(""https://stackoverflow.com/q/67525607"", ""67525607"")",0.4149933065595712,"0","43"
"=HYPERLINK(""https://stackoverflow.com/q/67529957"", ""67529957"")",0.3995075407817791,"1","35"
"=HYPERLINK(""https://stackoverflow.com/q/67571771"", ""67571771"")",0.384439881359799,"1","23"
"=HYPERLINK(""https://stackoverflow.com/q/67579023"", ""67579023"")",0.7793156478277578,"0","6"
"=HYPERLINK(""https://stackoverflow.com/q/67643027"", ""67643027"")",0.3360836083608363,"0","22"
"=HYPERLINK(""https://stackoverflow.com/q/67675314"", ""67675314"")",0.3094315245478035,"1","4"
"=HYPERLINK(""https://stackoverflow.com/q/67692882"", ""67692882"")",0.6620956399437403,"0","20"
"=HYPERLINK(""https://stackoverflow.com/q/67695844"", ""67695844"")",0.3249890206411944,"1","22"
"=HYPERLINK(""https://stackoverflow.com/q/67707892"", ""67707892"")",0.5316144874155925,"0","9"
"=HYPERLINK(""https://stackoverflow.com/q/67724645"", ""67724645"")",0.5012516849605243,"0","13"
"=HYPERLINK(""https://stackoverflow.com/q/67750052"", ""67750052"")",0.8046085858585851,"0","7"
"=HYPERLINK(""https://stackoverflow.com/q/67750220"", ""67750220"")",0.4685276409414335,"1","15"
