"link","Correlation","score","view_count"
"=HYPERLINK(""https://stackoverflow.com/q/152022"", ""152022"")",0.5114114114114111,"0","1094"
"=HYPERLINK(""https://stackoverflow.com/q/299011"", ""299011"")",0.7551563539587489,"5","6816"
"=HYPERLINK(""https://stackoverflow.com/q/325217"", ""325217"")",0.6167176350662591,"5","8666"
"=HYPERLINK(""https://stackoverflow.com/q/362799"", ""362799"")",0.7490678598061149,"2","4733"
"=HYPERLINK(""https://stackoverflow.com/q/474890"", ""474890"")",0.6578657865786578,"1","4682"
"=HYPERLINK(""https://stackoverflow.com/q/480573"", ""480573"")",0.4040404040404039,"2","6917"
"=HYPERLINK(""https://stackoverflow.com/q/577346"", ""577346"")",0.2785362153962835,"25","59587"
"=HYPERLINK(""https://stackoverflow.com/q/586785"", ""586785"")",0.5284111473036555,"5","7717"
"=HYPERLINK(""https://stackoverflow.com/q/899951"", ""899951"")",0.5178342314600974,"6","1124"
"=HYPERLINK(""https://stackoverflow.com/q/1000181"", ""1000181"")",0.7141141141141139,"0","290"
"=HYPERLINK(""https://stackoverflow.com/q/1164801"", ""1164801"")",0.3497390007457124,"2","1622"
"=HYPERLINK(""https://stackoverflow.com/q/1399397"", ""1399397"")",0.5092177379172895,"6","4998"
"=HYPERLINK(""https://stackoverflow.com/q/1483915"", ""1483915"")",0.3888039848304749,"1","2215"
"=HYPERLINK(""https://stackoverflow.com/q/1488340"", ""1488340"")",0.3228382386493268,"2","2110"
"=HYPERLINK(""https://stackoverflow.com/q/1553245"", ""1553245"")",0.5961834410587873,"0","2317"
"=HYPERLINK(""https://stackoverflow.com/q/1723799"", ""1723799"")",0.370956399437412,"0","439"
"=HYPERLINK(""https://stackoverflow.com/q/1833596"", ""1833596"")",0.520375256523014,"2","330"
"=HYPERLINK(""https://stackoverflow.com/q/2042489"", ""2042489"")",0.5968150560984437,"0","589"
"=HYPERLINK(""https://stackoverflow.com/q/2204497"", ""2204497"")",0.7998395507420775,"1","2667"
"=HYPERLINK(""https://stackoverflow.com/q/2260329"", ""2260329"")",0.7004830917874398,"1","684"
"=HYPERLINK(""https://stackoverflow.com/q/2272807"", ""2272807"")",0.4425612052730694,"3","4895"
"=HYPERLINK(""https://stackoverflow.com/q/2319389"", ""2319389"")",0.8854665754049734,"5","16921"
"=HYPERLINK(""https://stackoverflow.com/q/2364752"", ""2364752"")",0.8776844070961718,"2","10304"
"=HYPERLINK(""https://stackoverflow.com/q/2461532"", ""2461532"")",0.8307328605200947,"0","2733"
"=HYPERLINK(""https://stackoverflow.com/q/2564095"", ""2564095"")",0.5445792412863475,"24","5689"
"=HYPERLINK(""https://stackoverflow.com/q/2639988"", ""2639988"")",0.9540006478781996,"3","7634"
"=HYPERLINK(""https://stackoverflow.com/q/2683504"", ""2683504"")",0.5217613927291345,"0","720"
"=HYPERLINK(""https://stackoverflow.com/q/2778140"", ""2778140"")",0.8493032433099028,"1","2298"
"=HYPERLINK(""https://stackoverflow.com/q/2810824"", ""2810824"")",0.5520375256523016,"0","1052"
"=HYPERLINK(""https://stackoverflow.com/q/2854991"", ""2854991"")",0.5793650793650792,"1","1737"
"=HYPERLINK(""https://stackoverflow.com/q/2987401"", ""2987401"")",0.7905316420600269,"0","767"
"=HYPERLINK(""https://stackoverflow.com/q/3179623"", ""3179623"")",0.4021530180699729,"1","5765"
"=HYPERLINK(""https://stackoverflow.com/q/3201874"", ""3201874"")",0.906000456308464,"0","685"
"=HYPERLINK(""https://stackoverflow.com/q/3233989"", ""3233989"")",0.7455685257241678,"1","8281"
"=HYPERLINK(""https://stackoverflow.com/q/3237191"", ""3237191"")",0.7521517996870114,"2","309"
"=HYPERLINK(""https://stackoverflow.com/q/3389334"", ""3389334"")",0.4536159975943469,"17","6180"
"=HYPERLINK(""https://stackoverflow.com/q/3455233"", ""3455233"")",0.5349258052841114,"2","2675"
"=HYPERLINK(""https://stackoverflow.com/q/3504963"", ""3504963"")",0.8115079365079366,"0","639"
"=HYPERLINK(""https://stackoverflow.com/q/3541118"", ""3541118"")",0.9365079365079372,"0","2111"
"=HYPERLINK(""https://stackoverflow.com/q/3568542"", ""3568542"")",0.4795443979544396,"0","2150"
"=HYPERLINK(""https://stackoverflow.com/q/3651211"", ""3651211"")",0.725374807342021,"1","2074"
"=HYPERLINK(""https://stackoverflow.com/q/3710090"", ""3710090"")",0.4915949159491596,"1","474"
"=HYPERLINK(""https://stackoverflow.com/q/3734265"", ""3734265"")",0.6308825740490154,"0","586"
"=HYPERLINK(""https://stackoverflow.com/q/3834557"", ""3834557"")",0.3293650793650795,"0","973"
"=HYPERLINK(""https://stackoverflow.com/q/4388857"", ""4388857"")",0.757620452310718,"0","3659"
"=HYPERLINK(""https://stackoverflow.com/q/4454225"", ""4454225"")",0.7114114114114112,"1","404"
"=HYPERLINK(""https://stackoverflow.com/q/4767534"", ""4767534"")",0.5309038942479459,"3","35077"
"=HYPERLINK(""https://stackoverflow.com/q/4787697"", ""4787697"")",0.4105878731917513,"0","1440"
"=HYPERLINK(""https://stackoverflow.com/q/4973928"", ""4973928"")",0.6379266102129841,"2","1912"
"=HYPERLINK(""https://stackoverflow.com/q/5088022"", ""5088022"")",0.8251633986928103,"1","693"
"=HYPERLINK(""https://stackoverflow.com/q/5120526"", ""5120526"")",0.719918074756784,"5","8351"
"=HYPERLINK(""https://stackoverflow.com/q/5232674"", ""5232674"")",0.5263696876600099,"0","57"
"=HYPERLINK(""https://stackoverflow.com/q/5268875"", ""5268875"")",0.6180243211727471,"1","227"
"=HYPERLINK(""https://stackoverflow.com/q/5316367"", ""5316367"")",0.2417874396135264,"0","3383"
"=HYPERLINK(""https://stackoverflow.com/q/5340838"", ""5340838"")",0.5077034620264639,"0","542"
"=HYPERLINK(""https://stackoverflow.com/q/5420592"", ""5420592"")",0.7754137115839244,"1","371"
"=HYPERLINK(""https://stackoverflow.com/q/5449557"", ""5449557"")",0.4527248218756021,"0","340"
"=HYPERLINK(""https://stackoverflow.com/q/5469559"", ""5469559"")",0.412598791259879,"7","27144"
"=HYPERLINK(""https://stackoverflow.com/q/5521743"", ""5521743"")",0.8182813355227144,"0","1734"
"=HYPERLINK(""https://stackoverflow.com/q/5702567"", ""5702567"")",0.3164050477069868,"2","1163"
"=HYPERLINK(""https://stackoverflow.com/q/5782666"", ""5782666"")",0.7726809378185526,"6","3422"
"=HYPERLINK(""https://stackoverflow.com/q/5796313"", ""5796313"")",0.670301880828197,"1","5338"
"=HYPERLINK(""https://stackoverflow.com/q/5870878"", ""5870878"")",0.7787254205164658,"3","1412"
"=HYPERLINK(""https://stackoverflow.com/q/5949966"", ""5949966"")",0.7239523260284503,"0","1662"
"=HYPERLINK(""https://stackoverflow.com/q/6046206"", ""6046206"")",0.2891678289167828,"1","813"
"=HYPERLINK(""https://stackoverflow.com/q/6294704"", ""6294704"")",0.5530909837749027,"2","321"
"=HYPERLINK(""https://stackoverflow.com/q/6321620"", ""6321620"")",0.5682429834678967,"1","2902"
"=HYPERLINK(""https://stackoverflow.com/q/6667005"", ""6667005"")",0.424176619616359,"3","236"
"=HYPERLINK(""https://stackoverflow.com/q/6848330"", ""6848330"")",0.3361462728551336,"0","250"
"=HYPERLINK(""https://stackoverflow.com/q/7042047"", ""7042047"")",0.7514576045310682,"0","2374"
"=HYPERLINK(""https://stackoverflow.com/q/7148751"", ""7148751"")",0.7140788997466522,"1","1551"
"=HYPERLINK(""https://stackoverflow.com/q/7152926"", ""7152926"")",0.6285546760480798,"6","4492"
"=HYPERLINK(""https://stackoverflow.com/q/7178643"", ""7178643"")",0.2762762762762762,"1","2709"
"=HYPERLINK(""https://stackoverflow.com/q/7419833"", ""7419833"")",0.4984868136619109,"0","252"
"=HYPERLINK(""https://stackoverflow.com/q/7431974"", ""7431974"")",0.4426946631671044,"0","1849"
"=HYPERLINK(""https://stackoverflow.com/q/7435474"", ""7435474"")",0.4203519709072018,"6","2496"
"=HYPERLINK(""https://stackoverflow.com/q/7462749"", ""7462749"")",0.5675830469644901,"0","2645"
"=HYPERLINK(""https://stackoverflow.com/q/7491376"", ""7491376"")",0.5725216234198268,"0","633"
"=HYPERLINK(""https://stackoverflow.com/q/7525238"", ""7525238"")",0.8665941634946531,"0","2367"
"=HYPERLINK(""https://stackoverflow.com/q/7651768"", ""7651768"")",0.3576902025177884,"10","77860"
"=HYPERLINK(""https://stackoverflow.com/q/7793577"", ""7793577"")",0.5840312674483528,"0","961"
"=HYPERLINK(""https://stackoverflow.com/q/7846202"", ""7846202"")",0.8028673835125442,"0","2558"
"=HYPERLINK(""https://stackoverflow.com/q/7963496"", ""7963496"")",0.883605507524816,"1","30103"
"=HYPERLINK(""https://stackoverflow.com/q/7975026"", ""7975026"")",0.3431013431013431,"0","1151"
"=HYPERLINK(""https://stackoverflow.com/q/8184696"", ""8184696"")",0.3770894788593906,"2","147"
"=HYPERLINK(""https://stackoverflow.com/q/8238082"", ""8238082"")",0.9458403126744832,"3","2317"
"=HYPERLINK(""https://stackoverflow.com/q/8389887"", ""8389887"")",0.6386605783866057,"0","396"
"=HYPERLINK(""https://stackoverflow.com/q/8402072"", ""8402072"")",0.3251633986928104,"0","126"
"=HYPERLINK(""https://stackoverflow.com/q/8403216"", ""8403216"")",0.6762099522835714,"0","851"
"=HYPERLINK(""https://stackoverflow.com/q/8652508"", ""8652508"")",0.4722222222222219,"0","2712"
"=HYPERLINK(""https://stackoverflow.com/q/8666650"", ""8666650"")",0.4349881796690308,"3","3987"
"=HYPERLINK(""https://stackoverflow.com/q/8801064"", ""8801064"")",0.3824432166973604,"6","8362"
"=HYPERLINK(""https://stackoverflow.com/q/8902625"", ""8902625"")",0.5970530747256053,"1","929"
"=HYPERLINK(""https://stackoverflow.com/q/9050874"", ""9050874"")",0.7849837284983726,"0","1456"
"=HYPERLINK(""https://stackoverflow.com/q/9231974"", ""9231974"")",0.6443858106127237,"1","480"
"=HYPERLINK(""https://stackoverflow.com/q/9361045"", ""9361045"")",0.2910558742298705,"1","876"
"=HYPERLINK(""https://stackoverflow.com/q/9376345"", ""9376345"")",0.751892551892552,"1","569"
"=HYPERLINK(""https://stackoverflow.com/q/9385644"", ""9385644"")",0.6372419850680717,"2","144"
"=HYPERLINK(""https://stackoverflow.com/q/9592019"", ""9592019"")",0.5102521474092544,"1","718"
"=HYPERLINK(""https://stackoverflow.com/q/9595486"", ""9595486"")",0.8662900188323913,"29","24668"
"=HYPERLINK(""https://stackoverflow.com/q/9605964"", ""9605964"")",0.9049808429118774,"2","1794"
"=HYPERLINK(""https://stackoverflow.com/q/9616123"", ""9616123"")",0.5885588558855883,"0","824"
"=HYPERLINK(""https://stackoverflow.com/q/9619211"", ""9619211"")",0.5005473453749313,"0","1851"
"=HYPERLINK(""https://stackoverflow.com/q/9638298"", ""9638298"")",0.615079365079365,"2","7783"
"=HYPERLINK(""https://stackoverflow.com/q/9672561"", ""9672561"")",0.3917479538064806,"1","5929"
"=HYPERLINK(""https://stackoverflow.com/q/9675109"", ""9675109"")",0.8305171530977976,"0","964"
"=HYPERLINK(""https://stackoverflow.com/q/9692410"", ""9692410"")",0.837266470009833,"1","195"
"=HYPERLINK(""https://stackoverflow.com/q/9732290"", ""9732290"")",0.3722222222222218,"0","304"
"=HYPERLINK(""https://stackoverflow.com/q/9778997"", ""9778997"")",0.7601532567049811,"1","3113"
"=HYPERLINK(""https://stackoverflow.com/q/9779719"", ""9779719"")",0.795392953929539,"0","107"
"=HYPERLINK(""https://stackoverflow.com/q/9811992"", ""9811992"")",0.72521623419827,"0","701"
"=HYPERLINK(""https://stackoverflow.com/q/9866891"", ""9866891"")",0.42002442002442,"0","1606"
"=HYPERLINK(""https://stackoverflow.com/q/9875078"", ""9875078"")",0.4539053905390536,"0","2280"
"=HYPERLINK(""https://stackoverflow.com/q/9877089"", ""9877089"")",0.8368317940106349,"0","1026"
"=HYPERLINK(""https://stackoverflow.com/q/9888239"", ""9888239"")",0.5345598845598848,"1","5073"
"=HYPERLINK(""https://stackoverflow.com/q/9896885"", ""9896885"")",0.3194984868136618,"1","2870"
"=HYPERLINK(""https://stackoverflow.com/q/10014762"", ""10014762"")",0.4546546546546544,"0","157"
"=HYPERLINK(""https://stackoverflow.com/q/10139078"", ""10139078"")",0.8251633986928104,"0","43"
"=HYPERLINK(""https://stackoverflow.com/q/10176577"", ""10176577"")",0.551336146272855,"0","85"
"=HYPERLINK(""https://stackoverflow.com/q/10197887"", ""10197887"")",0.875358753587536,"0","234"
"=HYPERLINK(""https://stackoverflow.com/q/10231971"", ""10231971"")",0.3959064327485381,"0","271"
"=HYPERLINK(""https://stackoverflow.com/q/10293187"", ""10293187"")",0.2766155276615527,"0","5381"
"=HYPERLINK(""https://stackoverflow.com/q/10534896"", ""10534896"")",0.464775413711584,"0","449"
"=HYPERLINK(""https://stackoverflow.com/q/10734408"", ""10734408"")",0.3644816364481633,"0","166"
"=HYPERLINK(""https://stackoverflow.com/q/10739249"", ""10739249"")",0.5923879680785759,"1","493"
"=HYPERLINK(""https://stackoverflow.com/q/10782002"", ""10782002"")",0.8855388051367947,"1","380"
"=HYPERLINK(""https://stackoverflow.com/q/10794813"", ""10794813"")",0.9079365079365078,"0","889"
"=HYPERLINK(""https://stackoverflow.com/q/10860427"", ""10860427"")",0.6622222222222219,"0","1205"
"=HYPERLINK(""https://stackoverflow.com/q/10865227"", ""10865227"")",0.6409414340448819,"1","1118"
"=HYPERLINK(""https://stackoverflow.com/q/10978608"", ""10978608"")",0.7996280799628078,"1","200"
"=HYPERLINK(""https://stackoverflow.com/q/11113447"", ""11113447"")",0.6644332774986039,"0","127"
"=HYPERLINK(""https://stackoverflow.com/q/11163314"", ""11163314"")",0.9066484517304192,"1","362"
"=HYPERLINK(""https://stackoverflow.com/q/11184698"", ""11184698"")",0.5532447525515118,"0","3154"
"=HYPERLINK(""https://stackoverflow.com/q/11220594"", ""11220594"")",0.5036292573981013,"1","833"
"=HYPERLINK(""https://stackoverflow.com/q/11426360"", ""11426360"")",0.5616261957321561,"0","1405"
"=HYPERLINK(""https://stackoverflow.com/q/11432271"", ""11432271"")",0.6002710027100269,"7","12029"
"=HYPERLINK(""https://stackoverflow.com/q/11474635"", ""11474635"")",0.8084291187739463,"0","1287"
"=HYPERLINK(""https://stackoverflow.com/q/11620662"", ""11620662"")",0.5398692810457516,"2","815"
"=HYPERLINK(""https://stackoverflow.com/q/11671789"", ""11671789"")",0.4037348272642389,"0","31498"
"=HYPERLINK(""https://stackoverflow.com/q/11743929"", ""11743929"")",0.8970342522974099,"2","915"
"=HYPERLINK(""https://stackoverflow.com/q/11781829"", ""11781829"")",0.8695906432748542,"0","348"
"=HYPERLINK(""https://stackoverflow.com/q/12007236"", ""12007236"")",0.6561844863731657,"1","350"
"=HYPERLINK(""https://stackoverflow.com/q/12107143"", ""12107143"")",0.5353953788088002,"0","1320"
"=HYPERLINK(""https://stackoverflow.com/q/12296298"", ""12296298"")",0.7940106353204588,"1","724"
"=HYPERLINK(""https://stackoverflow.com/q/12353526"", ""12353526"")",0.78001116694584,"2","1141"
"=HYPERLINK(""https://stackoverflow.com/q/12386168"", ""12386168"")",0.6327485380116963,"0","366"
"=HYPERLINK(""https://stackoverflow.com/q/12418272"", ""12418272"")",0.3505408062930188,"0","3627"
"=HYPERLINK(""https://stackoverflow.com/q/12528554"", ""12528554"")",0.566533599467731,"3","14595"
"=HYPERLINK(""https://stackoverflow.com/q/12573166"", ""12573166"")",0.4439517122443948,"2","1365"
"=HYPERLINK(""https://stackoverflow.com/q/12576413"", ""12576413"")",0.8860520094562647,"32","44111"
"=HYPERLINK(""https://stackoverflow.com/q/12643004"", ""12643004"")",0.4864267676767674,"0","261"
"=HYPERLINK(""https://stackoverflow.com/q/12775309"", ""12775309"")",0.6912775968150561,"0","864"
"=HYPERLINK(""https://stackoverflow.com/q/12827157"", ""12827157"")",0.2944802867383512,"0","118"
"=HYPERLINK(""https://stackoverflow.com/q/13011973"", ""13011973"")",0.7414529914529914,"0","743"
"=HYPERLINK(""https://stackoverflow.com/q/13061701"", ""13061701"")",0.4368448637316561,"0","385"
"=HYPERLINK(""https://stackoverflow.com/q/13085716"", ""13085716"")",0.788724685276409,"0","662"
"=HYPERLINK(""https://stackoverflow.com/q/13135622"", ""13135622"")",0.4247808576166786,"2","487"
"=HYPERLINK(""https://stackoverflow.com/q/13143970"", ""13143970"")",0.6163590300398117,"16","9861"
"=HYPERLINK(""https://stackoverflow.com/q/13229133"", ""13229133"")",0.5885012919896638,"1","362"
"=HYPERLINK(""https://stackoverflow.com/q/13453397"", ""13453397"")",0.4589954018974451,"0","740"
"=HYPERLINK(""https://stackoverflow.com/q/13471700"", ""13471700"")",0.4457345589421059,"3","2633"
"=HYPERLINK(""https://stackoverflow.com/q/13507542"", ""13507542"")",0.7499095186391603,"1","1517"
"=HYPERLINK(""https://stackoverflow.com/q/13609728"", ""13609728"")",0.431581828133552,"1","819"
"=HYPERLINK(""https://stackoverflow.com/q/13894106"", ""13894106"")",0.6058585858585858,"3","1439"
"=HYPERLINK(""https://stackoverflow.com/q/13910229"", ""13910229"")",0.8357191547375592,"0","684"
"=HYPERLINK(""https://stackoverflow.com/q/13966442"", ""13966442"")",0.930709307093071,"1","462"
"=HYPERLINK(""https://stackoverflow.com/q/13971721"", ""13971721"")",0.9435962680237494,"1","11455"
"=HYPERLINK(""https://stackoverflow.com/q/14273490"", ""14273490"")",0.5404973762263289,"1","122"
"=HYPERLINK(""https://stackoverflow.com/q/14297158"", ""14297158"")",0.4819476226798879,"1","2252"
"=HYPERLINK(""https://stackoverflow.com/q/14401265"", ""14401265"")",0.4514712340799297,"0","5353"
"=HYPERLINK(""https://stackoverflow.com/q/14406294"", ""14406294"")",0.6381514257620455,"1","1031"
"=HYPERLINK(""https://stackoverflow.com/q/14425124"", ""14425124"")",0.6769097222222227,"0","220"
"=HYPERLINK(""https://stackoverflow.com/q/14432202"", ""14432202"")",0.785570638511815,"1","973"
"=HYPERLINK(""https://stackoverflow.com/q/14432398"", ""14432398"")",0.8656648451730422,"1","637"
"=HYPERLINK(""https://stackoverflow.com/q/14464827"", ""14464827"")",0.534722222222222,"4","3504"
"=HYPERLINK(""https://stackoverflow.com/q/14487559"", ""14487559"")",0.3684672815107596,"1","537"
"=HYPERLINK(""https://stackoverflow.com/q/14491230"", ""14491230"")",0.8222222222222225,"6","16371"
"=HYPERLINK(""https://stackoverflow.com/q/14513350"", ""14513350"")",0.5171224439517119,"0","300"
"=HYPERLINK(""https://stackoverflow.com/q/14525090"", ""14525090"")",0.353042621335304,"2","375"
"=HYPERLINK(""https://stackoverflow.com/q/14565603"", ""14565603"")",0.7207644962747007,"1","317"
"=HYPERLINK(""https://stackoverflow.com/q/14606364"", ""14606364"")",0.3452991452991455,"0","1179"
"=HYPERLINK(""https://stackoverflow.com/q/14672672"", ""14672672"")",0.4264775413711584,"1","2770"
"=HYPERLINK(""https://stackoverflow.com/q/14753131"", ""14753131"")",0.8173779315647826,"2","283"
"=HYPERLINK(""https://stackoverflow.com/q/14770818"", ""14770818"")",0.285570638511815,"0","3280"
"=HYPERLINK(""https://stackoverflow.com/q/14835360"", ""14835360"")",0.4906951286261627,"4","13913"
"=HYPERLINK(""https://stackoverflow.com/q/14838666"", ""14838666"")",0.4387715179968705,"1","759"
"=HYPERLINK(""https://stackoverflow.com/q/14893641"", ""14893641"")",0.8749168330006654,"1","1165"
"=HYPERLINK(""https://stackoverflow.com/q/15073177"", ""15073177"")",0.5115480649188517,"0","159"
"=HYPERLINK(""https://stackoverflow.com/q/15177255"", ""15177255"")",0.9296792011897178,"1","885"
"=HYPERLINK(""https://stackoverflow.com/q/15392094"", ""15392094"")",0.8938863901382648,"1","743"
"=HYPERLINK(""https://stackoverflow.com/q/15493233"", ""15493233"")",0.4001068376068377,"1","8191"
"=HYPERLINK(""https://stackoverflow.com/q/15840725"", ""15840725"")",0.7058287795992718,"3","1352"
"=HYPERLINK(""https://stackoverflow.com/q/15889482"", ""15889482"")",0.3383172090296102,"0","109"
"=HYPERLINK(""https://stackoverflow.com/q/15937297"", ""15937297"")",0.7718405428329095,"1","166"
"=HYPERLINK(""https://stackoverflow.com/q/16009696"", ""16009696"")",0.8567049808429119,"0","936"
"=HYPERLINK(""https://stackoverflow.com/q/16065077"", ""16065077"")",0.4009456264775415,"0","2951"
"=HYPERLINK(""https://stackoverflow.com/q/16101438"", ""16101438"")",0.2714025500910748,"0","101"
"=HYPERLINK(""https://stackoverflow.com/q/16133894"", ""16133894"")",0.914529914529915,"5","22166"
"=HYPERLINK(""https://stackoverflow.com/q/16153768"", ""16153768"")",0.5707564241766195,"2","137"
"=HYPERLINK(""https://stackoverflow.com/q/16379247"", ""16379247"")",0.4621022821922373,"4","6222"
"=HYPERLINK(""https://stackoverflow.com/q/16479169"", ""16479169"")",0.5128796616685888,"1","567"
"=HYPERLINK(""https://stackoverflow.com/q/16679176"", ""16679176"")",0.746786406057405,"0","417"
"=HYPERLINK(""https://stackoverflow.com/q/16873674"", ""16873674"")",0.9251370204285,"3","13796"
"=HYPERLINK(""https://stackoverflow.com/q/16906938"", ""16906938"")",0.8270126413838986,"0","4356"
"=HYPERLINK(""https://stackoverflow.com/q/16977556"", ""16977556"")",0.8704216682056019,"2","1724"
"=HYPERLINK(""https://stackoverflow.com/q/17083291"", ""17083291"")",0.3528754885538803,"1","1416"
"=HYPERLINK(""https://stackoverflow.com/q/17221697"", ""17221697"")",0.3203817314246761,"0","77"
"=HYPERLINK(""https://stackoverflow.com/q/17281054"", ""17281054"")",0.4556516170349025,"1","737"
"=HYPERLINK(""https://stackoverflow.com/q/17416955"", ""17416955"")",0.9459576307825336,"1","137"
"=HYPERLINK(""https://stackoverflow.com/q/17458543"", ""17458543"")",0.7757936507936508,"0","162"
"=HYPERLINK(""https://stackoverflow.com/q/17681243"", ""17681243"")",0.5505804311774464,"0","237"
"=HYPERLINK(""https://stackoverflow.com/q/17733100"", ""17733100"")",0.5925347222222227,"3","1097"
"=HYPERLINK(""https://stackoverflow.com/q/17734246"", ""17734246"")",0.4204040404040404,"2","335"
"=HYPERLINK(""https://stackoverflow.com/q/17806670"", ""17806670"")",0.3441058787319175,"0","2049"
"=HYPERLINK(""https://stackoverflow.com/q/17924230"", ""17924230"")",0.538011695906433,"0","3131"
"=HYPERLINK(""https://stackoverflow.com/q/18101583"", ""18101583"")",0.8351254480286734,"1","58"
"=HYPERLINK(""https://stackoverflow.com/q/18101997"", ""18101997"")",0.5176767676767673,"0","513"
"=HYPERLINK(""https://stackoverflow.com/q/18126079"", ""18126079"")",0.5005727376861396,"1","513"
"=HYPERLINK(""https://stackoverflow.com/q/18372319"", ""18372319"")",0.8329604772557794,"3","1224"
"=HYPERLINK(""https://stackoverflow.com/q/18525483"", ""18525483"")",0.5893108298171589,"3","813"
"=HYPERLINK(""https://stackoverflow.com/q/18573428"", ""18573428"")",0.5321769733534439,"0","362"
"=HYPERLINK(""https://stackoverflow.com/q/18613157"", ""18613157"")",0.7640941434044879,"2","5995"
"=HYPERLINK(""https://stackoverflow.com/q/18837298"", ""18837298"")",0.5643622486423016,"1","791"
"=HYPERLINK(""https://stackoverflow.com/q/18844203"", ""18844203"")",0.3290924512298558,"1","82"
"=HYPERLINK(""https://stackoverflow.com/q/18978905"", ""18978905"")",0.2775855440215302,"0","43"
"=HYPERLINK(""https://stackoverflow.com/q/18989758"", ""18989758"")",0.5079365079365079,"5","953"
"=HYPERLINK(""https://stackoverflow.com/q/18998202"", ""18998202"")",0.5724526369687658,"1","381"
"=HYPERLINK(""https://stackoverflow.com/q/19296566"", ""19296566"")",0.6021177835799248,"0","9314"
"=HYPERLINK(""https://stackoverflow.com/q/19458763"", ""19458763"")",0.7390007457121552,"0","6401"
"=HYPERLINK(""https://stackoverflow.com/q/19569568"", ""19569568"")",0.408412111248116,"0","339"
"=HYPERLINK(""https://stackoverflow.com/q/19590420"", ""19590420"")",0.4989749897498976,"1","592"
"=HYPERLINK(""https://stackoverflow.com/q/19755683"", ""19755683"")",0.3896116411294207,"0","369"
"=HYPERLINK(""https://stackoverflow.com/q/19836000"", ""19836000"")",0.8671733622873687,"1","2324"
"=HYPERLINK(""https://stackoverflow.com/q/19838759"", ""19838759"")",0.4676530316217002,"1","327"
"=HYPERLINK(""https://stackoverflow.com/q/19847749"", ""19847749"")",0.6601511055659531,"0","120"
"=HYPERLINK(""https://stackoverflow.com/q/19901860"", ""19901860"")",0.4163780663780665,"0","466"
"=HYPERLINK(""https://stackoverflow.com/q/19923663"", ""19923663"")",0.7808429118773946,"0","1155"
"=HYPERLINK(""https://stackoverflow.com/q/20056365"", ""20056365"")",0.4577991452991455,"0","1107"
"=HYPERLINK(""https://stackoverflow.com/q/20127427"", ""20127427"")",0.4092451229855812,"8","11208"
"=HYPERLINK(""https://stackoverflow.com/q/20135650"", ""20135650"")",0.3534439416792357,"0","734"
"=HYPERLINK(""https://stackoverflow.com/q/20140181"", ""20140181"")",0.7199180747567839,"0","1671"
"=HYPERLINK(""https://stackoverflow.com/q/20185872"", ""20185872"")",0.4546945469454697,"0","5477"
"=HYPERLINK(""https://stackoverflow.com/q/20262374"", ""20262374"")",0.3509647371922819,"0","189"
"=HYPERLINK(""https://stackoverflow.com/q/20361258"", ""20361258"")",0.6059860598605988,"1","1567"
"=HYPERLINK(""https://stackoverflow.com/q/20376057"", ""20376057"")",0.4656736860126694,"5","17264"
"=HYPERLINK(""https://stackoverflow.com/q/20511042"", ""20511042"")",0.8984517304189439,"3","177"
"=HYPERLINK(""https://stackoverflow.com/q/20519854"", ""20519854"")",0.725577926920209,"0","1976"
"=HYPERLINK(""https://stackoverflow.com/q/20581954"", ""20581954"")",0.4949494949494947,"2","410"
"=HYPERLINK(""https://stackoverflow.com/q/20650307"", ""20650307"")",0.5912470788187807,"2","1980"
"=HYPERLINK(""https://stackoverflow.com/q/20834256"", ""20834256"")",0.8546332894158978,"1","1115"
"=HYPERLINK(""https://stackoverflow.com/q/20834554"", ""20834554"")",0.8313131313131312,"0","2893"
"=HYPERLINK(""https://stackoverflow.com/q/21190907"", ""21190907"")",0.2739463601532567,"1","801"
"=HYPERLINK(""https://stackoverflow.com/q/21239717"", ""21239717"")",0.4257105943152454,"0","1206"
"=HYPERLINK(""https://stackoverflow.com/q/21255263"", ""21255263"")",0.5304928989139517,"1","1662"
"=HYPERLINK(""https://stackoverflow.com/q/21284750"", ""21284750"")",0.939036381514258,"0","1351"
"=HYPERLINK(""https://stackoverflow.com/q/21321353"", ""21321353"")",0.6113731656184488,"1","409"
"=HYPERLINK(""https://stackoverflow.com/q/21330465"", ""21330465"")",0.3905895691609975,"1","403"
"=HYPERLINK(""https://stackoverflow.com/q/21472866"", ""21472866"")",0.7291474299784549,"0","1438"
"=HYPERLINK(""https://stackoverflow.com/q/21522576"", ""21522576"")",0.7649357900614179,"0","1575"
"=HYPERLINK(""https://stackoverflow.com/q/21589277"", ""21589277"")",0.5372907153729072,"1","107"
"=HYPERLINK(""https://stackoverflow.com/q/21628902"", ""21628902"")",0.5655058043117748,"0","611"
"=HYPERLINK(""https://stackoverflow.com/q/21698557"", ""21698557"")",0.749249249249249,"1","1749"
"=HYPERLINK(""https://stackoverflow.com/q/21758244"", ""21758244"")",0.752222222222222,"1","129"
"=HYPERLINK(""https://stackoverflow.com/q/21774399"", ""21774399"")",0.6192071468453373,"0","214"
"=HYPERLINK(""https://stackoverflow.com/q/21850656"", ""21850656"")",0.9097222222222224,"0","408"
"=HYPERLINK(""https://stackoverflow.com/q/22027413"", ""22027413"")",0.9037784181876402,"0","169"
"=HYPERLINK(""https://stackoverflow.com/q/22318439"", ""22318439"")",0.9024547803617566,"1","1515"
"=HYPERLINK(""https://stackoverflow.com/q/22329214"", ""22329214"")",0.7172176726316856,"0","496"
"=HYPERLINK(""https://stackoverflow.com/q/22331469"", ""22331469"")",0.4829365079365079,"2","38513"
"=HYPERLINK(""https://stackoverflow.com/q/22334620"", ""22334620"")",0.325538548752834,"2","250"
"=HYPERLINK(""https://stackoverflow.com/q/22351264"", ""22351264"")",0.5002349072116513,"0","1216"
"=HYPERLINK(""https://stackoverflow.com/q/22461712"", ""22461712"")",0.3767796858946132,"0","461"
"=HYPERLINK(""https://stackoverflow.com/q/22616505"", ""22616505"")",0.6290715372907152,"1","90"
"=HYPERLINK(""https://stackoverflow.com/q/22662011"", ""22662011"")",0.6911877394636017,"1","1087"
"=HYPERLINK(""https://stackoverflow.com/q/22717281"", ""22717281"")",0.8453225261735899,"1","1739"
"=HYPERLINK(""https://stackoverflow.com/q/22763075"", ""22763075"")",0.455253896430367,"0","266"
"=HYPERLINK(""https://stackoverflow.com/q/22778522"", ""22778522"")",0.9073742794673028,"1","732"
"=HYPERLINK(""https://stackoverflow.com/q/22840830"", ""22840830"")",0.4145553352427115,"1","195"
"=HYPERLINK(""https://stackoverflow.com/q/22946679"", ""22946679"")",0.8523242630385481,"0","779"
"=HYPERLINK(""https://stackoverflow.com/q/23056312"", ""23056312"")",0.4216682056017237,"0","506"
"=HYPERLINK(""https://stackoverflow.com/q/23298370"", ""23298370"")",0.8574681238615668,"0","584"
"=HYPERLINK(""https://stackoverflow.com/q/23335846"", ""23335846"")",0.2871077184054285,"1","5290"
"=HYPERLINK(""https://stackoverflow.com/q/23409510"", ""23409510"")",0.3993439934399344,"1","1367"
"=HYPERLINK(""https://stackoverflow.com/q/23625700"", ""23625700"")",0.8904249871991801,"0","890"
"=HYPERLINK(""https://stackoverflow.com/q/23913165"", ""23913165"")",0.7399213372664701,"0","376"
"=HYPERLINK(""https://stackoverflow.com/q/23928068"", ""23928068"")",0.4933592484612895,"1","417"
"=HYPERLINK(""https://stackoverflow.com/q/23948767"", ""23948767"")",0.8149322063743619,"0","68"
"=HYPERLINK(""https://stackoverflow.com/q/24121008"", ""24121008"")",0.5755156353958747,"2","299"
"=HYPERLINK(""https://stackoverflow.com/q/24255307"", ""24255307"")",0.6350129198966405,"2","99"
"=HYPERLINK(""https://stackoverflow.com/q/24325346"", ""24325346"")",0.6306729264475746,"1","405"
"=HYPERLINK(""https://stackoverflow.com/q/24607218"", ""24607218"")",0.5771840542832912,"0","148"
"=HYPERLINK(""https://stackoverflow.com/q/24614040"", ""24614040"")",0.2986839913376646,"0","224"
"=HYPERLINK(""https://stackoverflow.com/q/24679594"", ""24679594"")",0.4773054015198194,"0","113"
"=HYPERLINK(""https://stackoverflow.com/q/24731515"", ""24731515"")",0.936139747995418,"0","856"
"=HYPERLINK(""https://stackoverflow.com/q/24856631"", ""24856631"")",0.4905585370701653,"2","632"
"=HYPERLINK(""https://stackoverflow.com/q/24964316"", ""24964316"")",0.5852657004830913,"0","194"
"=HYPERLINK(""https://stackoverflow.com/q/25021444"", ""25021444"")",0.3796415770609319,"0","290"
"=HYPERLINK(""https://stackoverflow.com/q/25118463"", ""25118463"")",0.5118773946360154,"3","146"
"=HYPERLINK(""https://stackoverflow.com/q/25123363"", ""25123363"")",0.5258366800535474,"3","2561"
"=HYPERLINK(""https://stackoverflow.com/q/25132069"", ""25132069"")",0.8850129198966403,"0","90"
"=HYPERLINK(""https://stackoverflow.com/q/25183955"", ""25183955"")",0.6035969450603598,"1","621"
"=HYPERLINK(""https://stackoverflow.com/q/25211597"", ""25211597"")",0.8424753867791839,"0","84"
"=HYPERLINK(""https://stackoverflow.com/q/25248717"", ""25248717"")",0.6633181126331811,"1","420"
"=HYPERLINK(""https://stackoverflow.com/q/25255824"", ""25255824"")",0.4472222222222224,"6","6635"
"=HYPERLINK(""https://stackoverflow.com/q/25282821"", ""25282821"")",0.2961441934747888,"1","1150"
"=HYPERLINK(""https://stackoverflow.com/q/25376286"", ""25376286"")",0.5160366552119129,"0","37"
"=HYPERLINK(""https://stackoverflow.com/q/25449155"", ""25449155"")",0.6607998084291186,"2","185"
"=HYPERLINK(""https://stackoverflow.com/q/25792113"", ""25792113"")",0.4051015996541287,"0","1785"
"=HYPERLINK(""https://stackoverflow.com/q/25810131"", ""25810131"")",0.6274700356333011,"3","1165"
"=HYPERLINK(""https://stackoverflow.com/q/25977478"", ""25977478"")",0.5130809479839951,"7","11045"
"=HYPERLINK(""https://stackoverflow.com/q/26144806"", ""26144806"")",0.5186823992133728,"0","231"
"=HYPERLINK(""https://stackoverflow.com/q/26186395"", ""26186395"")",0.421589310829817,"0","21"
"=HYPERLINK(""https://stackoverflow.com/q/26186652"", ""26186652"")",0.4152601969057663,"0","1083"
"=HYPERLINK(""https://stackoverflow.com/q/26231397"", ""26231397"")",0.3724198506807201,"0","58"
"=HYPERLINK(""https://stackoverflow.com/q/26243915"", ""26243915"")",0.6781045751633986,"1","1469"
"=HYPERLINK(""https://stackoverflow.com/q/26392880"", ""26392880"")",0.8107177974434614,"0","576"
"=HYPERLINK(""https://stackoverflow.com/q/26405309"", ""26405309"")",0.8919469928644242,"0","761"
"=HYPERLINK(""https://stackoverflow.com/q/26554019"", ""26554019"")",0.7902413153009809,"1","405"
"=HYPERLINK(""https://stackoverflow.com/q/26638096"", ""26638096"")",0.812222222222222,"2","2096"
"=HYPERLINK(""https://stackoverflow.com/q/26740901"", ""26740901"")",0.7308727412533639,"0","375"
"=HYPERLINK(""https://stackoverflow.com/q/26964681"", ""26964681"")",0.3952326028450594,"2","7600"
"=HYPERLINK(""https://stackoverflow.com/q/26995848"", ""26995848"")",0.8023327194597913,"0","502"
"=HYPERLINK(""https://stackoverflow.com/q/27064879"", ""27064879"")",0.6502665026650266,"0","495"
"=HYPERLINK(""https://stackoverflow.com/q/27263317"", ""27263317"")",0.532936507936508,"0","62"
"=HYPERLINK(""https://stackoverflow.com/q/27300148"", ""27300148"")",0.8614627285513358,"0","4337"
"=HYPERLINK(""https://stackoverflow.com/q/27375695"", ""27375695"")",0.3914829226113271,"0","1600"
"=HYPERLINK(""https://stackoverflow.com/q/27380444"", ""27380444"")",0.4353609083536092,"2","162"
"=HYPERLINK(""https://stackoverflow.com/q/27380719"", ""27380719"")",0.3551336146272854,"0","678"
"=HYPERLINK(""https://stackoverflow.com/q/27443029"", ""27443029"")",0.8292277754046228,"1","796"
"=HYPERLINK(""https://stackoverflow.com/q/27753699"", ""27753699"")",0.7041226747109101,"0","256"
"=HYPERLINK(""https://stackoverflow.com/q/27849176"", ""27849176"")",0.3255432554325544,"1","257"
"=HYPERLINK(""https://stackoverflow.com/q/27868284"", ""27868284"")",0.5831978319783196,"2","3532"
"=HYPERLINK(""https://stackoverflow.com/q/27887628"", ""27887628"")",0.4357357357357354,"4","239"
"=HYPERLINK(""https://stackoverflow.com/q/27891254"", ""27891254"")",0.6158082280531263,"0","70"
"=HYPERLINK(""https://stackoverflow.com/q/27967780"", ""27967780"")",0.4776844070961716,"0","163"
"=HYPERLINK(""https://stackoverflow.com/q/27968346"", ""27968346"")",0.5770609318996411,"0","187"
"=HYPERLINK(""https://stackoverflow.com/q/28242949"", ""28242949"")",0.5301039956212366,"1","1727"
"=HYPERLINK(""https://stackoverflow.com/q/28277195"", ""28277195"")",0.5245478036175711,"1","555"
"=HYPERLINK(""https://stackoverflow.com/q/28328223"", ""28328223"")",0.56393076493579,"1","242"
"=HYPERLINK(""https://stackoverflow.com/q/28488244"", ""28488244"")",0.7273317112733174,"0","241"
"=HYPERLINK(""https://stackoverflow.com/q/28581095"", ""28581095"")",0.884798909338786,"0","181"
"=HYPERLINK(""https://stackoverflow.com/q/28607996"", ""28607996"")",0.4835004177109439,"0","254"
"=HYPERLINK(""https://stackoverflow.com/q/28608908"", ""28608908"")",0.6294387170675829,"1","2448"
"=HYPERLINK(""https://stackoverflow.com/q/28858772"", ""28858772"")",0.5088331008833098,"2","772"
"=HYPERLINK(""https://stackoverflow.com/q/29012515"", ""29012515"")",0.7380593262946203,"1","2609"
"=HYPERLINK(""https://stackoverflow.com/q/29108094"", ""29108094"")",0.7798064918851441,"0","132"
"=HYPERLINK(""https://stackoverflow.com/q/29202105"", ""29202105"")",0.552119129438717,"0","298"
"=HYPERLINK(""https://stackoverflow.com/q/29206093"", ""29206093"")",0.4332948865820837,"0","150"
"=HYPERLINK(""https://stackoverflow.com/q/29243987"", ""29243987"")",0.9770860354517942,"0","243"
"=HYPERLINK(""https://stackoverflow.com/q/29306236"", ""29306236"")",0.5921033318655512,"1","349"
"=HYPERLINK(""https://stackoverflow.com/q/29384597"", ""29384597"")",0.4088111435050212,"1","584"
"=HYPERLINK(""https://stackoverflow.com/q/29411537"", ""29411537"")",0.4143014301430142,"0","374"
"=HYPERLINK(""https://stackoverflow.com/q/29608583"", ""29608583"")",0.4533542976939205,"2","412"
"=HYPERLINK(""https://stackoverflow.com/q/29728786"", ""29728786"")",0.5081397186660348,"1","311"
"=HYPERLINK(""https://stackoverflow.com/q/29821534"", ""29821534"")",0.509419454056132,"0","39"
"=HYPERLINK(""https://stackoverflow.com/q/29887480"", ""29887480"")",0.3816816816816815,"0","62"
"=HYPERLINK(""https://stackoverflow.com/q/29942189"", ""29942189"")",0.8939779474130625,"0","346"
"=HYPERLINK(""https://stackoverflow.com/q/30241001"", ""30241001"")",0.5951730418943536,"3","9586"
"=HYPERLINK(""https://stackoverflow.com/q/30493558"", ""30493558"")",0.7026011126146443,"2","2652"
"=HYPERLINK(""https://stackoverflow.com/q/30640980"", ""30640980"")",0.6327485380116962,"0","3600"
"=HYPERLINK(""https://stackoverflow.com/q/30705684"", ""30705684"")",0.4751866490996924,"2","4624"
"=HYPERLINK(""https://stackoverflow.com/q/30742902"", ""30742902"")",0.510310864881502,"0","620"
"=HYPERLINK(""https://stackoverflow.com/q/30779908"", ""30779908"")",0.2541549953314659,"2","1546"
"=HYPERLINK(""https://stackoverflow.com/q/30852298"", ""30852298"")",0.8860877684407096,"0","5055"
"=HYPERLINK(""https://stackoverflow.com/q/30939347"", ""30939347"")",0.4951095461658845,"0","130"
"=HYPERLINK(""https://stackoverflow.com/q/31034284"", ""31034284"")",0.4158981115502852,"0","50"
"=HYPERLINK(""https://stackoverflow.com/q/31145919"", ""31145919"")",0.7346875961834411,"0","103"
"=HYPERLINK(""https://stackoverflow.com/q/31206571"", ""31206571"")",0.47632058287796,"1","255"
"=HYPERLINK(""https://stackoverflow.com/q/31333493"", ""31333493"")",0.9411162314388114,"0","460"
"=HYPERLINK(""https://stackoverflow.com/q/31382158"", ""31382158"")",0.5770609318996414,"0","1236"
"=HYPERLINK(""https://stackoverflow.com/q/31428280"", ""31428280"")",0.8053356786866023,"1","2587"
"=HYPERLINK(""https://stackoverflow.com/q/31557770"", ""31557770"")",0.5867542419266555,"3","5560"
"=HYPERLINK(""https://stackoverflow.com/q/31592949"", ""31592949"")",0.6476365868631063,"1","6102"
"=HYPERLINK(""https://stackoverflow.com/q/31618326"", ""31618326"")",0.7759681505609844,"0","332"
"=HYPERLINK(""https://stackoverflow.com/q/31687065"", ""31687065"")",0.6204523107177977,"1","327"
"=HYPERLINK(""https://stackoverflow.com/q/31914964"", ""31914964"")",0.5205647636586865,"2","343"
"=HYPERLINK(""https://stackoverflow.com/q/31972739"", ""31972739"")",0.4020251778872464,"6","13468"
"=HYPERLINK(""https://stackoverflow.com/q/31999945"", ""31999945"")",0.318030605455755,"0","314"
"=HYPERLINK(""https://stackoverflow.com/q/32058507"", ""32058507"")",0.8390896921017399,"1","88"
"=HYPERLINK(""https://stackoverflow.com/q/32217821"", ""32217821"")",0.5691609977324265,"0","668"
"=HYPERLINK(""https://stackoverflow.com/q/32306914"", ""32306914"")",0.3789789789789788,"5","1215"
"=HYPERLINK(""https://stackoverflow.com/q/32453826"", ""32453826"")",0.3265167007498294,"0","137"
"=HYPERLINK(""https://stackoverflow.com/q/32460372"", ""32460372"")",0.4714529914529916,"1","788"
"=HYPERLINK(""https://stackoverflow.com/q/32460999"", ""32460999"")",0.52665770609319,"0","446"
"=HYPERLINK(""https://stackoverflow.com/q/32529008"", ""32529008"")",0.4632645674990951,"1","147"
"=HYPERLINK(""https://stackoverflow.com/q/32610382"", ""32610382"")",0.397639883320074,"3","509"
"=HYPERLINK(""https://stackoverflow.com/q/32687918"", ""32687918"")",0.4970313825275659,"0","38"
"=HYPERLINK(""https://stackoverflow.com/q/32736668"", ""32736668"")",0.4838116261957321,"0","628"
"=HYPERLINK(""https://stackoverflow.com/q/32744406"", ""32744406"")",0.5392953929539295,"0","74"
"=HYPERLINK(""https://stackoverflow.com/q/32882907"", ""32882907"")",0.3212788259958072,"1","219"
"=HYPERLINK(""https://stackoverflow.com/q/32904840"", ""32904840"")",0.7307449494949493,"1","262"
"=HYPERLINK(""https://stackoverflow.com/q/32931053"", ""32931053"")",0.7069867651585103,"2","137"
"=HYPERLINK(""https://stackoverflow.com/q/32945025"", ""32945025"")",0.830252814956448,"1","1852"
"=HYPERLINK(""https://stackoverflow.com/q/33117884"", ""33117884"")",0.6935336976320584,"1","88"
"=HYPERLINK(""https://stackoverflow.com/q/33257169"", ""33257169"")",0.4413623054399755,"2","131"
"=HYPERLINK(""https://stackoverflow.com/q/33354785"", ""33354785"")",0.2747003563330095,"1","47"
"=HYPERLINK(""https://stackoverflow.com/q/33699547"", ""33699547"")",0.322737686139748,"0","50"
"=HYPERLINK(""https://stackoverflow.com/q/33808182"", ""33808182"")",0.5228618810708365,"0","609"
"=HYPERLINK(""https://stackoverflow.com/q/33810583"", ""33810583"")",0.4190726159230099,"1","1414"
"=HYPERLINK(""https://stackoverflow.com/q/33868794"", ""33868794"")",0.460594315245478,"0","2511"
"=HYPERLINK(""https://stackoverflow.com/q/33872671"", ""33872671"")",0.6041317699609156,"1","236"
"=HYPERLINK(""https://stackoverflow.com/q/33949876"", ""33949876"")",0.3864351327544983,"1","986"
"=HYPERLINK(""https://stackoverflow.com/q/33959131"", ""33959131"")",0.586629001883239,"2","451"
"=HYPERLINK(""https://stackoverflow.com/q/34088313"", ""34088313"")",0.3229575163398693,"0","84"
"=HYPERLINK(""https://stackoverflow.com/q/34125324"", ""34125324"")",0.7291474299784549,"2","162"
"=HYPERLINK(""https://stackoverflow.com/q/34273144"", ""34273144"")",0.3726180005863383,"4","554"
"=HYPERLINK(""https://stackoverflow.com/q/34498559"", ""34498559"")",0.6505930087390766,"1","495"
"=HYPERLINK(""https://stackoverflow.com/q/35045666"", ""35045666"")",0.3629407850964736,"0","183"
"=HYPERLINK(""https://stackoverflow.com/q/35228879"", ""35228879"")",0.729759910664433,"0","169"
"=HYPERLINK(""https://stackoverflow.com/q/35335847"", ""35335847"")",0.3779599271402552,"0","82"
"=HYPERLINK(""https://stackoverflow.com/q/35405891"", ""35405891"")",0.4020251778872465,"2","71"
"=HYPERLINK(""https://stackoverflow.com/q/35406060"", ""35406060"")",0.3712288447387786,"0","172"
"=HYPERLINK(""https://stackoverflow.com/q/35586252"", ""35586252"")",0.5592387968078576,"1","392"
"=HYPERLINK(""https://stackoverflow.com/q/35744821"", ""35744821"")",0.4968408075204193,"1","495"
"=HYPERLINK(""https://stackoverflow.com/q/35839808"", ""35839808"")",0.7985581000848181,"0","808"
"=HYPERLINK(""https://stackoverflow.com/q/35944790"", ""35944790"")",0.4984459984459983,"0","630"
"=HYPERLINK(""https://stackoverflow.com/q/35978902"", ""35978902"")",0.7481737793156475,"0","95"
"=HYPERLINK(""https://stackoverflow.com/q/36109737"", ""36109737"")",0.379009985128532,"0","904"
"=HYPERLINK(""https://stackoverflow.com/q/36255652"", ""36255652"")",0.4991452991452992,"0","30"
"=HYPERLINK(""https://stackoverflow.com/q/36401064"", ""36401064"")",0.2938834600072385,"0","502"
"=HYPERLINK(""https://stackoverflow.com/q/36449079"", ""36449079"")",0.3664529914529915,"0","162"
"=HYPERLINK(""https://stackoverflow.com/q/36453713"", ""36453713"")",0.4324494949494949,"1","1351"
"=HYPERLINK(""https://stackoverflow.com/q/36760509"", ""36760509"")",0.3624937154348918,"0","38"
"=HYPERLINK(""https://stackoverflow.com/q/36859815"", ""36859815"")",0.6816816816816813,"0","71"
"=HYPERLINK(""https://stackoverflow.com/q/36868552"", ""36868552"")",0.7399213372664702,"1","56"
"=HYPERLINK(""https://stackoverflow.com/q/36884900"", ""36884900"")",0.4114114114114111,"0","687"
"=HYPERLINK(""https://stackoverflow.com/q/36917668"", ""36917668"")",0.3330176767676767,"1","460"
"=HYPERLINK(""https://stackoverflow.com/q/37293657"", ""37293657"")",0.9660645867542414,"0","2000"
"=HYPERLINK(""https://stackoverflow.com/q/37481606"", ""37481606"")",0.7011579206701155,"0","135"
"=HYPERLINK(""https://stackoverflow.com/q/37556858"", ""37556858"")",0.332748538011696,"0","1777"
"=HYPERLINK(""https://stackoverflow.com/q/37686900"", ""37686900"")",0.6803060545575513,"2","124"
"=HYPERLINK(""https://stackoverflow.com/q/37706713"", ""37706713"")",0.5607436230004322,"0","182"
"=HYPERLINK(""https://stackoverflow.com/q/37914911"", ""37914911"")",0.6116027531956736,"1","42"
"=HYPERLINK(""https://stackoverflow.com/q/38230438"", ""38230438"")",0.3419302514193029,"3","585"
"=HYPERLINK(""https://stackoverflow.com/q/38342559"", ""38342559"")",0.3154425612052729,"1","85"
"=HYPERLINK(""https://stackoverflow.com/q/38388190"", ""38388190"")",0.7862360630526715,"2","1061"
"=HYPERLINK(""https://stackoverflow.com/q/38501319"", ""38501319"")",0.8268733850129196,"0","34"
"=HYPERLINK(""https://stackoverflow.com/q/38571012"", ""38571012"")",0.5380116959064326,"1","87"
"=HYPERLINK(""https://stackoverflow.com/q/38607787"", ""38607787"")",0.5813382443216698,"0","141"
"=HYPERLINK(""https://stackoverflow.com/q/38795990"", ""38795990"")",0.6411945542380322,"0","197"
"=HYPERLINK(""https://stackoverflow.com/q/38980265"", ""38980265"")",0.4369461486025902,"0","214"
"=HYPERLINK(""https://stackoverflow.com/q/39039136"", ""39039136"")",0.3445931591247078,"2","671"
"=HYPERLINK(""https://stackoverflow.com/q/39149917"", ""39149917"")",0.443720593557727,"4","220"
"=HYPERLINK(""https://stackoverflow.com/q/39181614"", ""39181614"")",0.3718481573843168,"16","965"
"=HYPERLINK(""https://stackoverflow.com/q/39710092"", ""39710092"")",0.6901598305411133,"1","2512"
"=HYPERLINK(""https://stackoverflow.com/q/40246505"", ""40246505"")",0.4332948865820838,"1","278"
"=HYPERLINK(""https://stackoverflow.com/q/40373716"", ""40373716"")",0.5950711705969832,"0","261"
"=HYPERLINK(""https://stackoverflow.com/q/40380504"", ""40380504"")",0.4198125836680051,"0","69"
"=HYPERLINK(""https://stackoverflow.com/q/40383265"", ""40383265"")",0.5643274853801167,"0","288"
"=HYPERLINK(""https://stackoverflow.com/q/40384711"", ""40384711"")",0.5695906432748539,"0","100"
"=HYPERLINK(""https://stackoverflow.com/q/40605620"", ""40605620"")",0.4830917874396134,"1","271"
"=HYPERLINK(""https://stackoverflow.com/q/40651122"", ""40651122"")",0.5961834410587874,"1","111"
"=HYPERLINK(""https://stackoverflow.com/q/40758788"", ""40758788"")",0.5046649703138255,"1","4370"
"=HYPERLINK(""https://stackoverflow.com/q/40853265"", ""40853265"")",0.6366800535475231,"0","2405"
"=HYPERLINK(""https://stackoverflow.com/q/41639069"", ""41639069"")",0.5541371158392436,"4","1365"
"=HYPERLINK(""https://stackoverflow.com/q/41739005"", ""41739005"")",0.4179769392033543,"0","179"
"=HYPERLINK(""https://stackoverflow.com/q/41847504"", ""41847504"")",0.5232602845059591,"0","137"
"=HYPERLINK(""https://stackoverflow.com/q/42020694"", ""42020694"")",0.5731837606837609,"0","300"
"=HYPERLINK(""https://stackoverflow.com/q/42359754"", ""42359754"")",0.4615218331171637,"0","166"
"=HYPERLINK(""https://stackoverflow.com/q/42361172"", ""42361172"")",0.254205164652926,"1","120"
"=HYPERLINK(""https://stackoverflow.com/q/42394308"", ""42394308"")",0.6521896489323199,"0","509"
"=HYPERLINK(""https://stackoverflow.com/q/42673026"", ""42673026"")",0.467896962706651,"0","638"
"=HYPERLINK(""https://stackoverflow.com/q/42675540"", ""42675540"")",0.3195376584638331,"0","224"
"=HYPERLINK(""https://stackoverflow.com/q/42715684"", ""42715684"")",0.2338501291989663,"0","144"
"=HYPERLINK(""https://stackoverflow.com/q/42999942"", ""42999942"")",0.6128039396737457,"0","933"
"=HYPERLINK(""https://stackoverflow.com/q/43092239"", ""43092239"")",0.6496808395542572,"0","446"
"=HYPERLINK(""https://stackoverflow.com/q/43092301"", ""43092301"")",0.3000432338953739,"1","1037"
"=HYPERLINK(""https://stackoverflow.com/q/43319411"", ""43319411"")",0.5186649099692577,"0","266"
"=HYPERLINK(""https://stackoverflow.com/q/43491112"", ""43491112"")",0.4988179669030734,"0","1041"
"=HYPERLINK(""https://stackoverflow.com/q/43796060"", ""43796060"")",0.4369461486025901,"1","129"
"=HYPERLINK(""https://stackoverflow.com/q/43860439"", ""43860439"")",0.9056393076493576,"1","1578"
"=HYPERLINK(""https://stackoverflow.com/q/44001893"", ""44001893"")",0.738011695906433,"0","17"
"=HYPERLINK(""https://stackoverflow.com/q/44012987"", ""44012987"")",0.7409254641174836,"3","1616"
"=HYPERLINK(""https://stackoverflow.com/q/44184823"", ""44184823"")",0.6959064327485385,"0","357"
"=HYPERLINK(""https://stackoverflow.com/q/44197890"", ""44197890"")",0.7832909245122989,"0","1910"
"=HYPERLINK(""https://stackoverflow.com/q/44394501"", ""44394501"")",0.4866452991452993,"0","85"
"=HYPERLINK(""https://stackoverflow.com/q/44823067"", ""44823067"")",0.3502085703450889,"0","698"
"=HYPERLINK(""https://stackoverflow.com/q/44845509"", ""44845509"")",0.5126413838988686,"1","369"
"=HYPERLINK(""https://stackoverflow.com/q/44851076"", ""44851076"")",0.3848519800076894,"0","34"
"=HYPERLINK(""https://stackoverflow.com/q/44932296"", ""44932296"")",0.577251808021039,"1","160"
"=HYPERLINK(""https://stackoverflow.com/q/45034885"", ""45034885"")",0.4271528847800036,"0","873"
"=HYPERLINK(""https://stackoverflow.com/q/45276792"", ""45276792"")",0.6383898868928808,"1","1932"
"=HYPERLINK(""https://stackoverflow.com/q/45411689"", ""45411689"")",0.4983091787439609,"0","196"
"=HYPERLINK(""https://stackoverflow.com/q/45418188"", ""45418188"")",0.4567354965585056,"0","203"
"=HYPERLINK(""https://stackoverflow.com/q/45437625"", ""45437625"")",0.3137884872824631,"1","365"
"=HYPERLINK(""https://stackoverflow.com/q/45522762"", ""45522762"")",0.7072596287060124,"1","527"
"=HYPERLINK(""https://stackoverflow.com/q/45572660"", ""45572660"")",0.4217787632421774,"0","176"
"=HYPERLINK(""https://stackoverflow.com/q/45678381"", ""45678381"")",0.5323419175432234,"0","1105"
"=HYPERLINK(""https://stackoverflow.com/q/45880141"", ""45880141"")",0.4232272473478501,"0","1311"
"=HYPERLINK(""https://stackoverflow.com/q/46057256"", ""46057256"")",0.5842660178426605,"0","498"
"=HYPERLINK(""https://stackoverflow.com/q/46211514"", ""46211514"")",0.7202459376372417,"1","887"
"=HYPERLINK(""https://stackoverflow.com/q/46544390"", ""46544390"")",0.5448028673835122,"1","68"
"=HYPERLINK(""https://stackoverflow.com/q/46856053"", ""46856053"")",0.6760209901893677,"1","555"
"=HYPERLINK(""https://stackoverflow.com/q/46904982"", ""46904982"")",0.4704149933065593,"1","185"
"=HYPERLINK(""https://stackoverflow.com/q/47019066"", ""47019066"")",0.3294886582083813,"0","143"
"=HYPERLINK(""https://stackoverflow.com/q/47127984"", ""47127984"")",0.9088581669226824,"2","1204"
"=HYPERLINK(""https://stackoverflow.com/q/47155990"", ""47155990"")",0.4851980007689349,"0","931"
"=HYPERLINK(""https://stackoverflow.com/q/47269820"", ""47269820"")",0.71415770609319,"0","533"
"=HYPERLINK(""https://stackoverflow.com/q/47275069"", ""47275069"")",0.8615664845173047,"0","1179"
"=HYPERLINK(""https://stackoverflow.com/q/47284589"", ""47284589"")",0.7303655446977922,"0","77"
"=HYPERLINK(""https://stackoverflow.com/q/47321706"", ""47321706"")",0.5828232238916715,"1","513"
"=HYPERLINK(""https://stackoverflow.com/q/47549829"", ""47549829"")",0.5087087087087084,"2","127"
"=HYPERLINK(""https://stackoverflow.com/q/47578685"", ""47578685"")",0.7371158392434989,"1","190"
"=HYPERLINK(""https://stackoverflow.com/q/47672682"", ""47672682"")",0.5011695906432749,"1","1458"
"=HYPERLINK(""https://stackoverflow.com/q/47778950"", ""47778950"")",0.3972222222222223,"0","152"
"=HYPERLINK(""https://stackoverflow.com/q/47869797"", ""47869797"")",0.4202087994034305,"0","324"
"=HYPERLINK(""https://stackoverflow.com/q/48404584"", ""48404584"")",0.4657004830917871,"0","190"
"=HYPERLINK(""https://stackoverflow.com/q/49048763"", ""49048763"")",0.8312187620146094,"0","67"
"=HYPERLINK(""https://stackoverflow.com/q/49321506"", ""49321506"")",0.4267676767676764,"1","78"
"=HYPERLINK(""https://stackoverflow.com/q/49369302"", ""49369302"")",0.3296165884194054,"0","355"
"=HYPERLINK(""https://stackoverflow.com/q/49412741"", ""49412741"")",0.715946071594607,"2","1187"
"=HYPERLINK(""https://stackoverflow.com/q/49728504"", ""49728504"")",0.5725548164572553,"0","215"
"=HYPERLINK(""https://stackoverflow.com/q/49773815"", ""49773815"")",0.5835817928841185,"2","442"
"=HYPERLINK(""https://stackoverflow.com/q/49919713"", ""49919713"")",0.7801169590643278,"0","1573"
"=HYPERLINK(""https://stackoverflow.com/q/49926960"", ""49926960"")",0.925762045231072,"0","690"
"=HYPERLINK(""https://stackoverflow.com/q/50084095"", ""50084095"")",0.4179669030732861,"0","1006"
"=HYPERLINK(""https://stackoverflow.com/q/50158619"", ""50158619"")",0.4904341427520236,"0","82"
"=HYPERLINK(""https://stackoverflow.com/q/50259433"", ""50259433"")",0.5414404632645674,"0","491"
"=HYPERLINK(""https://stackoverflow.com/q/50350429"", ""50350429"")",0.4833859569989477,"1","135"
"=HYPERLINK(""https://stackoverflow.com/q/50460088"", ""50460088"")",0.4175574991901525,"0","224"
"=HYPERLINK(""https://stackoverflow.com/q/50490209"", ""50490209"")",0.323212321232123,"0","190"
"=HYPERLINK(""https://stackoverflow.com/q/50576629"", ""50576629"")",0.4135265700483089,"0","129"
"=HYPERLINK(""https://stackoverflow.com/q/50718804"", ""50718804"")",0.2997845490920284,"0","27"
"=HYPERLINK(""https://stackoverflow.com/q/50752943"", ""50752943"")",0.404040404040404,"0","501"
"=HYPERLINK(""https://stackoverflow.com/q/50755181"", ""50755181"")",0.5858585858585857,"0","400"
"=HYPERLINK(""https://stackoverflow.com/q/50996067"", ""50996067"")",0.366266543551862,"0","151"
"=HYPERLINK(""https://stackoverflow.com/q/51048546"", ""51048546"")",0.5585054080629304,"0","192"
"=HYPERLINK(""https://stackoverflow.com/q/51242786"", ""51242786"")",0.8404488232074436,"0","101"
"=HYPERLINK(""https://stackoverflow.com/q/51377915"", ""51377915"")",0.2932281393819858,"0","56"
"=HYPERLINK(""https://stackoverflow.com/q/51397160"", ""51397160"")",0.4516036655211912,"0","40"
"=HYPERLINK(""https://stackoverflow.com/q/51753517"", ""51753517"")",0.4085429769392034,"1","530"
"=HYPERLINK(""https://stackoverflow.com/q/51908568"", ""51908568"")",0.5734827264239029,"0","1554"
"=HYPERLINK(""https://stackoverflow.com/q/51965688"", ""51965688"")",0.5592387968078577,"0","62"
"=HYPERLINK(""https://stackoverflow.com/q/51973789"", ""51973789"")",0.4266421117249847,"0","453"
"=HYPERLINK(""https://stackoverflow.com/q/52063887"", ""52063887"")",0.4958378574013751,"0","1136"
"=HYPERLINK(""https://stackoverflow.com/q/52206125"", ""52206125"")",0.4310829817158929,"0","87"
"=HYPERLINK(""https://stackoverflow.com/q/52301204"", ""52301204"")",0.402128764278297,"1","633"
"=HYPERLINK(""https://stackoverflow.com/q/52325662"", ""52325662"")",0.4649874955341195,"0","185"
"=HYPERLINK(""https://stackoverflow.com/q/52795468"", ""52795468"")",0.5827074908530716,"0","28"
"=HYPERLINK(""https://stackoverflow.com/q/53078359"", ""53078359"")",0.4590904085453144,"0","734"
"=HYPERLINK(""https://stackoverflow.com/q/53087409"", ""53087409"")",0.672049211841599,"0","273"
"=HYPERLINK(""https://stackoverflow.com/q/53165639"", ""53165639"")",0.4214008669860824,"2","69"
"=HYPERLINK(""https://stackoverflow.com/q/53490510"", ""53490510"")",0.3497390007457123,"1","264"
"=HYPERLINK(""https://stackoverflow.com/q/53560194"", ""53560194"")",0.6047107014848946,"0","514"
"=HYPERLINK(""https://stackoverflow.com/q/53652296"", ""53652296"")",0.3842120181405892,"0","126"
"=HYPERLINK(""https://stackoverflow.com/q/53883804"", ""53883804"")",0.3398692810457516,"0","65"
"=HYPERLINK(""https://stackoverflow.com/q/53911726"", ""53911726"")",0.6045751633986929,"0","95"
"=HYPERLINK(""https://stackoverflow.com/q/54104090"", ""54104090"")",0.275527126273395,"0","265"
"=HYPERLINK(""https://stackoverflow.com/q/54113212"", ""54113212"")",0.5891164201744407,"1","1254"
"=HYPERLINK(""https://stackoverflow.com/q/54182499"", ""54182499"")",0.7392676767676766,"0","188"
"=HYPERLINK(""https://stackoverflow.com/q/54242777"", ""54242777"")",0.4687553501112823,"1","1220"
"=HYPERLINK(""https://stackoverflow.com/q/54255109"", ""54255109"")",0.8733850129198961,"0","190"
"=HYPERLINK(""https://stackoverflow.com/q/54274506"", ""54274506"")",0.3973885193397388,"0","260"
"=HYPERLINK(""https://stackoverflow.com/q/54674907"", ""54674907"")",0.410506741050674,"0","574"
"=HYPERLINK(""https://stackoverflow.com/q/54772073"", ""54772073"")",0.4945626477541372,"0","115"
"=HYPERLINK(""https://stackoverflow.com/q/54824900"", ""54824900"")",0.3391673296207901,"1","260"
"=HYPERLINK(""https://stackoverflow.com/q/55112191"", ""55112191"")",0.3898868928809047,"0","415"
"=HYPERLINK(""https://stackoverflow.com/q/55240373"", ""55240373"")",0.3692101740294511,"1","63"
"=HYPERLINK(""https://stackoverflow.com/q/55344777"", ""55344777"")",0.447413061916879,"0","92"
"=HYPERLINK(""https://stackoverflow.com/q/55381150"", ""55381150"")",0.4245122985581002,"0","24"
"=HYPERLINK(""https://stackoverflow.com/q/55581855"", ""55581855"")",0.4505686789151359,"0","139"
"=HYPERLINK(""https://stackoverflow.com/q/55635243"", ""55635243"")",0.307936507936508,"0","78"
"=HYPERLINK(""https://stackoverflow.com/q/55819722"", ""55819722"")",0.4109014675052411,"0","210"
"=HYPERLINK(""https://stackoverflow.com/q/55823942"", ""55823942"")",0.5959064327485383,"0","78"
"=HYPERLINK(""https://stackoverflow.com/q/55825491"", ""55825491"")",0.4643274853801172,"1","60"
"=HYPERLINK(""https://stackoverflow.com/q/55830402"", ""55830402"")",0.2825237297599106,"0","39"
"=HYPERLINK(""https://stackoverflow.com/q/55946746"", ""55946746"")",0.4469779225479551,"2","337"
"=HYPERLINK(""https://stackoverflow.com/q/56143927"", ""56143927"")",0.8834600072385088,"0","714"
"=HYPERLINK(""https://stackoverflow.com/q/56690282"", ""56690282"")",0.3981258366800533,"2","275"
"=HYPERLINK(""https://stackoverflow.com/q/56950073"", ""56950073"")",0.631313131313131,"0","21"
"=HYPERLINK(""https://stackoverflow.com/q/57015131"", ""57015131"")",0.9269202087994036,"0","70"
"=HYPERLINK(""https://stackoverflow.com/q/57072506"", ""57072506"")",0.3168168168168167,"1","112"
"=HYPERLINK(""https://stackoverflow.com/q/57095942"", ""57095942"")",0.3954323838850397,"1","118"
"=HYPERLINK(""https://stackoverflow.com/q/57164103"", ""57164103"")",0.3509893455098933,"1","285"
"=HYPERLINK(""https://stackoverflow.com/q/57178607"", ""57178607"")",0.41371158392435,"2","563"
"=HYPERLINK(""https://stackoverflow.com/q/57291574"", ""57291574"")",0.3046020849224508,"0","236"
"=HYPERLINK(""https://stackoverflow.com/q/57302073"", ""57302073"")",0.4478319783197831,"0","151"
"=HYPERLINK(""https://stackoverflow.com/q/57371630"", ""57371630"")",0.7310770038042763,"1","219"
"=HYPERLINK(""https://stackoverflow.com/q/57599765"", ""57599765"")",0.5326435082532642,"0","351"
"=HYPERLINK(""https://stackoverflow.com/q/57615939"", ""57615939"")",0.3917943299876741,"0","727"
"=HYPERLINK(""https://stackoverflow.com/q/57676928"", ""57676928"")",0.746360153256705,"0","169"
"=HYPERLINK(""https://stackoverflow.com/q/58030983"", ""58030983"")",0.6337266470009832,"0","212"
"=HYPERLINK(""https://stackoverflow.com/q/58044563"", ""58044563"")",0.4145299145299145,"0","270"
"=HYPERLINK(""https://stackoverflow.com/q/58484036"", ""58484036"")",0.6397479954180983,"0","34"
"=HYPERLINK(""https://stackoverflow.com/q/58552573"", ""58552573"")",0.6043485704502654,"0","100"
"=HYPERLINK(""https://stackoverflow.com/q/58642849"", ""58642849"")",0.408268733850129,"0","38"
"=HYPERLINK(""https://stackoverflow.com/q/58729429"", ""58729429"")",0.7710348871298742,"0","76"
"=HYPERLINK(""https://stackoverflow.com/q/58753686"", ""58753686"")",0.7484318996415773,"0","71"
"=HYPERLINK(""https://stackoverflow.com/q/59089647"", ""59089647"")",0.4158312447786131,"1","754"
"=HYPERLINK(""https://stackoverflow.com/q/59124039"", ""59124039"")",0.5801898896587117,"0","805"
"=HYPERLINK(""https://stackoverflow.com/q/59181341"", ""59181341"")",0.4846991168617788,"0","85"
"=HYPERLINK(""https://stackoverflow.com/q/59184377"", ""59184377"")",0.3237929028504941,"0","234"
"=HYPERLINK(""https://stackoverflow.com/q/59389533"", ""59389533"")",0.8662900188323914,"0","342"
"=HYPERLINK(""https://stackoverflow.com/q/59451163"", ""59451163"")",0.4793650793650794,"0","38"
"=HYPERLINK(""https://stackoverflow.com/q/59468576"", ""59468576"")",0.6828636216391323,"0","225"
"=HYPERLINK(""https://stackoverflow.com/q/59499724"", ""59499724"")",0.3605621431708387,"0","58"
"=HYPERLINK(""https://stackoverflow.com/q/59560377"", ""59560377"")",0.9216087252897064,"0","25"
"=HYPERLINK(""https://stackoverflow.com/q/59726637"", ""59726637"")",0.6456597222222227,"0","650"
"=HYPERLINK(""https://stackoverflow.com/q/59764482"", ""59764482"")",0.5844269466316715,"0","33"
"=HYPERLINK(""https://stackoverflow.com/q/59786846"", ""59786846"")",0.576325565687268,"0","78"
"=HYPERLINK(""https://stackoverflow.com/q/60232011"", ""60232011"")",0.4271402550091076,"0","256"
"=HYPERLINK(""https://stackoverflow.com/q/60644640"", ""60644640"")",0.548309178743961,"1","69"
"=HYPERLINK(""https://stackoverflow.com/q/60706721"", ""60706721"")",0.7252162341982699,"1","154"
"=HYPERLINK(""https://stackoverflow.com/q/60851262"", ""60851262"")",0.6558505408062931,"0","83"
"=HYPERLINK(""https://stackoverflow.com/q/61184446"", ""61184446"")",0.4034302759134975,"0","83"
"=HYPERLINK(""https://stackoverflow.com/q/61380962"", ""61380962"")",0.6238074269778365,"0","64"
"=HYPERLINK(""https://stackoverflow.com/q/61403651"", ""61403651"")",0.326118326118326,"0","106"
"=HYPERLINK(""https://stackoverflow.com/q/61455233"", ""61455233"")",0.5779914529914533,"0","54"
"=HYPERLINK(""https://stackoverflow.com/q/61929568"", ""61929568"")",0.7966903073286051,"0","61"
"=HYPERLINK(""https://stackoverflow.com/q/62016135"", ""62016135"")",0.2815770609318996,"0","185"
"=HYPERLINK(""https://stackoverflow.com/q/62034661"", ""62034661"")",0.6918354818907306,"0","86"
"=HYPERLINK(""https://stackoverflow.com/q/62329776"", ""62329776"")",0.4222222222222223,"0","220"
"=HYPERLINK(""https://stackoverflow.com/q/62620022"", ""62620022"")",0.8589004229142634,"0","64"
"=HYPERLINK(""https://stackoverflow.com/q/62724723"", ""62724723"")",0.6465292584695571,"6","3836"
"=HYPERLINK(""https://stackoverflow.com/q/62879553"", ""62879553"")",0.8894171509068501,"2","26"
"=HYPERLINK(""https://stackoverflow.com/q/62933231"", ""62933231"")",0.5008481764206958,"1","87"
"=HYPERLINK(""https://stackoverflow.com/q/63048734"", ""63048734"")",0.2893363161819539,"1","29"
"=HYPERLINK(""https://stackoverflow.com/q/63290503"", ""63290503"")",0.323885808174163,"2","64"
"=HYPERLINK(""https://stackoverflow.com/q/63296285"", ""63296285"")",0.2645055203194738,"0","125"
"=HYPERLINK(""https://stackoverflow.com/q/63614086"", ""63614086"")",0.5771840542832911,"0","65"
"=HYPERLINK(""https://stackoverflow.com/q/63713799"", ""63713799"")",0.4251419302514194,"0","16"
"=HYPERLINK(""https://stackoverflow.com/q/63762848"", ""63762848"")",0.4759168035030101,"1","41"
"=HYPERLINK(""https://stackoverflow.com/q/63833796"", ""63833796"")",0.3567575897672985,"0","63"
"=HYPERLINK(""https://stackoverflow.com/q/63983163"", ""63983163"")",0.5972222222222222,"0","7"
"=HYPERLINK(""https://stackoverflow.com/q/64168655"", ""64168655"")",0.4103410341034101,"0","26"
"=HYPERLINK(""https://stackoverflow.com/q/64192509"", ""64192509"")",0.7105943152454778,"1","38"
"=HYPERLINK(""https://stackoverflow.com/q/64521736"", ""64521736"")",0.556977019663587,"0","55"
"=HYPERLINK(""https://stackoverflow.com/q/64914814"", ""64914814"")",0.4508596356171414,"1","113"
"=HYPERLINK(""https://stackoverflow.com/q/64999715"", ""64999715"")",0.6654875283446713,"0","52"
"=HYPERLINK(""https://stackoverflow.com/q/65126963"", ""65126963"")",0.2984934086629001,"0","15"
"=HYPERLINK(""https://stackoverflow.com/q/65413736"", ""65413736"")",0.8643274853801173,"0","88"
"=HYPERLINK(""https://stackoverflow.com/q/65578173"", ""65578173"")",0.4145299145299146,"0","95"
"=HYPERLINK(""https://stackoverflow.com/q/65957549"", ""65957549"")",0.4770698676515851,"0","33"
"=HYPERLINK(""https://stackoverflow.com/q/65971348"", ""65971348"")",0.3686507936507937,"0","13"
"=HYPERLINK(""https://stackoverflow.com/q/66281442"", ""66281442"")",0.3749168330006653,"0","17"
"=HYPERLINK(""https://stackoverflow.com/q/66307371"", ""66307371"")",0.7912829957028852,"0","7"
"=HYPERLINK(""https://stackoverflow.com/q/66309707"", ""66309707"")",0.53842775581906,"0","46"
"=HYPERLINK(""https://stackoverflow.com/q/66549087"", ""66549087"")",0.4439203354297694,"0","25"
"=HYPERLINK(""https://stackoverflow.com/q/66649441"", ""66649441"")",0.4843843843843843,"1","82"
"=HYPERLINK(""https://stackoverflow.com/q/67006883"", ""67006883"")",0.760967609676097,"0","7"
"=HYPERLINK(""https://stackoverflow.com/q/67105372"", ""67105372"")",0.3960257486705846,"0","31"
"=HYPERLINK(""https://stackoverflow.com/q/67216268"", ""67216268"")",0.8061916878710776,"1","10"
"=HYPERLINK(""https://stackoverflow.com/q/67704686"", ""67704686"")",0.4665404040404037,"0","13"
