"link","Correlation","score","view_count"
"=HYPERLINK(""https://stackoverflow.com/q/59680"", ""59680"")",0.8122222222222213,"2","9426"
"=HYPERLINK(""https://stackoverflow.com/q/133125"", ""133125"")",0.485581000848177,"4","3025"
"=HYPERLINK(""https://stackoverflow.com/q/202660"", ""202660"")",0.6868239921337272,"1","7749"
"=HYPERLINK(""https://stackoverflow.com/q/547456"", ""547456"")",0.6169590643274864,"1","3857"
"=HYPERLINK(""https://stackoverflow.com/q/1192364"", ""1192364"")",0.9156895589056384,"1","5248"
"=HYPERLINK(""https://stackoverflow.com/q/1235908"", ""1235908"")",0.2810457516339867,"1","81"
"=HYPERLINK(""https://stackoverflow.com/q/1267519"", ""1267519"")",0.3443813131313128,"0","2960"
"=HYPERLINK(""https://stackoverflow.com/q/1644530"", ""1644530"")",0.4709906951286261,"2","5878"
"=HYPERLINK(""https://stackoverflow.com/q/2019085"", ""2019085"")",0.3856463467358408,"0","375"
"=HYPERLINK(""https://stackoverflow.com/q/2248663"", ""2248663"")",0.4808429118773943,"4","2126"
"=HYPERLINK(""https://stackoverflow.com/q/2685625"", ""2685625"")",0.5566273669167563,"4","3196"
"=HYPERLINK(""https://stackoverflow.com/q/2730463"", ""2730463"")",0.3290987756604988,"0","8916"
"=HYPERLINK(""https://stackoverflow.com/q/3074961"", ""3074961"")",0.460007238508867,"2","9953"
"=HYPERLINK(""https://stackoverflow.com/q/3186077"", ""3186077"")",0.8472222222222223,"2","1535"
"=HYPERLINK(""https://stackoverflow.com/q/3237380"", ""3237380"")",0.4780361757105938,"1","90"
"=HYPERLINK(""https://stackoverflow.com/q/3609889"", ""3609889"")",0.5886087768440709,"0","828"
"=HYPERLINK(""https://stackoverflow.com/q/4409404"", ""4409404"")",0.4522222222222218,"1","3074"
"=HYPERLINK(""https://stackoverflow.com/q/4694049"", ""4694049"")",0.3671085858585857,"1","1761"
"=HYPERLINK(""https://stackoverflow.com/q/4771404"", ""4771404"")",0.4249402290172391,"1","5790"
"=HYPERLINK(""https://stackoverflow.com/q/5186715"", ""5186715"")",0.3972222222222227,"2","2332"
"=HYPERLINK(""https://stackoverflow.com/q/5936457"", ""5936457"")",0.7173764072442493,"4","2677"
"=HYPERLINK(""https://stackoverflow.com/q/6045701"", ""6045701"")",0.4722222222222223,"1","1226"
"=HYPERLINK(""https://stackoverflow.com/q/6265308"", ""6265308"")",0.259764884338263,"3","2002"
"=HYPERLINK(""https://stackoverflow.com/q/6676558"", ""6676558"")",0.2786973926214432,"10","2748"
"=HYPERLINK(""https://stackoverflow.com/q/6954237"", ""6954237"")",0.3908134462406978,"0","178"
"=HYPERLINK(""https://stackoverflow.com/q/7329503"", ""7329503"")",0.6191093817552962,"3","2355"
"=HYPERLINK(""https://stackoverflow.com/q/7356547"", ""7356547"")",0.8477452347745228,"0","2050"
"=HYPERLINK(""https://stackoverflow.com/q/7417967"", ""7417967"")",0.490307328605201,"1","1535"
"=HYPERLINK(""https://stackoverflow.com/q/7536926"", ""7536926"")",0.5749302803463965,"0","607"
"=HYPERLINK(""https://stackoverflow.com/q/8538494"", ""8538494"")",0.35900595604847,"1","252"
"=HYPERLINK(""https://stackoverflow.com/q/8559152"", ""8559152"")",0.8455988455988449,"3","7386"
"=HYPERLINK(""https://stackoverflow.com/q/8589650"", ""8589650"")",0.5205013809220317,"3","5640"
"=HYPERLINK(""https://stackoverflow.com/q/9126965"", ""9126965"")",0.4473144731447315,"0","654"
"=HYPERLINK(""https://stackoverflow.com/q/9259112"", ""9259112"")",0.4675052410901468,"0","942"
"=HYPERLINK(""https://stackoverflow.com/q/9276871"", ""9276871"")",0.7992973210364505,"2","395"
"=HYPERLINK(""https://stackoverflow.com/q/9399338"", ""9399338"")",0.4935790061418197,"0","1427"
"=HYPERLINK(""https://stackoverflow.com/q/9465728"", ""9465728"")",0.7949704901206055,"3","8029"
"=HYPERLINK(""https://stackoverflow.com/q/9632910"", ""9632910"")",0.4226113272805878,"1","4968"
"=HYPERLINK(""https://stackoverflow.com/q/9640938"", ""9640938"")",0.7135717031910797,"3","859"
"=HYPERLINK(""https://stackoverflow.com/q/9642678"", ""9642678"")",0.439243498817967,"1","1206"
"=HYPERLINK(""https://stackoverflow.com/q/9726101"", ""9726101"")",0.2148421484214842,"0","248"
"=HYPERLINK(""https://stackoverflow.com/q/9879108"", ""9879108"")",0.5900793650793651,"2","1190"
"=HYPERLINK(""https://stackoverflow.com/q/9891295"", ""9891295"")",0.4294949494949494,"3","540"
"=HYPERLINK(""https://stackoverflow.com/q/9941182"", ""9941182"")",0.4571846282372593,"4","3796"
"=HYPERLINK(""https://stackoverflow.com/q/10042850"", ""10042850"")",0.3916033297140788,"0","1168"
"=HYPERLINK(""https://stackoverflow.com/q/10263979"", ""10263979"")",0.6292573981016186,"0","286"
"=HYPERLINK(""https://stackoverflow.com/q/10279061"", ""10279061"")",0.4817158931082976,"0","394"
"=HYPERLINK(""https://stackoverflow.com/q/10296562"", ""10296562"")",0.3989986520315813,"1","3125"
"=HYPERLINK(""https://stackoverflow.com/q/10495532"", ""10495532"")",0.5167007498295836,"1","2133"
"=HYPERLINK(""https://stackoverflow.com/q/10523126"", ""10523126"")",0.3853496353496355,"3","3200"
"=HYPERLINK(""https://stackoverflow.com/q/11214129"", ""11214129"")",0.8282155629547421,"0","2880"
"=HYPERLINK(""https://stackoverflow.com/q/11220260"", ""11220260"")",0.4524994077232884,"0","1119"
"=HYPERLINK(""https://stackoverflow.com/q/11407692"", ""11407692"")",0.7222222222222233,"3","1463"
"=HYPERLINK(""https://stackoverflow.com/q/11541000"", ""11541000"")",0.6015325670498085,"0","2759"
"=HYPERLINK(""https://stackoverflow.com/q/11812227"", ""11812227"")",0.7158931082981708,"0","2033"
"=HYPERLINK(""https://stackoverflow.com/q/11891570"", ""11891570"")",0.5891577060931907,"0","189"
"=HYPERLINK(""https://stackoverflow.com/q/11927703"", ""11927703"")",0.5639943741209557,"0","435"
"=HYPERLINK(""https://stackoverflow.com/q/11945057"", ""11945057"")",0.5218964893231993,"3","1186"
"=HYPERLINK(""https://stackoverflow.com/q/12064894"", ""12064894"")",0.4121381886087767,"0","842"
"=HYPERLINK(""https://stackoverflow.com/q/12479636"", ""12479636"")",0.3485380116959068,"1","96"
"=HYPERLINK(""https://stackoverflow.com/q/12576967"", ""12576967"")",0.2993306559571618,"0","1905"
"=HYPERLINK(""https://stackoverflow.com/q/12688055"", ""12688055"")",0.8757655293088382,"0","285"
"=HYPERLINK(""https://stackoverflow.com/q/12950109"", ""12950109"")",0.6000226295541974,"2","3275"
"=HYPERLINK(""https://stackoverflow.com/q/13387437"", ""13387437"")",0.3650793650793646,"0","3856"
"=HYPERLINK(""https://stackoverflow.com/q/13455165"", ""13455165"")",0.4432166973603438,"2","3002"
"=HYPERLINK(""https://stackoverflow.com/q/13475432"", ""13475432"")",0.4478859390363818,"1","562"
"=HYPERLINK(""https://stackoverflow.com/q/13607153"", ""13607153"")",0.6214157706093195,"0","3767"
"=HYPERLINK(""https://stackoverflow.com/q/13608460"", ""13608460"")",0.5046490004648996,"2","1635"
"=HYPERLINK(""https://stackoverflow.com/q/13671084"", ""13671084"")",0.4652072968490882,"2","4925"
"=HYPERLINK(""https://stackoverflow.com/q/13717880"", ""13717880"")",0.7763119319847559,"0","960"
"=HYPERLINK(""https://stackoverflow.com/q/13986686"", ""13986686"")",0.4846243109950685,"3","814"
"=HYPERLINK(""https://stackoverflow.com/q/14057645"", ""14057645"")",0.4045426642111726,"0","346"
"=HYPERLINK(""https://stackoverflow.com/q/14248445"", ""14248445"")",0.5329914529914537,"0","345"
"=HYPERLINK(""https://stackoverflow.com/q/14334279"", ""14334279"")",0.3925192519251922,"0","1354"
"=HYPERLINK(""https://stackoverflow.com/q/14359175"", ""14359175"")",0.7882599580712791,"2","1509"
"=HYPERLINK(""https://stackoverflow.com/q/14381518"", ""14381518"")",0.3910325116112899,"1","2955"
"=HYPERLINK(""https://stackoverflow.com/q/14559253"", ""14559253"")",0.652301377895046,"1","961"
"=HYPERLINK(""https://stackoverflow.com/q/14680242"", ""14680242"")",0.5846779483143111,"2","3784"
"=HYPERLINK(""https://stackoverflow.com/q/14835278"", ""14835278"")",0.3823864932694497,"1","4068"
"=HYPERLINK(""https://stackoverflow.com/q/14914641"", ""14914641"")",0.7581565138033302,"0","1109"
"=HYPERLINK(""https://stackoverflow.com/q/14984785"", ""14984785"")",0.4614566719829881,"0","1180"
"=HYPERLINK(""https://stackoverflow.com/q/15100261"", ""15100261"")",0.7380593262946205,"0","560"
"=HYPERLINK(""https://stackoverflow.com/q/15226268"", ""15226268"")",0.3362847222222226,"0","1061"
"=HYPERLINK(""https://stackoverflow.com/q/15286232"", ""15286232"")",0.4731447314473146,"0","1581"
"=HYPERLINK(""https://stackoverflow.com/q/15300492"", ""15300492"")",0.3347624151482674,"0","143"
"=HYPERLINK(""https://stackoverflow.com/q/15477864"", ""15477864"")",0.670775276884602,"0","2056"
"=HYPERLINK(""https://stackoverflow.com/q/15640590"", ""15640590"")",0.3778344671201813,"0","445"
"=HYPERLINK(""https://stackoverflow.com/q/15949887"", ""15949887"")",0.8097708603545178,"2","1448"
"=HYPERLINK(""https://stackoverflow.com/q/16059768"", ""16059768"")",0.5853801169590653,"0","1125"
"=HYPERLINK(""https://stackoverflow.com/q/16554421"", ""16554421"")",0.5145849907186415,"0","1114"
"=HYPERLINK(""https://stackoverflow.com/q/16565392"", ""16565392"")",0.5571975916803493,"0","4454"
"=HYPERLINK(""https://stackoverflow.com/q/16689070"", ""16689070"")",0.5099580712788262,"0","80"
"=HYPERLINK(""https://stackoverflow.com/q/16838751"", ""16838751"")",0.3494949494949493,"0","194"
"=HYPERLINK(""https://stackoverflow.com/q/16918115"", ""16918115"")",0.3232123212321229,"0","143"
"=HYPERLINK(""https://stackoverflow.com/q/16964130"", ""16964130"")",0.7498974989749897,"0","1051"
"=HYPERLINK(""https://stackoverflow.com/q/17143791"", ""17143791"")",0.8064327485380128,"0","124"
"=HYPERLINK(""https://stackoverflow.com/q/17415217"", ""17415217"")",0.8315469810646665,"2","1572"
"=HYPERLINK(""https://stackoverflow.com/q/17695817"", ""17695817"")",0.400074571215511,"1","2754"
"=HYPERLINK(""https://stackoverflow.com/q/17780589"", ""17780589"")",0.5225137674117273,"0","391"
"=HYPERLINK(""https://stackoverflow.com/q/17873995"", ""17873995"")",0.9283290924512316,"2","2743"
"=HYPERLINK(""https://stackoverflow.com/q/18057683"", ""18057683"")",0.4463417526384444,"0","373"
"=HYPERLINK(""https://stackoverflow.com/q/18129457"", ""18129457"")",0.3613526570048301,"0","458"
"=HYPERLINK(""https://stackoverflow.com/q/18264861"", ""18264861"")",0.4203354297693921,"0","186"
"=HYPERLINK(""https://stackoverflow.com/q/18587976"", ""18587976"")",0.772395232602844,"0","289"
"=HYPERLINK(""https://stackoverflow.com/q/18588209"", ""18588209"")",0.5009832841691255,"1","4875"
"=HYPERLINK(""https://stackoverflow.com/q/18589491"", ""18589491"")",0.7210174029451127,"0","335"
"=HYPERLINK(""https://stackoverflow.com/q/18591404"", ""18591404"")",0.6159230096237981,"0","320"
"=HYPERLINK(""https://stackoverflow.com/q/18649476"", ""18649476"")",0.4355934882250676,"1","1898"
"=HYPERLINK(""https://stackoverflow.com/q/18673467"", ""18673467"")",0.6600102406554007,"1","610"
"=HYPERLINK(""https://stackoverflow.com/q/18712455"", ""18712455"")",0.5088671733622873,"1","1055"
"=HYPERLINK(""https://stackoverflow.com/q/18759143"", ""18759143"")",0.3900793650793652,"1","1095"
"=HYPERLINK(""https://stackoverflow.com/q/18784155"", ""18784155"")",0.5321732825811132,"1","1816"
"=HYPERLINK(""https://stackoverflow.com/q/18879527"", ""18879527"")",0.3352657004830914,"1","320"
"=HYPERLINK(""https://stackoverflow.com/q/18895564"", ""18895564"")",0.5441219583699799,"2","904"
"=HYPERLINK(""https://stackoverflow.com/q/18962423"", ""18962423"")",0.4648692810457516,"0","84"
"=HYPERLINK(""https://stackoverflow.com/q/19004856"", ""19004856"")",0.2727716727716727,"0","2019"
"=HYPERLINK(""https://stackoverflow.com/q/19036712"", ""19036712"")",0.5053179452364787,"1","480"
"=HYPERLINK(""https://stackoverflow.com/q/19113756"", ""19113756"")",0.7613927291346632,"0","496"
"=HYPERLINK(""https://stackoverflow.com/q/19165847"", ""19165847"")",0.4766724840023263,"0","197"
"=HYPERLINK(""https://stackoverflow.com/q/19169014"", ""19169014"")",0.5552571371729828,"4","3322"
"=HYPERLINK(""https://stackoverflow.com/q/19546847"", ""19546847"")",0.3519519519519516,"0","1122"
"=HYPERLINK(""https://stackoverflow.com/q/19560953"", ""19560953"")",0.4900046490004644,"1","98"
"=HYPERLINK(""https://stackoverflow.com/q/19627971"", ""19627971"")",0.9086629001883224,"2","586"
"=HYPERLINK(""https://stackoverflow.com/q/19652994"", ""19652994"")",0.4977489645236804,"1","994"
"=HYPERLINK(""https://stackoverflow.com/q/19735904"", ""19735904"")",0.2319092564994204,"3","1349"
"=HYPERLINK(""https://stackoverflow.com/q/19800677"", ""19800677"")",0.321360153256705,"0","1102"
"=HYPERLINK(""https://stackoverflow.com/q/19975933"", ""19975933"")",0.2402132267199734,"0","11125"
"=HYPERLINK(""https://stackoverflow.com/q/20060728"", ""20060728"")",0.3884272083718067,"0","875"
"=HYPERLINK(""https://stackoverflow.com/q/20083830"", ""20083830"")",0.2857597150670989,"0","2326"
"=HYPERLINK(""https://stackoverflow.com/q/20093318"", ""20093318"")",0.6201095461658851,"0","2138"
"=HYPERLINK(""https://stackoverflow.com/q/20184009"", ""20184009"")",0.332719459791283,"1","29"
"=HYPERLINK(""https://stackoverflow.com/q/20462163"", ""20462163"")",0.7354752342704142,"1","1062"
"=HYPERLINK(""https://stackoverflow.com/q/20696245"", ""20696245"")",0.7009958071278829,"0","2828"
"=HYPERLINK(""https://stackoverflow.com/q/20827414"", ""20827414"")",0.427867383512545,"0","152"
"=HYPERLINK(""https://stackoverflow.com/q/20970895"", ""20970895"")",0.4441067207024655,"0","428"
"=HYPERLINK(""https://stackoverflow.com/q/21100358"", ""21100358"")",0.7222222222222222,"1","517"
"=HYPERLINK(""https://stackoverflow.com/q/21269148"", ""21269148"")",0.6585429769392036,"1","662"
"=HYPERLINK(""https://stackoverflow.com/q/21307118"", ""21307118"")",0.3577856025039125,"14","19962"
"=HYPERLINK(""https://stackoverflow.com/q/21426237"", ""21426237"")",0.960858585858585,"1","2343"
"=HYPERLINK(""https://stackoverflow.com/q/21433927"", ""21433927"")",0.4990951863916031,"0","1166"
"=HYPERLINK(""https://stackoverflow.com/q/21462775"", ""21462775"")",0.2588481933653966,"2","2611"
"=HYPERLINK(""https://stackoverflow.com/q/21564157"", ""21564157"")",0.6905320813771529,"1","1744"
"=HYPERLINK(""https://stackoverflow.com/q/21656401"", ""21656401"")",0.7222222222222214,"1","381"
"=HYPERLINK(""https://stackoverflow.com/q/21695183"", ""21695183"")",0.4249249249249249,"1","1630"
"=HYPERLINK(""https://stackoverflow.com/q/21760225"", ""21760225"")",0.6497031382527578,"0","918"
"=HYPERLINK(""https://stackoverflow.com/q/21774972"", ""21774972"")",0.5273924618186923,"0","423"
"=HYPERLINK(""https://stackoverflow.com/q/21832647"", ""21832647"")",0.6394757433489837,"0","572"
"=HYPERLINK(""https://stackoverflow.com/q/22009885"", ""22009885"")",0.5946360153256707,"0","52"
"=HYPERLINK(""https://stackoverflow.com/q/22051912"", ""22051912"")",0.491911959692389,"2","969"
"=HYPERLINK(""https://stackoverflow.com/q/22091647"", ""22091647"")",0.5992714025500918,"0","1401"
"=HYPERLINK(""https://stackoverflow.com/q/22249409"", ""22249409"")",0.5091787439613515,"0","151"
"=HYPERLINK(""https://stackoverflow.com/q/22480815"", ""22480815"")",0.3367260390161158,"2","413"
"=HYPERLINK(""https://stackoverflow.com/q/22490936"", ""22490936"")",0.4000745712155112,"0","3158"
"=HYPERLINK(""https://stackoverflow.com/q/22533620"", ""22533620"")",0.2409254641174838,"0","191"
"=HYPERLINK(""https://stackoverflow.com/q/22535483"", ""22535483"")",0.4683760683760687,"0","303"
"=HYPERLINK(""https://stackoverflow.com/q/22540218"", ""22540218"")",0.417250902910559,"1","391"
"=HYPERLINK(""https://stackoverflow.com/q/22563609"", ""22563609"")",0.9309178743961332,"0","554"
"=HYPERLINK(""https://stackoverflow.com/q/22628524"", ""22628524"")",0.594253884491352,"0","114"
"=HYPERLINK(""https://stackoverflow.com/q/22648563"", ""22648563"")",0.3186077643908969,"1","371"
"=HYPERLINK(""https://stackoverflow.com/q/22662173"", ""22662173"")",0.2917710944026733,"0","857"
"=HYPERLINK(""https://stackoverflow.com/q/22940860"", ""22940860"")",0.376584638329605,"1","1093"
"=HYPERLINK(""https://stackoverflow.com/q/23082083"", ""23082083"")",0.576218959579482,"1","615"
"=HYPERLINK(""https://stackoverflow.com/q/23105759"", ""23105759"")",0.4543650793650794,"1","276"
"=HYPERLINK(""https://stackoverflow.com/q/23128564"", ""23128564"")",0.2047803617571058,"0","108"
"=HYPERLINK(""https://stackoverflow.com/q/23285194"", ""23285194"")",0.4754689754689752,"1","3781"
"=HYPERLINK(""https://stackoverflow.com/q/23311107"", ""23311107"")",0.5991066443327745,"1","333"
"=HYPERLINK(""https://stackoverflow.com/q/23454437"", ""23454437"")",0.4177941779417796,"1","217"
"=HYPERLINK(""https://stackoverflow.com/q/23487192"", ""23487192"")",0.4207170481864743,"1","693"
"=HYPERLINK(""https://stackoverflow.com/q/23631072"", ""23631072"")",0.4214842148421485,"0","1003"
"=HYPERLINK(""https://stackoverflow.com/q/23631546"", ""23631546"")",0.4822875105791318,"0","750"
"=HYPERLINK(""https://stackoverflow.com/q/23721793"", ""23721793"")",0.4182021217197092,"1","164"
"=HYPERLINK(""https://stackoverflow.com/q/23777053"", ""23777053"")",0.7597716293368457,"1","1068"
"=HYPERLINK(""https://stackoverflow.com/q/23821831"", ""23821831"")",0.3322222222222219,"0","234"
"=HYPERLINK(""https://stackoverflow.com/q/23867299"", ""23867299"")",0.3867791842475384,"0","438"
"=HYPERLINK(""https://stackoverflow.com/q/23882973"", ""23882973"")",0.4563084645220163,"2","213"
"=HYPERLINK(""https://stackoverflow.com/q/23912808"", ""23912808"")",0.5012516849605243,"8","3536"
"=HYPERLINK(""https://stackoverflow.com/q/23935623"", ""23935623"")",0.6884798909338777,"0","414"
"=HYPERLINK(""https://stackoverflow.com/q/24015670"", ""24015670"")",0.4148228751057913,"0","1866"
"=HYPERLINK(""https://stackoverflow.com/q/24052184"", ""24052184"")",0.5296152183311715,"1","81"
"=HYPERLINK(""https://stackoverflow.com/q/24061231"", ""24061231"")",0.3749599743836055,"1","969"
"=HYPERLINK(""https://stackoverflow.com/q/24152533"", ""24152533"")",0.5637606837606847,"1","2980"
"=HYPERLINK(""https://stackoverflow.com/q/24157574"", ""24157574"")",0.443813131313131,"3","984"
"=HYPERLINK(""https://stackoverflow.com/q/24325490"", ""24325490"")",0.4935790061418199,"1","54"
"=HYPERLINK(""https://stackoverflow.com/q/24385613"", ""24385613"")",0.5015399194503679,"0","1403"
"=HYPERLINK(""https://stackoverflow.com/q/24425882"", ""24425882"")",0.3717067583046963,"0","471"
"=HYPERLINK(""https://stackoverflow.com/q/24432443"", ""24432443"")",0.6186719263642348,"2","560"
"=HYPERLINK(""https://stackoverflow.com/q/24593647"", ""24593647"")",0.219006788138621,"0","147"
"=HYPERLINK(""https://stackoverflow.com/q/24608540"", ""24608540"")",0.5694676312372475,"0","463"
"=HYPERLINK(""https://stackoverflow.com/q/24658499"", ""24658499"")",0.5722222222222221,"2","1104"
"=HYPERLINK(""https://stackoverflow.com/q/24699854"", ""24699854"")",0.23262083574042,"1","1341"
"=HYPERLINK(""https://stackoverflow.com/q/24737750"", ""24737750"")",0.4776101532567046,"1","2374"
"=HYPERLINK(""https://stackoverflow.com/q/24739811"", ""24739811"")",0.6243019449258624,"0","994"
"=HYPERLINK(""https://stackoverflow.com/q/24775955"", ""24775955"")",0.8371415770609325,"1","222"
"=HYPERLINK(""https://stackoverflow.com/q/24800360"", ""24800360"")",0.5251068376068379,"1","238"
"=HYPERLINK(""https://stackoverflow.com/q/24800492"", ""24800492"")",0.5651359982380797,"0","1275"
"=HYPERLINK(""https://stackoverflow.com/q/24870467"", ""24870467"")",0.6654939900322492,"0","499"
"=HYPERLINK(""https://stackoverflow.com/q/24959572"", ""24959572"")",0.5787439613526557,"0","151"
"=HYPERLINK(""https://stackoverflow.com/q/24997981"", ""24997981"")",0.5542832909245131,"0","377"
"=HYPERLINK(""https://stackoverflow.com/q/25077179"", ""25077179"")",0.736426767676767,"1","601"
"=HYPERLINK(""https://stackoverflow.com/q/25117267"", ""25117267"")",0.5904230590423054,"0","355"
"=HYPERLINK(""https://stackoverflow.com/q/25127757"", ""25127757"")",0.7866394001363316,"3","900"
"=HYPERLINK(""https://stackoverflow.com/q/25277232"", ""25277232"")",0.3394997091332168,"0","1498"
"=HYPERLINK(""https://stackoverflow.com/q/25281962"", ""25281962"")",0.6953591373002127,"1","1967"
"=HYPERLINK(""https://stackoverflow.com/q/25299346"", ""25299346"")",0.5904230590423055,"0","217"
"=HYPERLINK(""https://stackoverflow.com/q/25311053"", ""25311053"")",0.4394167923579686,"0","1299"
"=HYPERLINK(""https://stackoverflow.com/q/25401827"", ""25401827"")",0.8261826182618257,"0","55"
"=HYPERLINK(""https://stackoverflow.com/q/25477074"", ""25477074"")",0.3374716951667055,"1","1066"
"=HYPERLINK(""https://stackoverflow.com/q/25501945"", ""25501945"")",0.4016417472881856,"0","710"
"=HYPERLINK(""https://stackoverflow.com/q/25621289"", ""25621289"")",0.4811993712973038,"1","3241"
"=HYPERLINK(""https://stackoverflow.com/q/25745239"", ""25745239"")",0.5339105339105337,"0","31"
"=HYPERLINK(""https://stackoverflow.com/q/25843946"", ""25843946"")",0.9394353369763222,"0","126"
"=HYPERLINK(""https://stackoverflow.com/q/25869686"", ""25869686"")",0.4239960581423994,"0","1510"
"=HYPERLINK(""https://stackoverflow.com/q/26234009"", ""26234009"")",0.2699880157507277,"0","272"
"=HYPERLINK(""https://stackoverflow.com/q/26259316"", ""26259316"")",0.3559431524547801,"0","64"
"=HYPERLINK(""https://stackoverflow.com/q/26280099"", ""26280099"")",0.6409602719354162,"1","689"
"=HYPERLINK(""https://stackoverflow.com/q/26868965"", ""26868965"")",0.8862093604858884,"0","264"
"=HYPERLINK(""https://stackoverflow.com/q/26910627"", ""26910627"")",0.6347222222222233,"1","401"
"=HYPERLINK(""https://stackoverflow.com/q/27036351"", ""27036351"")",0.5793650793650789,"1","1172"
"=HYPERLINK(""https://stackoverflow.com/q/27098620"", ""27098620"")",0.3255432554325544,"0","673"
"=HYPERLINK(""https://stackoverflow.com/q/27117363"", ""27117363"")",0.3748939779474134,"1","59"
"=HYPERLINK(""https://stackoverflow.com/q/27149890"", ""27149890"")",0.9040964515687078,"1","1080"
"=HYPERLINK(""https://stackoverflow.com/q/27181887"", ""27181887"")",0.4660931899641579,"1","304"
"=HYPERLINK(""https://stackoverflow.com/q/27245021"", ""27245021"")",0.6237000547345365,"0","1015"
"=HYPERLINK(""https://stackoverflow.com/q/27320094"", ""27320094"")",0.6091568955890556,"0","186"
"=HYPERLINK(""https://stackoverflow.com/q/27325883"", ""27325883"")",0.8832391713747634,"2","963"
"=HYPERLINK(""https://stackoverflow.com/q/27338051"", ""27338051"")",0.5098328416912494,"0","80"
"=HYPERLINK(""https://stackoverflow.com/q/27398153"", ""27398153"")",0.5473453749315812,"1","243"
"=HYPERLINK(""https://stackoverflow.com/q/27409434"", ""27409434"")",0.3975059548830045,"0","110"
"=HYPERLINK(""https://stackoverflow.com/q/27445163"", ""27445163"")",0.3152454780361757,"1","839"
"=HYPERLINK(""https://stackoverflow.com/q/27668326"", ""27668326"")",0.4588634435962687,"1","443"
"=HYPERLINK(""https://stackoverflow.com/q/27706771"", ""27706771"")",0.7827758554402142,"1","494"
"=HYPERLINK(""https://stackoverflow.com/q/27919087"", ""27919087"")",0.4945626477541373,"1","738"
"=HYPERLINK(""https://stackoverflow.com/q/27928376"", ""27928376"")",0.4567583046964489,"1","169"
"=HYPERLINK(""https://stackoverflow.com/q/28222641"", ""28222641"")",0.4835287548855384,"0","309"
"=HYPERLINK(""https://stackoverflow.com/q/28302788"", ""28302788"")",0.4470544369873232,"0","914"
"=HYPERLINK(""https://stackoverflow.com/q/28318806"", ""28318806"")",0.531045751633987,"1","81"
"=HYPERLINK(""https://stackoverflow.com/q/28625409"", ""28625409"")",0.486052009456265,"1","582"
"=HYPERLINK(""https://stackoverflow.com/q/28633699"", ""28633699"")",0.5373109796186725,"0","1108"
"=HYPERLINK(""https://stackoverflow.com/q/28698804"", ""28698804"")",0.3741376779685893,"0","966"
"=HYPERLINK(""https://stackoverflow.com/q/28835622"", ""28835622"")",0.3717067583046963,"0","646"
"=HYPERLINK(""https://stackoverflow.com/q/28854941"", ""28854941"")",0.7083882301273594,"1","159"
"=HYPERLINK(""https://stackoverflow.com/q/28871072"", ""28871072"")",0.7222222222222213,"1","1975"
"=HYPERLINK(""https://stackoverflow.com/q/29224881"", ""29224881"")",0.3679508654383023,"0","234"
"=HYPERLINK(""https://stackoverflow.com/q/29285538"", ""29285538"")",0.8622222222222212,"0","110"
"=HYPERLINK(""https://stackoverflow.com/q/29371345"", ""29371345"")",0.5900595604846999,"0","576"
"=HYPERLINK(""https://stackoverflow.com/q/29377239"", ""29377239"")",0.5311844863731658,"0","158"
"=HYPERLINK(""https://stackoverflow.com/q/29424004"", ""29424004"")",0.408360836083608,"3","138"
"=HYPERLINK(""https://stackoverflow.com/q/29471475"", ""29471475"")",0.6001291989664074,"0","33"
"=HYPERLINK(""https://stackoverflow.com/q/29505817"", ""29505817"")",0.2854633289415898,"0","128"
"=HYPERLINK(""https://stackoverflow.com/q/29533715"", ""29533715"")",0.3681681681681679,"0","224"
"=HYPERLINK(""https://stackoverflow.com/q/29657784"", ""29657784"")",0.4041979587906799,"1","253"
"=HYPERLINK(""https://stackoverflow.com/q/29706173"", ""29706173"")",0.374471357170319,"0","544"
"=HYPERLINK(""https://stackoverflow.com/q/29773135"", ""29773135"")",0.6153519932145896,"2","2430"
"=HYPERLINK(""https://stackoverflow.com/q/29874970"", ""29874970"")",0.6531614487415595,"1","139"
"=HYPERLINK(""https://stackoverflow.com/q/30093835"", ""30093835"")",0.613927291346645,"1","180"
"=HYPERLINK(""https://stackoverflow.com/q/30166285"", ""30166285"")",0.4584859584859585,"0","735"
"=HYPERLINK(""https://stackoverflow.com/q/30232635"", ""30232635"")",0.5662455458373834,"0","171"
"=HYPERLINK(""https://stackoverflow.com/q/30300630"", ""30300630"")",0.3087606837606839,"0","63"
"=HYPERLINK(""https://stackoverflow.com/q/30304459"", ""30304459"")",0.4703138252756578,"2","194"
"=HYPERLINK(""https://stackoverflow.com/q/30352300"", ""30352300"")",0.3614627285513359,"0","602"
"=HYPERLINK(""https://stackoverflow.com/q/30401463"", ""30401463"")",0.9317565902931744,"4","841"
"=HYPERLINK(""https://stackoverflow.com/q/30475624"", ""30475624"")",0.6678074378279709,"1","580"
"=HYPERLINK(""https://stackoverflow.com/q/30489057"", ""30489057"")",0.6186719263642345,"1","129"
"=HYPERLINK(""https://stackoverflow.com/q/30871187"", ""30871187"")",0.4989749897498977,"2","60"
"=HYPERLINK(""https://stackoverflow.com/q/31046906"", ""31046906"")",0.5247762497271333,"3","1231"
"=HYPERLINK(""https://stackoverflow.com/q/31076588"", ""31076588"")",0.5874916833000661,"0","127"
"=HYPERLINK(""https://stackoverflow.com/q/31183674"", ""31183674"")",0.2222222222222223,"2","678"
"=HYPERLINK(""https://stackoverflow.com/q/31509461"", ""31509461"")",0.6532567049808422,"0","564"
"=HYPERLINK(""https://stackoverflow.com/q/31517397"", ""31517397"")",0.7001633986928106,"0","127"
"=HYPERLINK(""https://stackoverflow.com/q/31655193"", ""31655193"")",0.544369873228934,"0","74"
"=HYPERLINK(""https://stackoverflow.com/q/31668074"", ""31668074"")",0.5085125448028679,"0","52"
"=HYPERLINK(""https://stackoverflow.com/q/31787114"", ""31787114"")",0.2458442694663168,"1","53"
"=HYPERLINK(""https://stackoverflow.com/q/32089769"", ""32089769"")",0.3669590643274851,"0","219"
"=HYPERLINK(""https://stackoverflow.com/q/32250333"", ""32250333"")",0.2817966903073286,"2","685"
"=HYPERLINK(""https://stackoverflow.com/q/32571070"", ""32571070"")",0.3216540404040402,"0","296"
"=HYPERLINK(""https://stackoverflow.com/q/32606468"", ""32606468"")",0.5347222222222219,"1","881"
"=HYPERLINK(""https://stackoverflow.com/q/32623752"", ""32623752"")",0.5289232531500573,"1","677"
"=HYPERLINK(""https://stackoverflow.com/q/32692561"", ""32692561"")",0.8820582877959939,"0","71"
"=HYPERLINK(""https://stackoverflow.com/q/32917724"", ""32917724"")",0.6759917812549401,"0","736"
"=HYPERLINK(""https://stackoverflow.com/q/32921741"", ""32921741"")",0.3956539565395656,"1","362"
"=HYPERLINK(""https://stackoverflow.com/q/32984879"", ""32984879"")",0.7936507936507953,"1","1037"
"=HYPERLINK(""https://stackoverflow.com/q/33110617"", ""33110617"")",0.3898868928809046,"0","259"
"=HYPERLINK(""https://stackoverflow.com/q/33127703"", ""33127703"")",0.3978229615937568,"1","603"
"=HYPERLINK(""https://stackoverflow.com/q/33605692"", ""33605692"")",0.6349532283823858,"0","972"
"=HYPERLINK(""https://stackoverflow.com/q/33648632"", ""33648632"")",0.4204729510851963,"0","1691"
"=HYPERLINK(""https://stackoverflow.com/q/33730690"", ""33730690"")",0.5448028673835118,"1","219"
"=HYPERLINK(""https://stackoverflow.com/q/34087021"", ""34087021"")",0.590320381731424,"0","144"
"=HYPERLINK(""https://stackoverflow.com/q/34124002"", ""34124002"")",0.3662665435518622,"1","94"
"=HYPERLINK(""https://stackoverflow.com/q/34314039"", ""34314039"")",0.4657865786578655,"1","1007"
"=HYPERLINK(""https://stackoverflow.com/q/34514835"", ""34514835"")",0.393593189964158,"0","74"
"=HYPERLINK(""https://stackoverflow.com/q/34522819"", ""34522819"")",0.3020227209753392,"3","177"
"=HYPERLINK(""https://stackoverflow.com/q/34655752"", ""34655752"")",0.9109741482622844,"1","515"
"=HYPERLINK(""https://stackoverflow.com/q/34925840"", ""34925840"")",0.2796479647964794,"1","669"
"=HYPERLINK(""https://stackoverflow.com/q/34947654"", ""34947654"")",0.5006313131313128,"0","104"
"=HYPERLINK(""https://stackoverflow.com/q/34994694"", ""34994694"")",0.8733850129198953,"2","842"
"=HYPERLINK(""https://stackoverflow.com/q/35136101"", ""35136101"")",0.4425612052730699,"0","756"
"=HYPERLINK(""https://stackoverflow.com/q/35313650"", ""35313650"")",0.2137115839243499,"1","196"
"=HYPERLINK(""https://stackoverflow.com/q/35365748"", ""35365748"")",0.5200945626477542,"0","835"
"=HYPERLINK(""https://stackoverflow.com/q/35742845"", ""35742845"")",0.4767132401862937,"3","378"
"=HYPERLINK(""https://stackoverflow.com/q/35769466"", ""35769466"")",0.3959118419550075,"1","331"
"=HYPERLINK(""https://stackoverflow.com/q/35878279"", ""35878279"")",0.606837606837607,"0","273"
"=HYPERLINK(""https://stackoverflow.com/q/36231601"", ""36231601"")",0.363356118482777,"1","1385"
"=HYPERLINK(""https://stackoverflow.com/q/36460313"", ""36460313"")",0.7126068376068376,"2","45"
"=HYPERLINK(""https://stackoverflow.com/q/36513753"", ""36513753"")",0.4589771891096393,"6","943"
"=HYPERLINK(""https://stackoverflow.com/q/36725023"", ""36725023"")",0.4863067292644761,"2","516"
"=HYPERLINK(""https://stackoverflow.com/q/36939747"", ""36939747"")",0.6428864288642887,"1","227"
"=HYPERLINK(""https://stackoverflow.com/q/37075979"", ""37075979"")",0.7317158931082972,"0","193"
"=HYPERLINK(""https://stackoverflow.com/q/37107774"", ""37107774"")",0.3189964157706088,"0","385"
"=HYPERLINK(""https://stackoverflow.com/q/37153546"", ""37153546"")",0.4713571703191077,"0","62"
"=HYPERLINK(""https://stackoverflow.com/q/37315660"", ""37315660"")",0.6011695906432759,"0","463"
"=HYPERLINK(""https://stackoverflow.com/q/38008580"", ""38008580"")",0.4773069679849336,"0","579"
"=HYPERLINK(""https://stackoverflow.com/q/38081499"", ""38081499"")",0.4071220681390174,"0","234"
"=HYPERLINK(""https://stackoverflow.com/q/38313858"", ""38313858"")",0.6135265700483085,"1","461"
"=HYPERLINK(""https://stackoverflow.com/q/38336691"", ""38336691"")",0.4000513215293814,"0","130"
"=HYPERLINK(""https://stackoverflow.com/q/38346501"", ""38346501"")",0.4664082687338496,"1","952"
"=HYPERLINK(""https://stackoverflow.com/q/38372193"", ""38372193"")",0.699330655957161,"0","385"
"=HYPERLINK(""https://stackoverflow.com/q/38383616"", ""38383616"")",0.2213811793290349,"0","1040"
"=HYPERLINK(""https://stackoverflow.com/q/38460146"", ""38460146"")",0.5270721067487809,"0","769"
"=HYPERLINK(""https://stackoverflow.com/q/38570822"", ""38570822"")",0.562647754137116,"1","3819"
"=HYPERLINK(""https://stackoverflow.com/q/38645424"", ""38645424"")",0.5067049808429118,"3","692"
"=HYPERLINK(""https://stackoverflow.com/q/39075349"", ""39075349"")",0.3467896962706649,"0","861"
"=HYPERLINK(""https://stackoverflow.com/q/39203350"", ""39203350"")",0.5988045007032342,"0","93"
"=HYPERLINK(""https://stackoverflow.com/q/39265391"", ""39265391"")",0.6137316561844867,"0","240"
"=HYPERLINK(""https://stackoverflow.com/q/39704947"", ""39704947"")",0.4440593106104374,"0","204"
"=HYPERLINK(""https://stackoverflow.com/q/39715394"", ""39715394"")",0.8675710594315234,"0","67"
"=HYPERLINK(""https://stackoverflow.com/q/39747209"", ""39747209"")",0.3043650793650794,"0","328"
"=HYPERLINK(""https://stackoverflow.com/q/39766630"", ""39766630"")",0.399641577060932,"0","284"
"=HYPERLINK(""https://stackoverflow.com/q/39779930"", ""39779930"")",0.3928809048569525,"3","404"
"=HYPERLINK(""https://stackoverflow.com/q/40485328"", ""40485328"")",0.763459335624284,"1","556"
"=HYPERLINK(""https://stackoverflow.com/q/40528515"", ""40528515"")",0.5008481764206965,"1","822"
"=HYPERLINK(""https://stackoverflow.com/q/40802850"", ""40802850"")",0.6365079365079366,"1","546"
"=HYPERLINK(""https://stackoverflow.com/q/41145205"", ""41145205"")",0.4912095639943736,"1","203"
"=HYPERLINK(""https://stackoverflow.com/q/41473015"", ""41473015"")",0.3783197831978317,"1","515"
"=HYPERLINK(""https://stackoverflow.com/q/41751142"", ""41751142"")",0.5069904341427527,"0","689"
"=HYPERLINK(""https://stackoverflow.com/q/41808095"", ""41808095"")",0.6266543551862112,"0","168"
"=HYPERLINK(""https://stackoverflow.com/q/41883319"", ""41883319"")",0.3270126413838987,"0","245"
"=HYPERLINK(""https://stackoverflow.com/q/41959005"", ""41959005"")",0.3884029802397157,"0","142"
"=HYPERLINK(""https://stackoverflow.com/q/42003021"", ""42003021"")",0.1945085963561714,"0","3296"
"=HYPERLINK(""https://stackoverflow.com/q/42085322"", ""42085322"")",0.3576902025177884,"0","302"
"=HYPERLINK(""https://stackoverflow.com/q/42132493"", ""42132493"")",0.5003377237419793,"3","164"
"=HYPERLINK(""https://stackoverflow.com/q/42222887"", ""42222887"")",0.7524235645041017,"1","1228"
"=HYPERLINK(""https://stackoverflow.com/q/42904045"", ""42904045"")",0.3495807127882601,"0","208"
"=HYPERLINK(""https://stackoverflow.com/q/42975382"", ""42975382"")",0.7073286052009459,"1","440"
"=HYPERLINK(""https://stackoverflow.com/q/43065609"", ""43065609"")",0.367874396135265,"0","407"
"=HYPERLINK(""https://stackoverflow.com/q/43090979"", ""43090979"")",0.7563131313131308,"0","101"
"=HYPERLINK(""https://stackoverflow.com/q/43220903"", ""43220903"")",0.2798591098302914,"0","435"
"=HYPERLINK(""https://stackoverflow.com/q/43371591"", ""43371591"")",0.5757787075778702,"2","455"
"=HYPERLINK(""https://stackoverflow.com/q/43410053"", ""43410053"")",0.4870443566095735,"1","102"
"=HYPERLINK(""https://stackoverflow.com/q/43470723"", ""43470723"")",0.5546085858585855,"1","2115"
"=HYPERLINK(""https://stackoverflow.com/q/43682487"", ""43682487"")",0.4463186077643904,"0","415"
"=HYPERLINK(""https://stackoverflow.com/q/44137936"", ""44137936"")",0.4854357528776132,"2","383"
"=HYPERLINK(""https://stackoverflow.com/q/44545937"", ""44545937"")",0.6209563994374112,"2","210"
"=HYPERLINK(""https://stackoverflow.com/q/44781702"", ""44781702"")",0.788179669030733,"1","411"
"=HYPERLINK(""https://stackoverflow.com/q/44795133"", ""44795133"")",0.6993214588634448,"3","168"
"=HYPERLINK(""https://stackoverflow.com/q/44905707"", ""44905707"")",0.4201114042802698,"0","227"
"=HYPERLINK(""https://stackoverflow.com/q/45084088"", ""45084088"")",0.7978036175710582,"0","182"
"=HYPERLINK(""https://stackoverflow.com/q/45186795"", ""45186795"")",0.8505408062930196,"1","52"
"=HYPERLINK(""https://stackoverflow.com/q/45192529"", ""45192529"")",0.6339869281045751,"2","307"
"=HYPERLINK(""https://stackoverflow.com/q/45704241"", ""45704241"")",0.4836278942320864,"2","271"
"=HYPERLINK(""https://stackoverflow.com/q/45895439"", ""45895439"")",0.2267199733466602,"0","1217"
"=HYPERLINK(""https://stackoverflow.com/q/46643255"", ""46643255"")",0.3724685276409414,"0","110"
"=HYPERLINK(""https://stackoverflow.com/q/46685387"", ""46685387"")",0.2130479102956168,"0","337"
"=HYPERLINK(""https://stackoverflow.com/q/47009087"", ""47009087"")",0.4325543255432555,"0","822"
"=HYPERLINK(""https://stackoverflow.com/q/47057239"", ""47057239"")",0.3443596268023754,"0","147"
"=HYPERLINK(""https://stackoverflow.com/q/47172492"", ""47172492"")",0.788487282463185,"0","414"
"=HYPERLINK(""https://stackoverflow.com/q/47308610"", ""47308610"")",0.4882320744389706,"0","162"
"=HYPERLINK(""https://stackoverflow.com/q/47455634"", ""47455634"")",0.5157004830917864,"0","742"
"=HYPERLINK(""https://stackoverflow.com/q/47465997"", ""47465997"")",0.652685798381163,"1","37"
"=HYPERLINK(""https://stackoverflow.com/q/47573901"", ""47573901"")",0.4016417472881856,"2","2110"
"=HYPERLINK(""https://stackoverflow.com/q/48190244"", ""48190244"")",0.5941434044882313,"1","328"
"=HYPERLINK(""https://stackoverflow.com/q/48292743"", ""48292743"")",0.440463264567499,"0","84"
"=HYPERLINK(""https://stackoverflow.com/q/48477147"", ""48477147"")",0.5839585566273673,"0","285"
"=HYPERLINK(""https://stackoverflow.com/q/48485183"", ""48485183"")",0.4491129785247431,"1","80"
"=HYPERLINK(""https://stackoverflow.com/q/48588494"", ""48588494"")",0.5349258052841113,"0","171"
"=HYPERLINK(""https://stackoverflow.com/q/48708069"", ""48708069"")",0.3645512425549397,"0","121"
"=HYPERLINK(""https://stackoverflow.com/q/48727452"", ""48727452"")",0.9357357357357344,"1","665"
"=HYPERLINK(""https://stackoverflow.com/q/49007109"", ""49007109"")",0.4414735591206179,"2","714"
"=HYPERLINK(""https://stackoverflow.com/q/49115330"", ""49115330"")",0.5159965412883699,"1","1091"
"=HYPERLINK(""https://stackoverflow.com/q/49234062"", ""49234062"")",0.3607612650433807,"1","417"
"=HYPERLINK(""https://stackoverflow.com/q/49523744"", ""49523744"")",0.6293368467281502,"5","356"
"=HYPERLINK(""https://stackoverflow.com/q/49548382"", ""49548382"")",0.508654383026242,"0","91"
"=HYPERLINK(""https://stackoverflow.com/q/49721470"", ""49721470"")",0.6355063550635507,"0","504"
"=HYPERLINK(""https://stackoverflow.com/q/50015808"", ""50015808"")",0.8094798399507543,"0","818"
"=HYPERLINK(""https://stackoverflow.com/q/50411185"", ""50411185"")",0.3344173441734415,"1","131"
"=HYPERLINK(""https://stackoverflow.com/q/50598665"", ""50598665"")",0.3655446977922548,"1","186"
"=HYPERLINK(""https://stackoverflow.com/q/50749752"", ""50749752"")",0.6384783798576893,"1","750"
"=HYPERLINK(""https://stackoverflow.com/q/50753287"", ""50753287"")",0.3790099851285322,"1","52"
"=HYPERLINK(""https://stackoverflow.com/q/50807695"", ""50807695"")",0.3256704980842911,"1","98"
"=HYPERLINK(""https://stackoverflow.com/q/50942609"", ""50942609"")",0.5074837119211131,"0","587"
"=HYPERLINK(""https://stackoverflow.com/q/51202682"", ""51202682"")",0.5008481764206962,"0","313"
"=HYPERLINK(""https://stackoverflow.com/q/51316948"", ""51316948"")",0.8115079365079366,"0","611"
"=HYPERLINK(""https://stackoverflow.com/q/51380757"", ""51380757"")",0.393967374576793,"3","120"
"=HYPERLINK(""https://stackoverflow.com/q/51463361"", ""51463361"")",0.231715893108298,"0","42"
"=HYPERLINK(""https://stackoverflow.com/q/52064518"", ""52064518"")",0.7392676767676761,"2","682"
"=HYPERLINK(""https://stackoverflow.com/q/52548675"", ""52548675"")",0.6106960749436741,"0","259"
"=HYPERLINK(""https://stackoverflow.com/q/52681362"", ""52681362"")",0.4046326456749909,"1","79"
"=HYPERLINK(""https://stackoverflow.com/q/53291482"", ""53291482"")",0.5845984598459842,"1","113"
"=HYPERLINK(""https://stackoverflow.com/q/54236723"", ""54236723"")",0.7470841006752611,"1","157"
"=HYPERLINK(""https://stackoverflow.com/q/54647522"", ""54647522"")",0.4529914529914536,"1","114"
"=HYPERLINK(""https://stackoverflow.com/q/54997064"", ""54997064"")",0.6465764657646578,"0","92"
"=HYPERLINK(""https://stackoverflow.com/q/55105535"", ""55105535"")",0.524270003792188,"0","83"
"=HYPERLINK(""https://stackoverflow.com/q/55226038"", ""55226038"")",0.4887696283045121,"0","146"
"=HYPERLINK(""https://stackoverflow.com/q/55517545"", ""55517545"")",0.2632899840292035,"1","99"
"=HYPERLINK(""https://stackoverflow.com/q/55761505"", ""55761505"")",0.3616452991452993,"1","348"
"=HYPERLINK(""https://stackoverflow.com/q/55951903"", ""55951903"")",0.5276884601643448,"0","438"
"=HYPERLINK(""https://stackoverflow.com/q/56085867"", ""56085867"")",0.5912995289553885,"1","285"
"=HYPERLINK(""https://stackoverflow.com/q/56192481"", ""56192481"")",0.7290039731470059,"0","547"
"=HYPERLINK(""https://stackoverflow.com/q/56274028"", ""56274028"")",0.3723037882907378,"0","984"
"=HYPERLINK(""https://stackoverflow.com/q/56357357"", ""56357357"")",0.3501112823146722,"0","362"
"=HYPERLINK(""https://stackoverflow.com/q/56664101"", ""56664101"")",0.8391053391053386,"0","206"
"=HYPERLINK(""https://stackoverflow.com/q/56685491"", ""56685491"")",0.5699145299145308,"0","139"
"=HYPERLINK(""https://stackoverflow.com/q/56741006"", ""56741006"")",0.7900111212213127,"0","111"
"=HYPERLINK(""https://stackoverflow.com/q/57172559"", ""57172559"")",0.7725302304357734,"0","47"
"=HYPERLINK(""https://stackoverflow.com/q/57274578"", ""57274578"")",0.6965305226174783,"3","178"
"=HYPERLINK(""https://stackoverflow.com/q/57782932"", ""57782932"")",0.7073215599705671,"0","187"
"=HYPERLINK(""https://stackoverflow.com/q/57922202"", ""57922202"")",0.4321198331437239,"0","333"
"=HYPERLINK(""https://stackoverflow.com/q/58082598"", ""58082598"")",0.5894277649473955,"0","247"
"=HYPERLINK(""https://stackoverflow.com/q/58103794"", ""58103794"")",0.5790770609319001,"1","120"
"=HYPERLINK(""https://stackoverflow.com/q/59125483"", ""59125483"")",0.4851896528615465,"1","234"
"=HYPERLINK(""https://stackoverflow.com/q/59175232"", ""59175232"")",0.4211658841940534,"0","63"
"=HYPERLINK(""https://stackoverflow.com/q/59269313"", ""59269313"")",0.7529152915291523,"0","159"
"=HYPERLINK(""https://stackoverflow.com/q/59288700"", ""59288700"")",0.7222222222222224,"1","262"
"=HYPERLINK(""https://stackoverflow.com/q/59456289"", ""59456289"")",0.4079929732103644,"0","152"
"=HYPERLINK(""https://stackoverflow.com/q/59679661"", ""59679661"")",0.7199180747567834,"1","192"
"=HYPERLINK(""https://stackoverflow.com/q/60153348"", ""60153348"")",0.501430143014301,"0","50"
"=HYPERLINK(""https://stackoverflow.com/q/60336990"", ""60336990"")",0.4524743230625582,"1","40"
"=HYPERLINK(""https://stackoverflow.com/q/60347230"", ""60347230"")",0.2677394636015324,"1","147"
"=HYPERLINK(""https://stackoverflow.com/q/60525455"", ""60525455"")",0.6884601643444093,"0","153"
"=HYPERLINK(""https://stackoverflow.com/q/60852669"", ""60852669"")",0.4154040404040401,"2","350"
"=HYPERLINK(""https://stackoverflow.com/q/60965153"", ""60965153"")",0.7489397794741317,"0","169"
"=HYPERLINK(""https://stackoverflow.com/q/61117241"", ""61117241"")",0.3310931899641577,"0","717"
"=HYPERLINK(""https://stackoverflow.com/q/61306814"", ""61306814"")",0.5237686139747993,"0","150"
"=HYPERLINK(""https://stackoverflow.com/q/61437425"", ""61437425"")",0.5256704980842913,"0","137"
"=HYPERLINK(""https://stackoverflow.com/q/61624695"", ""61624695"")",0.6153706724669208,"0","229"
"=HYPERLINK(""https://stackoverflow.com/q/62176808"", ""62176808"")",0.3441058787319175,"0","86"
"=HYPERLINK(""https://stackoverflow.com/q/62385845"", ""62385845"")",0.4000647878198902,"0","41"
"=HYPERLINK(""https://stackoverflow.com/q/62573935"", ""62573935"")",0.5335994677312038,"0","73"
"=HYPERLINK(""https://stackoverflow.com/q/64339081"", ""64339081"")",0.7637241985068062,"0","82"
"=HYPERLINK(""https://stackoverflow.com/q/64480777"", ""64480777"")",0.6767676767676759,"1","57"
"=HYPERLINK(""https://stackoverflow.com/q/64791949"", ""64791949"")",0.7251925192519247,"1","91"
"=HYPERLINK(""https://stackoverflow.com/q/65087163"", ""65087163"")",0.7089478859390371,"0","52"
"=HYPERLINK(""https://stackoverflow.com/q/65301176"", ""65301176"")",0.616228881489703,"1","62"
"=HYPERLINK(""https://stackoverflow.com/q/65506823"", ""65506823"")",0.5498672734167612,"0","26"
"=HYPERLINK(""https://stackoverflow.com/q/65794031"", ""65794031"")",0.2938157557095201,"1","54"
"=HYPERLINK(""https://stackoverflow.com/q/66155713"", ""66155713"")",0.5292961772061454,"2","118"
"=HYPERLINK(""https://stackoverflow.com/q/66694150"", ""66694150"")",0.4699286442405705,"0","43"
"=HYPERLINK(""https://stackoverflow.com/q/66764782"", ""66764782"")",0.7222222222222215,"2","63"
"=HYPERLINK(""https://stackoverflow.com/q/66944392"", ""66944392"")",0.6691248770894797,"1","44"
"=HYPERLINK(""https://stackoverflow.com/q/67042982"", ""67042982"")",0.8222222222222224,"0","33"
"=HYPERLINK(""https://stackoverflow.com/q/67086645"", ""67086645"")",0.141141141141141,"0","41"
"=HYPERLINK(""https://stackoverflow.com/q/67217230"", ""67217230"")",0.2957883070102517,"0","37"
"=HYPERLINK(""https://stackoverflow.com/q/67584080"", ""67584080"")",0.2348804500703235,"2","41"
