link,Correlation
"=HYPERLINK(""https://stackoverflow.com/a/977483"", ""977483"")",0.24556852572416768
"=HYPERLINK(""https://stackoverflow.com/a/1325016"", ""1325016"")",0.5678686602169453
"=HYPERLINK(""https://stackoverflow.com/a/1470569"", ""1470569"")",0.36976320582877975
"=HYPERLINK(""https://stackoverflow.com/a/1524890"", ""1524890"")",0.414882772680938
"=HYPERLINK(""https://stackoverflow.com/a/1764577"", ""1764577"")",0.4853801169590646
"=HYPERLINK(""https://stackoverflow.com/a/1861194"", ""1861194"")",0.28859390363815146
"=HYPERLINK(""https://stackoverflow.com/a/2185792"", ""2185792"")",0.3866057838660577
"=HYPERLINK(""https://stackoverflow.com/a/2745730"", ""2745730"")",0.3743961352657005
"=HYPERLINK(""https://stackoverflow.com/a/3114836"", ""3114836"")",0.3504830917874394
"=HYPERLINK(""https://stackoverflow.com/a/3146002"", ""3146002"")",0.7831978319783197
"=HYPERLINK(""https://stackoverflow.com/a/3282809"", ""3282809"")",0.19072615923009628
"=HYPERLINK(""https://stackoverflow.com/a/3303515"", ""3303515"")",0.5651380333105179
"=HYPERLINK(""https://stackoverflow.com/a/3877563"", ""3877563"")",0.7606837606837608
"=HYPERLINK(""https://stackoverflow.com/a/4190498"", ""4190498"")",0.4893977947413063
"=HYPERLINK(""https://stackoverflow.com/a/4604018"", ""4604018"")",0.852143482064742
"=HYPERLINK(""https://stackoverflow.com/a/4752511"", ""4752511"")",0.5503472222222221
"=HYPERLINK(""https://stackoverflow.com/a/4966538"", ""4966538"")",0.39177239523260277
"=HYPERLINK(""https://stackoverflow.com/a/5320712"", ""5320712"")",0.6212606837606838
"=HYPERLINK(""https://stackoverflow.com/a/5733533"", ""5733533"")",0.37720377203772043
"=HYPERLINK(""https://stackoverflow.com/a/6376281"", ""6376281"")",0.5056867891513561
"=HYPERLINK(""https://stackoverflow.com/a/6893475"", ""6893475"")",0.3230286738351256
"=HYPERLINK(""https://stackoverflow.com/a/7830147"", ""7830147"")",0.5136795086543829
"=HYPERLINK(""https://stackoverflow.com/a/7915969"", ""7915969"")",0.5870870870870873
"=HYPERLINK(""https://stackoverflow.com/a/7940500"", ""7940500"")",0.6085858585858583
"=HYPERLINK(""https://stackoverflow.com/a/8979115"", ""8979115"")",0.35760683760683776
"=HYPERLINK(""https://stackoverflow.com/a/8998666"", ""8998666"")",0.5877394636015326
"=HYPERLINK(""https://stackoverflow.com/a/9229087"", ""9229087"")",0.21228844738778516
"=HYPERLINK(""https://stackoverflow.com/a/9362527"", ""9362527"")",0.43482064741907306
"=HYPERLINK(""https://stackoverflow.com/a/9459116"", ""9459116"")",0.668424753867792
"=HYPERLINK(""https://stackoverflow.com/a/9473223"", ""9473223"")",0.3766450108279193
"=HYPERLINK(""https://stackoverflow.com/a/9506601"", ""9506601"")",0.4422222222222219
"=HYPERLINK(""https://stackoverflow.com/a/9595533"", ""9595533"")",0.19519519519519507
"=HYPERLINK(""https://stackoverflow.com/a/9633951"", ""9633951"")",0.39901780233271944
"=HYPERLINK(""https://stackoverflow.com/a/9722299"", ""9722299"")",0.43101343101343104
"=HYPERLINK(""https://stackoverflow.com/a/9777438"", ""9777438"")",0.6020299145299145
"=HYPERLINK(""https://stackoverflow.com/a/9839334"", ""9839334"")",0.18650793650793648
"=HYPERLINK(""https://stackoverflow.com/a/9945164"", ""9945164"")",0.6738351254480287
"=HYPERLINK(""https://stackoverflow.com/a/10008465"", ""10008465"")",0.40116959064327484
"=HYPERLINK(""https://stackoverflow.com/a/10028547"", ""10028547"")",0.4493690366266544
"=HYPERLINK(""https://stackoverflow.com/a/10101579"", ""10101579"")",0.43601532567049817
"=HYPERLINK(""https://stackoverflow.com/a/10196956"", ""10196956"")",0.29612522453169104
"=HYPERLINK(""https://stackoverflow.com/a/10233310"", ""10233310"")",0.33856571252693146
"=HYPERLINK(""https://stackoverflow.com/a/10248652"", ""10248652"")",0.43327749860413173
"=HYPERLINK(""https://stackoverflow.com/a/10278210"", ""10278210"")",0.38834600072385095
"=HYPERLINK(""https://stackoverflow.com/a/10356447"", ""10356447"")",0.5115079365079366
"=HYPERLINK(""https://stackoverflow.com/a/10373704"", ""10373704"")",0.5171530977982591
"=HYPERLINK(""https://stackoverflow.com/a/10390113"", ""10390113"")",0.5825163398692811
"=HYPERLINK(""https://stackoverflow.com/a/11448833"", ""11448833"")",0.6006006006006004
"=HYPERLINK(""https://stackoverflow.com/a/11842028"", ""11842028"")",0.5923009623797025
"=HYPERLINK(""https://stackoverflow.com/a/11903122"", ""11903122"")",0.5299145299145298
"=HYPERLINK(""https://stackoverflow.com/a/11973271"", ""11973271"")",0.5868631062001227
"=HYPERLINK(""https://stackoverflow.com/a/12083699"", ""12083699"")",0.40924512298558163
"=HYPERLINK(""https://stackoverflow.com/a/12220951"", ""12220951"")",0.3808429118773945
"=HYPERLINK(""https://stackoverflow.com/a/12515360"", ""12515360"")",0.9001068376068374
"=HYPERLINK(""https://stackoverflow.com/a/12891077"", ""12891077"")",0.34824961948249605
"=HYPERLINK(""https://stackoverflow.com/a/12902917"", ""12902917"")",0.46992864424057096
"=HYPERLINK(""https://stackoverflow.com/a/12920679"", ""12920679"")",0.6084291187739463
"=HYPERLINK(""https://stackoverflow.com/a/13039874"", ""13039874"")",0.3494949494949495
"=HYPERLINK(""https://stackoverflow.com/a/13254329"", ""13254329"")",0.5062380742697785
"=HYPERLINK(""https://stackoverflow.com/a/13314531"", ""13314531"")",0.38024109014675056
"=HYPERLINK(""https://stackoverflow.com/a/13366229"", ""13366229"")",0.44337606837606836
"=HYPERLINK(""https://stackoverflow.com/a/13508105"", ""13508105"")",0.8663940013633264
"=HYPERLINK(""https://stackoverflow.com/a/13513158"", ""13513158"")",0.4993003078645396
"=HYPERLINK(""https://stackoverflow.com/a/13566310"", ""13566310"")",0.45478036175710584
"=HYPERLINK(""https://stackoverflow.com/a/13763596"", ""13763596"")",0.6331811263318112
"=HYPERLINK(""https://stackoverflow.com/a/13916566"", ""13916566"")",0.37485380116959055
"=HYPERLINK(""https://stackoverflow.com/a/14035453"", ""14035453"")",0.11507936507936507
"=HYPERLINK(""https://stackoverflow.com/a/14188783"", ""14188783"")",0.5533910533910535
"=HYPERLINK(""https://stackoverflow.com/a/14474361"", ""14474361"")",0.35346066954200045
"=HYPERLINK(""https://stackoverflow.com/a/14481087"", ""14481087"")",0.8319783197831978
"=HYPERLINK(""https://stackoverflow.com/a/14599413"", ""14599413"")",0.369281045751634
"=HYPERLINK(""https://stackoverflow.com/a/14730254"", ""14730254"")",0.7741702741702742
"=HYPERLINK(""https://stackoverflow.com/a/14756742"", ""14756742"")",0.418424753867792
"=HYPERLINK(""https://stackoverflow.com/a/14757182"", ""14757182"")",0.7137476459510357
"=HYPERLINK(""https://stackoverflow.com/a/14953089"", ""14953089"")",0.3919639196391967
"=HYPERLINK(""https://stackoverflow.com/a/14974391"", ""14974391"")",0.6744835287548852
"=HYPERLINK(""https://stackoverflow.com/a/15104607"", ""15104607"")",0.6455351056578051
"=HYPERLINK(""https://stackoverflow.com/a/15752741"", ""15752741"")",0.23592085235920854
"=HYPERLINK(""https://stackoverflow.com/a/15928158"", ""15928158"")",0.7522222222222222
"=HYPERLINK(""https://stackoverflow.com/a/16283606"", ""16283606"")",0.38585858585858585
"=HYPERLINK(""https://stackoverflow.com/a/16485026"", ""16485026"")",0.36034376918354816
"=HYPERLINK(""https://stackoverflow.com/a/17080690"", ""17080690"")",0.503472222222222
"=HYPERLINK(""https://stackoverflow.com/a/17167596"", ""17167596"")",0.5079365079365079
"=HYPERLINK(""https://stackoverflow.com/a/17246576"", ""17246576"")",0.4086629001883238
"=HYPERLINK(""https://stackoverflow.com/a/17294713"", ""17294713"")",0.34435962680237514
"=HYPERLINK(""https://stackoverflow.com/a/17358653"", ""17358653"")",0.489938757655293
"=HYPERLINK(""https://stackoverflow.com/a/17494051"", ""17494051"")",0.2348804500703234
"=HYPERLINK(""https://stackoverflow.com/a/17517407"", ""17517407"")",0.3690366266543552
"=HYPERLINK(""https://stackoverflow.com/a/17988320"", ""17988320"")",0.33478339677360885
"=HYPERLINK(""https://stackoverflow.com/a/17996157"", ""17996157"")",0.4396135265700483
"=HYPERLINK(""https://stackoverflow.com/a/18101290"", ""18101290"")",0.7466124661246613
"=HYPERLINK(""https://stackoverflow.com/a/18587530"", ""18587530"")",0.6693376068376067
"=HYPERLINK(""https://stackoverflow.com/a/18621361"", ""18621361"")",0.39295392953929514
"=HYPERLINK(""https://stackoverflow.com/a/19000257"", ""19000257"")",0.7753195673549655
"=HYPERLINK(""https://stackoverflow.com/a/20120076"", ""20120076"")",0.28650793650793654
"=HYPERLINK(""https://stackoverflow.com/a/21484109"", ""21484109"")",0.6404040404040404
"=HYPERLINK(""https://stackoverflow.com/a/21811140"", ""21811140"")",0.5217613927291347
"=HYPERLINK(""https://stackoverflow.com/a/22199841"", ""22199841"")",0.32434988179669033
"=HYPERLINK(""https://stackoverflow.com/a/22560975"", ""22560975"")",0.7222222222222221
"=HYPERLINK(""https://stackoverflow.com/a/22688643"", ""22688643"")",0.3051715309779826
"=HYPERLINK(""https://stackoverflow.com/a/22764827"", ""22764827"")",0.7496947496947497
"=HYPERLINK(""https://stackoverflow.com/a/23245989"", ""23245989"")",0.24661246612466112
"=HYPERLINK(""https://stackoverflow.com/a/23335034"", ""23335034"")",0.3722222222222222
"=HYPERLINK(""https://stackoverflow.com/a/23551671"", ""23551671"")",0.5126878541512689
"=HYPERLINK(""https://stackoverflow.com/a/23758140"", ""23758140"")",0.694949494949495
"=HYPERLINK(""https://stackoverflow.com/a/23778725"", ""23778725"")",0.736645299145299
"=HYPERLINK(""https://stackoverflow.com/a/24086210"", ""24086210"")",0.6597222222222222
"=HYPERLINK(""https://stackoverflow.com/a/24536780"", ""24536780"")",0.3563685636856367
"=HYPERLINK(""https://stackoverflow.com/a/24600161"", ""24600161"")",0.2914742997845492
"=HYPERLINK(""https://stackoverflow.com/a/24627455"", ""24627455"")",0.4906785980611485
"=HYPERLINK(""https://stackoverflow.com/a/25025727"", ""25025727"")",0.5729009552538963
"=HYPERLINK(""https://stackoverflow.com/a/25240653"", ""25240653"")",0.47906112799729833
"=HYPERLINK(""https://stackoverflow.com/a/25244018"", ""25244018"")",0.732748538011696
"=HYPERLINK(""https://stackoverflow.com/a/25257187"", ""25257187"")",0.43069127759681497
"=HYPERLINK(""https://stackoverflow.com/a/25499400"", ""25499400"")",0.45299145299145305
"=HYPERLINK(""https://stackoverflow.com/a/25941537"", ""25941537"")",0.4086629001883241
"=HYPERLINK(""https://stackoverflow.com/a/26090623"", ""26090623"")",0.542832909245123
"=HYPERLINK(""https://stackoverflow.com/a/26291288"", ""26291288"")",0.4882772680937819
"=HYPERLINK(""https://stackoverflow.com/a/26431498"", ""26431498"")",0.6687166871668718
"=HYPERLINK(""https://stackoverflow.com/a/27391187"", ""27391187"")",0.5880758807588073
"=HYPERLINK(""https://stackoverflow.com/a/27611837"", ""27611837"")",0.47831978319783186
"=HYPERLINK(""https://stackoverflow.com/a/27951578"", ""27951578"")",0.5951035781544257
"=HYPERLINK(""https://stackoverflow.com/a/28453325"", ""28453325"")",0.3403324584426949
"=HYPERLINK(""https://stackoverflow.com/a/29896030"", ""29896030"")",0.5590423059042303
"=HYPERLINK(""https://stackoverflow.com/a/30207854"", ""30207854"")",0.47496947496947495
"=HYPERLINK(""https://stackoverflow.com/a/30615464"", ""30615464"")",0.6879756468797564
"=HYPERLINK(""https://stackoverflow.com/a/30871985"", ""30871985"")",0.3000665335994677
"=HYPERLINK(""https://stackoverflow.com/a/31554681"", ""31554681"")",0.7431803060545574
"=HYPERLINK(""https://stackoverflow.com/a/31576596"", ""31576596"")",0.6856368563685635
"=HYPERLINK(""https://stackoverflow.com/a/32031682"", ""32031682"")",0.4690841469084145
"=HYPERLINK(""https://stackoverflow.com/a/32127618"", ""32127618"")",0.5797748034841724
"=HYPERLINK(""https://stackoverflow.com/a/32218691"", ""32218691"")",0.494949494949495
"=HYPERLINK(""https://stackoverflow.com/a/32744734"", ""32744734"")",0.2945626477541372
"=HYPERLINK(""https://stackoverflow.com/a/32866468"", ""32866468"")",0.4962606837606839
"=HYPERLINK(""https://stackoverflow.com/a/32870672"", ""32870672"")",0.441400304414003
"=HYPERLINK(""https://stackoverflow.com/a/32938982"", ""32938982"")",0.42002442002442
"=HYPERLINK(""https://stackoverflow.com/a/33337455"", ""33337455"")",0.4476320582877962
"=HYPERLINK(""https://stackoverflow.com/a/34162690"", ""34162690"")",0.2738827388273884
"=HYPERLINK(""https://stackoverflow.com/a/34500835"", ""34500835"")",0.46486928104575154
"=HYPERLINK(""https://stackoverflow.com/a/35326018"", ""35326018"")",0.38087606837606836
"=HYPERLINK(""https://stackoverflow.com/a/35345988"", ""35345988"")",0.2842911877394636
"=HYPERLINK(""https://stackoverflow.com/a/35627064"", ""35627064"")",0.6204523107177969
"=HYPERLINK(""https://stackoverflow.com/a/36443224"", ""36443224"")",0.745158002038736
"=HYPERLINK(""https://stackoverflow.com/a/36756651"", ""36756651"")",0.44607159460715934
"=HYPERLINK(""https://stackoverflow.com/a/37054119"", ""37054119"")",0.4307328605200947
"=HYPERLINK(""https://stackoverflow.com/a/37164064"", ""37164064"")",0.11695906432748539
"=HYPERLINK(""https://stackoverflow.com/a/38067788"", ""38067788"")",0.5483091787439616
"=HYPERLINK(""https://stackoverflow.com/a/38224016"", ""38224016"")",0.4097222222222221
"=HYPERLINK(""https://stackoverflow.com/a/38242259"", ""38242259"")",0.612847222222222
"=HYPERLINK(""https://stackoverflow.com/a/38266505"", ""38266505"")",0.4949494949494952
"=HYPERLINK(""https://stackoverflow.com/a/38355947"", ""38355947"")",0.5473755964553512
"=HYPERLINK(""https://stackoverflow.com/a/38548710"", ""38548710"")",0.4663167104111989
"=HYPERLINK(""https://stackoverflow.com/a/38790875"", ""38790875"")",0.40404040404040403
"=HYPERLINK(""https://stackoverflow.com/a/39259409"", ""39259409"")",0.33711583924349886
"=HYPERLINK(""https://stackoverflow.com/a/39276574"", ""39276574"")",0.46148602590320387
"=HYPERLINK(""https://stackoverflow.com/a/39324429"", ""39324429"")",0.22222222222222238
"=HYPERLINK(""https://stackoverflow.com/a/39441709"", ""39441709"")",0.5650793650793651
"=HYPERLINK(""https://stackoverflow.com/a/39532733"", ""39532733"")",0.28923253150057276
"=HYPERLINK(""https://stackoverflow.com/a/39597445"", ""39597445"")",0.30034722222222215
"=HYPERLINK(""https://stackoverflow.com/a/39757313"", ""39757313"")",0.4874155923879681
"=HYPERLINK(""https://stackoverflow.com/a/39858055"", ""39858055"")",0.2690972222222222
"=HYPERLINK(""https://stackoverflow.com/a/39875368"", ""39875368"")",0.8644240570846076
"=HYPERLINK(""https://stackoverflow.com/a/40398139"", ""40398139"")",0.19679849340866287
"=HYPERLINK(""https://stackoverflow.com/a/40465992"", ""40465992"")",0.4385683760683763
"=HYPERLINK(""https://stackoverflow.com/a/40782968"", ""40782968"")",0.6057838660578386
"=HYPERLINK(""https://stackoverflow.com/a/41066035"", ""41066035"")",0.5392953929539291
"=HYPERLINK(""https://stackoverflow.com/a/41653382"", ""41653382"")",0.5014430014430017
"=HYPERLINK(""https://stackoverflow.com/a/41907277"", ""41907277"")",0.570048309178744
"=HYPERLINK(""https://stackoverflow.com/a/42338561"", ""42338561"")",0.2770167427701673
"=HYPERLINK(""https://stackoverflow.com/a/42935267"", ""42935267"")",0.3494949494949495
"=HYPERLINK(""https://stackoverflow.com/a/43167143"", ""43167143"")",0.2633181126331811
"=HYPERLINK(""https://stackoverflow.com/a/43342104"", ""43342104"")",0.5518925518925518
"=HYPERLINK(""https://stackoverflow.com/a/43345754"", ""43345754"")",0.3715345994324383
"=HYPERLINK(""https://stackoverflow.com/a/43469841"", ""43469841"")",0.7494949494949495
"=HYPERLINK(""https://stackoverflow.com/a/43564383"", ""43564383"")",0.5409035409035409
"=HYPERLINK(""https://stackoverflow.com/a/43572647"", ""43572647"")",0.7176350662589195
"=HYPERLINK(""https://stackoverflow.com/a/43612874"", ""43612874"")",0.3515524762637926
"=HYPERLINK(""https://stackoverflow.com/a/43709202"", ""43709202"")",0.28546332894158966
"=HYPERLINK(""https://stackoverflow.com/a/43733771"", ""43733771"")",0.5539529914529917
"=HYPERLINK(""https://stackoverflow.com/a/43823957"", ""43823957"")",0.47676767676767673
"=HYPERLINK(""https://stackoverflow.com/a/43825995"", ""43825995"")",0.6380116959064327
"=HYPERLINK(""https://stackoverflow.com/a/44257006"", ""44257006"")",0.7359836901121304
"=HYPERLINK(""https://stackoverflow.com/a/44727317"", ""44727317"")",0.5826873385012922
"=HYPERLINK(""https://stackoverflow.com/a/44877972"", ""44877972"")",0.4178743961352658
"=HYPERLINK(""https://stackoverflow.com/a/45250409"", ""45250409"")",0.5022222222222219
"=HYPERLINK(""https://stackoverflow.com/a/45383994"", ""45383994"")",0.11695906432748543
"=HYPERLINK(""https://stackoverflow.com/a/45798686"", ""45798686"")",0.4222222222222224
"=HYPERLINK(""https://stackoverflow.com/a/46201226"", ""46201226"")",0.29940343027591376
"=HYPERLINK(""https://stackoverflow.com/a/46643179"", ""46643179"")",0.11695906432748543
"=HYPERLINK(""https://stackoverflow.com/a/47005574"", ""47005574"")",0.5187338501291991
"=HYPERLINK(""https://stackoverflow.com/a/47301311"", ""47301311"")",0.4354575163398692
"=HYPERLINK(""https://stackoverflow.com/a/47475835"", ""47475835"")",0.357936507936508
"=HYPERLINK(""https://stackoverflow.com/a/47529181"", ""47529181"")",0.7306967984934087
"=HYPERLINK(""https://stackoverflow.com/a/48269151"", ""48269151"")",0.48855388051367965
"=HYPERLINK(""https://stackoverflow.com/a/48586340"", ""48586340"")",0.3676767676767677
"=HYPERLINK(""https://stackoverflow.com/a/48625742"", ""48625742"")",0.5885012919896638
"=HYPERLINK(""https://stackoverflow.com/a/48634523"", ""48634523"")",0.38438438438438416
"=HYPERLINK(""https://stackoverflow.com/a/48799379"", ""48799379"")",0.5898692810457515
"=HYPERLINK(""https://stackoverflow.com/a/49148348"", ""49148348"")",0.3747645951035782
"=HYPERLINK(""https://stackoverflow.com/a/49657060"", ""49657060"")",0.45103578154425605
"=HYPERLINK(""https://stackoverflow.com/a/49803541"", ""49803541"")",0.4172653256704982
"=HYPERLINK(""https://stackoverflow.com/a/50295376"", ""50295376"")",0.49565972222222243
"=HYPERLINK(""https://stackoverflow.com/a/50331328"", ""50331328"")",0.40544802867383506
"=HYPERLINK(""https://stackoverflow.com/a/50382355"", ""50382355"")",0.38075880758807573
"=HYPERLINK(""https://stackoverflow.com/a/50384708"", ""50384708"")",0.3003472222222223
"=HYPERLINK(""https://stackoverflow.com/a/50675977"", ""50675977"")",0.28796616685890036
"=HYPERLINK(""https://stackoverflow.com/a/50993766"", ""50993766"")",0.8595848595848596
"=HYPERLINK(""https://stackoverflow.com/a/51412818"", ""51412818"")",0.39295392953929525
"=HYPERLINK(""https://stackoverflow.com/a/51563862"", ""51563862"")",0.7131313131313132
"=HYPERLINK(""https://stackoverflow.com/a/51832581"", ""51832581"")",0.2507079793436616
"=HYPERLINK(""https://stackoverflow.com/a/52220218"", ""52220218"")",0.644040404040404
"=HYPERLINK(""https://stackoverflow.com/a/52472979"", ""52472979"")",0.41160702318724013
"=HYPERLINK(""https://stackoverflow.com/a/52720857"", ""52720857"")",0.32813355227148344
"=HYPERLINK(""https://stackoverflow.com/a/52785963"", ""52785963"")",0.4929404542664211
"=HYPERLINK(""https://stackoverflow.com/a/52831963"", ""52831963"")",0.4240570846075434
"=HYPERLINK(""https://stackoverflow.com/a/52898177"", ""52898177"")",0.41854124062713016
"=HYPERLINK(""https://stackoverflow.com/a/52974977"", ""52974977"")",0.35594315245478014
"=HYPERLINK(""https://stackoverflow.com/a/53149123"", ""53149123"")",0.3739463601532567
"=HYPERLINK(""https://stackoverflow.com/a/53347067"", ""53347067"")",0.4155211912943871
"=HYPERLINK(""https://stackoverflow.com/a/54830941"", ""54830941"")",0.5468975468975469
"=HYPERLINK(""https://stackoverflow.com/a/54875437"", ""54875437"")",0.5071826443858108
"=HYPERLINK(""https://stackoverflow.com/a/55183675"", ""55183675"")",0.5467255334805002
"=HYPERLINK(""https://stackoverflow.com/a/55217027"", ""55217027"")",0.8150793650793651
"=HYPERLINK(""https://stackoverflow.com/a/55280923"", ""55280923"")",0.7187739463601533
"=HYPERLINK(""https://stackoverflow.com/a/55577945"", ""55577945"")",0.5122222222222218
"=HYPERLINK(""https://stackoverflow.com/a/55629764"", ""55629764"")",0.5098934550989346
"=HYPERLINK(""https://stackoverflow.com/a/56059179"", ""56059179"")",0.42304189435336986
"=HYPERLINK(""https://stackoverflow.com/a/56179817"", ""56179817"")",0.5893108298171592
"=HYPERLINK(""https://stackoverflow.com/a/56542933"", ""56542933"")",0.5781544256120529
"=HYPERLINK(""https://stackoverflow.com/a/56648443"", ""56648443"")",0.4237335572348163
"=HYPERLINK(""https://stackoverflow.com/a/56902030"", ""56902030"")",0.5422222222222219
"=HYPERLINK(""https://stackoverflow.com/a/56960675"", ""56960675"")",0.3492430074416217
"=HYPERLINK(""https://stackoverflow.com/a/57033839"", ""57033839"")",0.3878663940013633
"=HYPERLINK(""https://stackoverflow.com/a/57647491"", ""57647491"")",0.6192071468453374
"=HYPERLINK(""https://stackoverflow.com/a/57696466"", ""57696466"")",0.16816816816816801
"=HYPERLINK(""https://stackoverflow.com/a/57968034"", ""57968034"")",0.5512124502352516
"=HYPERLINK(""https://stackoverflow.com/a/58090824"", ""58090824"")",0.6741172659540005
"=HYPERLINK(""https://stackoverflow.com/a/58122570"", ""58122570"")",0.22222222222222213
"=HYPERLINK(""https://stackoverflow.com/a/58305407"", ""58305407"")",0.2913466461853557
"=HYPERLINK(""https://stackoverflow.com/a/58314513"", ""58314513"")",0.3309178743961354
"=HYPERLINK(""https://stackoverflow.com/a/58328404"", ""58328404"")",0.6258919469928644
"=HYPERLINK(""https://stackoverflow.com/a/58468726"", ""58468726"")",0.6415770609318997
"=HYPERLINK(""https://stackoverflow.com/a/58613547"", ""58613547"")",0.48328416912487737
"=HYPERLINK(""https://stackoverflow.com/a/58920998"", ""58920998"")",0.3650793650793649
"=HYPERLINK(""https://stackoverflow.com/a/59323013"", ""59323013"")",0.29953314659197006
"=HYPERLINK(""https://stackoverflow.com/a/59541049"", ""59541049"")",0.38738059326294605
"=HYPERLINK(""https://stackoverflow.com/a/60160003"", ""60160003"")",0.2811476988253419
"=HYPERLINK(""https://stackoverflow.com/a/60182878"", ""60182878"")",0.45626477541371174
"=HYPERLINK(""https://stackoverflow.com/a/60329478"", ""60329478"")",0.4744346116027532
"=HYPERLINK(""https://stackoverflow.com/a/60337575"", ""60337575"")",0.6194824961948249
"=HYPERLINK(""https://stackoverflow.com/a/60378340"", ""60378340"")",0.3443596268023751
"=HYPERLINK(""https://stackoverflow.com/a/60590441"", ""60590441"")",0.5503472222222221
"=HYPERLINK(""https://stackoverflow.com/a/60810611"", ""60810611"")",0.5046649703138252
"=HYPERLINK(""https://stackoverflow.com/a/60830347"", ""60830347"")",0.2332923329233292
"=HYPERLINK(""https://stackoverflow.com/a/61261177"", ""61261177"")",0.4148343594253885
"=HYPERLINK(""https://stackoverflow.com/a/61477229"", ""61477229"")",0.45659722222222215
"=HYPERLINK(""https://stackoverflow.com/a/62038519"", ""62038519"")",0.26809378185524974
"=HYPERLINK(""https://stackoverflow.com/a/62067623"", ""62067623"")",0.2703393770339376
"=HYPERLINK(""https://stackoverflow.com/a/62168527"", ""62168527"")",0.4639804639804639
"=HYPERLINK(""https://stackoverflow.com/a/63060435"", ""63060435"")",0.40903540903540897
"=HYPERLINK(""https://stackoverflow.com/a/63068611"", ""63068611"")",0.36507936507936495
"=HYPERLINK(""https://stackoverflow.com/a/63520779"", ""63520779"")",0.3431013431013431
"=HYPERLINK(""https://stackoverflow.com/a/63709080"", ""63709080"")",0.41069228874106917
"=HYPERLINK(""https://stackoverflow.com/a/64295924"", ""64295924"")",0.19175130809479843
"=HYPERLINK(""https://stackoverflow.com/a/64569017"", ""64569017"")",0.7197096594081518
"=HYPERLINK(""https://stackoverflow.com/a/64739181"", ""64739181"")",0.6313131313131314
"=HYPERLINK(""https://stackoverflow.com/a/64922091"", ""64922091"")",0.35793650793650805
"=HYPERLINK(""https://stackoverflow.com/a/65435049"", ""65435049"")",0.3813917723952326
"=HYPERLINK(""https://stackoverflow.com/a/66217267"", ""66217267"")",0.2953929539295392
"=HYPERLINK(""https://stackoverflow.com/a/66797907"", ""66797907"")",0.3873598369011214
"=HYPERLINK(""https://stackoverflow.com/a/66954572"", ""66954572"")",0.2899145299145301
"=HYPERLINK(""https://stackoverflow.com/a/67234384"", ""67234384"")",0.6947496947496948
"=HYPERLINK(""https://stackoverflow.com/a/67384763"", ""67384763"")",0.3169590643274855
"=HYPERLINK(""https://stackoverflow.com/a/67399766"", ""67399766"")",0.3118773946360153
