link,Correlation
"=HYPERLINK(""https://stackoverflow.com/a/981468"", ""981468"")",0.4097222222222224
"=HYPERLINK(""https://stackoverflow.com/a/1702047"", ""1702047"")",0.3069679849340864
"=HYPERLINK(""https://stackoverflow.com/a/2339618"", ""2339618"")",0.3670498084291188
"=HYPERLINK(""https://stackoverflow.com/a/3168058"", ""3168058"")",0.314203354297694
"=HYPERLINK(""https://stackoverflow.com/a/4143291"", ""4143291"")",0.24924924924924907
"=HYPERLINK(""https://stackoverflow.com/a/4556306"", ""4556306"")",0.35906432748538053
"=HYPERLINK(""https://stackoverflow.com/a/4608518"", ""4608518"")",0.32651670074982925
"=HYPERLINK(""https://stackoverflow.com/a/4708435"", ""4708435"")",0.6030169242089775
"=HYPERLINK(""https://stackoverflow.com/a/4777412"", ""4777412"")",0.26946631671041144
"=HYPERLINK(""https://stackoverflow.com/a/5503318"", ""5503318"")",0.6885683760683763
"=HYPERLINK(""https://stackoverflow.com/a/5719229"", ""5719229"")",0.49846531614487416
"=HYPERLINK(""https://stackoverflow.com/a/6099494"", ""6099494"")",0.5392953929539293
"=HYPERLINK(""https://stackoverflow.com/a/6127903"", ""6127903"")",0.4414003044140029
"=HYPERLINK(""https://stackoverflow.com/a/6155400"", ""6155400"")",0.7268093781855253
"=HYPERLINK(""https://stackoverflow.com/a/6848095"", ""6848095"")",0.30663780663780643
"=HYPERLINK(""https://stackoverflow.com/a/6876068"", ""6876068"")",0.5115079365079367
"=HYPERLINK(""https://stackoverflow.com/a/7260216"", ""7260216"")",0.44040404040404046
"=HYPERLINK(""https://stackoverflow.com/a/7736657"", ""7736657"")",0.357815442561205
"=HYPERLINK(""https://stackoverflow.com/a/7803040"", ""7803040"")",0.5569244809491212
"=HYPERLINK(""https://stackoverflow.com/a/8076199"", ""8076199"")",0.7847222222222229
"=HYPERLINK(""https://stackoverflow.com/a/8109050"", ""8109050"")",0.7874396135265705
"=HYPERLINK(""https://stackoverflow.com/a/8329127"", ""8329127"")",0.5509893455098933
"=HYPERLINK(""https://stackoverflow.com/a/8389807"", ""8389807"")",0.42282102461743154
"=HYPERLINK(""https://stackoverflow.com/a/9391270"", ""9391270"")",0.5862389586238955
"=HYPERLINK(""https://stackoverflow.com/a/9699477"", ""9699477"")",0.1440972222222223
"=HYPERLINK(""https://stackoverflow.com/a/9772760"", ""9772760"")",0.8520564763658687
"=HYPERLINK(""https://stackoverflow.com/a/10252355"", ""10252355"")",0.5781544256120522
"=HYPERLINK(""https://stackoverflow.com/a/10419519"", ""10419519"")",0.5708460754332315
"=HYPERLINK(""https://stackoverflow.com/a/10565070"", ""10565070"")",0.3492714025500916
"=HYPERLINK(""https://stackoverflow.com/a/10591515"", ""10591515"")",0.5786578657865784
"=HYPERLINK(""https://stackoverflow.com/a/10598465"", ""10598465"")",0.4550989345509894
"=HYPERLINK(""https://stackoverflow.com/a/10727655"", ""10727655"")",0.22222222222222235
"=HYPERLINK(""https://stackoverflow.com/a/10890598"", ""10890598"")",0.7394636015325672
"=HYPERLINK(""https://stackoverflow.com/a/11643105"", ""11643105"")",0.8386605783866059
"=HYPERLINK(""https://stackoverflow.com/a/11687360"", ""11687360"")",0.4234542550764312
"=HYPERLINK(""https://stackoverflow.com/a/11733447"", ""11733447"")",0.5292584695569773
"=HYPERLINK(""https://stackoverflow.com/a/12059515"", ""12059515"")",0.40491452991453
"=HYPERLINK(""https://stackoverflow.com/a/12111620"", ""12111620"")",0.44921608725289663
"=HYPERLINK(""https://stackoverflow.com/a/12563297"", ""12563297"")",0.43769183548189095
"=HYPERLINK(""https://stackoverflow.com/a/12691306"", ""12691306"")",0.2222222222222221
"=HYPERLINK(""https://stackoverflow.com/a/13324584"", ""13324584"")",0.5536175710594311
"=HYPERLINK(""https://stackoverflow.com/a/13855123"", ""13855123"")",0.38222222222222196
"=HYPERLINK(""https://stackoverflow.com/a/14045742"", ""14045742"")",0.44388469073607556
"=HYPERLINK(""https://stackoverflow.com/a/14390485"", ""14390485"")",0.4222222222222222
"=HYPERLINK(""https://stackoverflow.com/a/14780863"", ""14780863"")",0.387057387057387
"=HYPERLINK(""https://stackoverflow.com/a/14829579"", ""14829579"")",0.49739000745712175
"=HYPERLINK(""https://stackoverflow.com/a/14906228"", ""14906228"")",0.5874229870405784
"=HYPERLINK(""https://stackoverflow.com/a/14951539"", ""14951539"")",0.24396135265700492
"=HYPERLINK(""https://stackoverflow.com/a/15015339"", ""15015339"")",0.4373385012919894
"=HYPERLINK(""https://stackoverflow.com/a/15319943"", ""15319943"")",0.2657004830917876
"=HYPERLINK(""https://stackoverflow.com/a/16061990"", ""16061990"")",0.6468797564687976
"=HYPERLINK(""https://stackoverflow.com/a/16143468"", ""16143468"")",0.6807857581338246
"=HYPERLINK(""https://stackoverflow.com/a/16175734"", ""16175734"")",0.469928644240571
"=HYPERLINK(""https://stackoverflow.com/a/16828645"", ""16828645"")",0.4664082687338497
"=HYPERLINK(""https://stackoverflow.com/a/17238486"", ""17238486"")",0.6822222222222218
"=HYPERLINK(""https://stackoverflow.com/a/17244052"", ""17244052"")",0.5205013809220315
"=HYPERLINK(""https://stackoverflow.com/a/17364745"", ""17364745"")",0.25511019755624076
"=HYPERLINK(""https://stackoverflow.com/a/17376204"", ""17376204"")",0.402222222222222
"=HYPERLINK(""https://stackoverflow.com/a/17412329"", ""17412329"")",0.6570048309178746
"=HYPERLINK(""https://stackoverflow.com/a/17417525"", ""17417525"")",0.3911972914742998
"=HYPERLINK(""https://stackoverflow.com/a/17587297"", ""17587297"")",0.2753195673549656
"=HYPERLINK(""https://stackoverflow.com/a/17782750"", ""17782750"")",0.20852359208523588
"=HYPERLINK(""https://stackoverflow.com/a/17907975"", ""17907975"")",0.47676767676767673
"=HYPERLINK(""https://stackoverflow.com/a/17938221"", ""17938221"")",0.6699834162520735
"=HYPERLINK(""https://stackoverflow.com/a/18848087"", ""18848087"")",0.6089625537139352
"=HYPERLINK(""https://stackoverflow.com/a/18864105"", ""18864105"")",0.4924924924924922
"=HYPERLINK(""https://stackoverflow.com/a/19124001"", ""19124001"")",0.14222222222222217
"=HYPERLINK(""https://stackoverflow.com/a/19518332"", ""19518332"")",0.9187739463601535
"=HYPERLINK(""https://stackoverflow.com/a/19558605"", ""19558605"")",0.7415592387968079
"=HYPERLINK(""https://stackoverflow.com/a/20299474"", ""20299474"")",0.27743694614860237
"=HYPERLINK(""https://stackoverflow.com/a/20301948"", ""20301948"")",0.2776814943192761
"=HYPERLINK(""https://stackoverflow.com/a/20524153"", ""20524153"")",0.7436507936507938
"=HYPERLINK(""https://stackoverflow.com/a/20696351"", ""20696351"")",0.8917137476459501
"=HYPERLINK(""https://stackoverflow.com/a/20887364"", ""20887364"")",0.4001883239171372
"=HYPERLINK(""https://stackoverflow.com/a/21180277"", ""21180277"")",0.3287795992714029
"=HYPERLINK(""https://stackoverflow.com/a/21480008"", ""21480008"")",0.7378472222222229
"=HYPERLINK(""https://stackoverflow.com/a/21555581"", ""21555581"")",0.5604575163398693
"=HYPERLINK(""https://stackoverflow.com/a/21559754"", ""21559754"")",0.3772855133614623
"=HYPERLINK(""https://stackoverflow.com/a/21715254"", ""21715254"")",0.7463601532567051
"=HYPERLINK(""https://stackoverflow.com/a/22038885"", ""22038885"")",0.5479551212450233
"=HYPERLINK(""https://stackoverflow.com/a/22328437"", ""22328437"")",0.26661186463899156
"=HYPERLINK(""https://stackoverflow.com/a/22664471"", ""22664471"")",0.38621729003973143
"=HYPERLINK(""https://stackoverflow.com/a/22921836"", ""22921836"")",0.31925192519251905
"=HYPERLINK(""https://stackoverflow.com/a/23415488"", ""23415488"")",0.5503472222222225
"=HYPERLINK(""https://stackoverflow.com/a/23636590"", ""23636590"")",0.6146272855133609
"=HYPERLINK(""https://stackoverflow.com/a/24025438"", ""24025438"")",0.4704980842911877
"=HYPERLINK(""https://stackoverflow.com/a/24054231"", ""24054231"")",0.35735735735735713
"=HYPERLINK(""https://stackoverflow.com/a/24927947"", ""24927947"")",0.7060931899641568
"=HYPERLINK(""https://stackoverflow.com/a/25127190"", ""25127190"")",0.39400136332651636
"=HYPERLINK(""https://stackoverflow.com/a/25212587"", ""25212587"")",0.844173441734417
"=HYPERLINK(""https://stackoverflow.com/a/25263464"", ""25263464"")",0.31267448352875465
"=HYPERLINK(""https://stackoverflow.com/a/25320096"", ""25320096"")",0.5509893455098934
"=HYPERLINK(""https://stackoverflow.com/a/25393966"", ""25393966"")",0.4749694749694749
"=HYPERLINK(""https://stackoverflow.com/a/25416088"", ""25416088"")",0.6450410141685313
"=HYPERLINK(""https://stackoverflow.com/a/25549414"", ""25549414"")",0.5636856368563683
"=HYPERLINK(""https://stackoverflow.com/a/25893174"", ""25893174"")",0.365079365079365
"=HYPERLINK(""https://stackoverflow.com/a/26069320"", ""26069320"")",0.5197574334898285
"=HYPERLINK(""https://stackoverflow.com/a/26121448"", ""26121448"")",0.4434611602753199
"=HYPERLINK(""https://stackoverflow.com/a/26441791"", ""26441791"")",0.5422222222222217
"=HYPERLINK(""https://stackoverflow.com/a/27085173"", ""27085173"")",0.5313131313131315
"=HYPERLINK(""https://stackoverflow.com/a/27112029"", ""27112029"")",0.5036292573981014
"=HYPERLINK(""https://stackoverflow.com/a/27252400"", ""27252400"")",0.5612052730696795
"=HYPERLINK(""https://stackoverflow.com/a/27255790"", ""27255790"")",0.2507483711921114
"=HYPERLINK(""https://stackoverflow.com/a/27375334"", ""27375334"")",0.523107177974435
"=HYPERLINK(""https://stackoverflow.com/a/28618059"", ""28618059"")",0.3252756573367265
"=HYPERLINK(""https://stackoverflow.com/a/28674618"", ""28674618"")",0.7394636015325672
"=HYPERLINK(""https://stackoverflow.com/a/29188700"", ""29188700"")",0.32860520094562656
"=HYPERLINK(""https://stackoverflow.com/a/29487149"", ""29487149"")",0.2770167427701674
"=HYPERLINK(""https://stackoverflow.com/a/29631644"", ""29631644"")",0.4923835125448031
"=HYPERLINK(""https://stackoverflow.com/a/29920798"", ""29920798"")",0.44315245478036147
"=HYPERLINK(""https://stackoverflow.com/a/30217124"", ""30217124"")",0.8975468975468969
"=HYPERLINK(""https://stackoverflow.com/a/30800630"", ""30800630"")",0.44300144300144273
"=HYPERLINK(""https://stackoverflow.com/a/31140663"", ""31140663"")",0.3658922079974716
"=HYPERLINK(""https://stackoverflow.com/a/31502422"", ""31502422"")",0.3929539295392951
"=HYPERLINK(""https://stackoverflow.com/a/31714534"", ""31714534"")",0.2861757105943149
"=HYPERLINK(""https://stackoverflow.com/a/31856434"", ""31856434"")",0.35735735735735713
"=HYPERLINK(""https://stackoverflow.com/a/31856887"", ""31856887"")",0.22222222222222224
"=HYPERLINK(""https://stackoverflow.com/a/32526501"", ""32526501"")",0.5105657805044304
"=HYPERLINK(""https://stackoverflow.com/a/32769161"", ""32769161"")",0.5983690112130482
"=HYPERLINK(""https://stackoverflow.com/a/32991369"", ""32991369"")",0.40972222222222254
"=HYPERLINK(""https://stackoverflow.com/a/33549058"", ""33549058"")",0.25129198966408245
"=HYPERLINK(""https://stackoverflow.com/a/33650005"", ""33650005"")",0.4088111435050215
"=HYPERLINK(""https://stackoverflow.com/a/33699821"", ""33699821"")",0.23784722222222238
"=HYPERLINK(""https://stackoverflow.com/a/34500841"", ""34500841"")",0.42576204523107214
"=HYPERLINK(""https://stackoverflow.com/a/34586833"", ""34586833"")",0.33931082981715877
"=HYPERLINK(""https://stackoverflow.com/a/35115471"", ""35115471"")",0.4713571703191077
"=HYPERLINK(""https://stackoverflow.com/a/35448790"", ""35448790"")",0.44034302759134997
"=HYPERLINK(""https://stackoverflow.com/a/35541924"", ""35541924"")",0.26655719759168023
"=HYPERLINK(""https://stackoverflow.com/a/36110622"", ""36110622"")",0.8757655293088377
"=HYPERLINK(""https://stackoverflow.com/a/36566685"", ""36566685"")",0.5958177278402004
"=HYPERLINK(""https://stackoverflow.com/a/37127426"", ""37127426"")",0.38581061272354167
"=HYPERLINK(""https://stackoverflow.com/a/37140753"", ""37140753"")",0.27452991452991476
"=HYPERLINK(""https://stackoverflow.com/a/37633138"", ""37633138"")",0.42810457516339856
"=HYPERLINK(""https://stackoverflow.com/a/37760061"", ""37760061"")",0.4031267448352873
"=HYPERLINK(""https://stackoverflow.com/a/37811530"", ""37811530"")",0.353094705443699
"=HYPERLINK(""https://stackoverflow.com/a/38018757"", ""38018757"")",0.2676767676767675
"=HYPERLINK(""https://stackoverflow.com/a/38061641"", ""38061641"")",0.5361757105943147
"=HYPERLINK(""https://stackoverflow.com/a/38146639"", ""38146639"")",0.2222222222222219
"=HYPERLINK(""https://stackoverflow.com/a/38181845"", ""38181845"")",0.42222222222222217
"=HYPERLINK(""https://stackoverflow.com/a/38583103"", ""38583103"")",0.28715728715728683
"=HYPERLINK(""https://stackoverflow.com/a/38826868"", ""38826868"")",0.6398046398046398
"=HYPERLINK(""https://stackoverflow.com/a/39180234"", ""39180234"")",0.2551892551892551
"=HYPERLINK(""https://stackoverflow.com/a/39579090"", ""39579090"")",0.26951951951951963
"=HYPERLINK(""https://stackoverflow.com/a/39663432"", ""39663432"")",0.24674440036863393
"=HYPERLINK(""https://stackoverflow.com/a/39893182"", ""39893182"")",0.5214348206474196
"=HYPERLINK(""https://stackoverflow.com/a/40115264"", ""40115264"")",0.6015325670498085
"=HYPERLINK(""https://stackoverflow.com/a/40126519"", ""40126519"")",0.5098934550989345
"=HYPERLINK(""https://stackoverflow.com/a/40242128"", ""40242128"")",0.382222222222222
"=HYPERLINK(""https://stackoverflow.com/a/40884952"", ""40884952"")",0.79031560743623
"=HYPERLINK(""https://stackoverflow.com/a/41452769"", ""41452769"")",0.3792827409542107
"=HYPERLINK(""https://stackoverflow.com/a/41683962"", ""41683962"")",0.792774369461485
"=HYPERLINK(""https://stackoverflow.com/a/42088398"", ""42088398"")",0.15079365079365076
"=HYPERLINK(""https://stackoverflow.com/a/42622612"", ""42622612"")",0.6276276276276271
"=HYPERLINK(""https://stackoverflow.com/a/43132078"", ""43132078"")",0.7047803617571052
"=HYPERLINK(""https://stackoverflow.com/a/43271119"", ""43271119"")",0.34222222222222193
"=HYPERLINK(""https://stackoverflow.com/a/44043567"", ""44043567"")",0.469928644240571
"=HYPERLINK(""https://stackoverflow.com/a/44425517"", ""44425517"")",0.4472618418735696
"=HYPERLINK(""https://stackoverflow.com/a/44977822"", ""44977822"")",0.4822222222222219
"=HYPERLINK(""https://stackoverflow.com/a/45070848"", ""45070848"")",0.5370836831794005
"=HYPERLINK(""https://stackoverflow.com/a/45154166"", ""45154166"")",0.8075880758807584
"=HYPERLINK(""https://stackoverflow.com/a/45279023"", ""45279023"")",0.5187338501291985
"=HYPERLINK(""https://stackoverflow.com/a/45291957"", ""45291957"")",0.5347222222222225
"=HYPERLINK(""https://stackoverflow.com/a/45393255"", ""45393255"")",0.6637806637806635
"=HYPERLINK(""https://stackoverflow.com/a/45731149"", ""45731149"")",0.6647754137115838
"=HYPERLINK(""https://stackoverflow.com/a/45922363"", ""45922363"")",0.2692810457516339
"=HYPERLINK(""https://stackoverflow.com/a/46164671"", ""46164671"")",0.423803249890206
"=HYPERLINK(""https://stackoverflow.com/a/46716512"", ""46716512"")",0.4115079365079366
"=HYPERLINK(""https://stackoverflow.com/a/46830207"", ""46830207"")",0.24040404040404037
"=HYPERLINK(""https://stackoverflow.com/a/47073070"", ""47073070"")",0.7606837606837608
"=HYPERLINK(""https://stackoverflow.com/a/48030689"", ""48030689"")",0.38812083973374256
"=HYPERLINK(""https://stackoverflow.com/a/48626915"", ""48626915"")",0.22222222222222224
"=HYPERLINK(""https://stackoverflow.com/a/48883104"", ""48883104"")",0.543323139653415
"=HYPERLINK(""https://stackoverflow.com/a/49347588"", ""49347588"")",0.17874396135265708
"=HYPERLINK(""https://stackoverflow.com/a/49409294"", ""49409294"")",0.3954323838850397
"=HYPERLINK(""https://stackoverflow.com/a/49624453"", ""49624453"")",0.8541240627130188
"=HYPERLINK(""https://stackoverflow.com/a/49677160"", ""49677160"")",0.3229778897285192
"=HYPERLINK(""https://stackoverflow.com/a/49771307"", ""49771307"")",0.8151075977162924
"=HYPERLINK(""https://stackoverflow.com/a/49922318"", ""49922318"")",0.39869281045751626
"=HYPERLINK(""https://stackoverflow.com/a/49991327"", ""49991327"")",0.5361757105943148
"=HYPERLINK(""https://stackoverflow.com/a/50330862"", ""50330862"")",0.7481962481962476
"=HYPERLINK(""https://stackoverflow.com/a/50456252"", ""50456252"")",0.6246612466124658
"=HYPERLINK(""https://stackoverflow.com/a/50598985"", ""50598985"")",0.33298171589310815
"=HYPERLINK(""https://stackoverflow.com/a/50755311"", ""50755311"")",0.647419072615924
"=HYPERLINK(""https://stackoverflow.com/a/51069219"", ""51069219"")",0.47222222222222215
"=HYPERLINK(""https://stackoverflow.com/a/51086091"", ""51086091"")",0.3481764206955049
"=HYPERLINK(""https://stackoverflow.com/a/51420657"", ""51420657"")",0.47222222222222215
"=HYPERLINK(""https://stackoverflow.com/a/51671371"", ""51671371"")",0.9128299570288522
"=HYPERLINK(""https://stackoverflow.com/a/52123326"", ""52123326"")",0.3601532567049809
"=HYPERLINK(""https://stackoverflow.com/a/52276515"", ""52276515"")",0.4791491743632796
"=HYPERLINK(""https://stackoverflow.com/a/52918356"", ""52918356"")",0.8757655293088377
"=HYPERLINK(""https://stackoverflow.com/a/53353404"", ""53353404"")",0.6024617431803058
"=HYPERLINK(""https://stackoverflow.com/a/53553880"", ""53553880"")",0.4140826873385008
"=HYPERLINK(""https://stackoverflow.com/a/53621025"", ""53621025"")",0.6637006616472729
"=HYPERLINK(""https://stackoverflow.com/a/54910012"", ""54910012"")",0.5903203817314241
"=HYPERLINK(""https://stackoverflow.com/a/54981471"", ""54981471"")",0.5043380912398538
"=HYPERLINK(""https://stackoverflow.com/a/55048162"", ""55048162"")",0.41945405613225656
"=HYPERLINK(""https://stackoverflow.com/a/55403194"", ""55403194"")",0.44853801169590696
"=HYPERLINK(""https://stackoverflow.com/a/56448825"", ""56448825"")",0.7498295841854117
"=HYPERLINK(""https://stackoverflow.com/a/56857536"", ""56857536"")",0.38538011695906477
"=HYPERLINK(""https://stackoverflow.com/a/56922580"", ""56922580"")",0.3274853801169594
"=HYPERLINK(""https://stackoverflow.com/a/57291848"", ""57291848"")",0.3169590643274856
"=HYPERLINK(""https://stackoverflow.com/a/57476562"", ""57476562"")",0.40826873385012885
"=HYPERLINK(""https://stackoverflow.com/a/57610947"", ""57610947"")",0.2606837606837607
"=HYPERLINK(""https://stackoverflow.com/a/57802804"", ""57802804"")",0.6420242024202418
"=HYPERLINK(""https://stackoverflow.com/a/57877775"", ""57877775"")",0.5958485958485958
"=HYPERLINK(""https://stackoverflow.com/a/57892149"", ""57892149"")",0.6222222222222221
"=HYPERLINK(""https://stackoverflow.com/a/58183747"", ""58183747"")",0.7433948606587042
"=HYPERLINK(""https://stackoverflow.com/a/58270088"", ""58270088"")",0.3718285214348209
"=HYPERLINK(""https://stackoverflow.com/a/58586448"", ""58586448"")",0.2833220185562343
"=HYPERLINK(""https://stackoverflow.com/a/58672636"", ""58672636"")",0.44222222222222185
"=HYPERLINK(""https://stackoverflow.com/a/58958670"", ""58958670"")",0.5483091787439616
"=HYPERLINK(""https://stackoverflow.com/a/59220787"", ""59220787"")",0.5071059431524544
"=HYPERLINK(""https://stackoverflow.com/a/59332886"", ""59332886"")",0.374764595103578
"=HYPERLINK(""https://stackoverflow.com/a/59560748"", ""59560748"")",0.6692268305171523
"=HYPERLINK(""https://stackoverflow.com/a/59975880"", ""59975880"")",0.29009552538964295
"=HYPERLINK(""https://stackoverflow.com/a/60153445"", ""60153445"")",0.7359836901121308
"=HYPERLINK(""https://stackoverflow.com/a/60178304"", ""60178304"")",0.2349881796690307
"=HYPERLINK(""https://stackoverflow.com/a/60403808"", ""60403808"")",0.5091171454807812
"=HYPERLINK(""https://stackoverflow.com/a/60780833"", ""60780833"")",0.3331932184391204
"=HYPERLINK(""https://stackoverflow.com/a/61100897"", ""61100897"")",0.7564687975646879
"=HYPERLINK(""https://stackoverflow.com/a/61217711"", ""61217711"")",0.3604040404040402
"=HYPERLINK(""https://stackoverflow.com/a/61226317"", ""61226317"")",0.36309982037464716
"=HYPERLINK(""https://stackoverflow.com/a/61366953"", ""61366953"")",0.2891678289167828
"=HYPERLINK(""https://stackoverflow.com/a/61538332"", ""61538332"")",0.26570048309178756
"=HYPERLINK(""https://stackoverflow.com/a/61687068"", ""61687068"")",0.3493408662900187
"=HYPERLINK(""https://stackoverflow.com/a/62523170"", ""62523170"")",0.49007936507936517
"=HYPERLINK(""https://stackoverflow.com/a/62689418"", ""62689418"")",0.6246612466124657
"=HYPERLINK(""https://stackoverflow.com/a/62965049"", ""62965049"")",0.516959064327486
"=HYPERLINK(""https://stackoverflow.com/a/63190680"", ""63190680"")",0.5842131724484665
"=HYPERLINK(""https://stackoverflow.com/a/63357064"", ""63357064"")",0.24040404040404037
"=HYPERLINK(""https://stackoverflow.com/a/63409020"", ""63409020"")",0.3455988455988454
"=HYPERLINK(""https://stackoverflow.com/a/63588442"", ""63588442"")",0.4404040404040404
"=HYPERLINK(""https://stackoverflow.com/a/63733279"", ""63733279"")",0.4754689754689753
"=HYPERLINK(""https://stackoverflow.com/a/64025941"", ""64025941"")",0.4226260586684614
"=HYPERLINK(""https://stackoverflow.com/a/64192918"", ""64192918"")",0.261638280616383
"=HYPERLINK(""https://stackoverflow.com/a/64306928"", ""64306928"")",0.28608776844070954
"=HYPERLINK(""https://stackoverflow.com/a/64487226"", ""64487226"")",0.3331847890671421
"=HYPERLINK(""https://stackoverflow.com/a/64595142"", ""64595142"")",0.5056867891513567
"=HYPERLINK(""https://stackoverflow.com/a/64685963"", ""64685963"")",0.30451202544225797
"=HYPERLINK(""https://stackoverflow.com/a/64700232"", ""64700232"")",0.4409722222222226
"=HYPERLINK(""https://stackoverflow.com/a/64700281"", ""64700281"")",0.47347850362925714
"=HYPERLINK(""https://stackoverflow.com/a/65080030"", ""65080030"")",0.7427701674277017
"=HYPERLINK(""https://stackoverflow.com/a/65614457"", ""65614457"")",0.16767676767676767
"=HYPERLINK(""https://stackoverflow.com/a/65679064"", ""65679064"")",0.7075163398692811
"=HYPERLINK(""https://stackoverflow.com/a/65923490"", ""65923490"")",0.5801169590643281
"=HYPERLINK(""https://stackoverflow.com/a/66354582"", ""66354582"")",0.4057084607543325
"=HYPERLINK(""https://stackoverflow.com/a/67335857"", ""67335857"")",0.39671886651752447
"=HYPERLINK(""https://stackoverflow.com/a/67509372"", ""67509372"")",0.4240570846075435
"=HYPERLINK(""https://stackoverflow.com/a/67581448"", ""67581448"")",0.5271002710027097
