"link","Correlation","score","view_count"
"=HYPERLINK(""https://stackoverflow.com/q/808920"", ""808920"")",0.3607612650433804,"0","5669"
"=HYPERLINK(""https://stackoverflow.com/q/1052799"", ""1052799"")",0.3236485296707167,"0","53"
"=HYPERLINK(""https://stackoverflow.com/q/2387475"", ""2387475"")",0.4030732860520095,"32","43977"
"=HYPERLINK(""https://stackoverflow.com/q/3715422"", ""3715422"")",0.2164860845549183,"4","18425"
"=HYPERLINK(""https://stackoverflow.com/q/3919204"", ""3919204"")",0.4664970313825277,"0","295"
"=HYPERLINK(""https://stackoverflow.com/q/4125023"", ""4125023"")",0.4360153256704981,"0","141"
"=HYPERLINK(""https://stackoverflow.com/q/4372202"", ""4372202"")",0.8414003044140027,"3","5107"
"=HYPERLINK(""https://stackoverflow.com/q/4813475"", ""4813475"")",0.3513735137351375,"0","1406"
"=HYPERLINK(""https://stackoverflow.com/q/4863208"", ""4863208"")",0.6723330869672332,"0","649"
"=HYPERLINK(""https://stackoverflow.com/q/5089651"", ""5089651"")",0.544256120527307,"8","7415"
"=HYPERLINK(""https://stackoverflow.com/q/5316705"", ""5316705"")",0.533033033033033,"4","7167"
"=HYPERLINK(""https://stackoverflow.com/q/5331134"", ""5331134"")",0.6195195195195193,"1","1444"
"=HYPERLINK(""https://stackoverflow.com/q/5375777"", ""5375777"")",0.8735983690112132,"0","3627"
"=HYPERLINK(""https://stackoverflow.com/q/5707944"", ""5707944"")",0.9106644332774986,"1","2553"
"=HYPERLINK(""https://stackoverflow.com/q/5873852"", ""5873852"")",0.3308927424534361,"1","5149"
"=HYPERLINK(""https://stackoverflow.com/q/6861163"", ""6861163"")",0.502854633289416,"1","7233"
"=HYPERLINK(""https://stackoverflow.com/q/7034980"", ""7034980"")",0.3188279663475485,"0","2149"
"=HYPERLINK(""https://stackoverflow.com/q/7039641"", ""7039641"")",0.5697701966358683,"1","5991"
"=HYPERLINK(""https://stackoverflow.com/q/7081595"", ""7081595"")",0.2892325315005727,"3","3133"
"=HYPERLINK(""https://stackoverflow.com/q/7349693"", ""7349693"")",0.6900793650793651,"0","9294"
"=HYPERLINK(""https://stackoverflow.com/q/7395558"", ""7395558"")",0.6762762762762761,"3","8911"
"=HYPERLINK(""https://stackoverflow.com/q/7437549"", ""7437549"")",0.6160683760683762,"0","816"
"=HYPERLINK(""https://stackoverflow.com/q/7604269"", ""7604269"")",0.2583512544802867,"1","97"
"=HYPERLINK(""https://stackoverflow.com/q/8068832"", ""8068832"")",0.2892776158082282,"2","914"
"=HYPERLINK(""https://stackoverflow.com/q/8403773"", ""8403773"")",0.6022222222222222,"4","25238"
"=HYPERLINK(""https://stackoverflow.com/q/8443126"", ""8443126"")",0.8422222222222221,"1","2732"
"=HYPERLINK(""https://stackoverflow.com/q/8532343"", ""8532343"")",0.4921337266470008,"1","1824"
"=HYPERLINK(""https://stackoverflow.com/q/8697823"", ""8697823"")",0.3807588075880758,"0","6112"
"=HYPERLINK(""https://stackoverflow.com/q/8858014"", ""8858014"")",0.532748538011696,"1","2484"
"=HYPERLINK(""https://stackoverflow.com/q/8951128"", ""8951128"")",0.5685257241677475,"1","294"
"=HYPERLINK(""https://stackoverflow.com/q/9023394"", ""9023394"")",0.4342704149933064,"6","7490"
"=HYPERLINK(""https://stackoverflow.com/q/9028512"", ""9028512"")",0.5371828521434823,"0","1050"
"=HYPERLINK(""https://stackoverflow.com/q/9126672"", ""9126672"")",0.6079365079365079,"2","3056"
"=HYPERLINK(""https://stackoverflow.com/q/9127161"", ""9127161"")",0.9072615923009628,"2","8821"
"=HYPERLINK(""https://stackoverflow.com/q/9171945"", ""9171945"")",0.6183489827856028,"0","2094"
"=HYPERLINK(""https://stackoverflow.com/q/9294691"", ""9294691"")",0.901780233271946,"8","3754"
"=HYPERLINK(""https://stackoverflow.com/q/9404751"", ""9404751"")",0.5480344965904533,"5","5607"
"=HYPERLINK(""https://stackoverflow.com/q/9494744"", ""9494744"")",0.3456264775413712,"1","64"
"=HYPERLINK(""https://stackoverflow.com/q/9530326"", ""9530326"")",0.708460754332314,"0","5613"
"=HYPERLINK(""https://stackoverflow.com/q/9594709"", ""9594709"")",0.5380116959064329,"1","7569"
"=HYPERLINK(""https://stackoverflow.com/q/9647785"", ""9647785"")",0.3537101114955787,"4","4176"
"=HYPERLINK(""https://stackoverflow.com/q/9681689"", ""9681689"")",0.9030732860520094,"0","6745"
"=HYPERLINK(""https://stackoverflow.com/q/9688693"", ""9688693"")",0.4354575163398692,"0","1873"
"=HYPERLINK(""https://stackoverflow.com/q/9799983"", ""9799983"")",0.5727757277572775,"10","5968"
"=HYPERLINK(""https://stackoverflow.com/q/9846861"", ""9846861"")",0.5624284077892324,"1","1628"
"=HYPERLINK(""https://stackoverflow.com/q/9970146"", ""9970146"")",0.4922222222222218,"1","4260"
"=HYPERLINK(""https://stackoverflow.com/q/10014919"", ""10014919"")",0.895906432748538,"0","6448"
"=HYPERLINK(""https://stackoverflow.com/q/10031179"", ""10031179"")",0.3870870870870866,"4","8686"
"=HYPERLINK(""https://stackoverflow.com/q/10039223"", ""10039223"")",0.5993848519800075,"2","10098"
"=HYPERLINK(""https://stackoverflow.com/q/10068891"", ""10068891"")",0.8485198000768934,"4","3327"
"=HYPERLINK(""https://stackoverflow.com/q/10070130"", ""10070130"")",0.8836146272855132,"1","6314"
"=HYPERLINK(""https://stackoverflow.com/q/10247211"", ""10247211"")",0.3441058787319176,"2","1658"
"=HYPERLINK(""https://stackoverflow.com/q/10296470"", ""10296470"")",0.3769183548189074,"0","476"
"=HYPERLINK(""https://stackoverflow.com/q/10303279"", ""10303279"")",0.4332948865820838,"6","12632"
"=HYPERLINK(""https://stackoverflow.com/q/10397963"", ""10397963"")",0.3195376584638331,"0","474"
"=HYPERLINK(""https://stackoverflow.com/q/10503865"", ""10503865"")",0.3403034030340304,"2","1461"
"=HYPERLINK(""https://stackoverflow.com/q/10511926"", ""10511926"")",0.4830917874396133,"0","3968"
"=HYPERLINK(""https://stackoverflow.com/q/10534440"", ""10534440"")",0.5059592464436756,"0","867"
"=HYPERLINK(""https://stackoverflow.com/q/10581287"", ""10581287"")",0.3780663780663779,"2","241"
"=HYPERLINK(""https://stackoverflow.com/q/10759666"", ""10759666"")",0.4342475386779184,"0","1758"
"=HYPERLINK(""https://stackoverflow.com/q/10809867"", ""10809867"")",0.512298558100085,"2","1189"
"=HYPERLINK(""https://stackoverflow.com/q/10852751"", ""10852751"")",0.3768613974799541,"0","198"
"=HYPERLINK(""https://stackoverflow.com/q/10887191"", ""10887191"")",0.4802179578298982,"2","1953"
"=HYPERLINK(""https://stackoverflow.com/q/10899199"", ""10899199"")",0.4869281045751633,"1","553"
"=HYPERLINK(""https://stackoverflow.com/q/10907819"", ""10907819"")",0.4569160997732424,"1","237"
"=HYPERLINK(""https://stackoverflow.com/q/10990994"", ""10990994"")",0.8138252756573369,"0","4802"
"=HYPERLINK(""https://stackoverflow.com/q/10991179"", ""10991179"")",0.9300144300144298,"0","1132"
"=HYPERLINK(""https://stackoverflow.com/q/11028612"", ""11028612"")",0.5585054080629301,"1","2586"
"=HYPERLINK(""https://stackoverflow.com/q/11310177"", ""11310177"")",0.7343329488658208,"1","6750"
"=HYPERLINK(""https://stackoverflow.com/q/11473699"", ""11473699"")",0.3106200122774709,"0","963"
"=HYPERLINK(""https://stackoverflow.com/q/11523417"", ""11523417"")",0.4543650793650794,"0","3527"
"=HYPERLINK(""https://stackoverflow.com/q/11575665"", ""11575665"")",0.5814239960581424,"3","11160"
"=HYPERLINK(""https://stackoverflow.com/q/11585156"", ""11585156"")",0.5563962449208353,"0","1434"
"=HYPERLINK(""https://stackoverflow.com/q/11643324"", ""11643324"")",0.3524161280393968,"4","8698"
"=HYPERLINK(""https://stackoverflow.com/q/11651079"", ""11651079"")",0.4552538964303669,"0","2392"
"=HYPERLINK(""https://stackoverflow.com/q/11701199"", ""11701199"")",0.5578623606305266,"0","841"
"=HYPERLINK(""https://stackoverflow.com/q/11750768"", ""11750768"")",0.3238388503977418,"1","3465"
"=HYPERLINK(""https://stackoverflow.com/q/11759893"", ""11759893"")",0.800058633831721,"0","2168"
"=HYPERLINK(""https://stackoverflow.com/q/11763874"", ""11763874"")",0.4665754049737622,"1","7556"
"=HYPERLINK(""https://stackoverflow.com/q/11764979"", ""11764979"")",0.4072360982629253,"0","1118"
"=HYPERLINK(""https://stackoverflow.com/q/11784024"", ""11784024"")",0.3779108449767131,"1","1499"
"=HYPERLINK(""https://stackoverflow.com/q/11785029"", ""11785029"")",0.5328605200945628,"0","1439"
"=HYPERLINK(""https://stackoverflow.com/q/11945181"", ""11945181"")",0.5032929679201191,"1","1512"
"=HYPERLINK(""https://stackoverflow.com/q/11976697"", ""11976697"")",0.6438438438438436,"5","6507"
"=HYPERLINK(""https://stackoverflow.com/q/12009698"", ""12009698"")",0.4736378507612934,"5","16504"
"=HYPERLINK(""https://stackoverflow.com/q/12063400"", ""12063400"")",0.3901729155966444,"0","2525"
"=HYPERLINK(""https://stackoverflow.com/q/12139737"", ""12139737"")",0.8910533910533908,"3","29649"
"=HYPERLINK(""https://stackoverflow.com/q/12149595"", ""12149595"")",0.4767132401862937,"0","1567"
"=HYPERLINK(""https://stackoverflow.com/q/12152222"", ""12152222"")",0.3394860658704307,"0","1062"
"=HYPERLINK(""https://stackoverflow.com/q/12152523"", ""12152523"")",0.6248196248196253,"1","598"
"=HYPERLINK(""https://stackoverflow.com/q/12216341"", ""12216341"")",0.6318163181631817,"0","2963"
"=HYPERLINK(""https://stackoverflow.com/q/12495866"", ""12495866"")",0.5011695906432748,"6","2163"
"=HYPERLINK(""https://stackoverflow.com/q/12510287"", ""12510287"")",0.350685698292751,"1","3571"
"=HYPERLINK(""https://stackoverflow.com/q/12571968"", ""12571968"")",0.2854633289415897,"1","131"
"=HYPERLINK(""https://stackoverflow.com/q/12681754"", ""12681754"")",0.5066258919469928,"1","6831"
"=HYPERLINK(""https://stackoverflow.com/q/12713407"", ""12713407"")",0.5338046039514228,"1","4461"
"=HYPERLINK(""https://stackoverflow.com/q/12714959"", ""12714959"")",0.8975468975468973,"0","3191"
"=HYPERLINK(""https://stackoverflow.com/q/12908640"", ""12908640"")",0.3562428407789232,"0","8715"
"=HYPERLINK(""https://stackoverflow.com/q/13021208"", ""13021208"")",0.6415770609318996,"2","5821"
"=HYPERLINK(""https://stackoverflow.com/q/13128253"", ""13128253"")",0.56415770609319,"3","4251"
"=HYPERLINK(""https://stackoverflow.com/q/13264047"", ""13264047"")",0.7906184486373166,"1","271"
"=HYPERLINK(""https://stackoverflow.com/q/13684047"", ""13684047"")",0.2408862693734991,"0","1075"
"=HYPERLINK(""https://stackoverflow.com/q/13687010"", ""13687010"")",0.694534925805284,"0","1306"
"=HYPERLINK(""https://stackoverflow.com/q/13767870"", ""13767870"")",0.4099145299145299,"0","3875"
"=HYPERLINK(""https://stackoverflow.com/q/13810126"", ""13810126"")",0.4181556787841447,"0","608"
"=HYPERLINK(""https://stackoverflow.com/q/13910457"", ""13910457"")",0.4700558444059313,"1","2317"
"=HYPERLINK(""https://stackoverflow.com/q/13929746"", ""13929746"")",0.3502222222222221,"2","3322"
"=HYPERLINK(""https://stackoverflow.com/q/14056079"", ""14056079"")",0.4833059660645867,"1","557"
"=HYPERLINK(""https://stackoverflow.com/q/14065149"", ""14065149"")",0.4376918354818909,"0","2155"
"=HYPERLINK(""https://stackoverflow.com/q/14125939"", ""14125939"")",0.3432748538011697,"0","6570"
"=HYPERLINK(""https://stackoverflow.com/q/14225452"", ""14225452"")",0.8966408268733849,"0","2327"
"=HYPERLINK(""https://stackoverflow.com/q/14614077"", ""14614077"")",0.4204040404040402,"2","1987"
"=HYPERLINK(""https://stackoverflow.com/q/14635372"", ""14635372"")",0.4210858585858585,"1","869"
"=HYPERLINK(""https://stackoverflow.com/q/14745030"", ""14745030"")",0.59499709133217,"0","2425"
"=HYPERLINK(""https://stackoverflow.com/q/14833509"", ""14833509"")",0.7947815889768398,"2","417"
"=HYPERLINK(""https://stackoverflow.com/q/14870742"", ""14870742"")",0.3829939264022867,"1","140"
"=HYPERLINK(""https://stackoverflow.com/q/14934590"", ""14934590"")",0.5349258052841114,"1","2840"
"=HYPERLINK(""https://stackoverflow.com/q/14937319"", ""14937319"")",0.7150793650793652,"2","11435"
"=HYPERLINK(""https://stackoverflow.com/q/14949877"", ""14949877"")",0.4130619168787109,"0","3188"
"=HYPERLINK(""https://stackoverflow.com/q/14970774"", ""14970774"")",0.4433277498604129,"7","2946"
"=HYPERLINK(""https://stackoverflow.com/q/15062206"", ""15062206"")",0.4990951863916032,"0","323"
"=HYPERLINK(""https://stackoverflow.com/q/15066922"", ""15066922"")",0.3967736088453871,"5","6146"
"=HYPERLINK(""https://stackoverflow.com/q/15070640"", ""15070640"")",0.7940572151098468,"1","6722"
"=HYPERLINK(""https://stackoverflow.com/q/15143925"", ""15143925"")",0.4088111435050212,"0","1866"
"=HYPERLINK(""https://stackoverflow.com/q/15154703"", ""15154703"")",0.5527661552766154,"1","3571"
"=HYPERLINK(""https://stackoverflow.com/q/15453108"", ""15453108"")",0.5939613526570047,"0","1120"
"=HYPERLINK(""https://stackoverflow.com/q/15550976"", ""15550976"")",0.8682399213372666,"2","6402"
"=HYPERLINK(""https://stackoverflow.com/q/15595406"", ""15595406"")",0.6623419827012639,"2","3891"
"=HYPERLINK(""https://stackoverflow.com/q/15629259"", ""15629259"")",0.8273882738827388,"1","6319"
"=HYPERLINK(""https://stackoverflow.com/q/15652474"", ""15652474"")",0.651951951951952,"1","5260"
"=HYPERLINK(""https://stackoverflow.com/q/15962853"", ""15962853"")",0.4195195195195195,"0","1494"
"=HYPERLINK(""https://stackoverflow.com/q/16741267"", ""16741267"")",0.5996819717749952,"0","5534"
"=HYPERLINK(""https://stackoverflow.com/q/16791915"", ""16791915"")",0.5432748538011696,"5","14598"
"=HYPERLINK(""https://stackoverflow.com/q/16866852"", ""16866852"")",0.4301868239921337,"0","46"
"=HYPERLINK(""https://stackoverflow.com/q/16929049"", ""16929049"")",0.313131313131313,"0","1973"
"=HYPERLINK(""https://stackoverflow.com/q/16949422"", ""16949422"")",0.5958485958485958,"1","40"
"=HYPERLINK(""https://stackoverflow.com/q/16991122"", ""16991122"")",0.6726039016115353,"1","123"
"=HYPERLINK(""https://stackoverflow.com/q/17033365"", ""17033365"")",0.7222222222222221,"1","196"
"=HYPERLINK(""https://stackoverflow.com/q/17432095"", ""17432095"")",0.7386156648451734,"0","688"
"=HYPERLINK(""https://stackoverflow.com/q/17522626"", ""17522626"")",0.4387715179968703,"1","8146"
"=HYPERLINK(""https://stackoverflow.com/q/17533866"", ""17533866"")",0.8581669226830516,"1","1081"
"=HYPERLINK(""https://stackoverflow.com/q/17676835"", ""17676835"")",0.8536655211912944,"0","5028"
"=HYPERLINK(""https://stackoverflow.com/q/17687125"", ""17687125"")",0.4665404040404038,"1","1431"
"=HYPERLINK(""https://stackoverflow.com/q/17742123"", ""17742123"")",0.4491846795601061,"1","185"
"=HYPERLINK(""https://stackoverflow.com/q/17860289"", ""17860289"")",0.3328941589811153,"1","7004"
"=HYPERLINK(""https://stackoverflow.com/q/17934697"", ""17934697"")",0.4461352657004827,"1","1689"
"=HYPERLINK(""https://stackoverflow.com/q/17958964"", ""17958964"")",0.8993875765529311,"2","3957"
"=HYPERLINK(""https://stackoverflow.com/q/18009215"", ""18009215"")",0.4437791084497668,"2","916"
"=HYPERLINK(""https://stackoverflow.com/q/18050903"", ""18050903"")",0.3394636015325671,"0","30"
"=HYPERLINK(""https://stackoverflow.com/q/18373574"", ""18373574"")",0.5209235209235208,"1","2480"
"=HYPERLINK(""https://stackoverflow.com/q/18458305"", ""18458305"")",0.4748538011695907,"1","1963"
"=HYPERLINK(""https://stackoverflow.com/q/18712096"", ""18712096"")",0.3854021385402135,"1","1099"
"=HYPERLINK(""https://stackoverflow.com/q/18795356"", ""18795356"")",0.552961521833117,"0","1702"
"=HYPERLINK(""https://stackoverflow.com/q/18850630"", ""18850630"")",0.3379857690202517,"1","444"
"=HYPERLINK(""https://stackoverflow.com/q/18922033"", ""18922033"")",0.5452310717797445,"1","500"
"=HYPERLINK(""https://stackoverflow.com/q/19016639"", ""19016639"")",0.6760967609676095,"2","5482"
"=HYPERLINK(""https://stackoverflow.com/q/19054620"", ""19054620"")",0.4584426946631676,"0","222"
"=HYPERLINK(""https://stackoverflow.com/q/19066267"", ""19066267"")",0.510310864881502,"1","4190"
"=HYPERLINK(""https://stackoverflow.com/q/19173874"", ""19173874"")",0.8787107718405429,"1","5786"
"=HYPERLINK(""https://stackoverflow.com/q/19228599"", ""19228599"")",0.5325670498084293,"1","2426"
"=HYPERLINK(""https://stackoverflow.com/q/19296545"", ""19296545"")",0.4385143570536829,"0","1512"
"=HYPERLINK(""https://stackoverflow.com/q/19328075"", ""19328075"")",0.2539123630672927,"0","1592"
"=HYPERLINK(""https://stackoverflow.com/q/19438872"", ""19438872"")",0.3820582877959929,"0","380"
"=HYPERLINK(""https://stackoverflow.com/q/19664060"", ""19664060"")",0.646529258469557,"0","2862"
"=HYPERLINK(""https://stackoverflow.com/q/19743402"", ""19743402"")",0.3057633693543917,"0","248"
"=HYPERLINK(""https://stackoverflow.com/q/19907543"", ""19907543"")",0.3186077643908969,"0","1457"
"=HYPERLINK(""https://stackoverflow.com/q/20112438"", ""20112438"")",0.9256704980842912,"0","1112"
"=HYPERLINK(""https://stackoverflow.com/q/20235591"", ""20235591"")",0.546360153256705,"0","465"
"=HYPERLINK(""https://stackoverflow.com/q/20645357"", ""20645357"")",0.2701927019270194,"1","2000"
"=HYPERLINK(""https://stackoverflow.com/q/20755610"", ""20755610"")",0.4483458177278404,"1","822"
"=HYPERLINK(""https://stackoverflow.com/q/20789476"", ""20789476"")",0.5275913497390008,"0","1105"
"=HYPERLINK(""https://stackoverflow.com/q/20893137"", ""20893137"")",0.4342475386779184,"1","3874"
"=HYPERLINK(""https://stackoverflow.com/q/20904706"", ""20904706"")",0.5657805044308111,"0","108"
"=HYPERLINK(""https://stackoverflow.com/q/20942274"", ""20942274"")",0.5050210560414641,"0","1825"
"=HYPERLINK(""https://stackoverflow.com/q/21370873"", ""21370873"")",0.842475386779184,"1","1182"
"=HYPERLINK(""https://stackoverflow.com/q/21379001"", ""21379001"")",0.5044802867383514,"0","171"
"=HYPERLINK(""https://stackoverflow.com/q/21632495"", ""21632495"")",0.3724685276409412,"2","2863"
"=HYPERLINK(""https://stackoverflow.com/q/21688122"", ""21688122"")",0.7919896640826871,"0","1185"
"=HYPERLINK(""https://stackoverflow.com/q/21814953"", ""21814953"")",0.4130619168787111,"0","559"
"=HYPERLINK(""https://stackoverflow.com/q/21953031"", ""21953031"")",0.963760683760684,"0","239"
"=HYPERLINK(""https://stackoverflow.com/q/22026132"", ""22026132"")",0.4826100338565712,"0","1164"
"=HYPERLINK(""https://stackoverflow.com/q/22049364"", ""22049364"")",0.4648692810457515,"0","98"
"=HYPERLINK(""https://stackoverflow.com/q/22271531"", ""22271531"")",0.5355655505580542,"2","2820"
"=HYPERLINK(""https://stackoverflow.com/q/22372376"", ""22372376"")",0.7759681505609843,"0","1038"
"=HYPERLINK(""https://stackoverflow.com/q/22657954"", ""22657954"")",0.3598061148396719,"0","805"
"=HYPERLINK(""https://stackoverflow.com/q/22661468"", ""22661468"")",0.4338263177853619,"4","859"
"=HYPERLINK(""https://stackoverflow.com/q/22959208"", ""22959208"")",0.4925805284111472,"0","2446"
"=HYPERLINK(""https://stackoverflow.com/q/23177942"", ""23177942"")",0.7140788997466521,"2","2461"
"=HYPERLINK(""https://stackoverflow.com/q/23457471"", ""23457471"")",0.482496194824962,"0","168"
"=HYPERLINK(""https://stackoverflow.com/q/23640139"", ""23640139"")",0.9060457516339868,"0","549"
"=HYPERLINK(""https://stackoverflow.com/q/23743461"", ""23743461"")",0.6295012516849607,"2","3526"
"=HYPERLINK(""https://stackoverflow.com/q/23764729"", ""23764729"")",0.3627627627627627,"1","953"
"=HYPERLINK(""https://stackoverflow.com/q/23783793"", ""23783793"")",0.613526570048309,"0","2044"
"=HYPERLINK(""https://stackoverflow.com/q/24096354"", ""24096354"")",0.2757936507936508,"1","410"
"=HYPERLINK(""https://stackoverflow.com/q/24166794"", ""24166794"")",0.4887129873937262,"2","1141"
"=HYPERLINK(""https://stackoverflow.com/q/24273828"", ""24273828"")",0.5022222222222218,"0","149"
"=HYPERLINK(""https://stackoverflow.com/q/24303571"", ""24303571"")",0.2706651287966167,"2","1361"
"=HYPERLINK(""https://stackoverflow.com/q/24410689"", ""24410689"")",0.3863020448386298,"0","146"
"=HYPERLINK(""https://stackoverflow.com/q/24831804"", ""24831804"")",0.5859862671660426,"1","1800"
"=HYPERLINK(""https://stackoverflow.com/q/24879540"", ""24879540"")",0.5206837606837608,"0","1522"
"=HYPERLINK(""https://stackoverflow.com/q/24894426"", ""24894426"")",0.2539346957951608,"0","130"
"=HYPERLINK(""https://stackoverflow.com/q/25201760"", ""25201760"")",0.3541533885702145,"1","316"
"=HYPERLINK(""https://stackoverflow.com/q/25224598"", ""25224598"")",0.3521492295214924,"1","341"
"=HYPERLINK(""https://stackoverflow.com/q/25257991"", ""25257991"")",0.4006006006006003,"2","950"
"=HYPERLINK(""https://stackoverflow.com/q/25303247"", ""25303247"")",0.4180985108820159,"0","987"
"=HYPERLINK(""https://stackoverflow.com/q/25405263"", ""25405263"")",0.5828779599271403,"0","1379"
"=HYPERLINK(""https://stackoverflow.com/q/25684060"", ""25684060"")",0.8954895489548954,"1","4375"
"=HYPERLINK(""https://stackoverflow.com/q/25872182"", ""25872182"")",0.7004830917874395,"1","284"
"=HYPERLINK(""https://stackoverflow.com/q/25910283"", ""25910283"")",0.55440215301807,"1","5309"
"=HYPERLINK(""https://stackoverflow.com/q/26098553"", ""26098553"")",0.3485108820160367,"0","1228"
"=HYPERLINK(""https://stackoverflow.com/q/26179499"", ""26179499"")",0.5050091074681239,"0","166"
"=HYPERLINK(""https://stackoverflow.com/q/26258811"", ""26258811"")",0.6063052672049212,"0","5180"
"=HYPERLINK(""https://stackoverflow.com/q/26390908"", ""26390908"")",0.6025748670584942,"1","974"
"=HYPERLINK(""https://stackoverflow.com/q/26777052"", ""26777052"")",0.892222222222222,"0","68"
"=HYPERLINK(""https://stackoverflow.com/q/26778515"", ""26778515"")",0.9105339105339104,"0","275"
"=HYPERLINK(""https://stackoverflow.com/q/26801180"", ""26801180"")",0.339463601532567,"0","948"
"=HYPERLINK(""https://stackoverflow.com/q/26830954"", ""26830954"")",0.6901366607248961,"0","371"
"=HYPERLINK(""https://stackoverflow.com/q/26840280"", ""26840280"")",0.7306967984934085,"0","675"
"=HYPERLINK(""https://stackoverflow.com/q/26851795"", ""26851795"")",0.6784434203789041,"0","654"
"=HYPERLINK(""https://stackoverflow.com/q/26867046"", ""26867046"")",0.5100451004510045,"0","2168"
"=HYPERLINK(""https://stackoverflow.com/q/26897022"", ""26897022"")",0.6533599467731201,"0","753"
"=HYPERLINK(""https://stackoverflow.com/q/26973362"", ""26973362"")",0.92774369461486,"0","4012"
"=HYPERLINK(""https://stackoverflow.com/q/26997868"", ""26997868"")",0.9030039811798768,"1","1758"
"=HYPERLINK(""https://stackoverflow.com/q/27408937"", ""27408937"")",0.5007032348804501,"0","583"
"=HYPERLINK(""https://stackoverflow.com/q/27486425"", ""27486425"")",0.5064327485380117,"0","503"
"=HYPERLINK(""https://stackoverflow.com/q/27694712"", ""27694712"")",0.6277637839350684,"1","1022"
"=HYPERLINK(""https://stackoverflow.com/q/27713144"", ""27713144"")",0.4780003424071223,"0","1822"
"=HYPERLINK(""https://stackoverflow.com/q/27930207"", ""27930207"")",0.3032081377151799,"1","132"
"=HYPERLINK(""https://stackoverflow.com/q/27934715"", ""27934715"")",0.4567049808429119,"1","6740"
"=HYPERLINK(""https://stackoverflow.com/q/27985201"", ""27985201"")",0.4216682056017237,"0","236"
"=HYPERLINK(""https://stackoverflow.com/q/28107158"", ""28107158"")",0.3258366800535476,"0","370"
"=HYPERLINK(""https://stackoverflow.com/q/28708323"", ""28708323"")",0.4349881796690307,"1","232"
"=HYPERLINK(""https://stackoverflow.com/q/29075590"", ""29075590"")",0.4319275948392068,"0","9848"
"=HYPERLINK(""https://stackoverflow.com/q/29396042"", ""29396042"")",0.4211172498465316,"0","188"
"=HYPERLINK(""https://stackoverflow.com/q/29436756"", ""29436756"")",0.3942338840298025,"0","133"
"=HYPERLINK(""https://stackoverflow.com/q/29485647"", ""29485647"")",0.7046342825237295,"0","589"
"=HYPERLINK(""https://stackoverflow.com/q/29518095"", ""29518095"")",0.4795751633986927,"0","1677"
"=HYPERLINK(""https://stackoverflow.com/q/29542893"", ""29542893"")",0.5167007498295841,"1","2831"
"=HYPERLINK(""https://stackoverflow.com/q/29567006"", ""29567006"")",0.5053905390539052,"1","2995"
"=HYPERLINK(""https://stackoverflow.com/q/29889747"", ""29889747"")",0.3859390363815143,"1","1569"
"=HYPERLINK(""https://stackoverflow.com/q/30053789"", ""30053789"")",0.63506625891947,"0","168"
"=HYPERLINK(""https://stackoverflow.com/q/30126772"", ""30126772"")",0.4990951863916032,"2","412"
"=HYPERLINK(""https://stackoverflow.com/q/30138822"", ""30138822"")",0.4962606837606839,"1","1374"
"=HYPERLINK(""https://stackoverflow.com/q/30159913"", ""30159913"")",0.6002710027100269,"2","465"
"=HYPERLINK(""https://stackoverflow.com/q/30235656"", ""30235656"")",0.6566484517304191,"0","159"
"=HYPERLINK(""https://stackoverflow.com/q/30331551"", ""30331551"")",0.8722222222222221,"0","104"
"=HYPERLINK(""https://stackoverflow.com/q/30573904"", ""30573904"")",0.6081282624906786,"0","833"
"=HYPERLINK(""https://stackoverflow.com/q/30867949"", ""30867949"")",0.9001883239171373,"0","97"
"=HYPERLINK(""https://stackoverflow.com/q/30962505"", ""30962505"")",0.6572871572871573,"0","65"
"=HYPERLINK(""https://stackoverflow.com/q/30973720"", ""30973720"")",0.2945626477541371,"1","82"
"=HYPERLINK(""https://stackoverflow.com/q/31154470"", ""31154470"")",0.7222222222222222,"0","813"
"=HYPERLINK(""https://stackoverflow.com/q/31168353"", ""31168353"")",0.6973603437691837,"0","1461"
"=HYPERLINK(""https://stackoverflow.com/q/31457529"", ""31457529"")",0.6560683760683761,"2","9369"
"=HYPERLINK(""https://stackoverflow.com/q/31510841"", ""31510841"")",0.4751866490996923,"0","70"
"=HYPERLINK(""https://stackoverflow.com/q/31830762"", ""31830762"")",0.7007498295841853,"1","1515"
"=HYPERLINK(""https://stackoverflow.com/q/31895848"", ""31895848"")",0.5691609977324263,"2","535"
"=HYPERLINK(""https://stackoverflow.com/q/32112289"", ""32112289"")",0.2489397794741307,"0","1820"
"=HYPERLINK(""https://stackoverflow.com/q/32332237"", ""32332237"")",0.2396640826873383,"0","81"
"=HYPERLINK(""https://stackoverflow.com/q/33194815"", ""33194815"")",0.813568376068376,"0","701"
"=HYPERLINK(""https://stackoverflow.com/q/33219170"", ""33219170"")",0.6245545837382573,"1","1669"
"=HYPERLINK(""https://stackoverflow.com/q/33599077"", ""33599077"")",0.824298346789696,"0","667"
"=HYPERLINK(""https://stackoverflow.com/q/33684928"", ""33684928"")",0.2197033305345647,"0","639"
"=HYPERLINK(""https://stackoverflow.com/q/34006185"", ""34006185"")",0.3296483217175359,"0","365"
"=HYPERLINK(""https://stackoverflow.com/q/34045625"", ""34045625"")",0.3391637514576046,"1","66"
"=HYPERLINK(""https://stackoverflow.com/q/34189414"", ""34189414"")",0.4567499095186391,"0","727"
"=HYPERLINK(""https://stackoverflow.com/q/34218417"", ""34218417"")",0.233317922638311,"0","193"
"=HYPERLINK(""https://stackoverflow.com/q/34287694"", ""34287694"")",0.4665218964893231,"0","3346"
"=HYPERLINK(""https://stackoverflow.com/q/34651543"", ""34651543"")",0.9151356080489942,"0","146"
"=HYPERLINK(""https://stackoverflow.com/q/34660111"", ""34660111"")",0.6725686425455477,"1","484"
"=HYPERLINK(""https://stackoverflow.com/q/34872845"", ""34872845"")",0.5661136249371542,"1","548"
"=HYPERLINK(""https://stackoverflow.com/q/35006711"", ""35006711"")",0.5800203873598372,"0","148"
"=HYPERLINK(""https://stackoverflow.com/q/35208996"", ""35208996"")",0.5147123407992974,"2","1233"
"=HYPERLINK(""https://stackoverflow.com/q/35407519"", ""35407519"")",0.6191093817552962,"1","6076"
"=HYPERLINK(""https://stackoverflow.com/q/35520589"", ""35520589"")",0.5935577271082156,"0","102"
"=HYPERLINK(""https://stackoverflow.com/q/35807005"", ""35807005"")",0.8453378001116693,"1","273"
"=HYPERLINK(""https://stackoverflow.com/q/35837025"", ""35837025"")",0.3010399562123698,"0","1270"
"=HYPERLINK(""https://stackoverflow.com/q/36285672"", ""36285672"")",0.4982958418541239,"0","45"
"=HYPERLINK(""https://stackoverflow.com/q/36579247"", ""36579247"")",0.59245122985581,"0","12"
"=HYPERLINK(""https://stackoverflow.com/q/36778106"", ""36778106"")",0.6760967609676098,"0","116"
"=HYPERLINK(""https://stackoverflow.com/q/36778801"", ""36778801"")",0.9151356080489942,"0","126"
"=HYPERLINK(""https://stackoverflow.com/q/36936746"", ""36936746"")",0.918354818907305,"1","928"
"=HYPERLINK(""https://stackoverflow.com/q/37060706"", ""37060706"")",0.6627627627627627,"0","1504"
"=HYPERLINK(""https://stackoverflow.com/q/37134352"", ""37134352"")",0.5983054111303681,"0","1279"
"=HYPERLINK(""https://stackoverflow.com/q/37209078"", ""37209078"")",0.4033245844269469,"0","797"
"=HYPERLINK(""https://stackoverflow.com/q/37614929"", ""37614929"")",0.5423803249890206,"1","403"
"=HYPERLINK(""https://stackoverflow.com/q/37813231"", ""37813231"")",0.6391318432134759,"0","841"
"=HYPERLINK(""https://stackoverflow.com/q/38055206"", ""38055206"")",0.5118773946360154,"0","356"
"=HYPERLINK(""https://stackoverflow.com/q/38058373"", ""38058373"")",0.324049898462431,"4","70"
"=HYPERLINK(""https://stackoverflow.com/q/38178317"", ""38178317"")",0.2910844976713239,"0","1487"
"=HYPERLINK(""https://stackoverflow.com/q/38237107"", ""38237107"")",0.2174145299145299,"1","208"
"=HYPERLINK(""https://stackoverflow.com/q/38251977"", ""38251977"")",0.5359312213811795,"0","217"
"=HYPERLINK(""https://stackoverflow.com/q/38256041"", ""38256041"")",0.7186507936507937,"2","545"
"=HYPERLINK(""https://stackoverflow.com/q/38310324"", ""38310324"")",0.8210594315245476,"0","72"
"=HYPERLINK(""https://stackoverflow.com/q/38649728"", ""38649728"")",0.4546546546546546,"0","430"
"=HYPERLINK(""https://stackoverflow.com/q/38725644"", ""38725644"")",0.8692810457516339,"0","148"
"=HYPERLINK(""https://stackoverflow.com/q/38914347"", ""38914347"")",0.795992714025501,"0","2364"
"=HYPERLINK(""https://stackoverflow.com/q/39251172"", ""39251172"")",0.6722222222222219,"1","3004"
"=HYPERLINK(""https://stackoverflow.com/q/39479676"", ""39479676"")",0.3695906432748541,"0","111"
"=HYPERLINK(""https://stackoverflow.com/q/39552157"", ""39552157"")",0.8040862020710887,"1","1279"
"=HYPERLINK(""https://stackoverflow.com/q/39664116"", ""39664116"")",0.3053247152970145,"1","228"
"=HYPERLINK(""https://stackoverflow.com/q/40019465"", ""40019465"")",0.4332774986041317,"0","928"
"=HYPERLINK(""https://stackoverflow.com/q/40151095"", ""40151095"")",0.3328416912487711,"0","351"
"=HYPERLINK(""https://stackoverflow.com/q/40179137"", ""40179137"")",0.5087286917231464,"0","1176"
"=HYPERLINK(""https://stackoverflow.com/q/40232715"", ""40232715"")",0.8685636856368562,"0","904"
"=HYPERLINK(""https://stackoverflow.com/q/40847688"", ""40847688"")",0.3672603901611536,"0","1393"
"=HYPERLINK(""https://stackoverflow.com/q/41136887"", ""41136887"")",0.9615079365079364,"0","1398"
"=HYPERLINK(""https://stackoverflow.com/q/41288276"", ""41288276"")",0.3505408062930186,"0","618"
"=HYPERLINK(""https://stackoverflow.com/q/41360707"", ""41360707"")",0.47458071278826,"0","381"
"=HYPERLINK(""https://stackoverflow.com/q/41382240"", ""41382240"")",0.3951951951951951,"2","159"
"=HYPERLINK(""https://stackoverflow.com/q/41482615"", ""41482615"")",0.3083760683760685,"0","341"
"=HYPERLINK(""https://stackoverflow.com/q/41673458"", ""41673458"")",0.5570337521557033,"0","7773"
"=HYPERLINK(""https://stackoverflow.com/q/41833411"", ""41833411"")",0.5981258366800536,"0","365"
"=HYPERLINK(""https://stackoverflow.com/q/42135756"", ""42135756"")",0.3898358585858584,"0","980"
"=HYPERLINK(""https://stackoverflow.com/q/42171436"", ""42171436"")",0.629336846728151,"1","319"
"=HYPERLINK(""https://stackoverflow.com/q/42251537"", ""42251537"")",0.4437412095639945,"0","813"
"=HYPERLINK(""https://stackoverflow.com/q/42278029"", ""42278029"")",0.935024990388312,"0","50"
"=HYPERLINK(""https://stackoverflow.com/q/42395710"", ""42395710"")",0.5163398692810459,"0","628"
"=HYPERLINK(""https://stackoverflow.com/q/42492588"", ""42492588"")",0.671553006161037,"2","1042"
"=HYPERLINK(""https://stackoverflow.com/q/42572049"", ""42572049"")",0.4376918354818908,"0","5415"
"=HYPERLINK(""https://stackoverflow.com/q/42627814"", ""42627814"")",0.607549386795917,"0","1467"
"=HYPERLINK(""https://stackoverflow.com/q/42661032"", ""42661032"")",0.470841006752609,"0","221"
"=HYPERLINK(""https://stackoverflow.com/q/42838219"", ""42838219"")",0.3794476557482338,"0","736"
"=HYPERLINK(""https://stackoverflow.com/q/42979657"", ""42979657"")",0.5654654654654655,"1","2965"
"=HYPERLINK(""https://stackoverflow.com/q/43375201"", ""43375201"")",0.781544256120527,"1","4320"
"=HYPERLINK(""https://stackoverflow.com/q/43784741"", ""43784741"")",0.365079365079365,"0","33"
"=HYPERLINK(""https://stackoverflow.com/q/43885939"", ""43885939"")",0.525793650793651,"3","1840"
"=HYPERLINK(""https://stackoverflow.com/q/43893939"", ""43893939"")",0.4866452991452992,"0","269"
"=HYPERLINK(""https://stackoverflow.com/q/43899035"", ""43899035"")",0.689613526570048,"3","5540"
"=HYPERLINK(""https://stackoverflow.com/q/43961597"", ""43961597"")",0.8376068376068375,"0","754"
"=HYPERLINK(""https://stackoverflow.com/q/44563331"", ""44563331"")",0.5813382443216698,"0","698"
"=HYPERLINK(""https://stackoverflow.com/q/44694808"", ""44694808"")",0.67304189435337,"0","422"
"=HYPERLINK(""https://stackoverflow.com/q/44710136"", ""44710136"")",0.3635773624091382,"0","104"
"=HYPERLINK(""https://stackoverflow.com/q/44837325"", ""44837325"")",0.7041809851088201,"0","275"
"=HYPERLINK(""https://stackoverflow.com/q/44869351"", ""44869351"")",0.3232123212321231,"0","210"
"=HYPERLINK(""https://stackoverflow.com/q/45001157"", ""45001157"")",0.4664970313825277,"0","149"
"=HYPERLINK(""https://stackoverflow.com/q/45057852"", ""45057852"")",0.4009552538964303,"1","2636"
"=HYPERLINK(""https://stackoverflow.com/q/45064800"", ""45064800"")",0.337564986095998,"0","1002"
"=HYPERLINK(""https://stackoverflow.com/q/45300877"", ""45300877"")",0.8125836680053545,"0","3234"
"=HYPERLINK(""https://stackoverflow.com/q/45516384"", ""45516384"")",0.3616452991452993,"0","306"
"=HYPERLINK(""https://stackoverflow.com/q/45640483"", ""45640483"")",0.6337266470009834,"0","334"
"=HYPERLINK(""https://stackoverflow.com/q/45738313"", ""45738313"")",0.6112011525301637,"1","399"
"=HYPERLINK(""https://stackoverflow.com/q/45765501"", ""45765501"")",0.2786424556852572,"0","121"
"=HYPERLINK(""https://stackoverflow.com/q/45861156"", ""45861156"")",0.5132190067881389,"1","332"
"=HYPERLINK(""https://stackoverflow.com/q/46206145"", ""46206145"")",0.3565287915652879,"0","518"
"=HYPERLINK(""https://stackoverflow.com/q/46350261"", ""46350261"")",0.3702457714232314,"0","2502"
"=HYPERLINK(""https://stackoverflow.com/q/46498948"", ""46498948"")",0.8211668132512461,"0","1153"
"=HYPERLINK(""https://stackoverflow.com/q/46604221"", ""46604221"")",0.7759134973900075,"0","2034"
"=HYPERLINK(""https://stackoverflow.com/q/47134168"", ""47134168"")",0.4241452991452991,"0","942"
"=HYPERLINK(""https://stackoverflow.com/q/47314844"", ""47314844"")",0.5654174884944116,"0","25"
"=HYPERLINK(""https://stackoverflow.com/q/47477504"", ""47477504"")",0.4222222222222223,"0","801"
"=HYPERLINK(""https://stackoverflow.com/q/47665885"", ""47665885"")",0.2590885816692267,"0","99"
"=HYPERLINK(""https://stackoverflow.com/q/47688488"", ""47688488"")",0.6259161536206391,"0","2727"
"=HYPERLINK(""https://stackoverflow.com/q/47767602"", ""47767602"")",0.8993875765529311,"0","3233"
"=HYPERLINK(""https://stackoverflow.com/q/47906198"", ""47906198"")",0.4952849528495285,"0","78"
"=HYPERLINK(""https://stackoverflow.com/q/47926958"", ""47926958"")",0.6997308727412531,"0","532"
"=HYPERLINK(""https://stackoverflow.com/q/48137276"", ""48137276"")",0.4845173041894353,"0","5760"
"=HYPERLINK(""https://stackoverflow.com/q/48156512"", ""48156512"")",0.620639108765758,"0","107"
"=HYPERLINK(""https://stackoverflow.com/q/48191256"", ""48191256"")",0.3892106392106393,"0","507"
"=HYPERLINK(""https://stackoverflow.com/q/48452529"", ""48452529"")",0.664433277498604,"0","1016"
"=HYPERLINK(""https://stackoverflow.com/q/48548719"", ""48548719"")",0.3094315245478036,"0","264"
"=HYPERLINK(""https://stackoverflow.com/q/48708990"", ""48708990"")",0.3715728715728714,"0","518"
"=HYPERLINK(""https://stackoverflow.com/q/48747100"", ""48747100"")",0.7548309178743959,"0","1777"
"=HYPERLINK(""https://stackoverflow.com/q/48771415"", ""48771415"")",0.67984934086629,"0","5491"
"=HYPERLINK(""https://stackoverflow.com/q/48782441"", ""48782441"")",0.7878198898607063,"0","2639"
"=HYPERLINK(""https://stackoverflow.com/q/48881340"", ""48881340"")",0.4400793650793652,"0","531"
"=HYPERLINK(""https://stackoverflow.com/q/49142831"", ""49142831"")",0.5038677918424752,"0","2957"
"=HYPERLINK(""https://stackoverflow.com/q/49187366"", ""49187366"")",0.4491351509821165,"0","1186"
"=HYPERLINK(""https://stackoverflow.com/q/49263074"", ""49263074"")",0.7159610415424368,"0","1426"
"=HYPERLINK(""https://stackoverflow.com/q/49492149"", ""49492149"")",0.4222222222222222,"0","67"
"=HYPERLINK(""https://stackoverflow.com/q/49569302"", ""49569302"")",0.6986765158510311,"1","3404"
"=HYPERLINK(""https://stackoverflow.com/q/49595189"", ""49595189"")",0.643498817966903,"0","357"
"=HYPERLINK(""https://stackoverflow.com/q/49612770"", ""49612770"")",0.8535586277521758,"0","3338"
"=HYPERLINK(""https://stackoverflow.com/q/49616854"", ""49616854"")",0.9365079365079362,"0","3308"
"=HYPERLINK(""https://stackoverflow.com/q/49812273"", ""49812273"")",0.4390896921017403,"0","218"
"=HYPERLINK(""https://stackoverflow.com/q/49892585"", ""49892585"")",0.3164845173041894,"1","62"
"=HYPERLINK(""https://stackoverflow.com/q/50294496"", ""50294496"")",0.4804189435336977,"0","1493"
"=HYPERLINK(""https://stackoverflow.com/q/50456085"", ""50456085"")",0.4231460097510904,"0","1288"
"=HYPERLINK(""https://stackoverflow.com/q/50469525"", ""50469525"")",0.4994077232883203,"0","1081"
"=HYPERLINK(""https://stackoverflow.com/q/50586482"", ""50586482"")",0.9328605200945626,"0","83"
"=HYPERLINK(""https://stackoverflow.com/q/50758214"", ""50758214"")",0.8479890933878662,"0","543"
"=HYPERLINK(""https://stackoverflow.com/q/50852452"", ""50852452"")",0.4045426642111725,"0","27"
"=HYPERLINK(""https://stackoverflow.com/q/51042050"", ""51042050"")",0.4596892406918794,"0","499"
"=HYPERLINK(""https://stackoverflow.com/q/51050661"", ""51050661"")",0.5686789151356082,"2","7814"
"=HYPERLINK(""https://stackoverflow.com/q/51133281"", ""51133281"")",0.3765846383296049,"0","1074"
"=HYPERLINK(""https://stackoverflow.com/q/51769178"", ""51769178"")",0.3665175242356451,"0","34"
"=HYPERLINK(""https://stackoverflow.com/q/52006208"", ""52006208"")",0.5199321458863443,"2","2922"
"=HYPERLINK(""https://stackoverflow.com/q/52462753"", ""52462753"")",0.6279871889627987,"0","209"
"=HYPERLINK(""https://stackoverflow.com/q/52498140"", ""52498140"")",0.4269202087994036,"0","203"
"=HYPERLINK(""https://stackoverflow.com/q/52508430"", ""52508430"")",0.704712494595763,"0","663"
"=HYPERLINK(""https://stackoverflow.com/q/52962920"", ""52962920"")",0.9206955046649706,"0","2241"
"=HYPERLINK(""https://stackoverflow.com/q/52975602"", ""52975602"")",0.7126273394930112,"0","622"
"=HYPERLINK(""https://stackoverflow.com/q/53092463"", ""53092463"")",0.4006006006006005,"1","19"
"=HYPERLINK(""https://stackoverflow.com/q/53326551"", ""53326551"")",0.6060175313906656,"1","224"
"=HYPERLINK(""https://stackoverflow.com/q/53469728"", ""53469728"")",0.2695595003287311,"0","343"
"=HYPERLINK(""https://stackoverflow.com/q/53475751"", ""53475751"")",0.3657004830917869,"1","119"
"=HYPERLINK(""https://stackoverflow.com/q/53836967"", ""53836967"")",0.4120956399437409,"0","129"
"=HYPERLINK(""https://stackoverflow.com/q/53933243"", ""53933243"")",0.5269559500328732,"0","592"
"=HYPERLINK(""https://stackoverflow.com/q/54152589"", ""54152589"")",0.3488225067172436,"0","329"
"=HYPERLINK(""https://stackoverflow.com/q/54251483"", ""54251483"")",0.7007498295841854,"0","777"
"=HYPERLINK(""https://stackoverflow.com/q/54452396"", ""54452396"")",0.5490920283164051,"0","608"
"=HYPERLINK(""https://stackoverflow.com/q/54546119"", ""54546119"")",0.5020333202151384,"0","2522"
"=HYPERLINK(""https://stackoverflow.com/q/54899980"", ""54899980"")",0.7831078310783106,"0","382"
"=HYPERLINK(""https://stackoverflow.com/q/54906295"", ""54906295"")",0.8347683476834769,"0","3934"
"=HYPERLINK(""https://stackoverflow.com/q/54910743"", ""54910743"")",0.3036701860231271,"0","431"
"=HYPERLINK(""https://stackoverflow.com/q/54935962"", ""54935962"")",0.3478307908687655,"0","1786"
"=HYPERLINK(""https://stackoverflow.com/q/55028847"", ""55028847"")",0.3688020267824828,"1","51"
"=HYPERLINK(""https://stackoverflow.com/q/55080719"", ""55080719"")",0.6264138389886891,"0","613"
"=HYPERLINK(""https://stackoverflow.com/q/55236810"", ""55236810"")",0.7004830917874395,"4","190"
"=HYPERLINK(""https://stackoverflow.com/q/55250890"", ""55250890"")",0.7023358585858583,"0","398"
"=HYPERLINK(""https://stackoverflow.com/q/55463071"", ""55463071"")",0.3729759910664432,"0","86"
"=HYPERLINK(""https://stackoverflow.com/q/55819484"", ""55819484"")",0.4981656184486374,"0","48"
"=HYPERLINK(""https://stackoverflow.com/q/55875490"", ""55875490"")",0.566903073286052,"0","273"
"=HYPERLINK(""https://stackoverflow.com/q/56080699"", ""56080699"")",0.7913540550196502,"0","1509"
"=HYPERLINK(""https://stackoverflow.com/q/56159595"", ""56159595"")",0.4769392033542976,"0","3731"
"=HYPERLINK(""https://stackoverflow.com/q/56184058"", ""56184058"")",0.6722222222222222,"0","3358"
"=HYPERLINK(""https://stackoverflow.com/q/56350153"", ""56350153"")",0.614860259032038,"0","23"
"=HYPERLINK(""https://stackoverflow.com/q/56723802"", ""56723802"")",0.9230096237970258,"0","67"
"=HYPERLINK(""https://stackoverflow.com/q/56746455"", ""56746455"")",0.5606837606837607,"1","156"
"=HYPERLINK(""https://stackoverflow.com/q/56939919"", ""56939919"")",0.6568120226656812,"0","1545"
"=HYPERLINK(""https://stackoverflow.com/q/57070905"", ""57070905"")",0.4432748538011696,"0","1210"
"=HYPERLINK(""https://stackoverflow.com/q/57313086"", ""57313086"")",0.6507936507936506,"0","37"
"=HYPERLINK(""https://stackoverflow.com/q/57372033"", ""57372033"")",0.5742630385487527,"0","8320"
"=HYPERLINK(""https://stackoverflow.com/q/57396404"", ""57396404"")",0.2678743961352655,"0","49"
"=HYPERLINK(""https://stackoverflow.com/q/57412140"", ""57412140"")",0.6118326118326116,"0","83"
"=HYPERLINK(""https://stackoverflow.com/q/57416719"", ""57416719"")",0.9060457516339868,"0","812"
"=HYPERLINK(""https://stackoverflow.com/q/57473095"", ""57473095"")",0.7794177941779415,"0","136"
"=HYPERLINK(""https://stackoverflow.com/q/57728931"", ""57728931"")",0.912259122591226,"0","611"
"=HYPERLINK(""https://stackoverflow.com/q/57755398"", ""57755398"")",0.8039529914529913,"1","468"
"=HYPERLINK(""https://stackoverflow.com/q/58034143"", ""58034143"")",0.5276615527661549,"0","34"
"=HYPERLINK(""https://stackoverflow.com/q/58069526"", ""58069526"")",0.5779269202087995,"0","129"
"=HYPERLINK(""https://stackoverflow.com/q/58185005"", ""58185005"")",0.3850886717336229,"3","351"
"=HYPERLINK(""https://stackoverflow.com/q/58270788"", ""58270788"")",0.3878757176629516,"0","749"
"=HYPERLINK(""https://stackoverflow.com/q/58799098"", ""58799098"")",0.6750524109014675,"0","440"
"=HYPERLINK(""https://stackoverflow.com/q/58942442"", ""58942442"")",0.3101701049583786,"1","1871"
"=HYPERLINK(""https://stackoverflow.com/q/58944528"", ""58944528"")",0.7157527212980079,"0","23"
"=HYPERLINK(""https://stackoverflow.com/q/58973385"", ""58973385"")",0.5071059431524547,"0","30"
"=HYPERLINK(""https://stackoverflow.com/q/58984040"", ""58984040"")",0.3301767676767677,"0","184"
"=HYPERLINK(""https://stackoverflow.com/q/59166436"", ""59166436"")",0.4593356242840778,"1","315"
"=HYPERLINK(""https://stackoverflow.com/q/59262742"", ""59262742"")",0.454412195836998,"0","57"
"=HYPERLINK(""https://stackoverflow.com/q/59453258"", ""59453258"")",0.3726647000983288,"0","30"
"=HYPERLINK(""https://stackoverflow.com/q/59505200"", ""59505200"")",0.4523624091381102,"1","106"
"=HYPERLINK(""https://stackoverflow.com/q/59535754"", ""59535754"")",0.7683963647024333,"0","417"
"=HYPERLINK(""https://stackoverflow.com/q/59613971"", ""59613971"")",0.6629001883239171,"0","99"
"=HYPERLINK(""https://stackoverflow.com/q/59640223"", ""59640223"")",0.7060060060060058,"0","2174"
"=HYPERLINK(""https://stackoverflow.com/q/59771209"", ""59771209"")",0.6473719228210246,"0","81"
"=HYPERLINK(""https://stackoverflow.com/q/59979487"", ""59979487"")",0.8171589310829814,"1","207"
"=HYPERLINK(""https://stackoverflow.com/q/60007650"", ""60007650"")",0.7299145299145299,"1","109"
"=HYPERLINK(""https://stackoverflow.com/q/60155095"", ""60155095"")",0.7657004830917874,"0","246"
"=HYPERLINK(""https://stackoverflow.com/q/60190585"", ""60190585"")",0.35475234270415,"0","212"
"=HYPERLINK(""https://stackoverflow.com/q/60195343"", ""60195343"")",0.903638151425762,"1","34"
"=HYPERLINK(""https://stackoverflow.com/q/60211194"", ""60211194"")",0.3188232955674815,"0","852"
"=HYPERLINK(""https://stackoverflow.com/q/60311241"", ""60311241"")",0.6497031382527567,"2","70"
"=HYPERLINK(""https://stackoverflow.com/q/60361840"", ""60361840"")",0.528344671201814,"0","198"
"=HYPERLINK(""https://stackoverflow.com/q/60466854"", ""60466854"")",0.4107468123861569,"0","89"
"=HYPERLINK(""https://stackoverflow.com/q/60470208"", ""60470208"")",0.3640404040404039,"0","148"
"=HYPERLINK(""https://stackoverflow.com/q/60534579"", ""60534579"")",0.3698236982369825,"0","1295"
"=HYPERLINK(""https://stackoverflow.com/q/60807144"", ""60807144"")",0.5118947663028266,"0","159"
"=HYPERLINK(""https://stackoverflow.com/q/60825789"", ""60825789"")",0.5236478841366826,"0","506"
"=HYPERLINK(""https://stackoverflow.com/q/60878091"", ""60878091"")",0.4435336976320586,"0","147"
"=HYPERLINK(""https://stackoverflow.com/q/60981358"", ""60981358"")",0.5142576204523108,"0","1005"
"=HYPERLINK(""https://stackoverflow.com/q/61049727"", ""61049727"")",0.7001633986928105,"0","23"
"=HYPERLINK(""https://stackoverflow.com/q/61085656"", ""61085656"")",0.5079365079365081,"0","35"
"=HYPERLINK(""https://stackoverflow.com/q/61179149"", ""61179149"")",0.7892325315005726,"0","96"
"=HYPERLINK(""https://stackoverflow.com/q/61191158"", ""61191158"")",0.2537182852143483,"0","109"
"=HYPERLINK(""https://stackoverflow.com/q/61226697"", ""61226697"")",0.8393108298171587,"2","1012"
"=HYPERLINK(""https://stackoverflow.com/q/61422412"", ""61422412"")",0.5186211141889813,"0","1861"
"=HYPERLINK(""https://stackoverflow.com/q/61469908"", ""61469908"")",0.6742478085761668,"1","169"
"=HYPERLINK(""https://stackoverflow.com/q/61507119"", ""61507119"")",0.4345299145299144,"0","512"
"=HYPERLINK(""https://stackoverflow.com/q/61531727"", ""61531727"")",0.650266502665027,"0","207"
"=HYPERLINK(""https://stackoverflow.com/q/61537534"", ""61537534"")",0.5543255432554326,"0","39"
"=HYPERLINK(""https://stackoverflow.com/q/61689599"", ""61689599"")",0.6337266470009834,"0","27"
"=HYPERLINK(""https://stackoverflow.com/q/61734850"", ""61734850"")",0.5740345889599621,"0","100"
"=HYPERLINK(""https://stackoverflow.com/q/62002277"", ""62002277"")",0.649357900614182,"2","63"
"=HYPERLINK(""https://stackoverflow.com/q/62046612"", ""62046612"")",0.3801169590643277,"0","40"
"=HYPERLINK(""https://stackoverflow.com/q/62079800"", ""62079800"")",0.4148827726809377,"0","37"
"=HYPERLINK(""https://stackoverflow.com/q/62096499"", ""62096499"")",0.5471592499300306,"0","63"
"=HYPERLINK(""https://stackoverflow.com/q/62175788"", ""62175788"")",0.6075433231396536,"0","401"
"=HYPERLINK(""https://stackoverflow.com/q/62390850"", ""62390850"")",0.3530426213353042,"1","521"
"=HYPERLINK(""https://stackoverflow.com/q/62418894"", ""62418894"")",0.9315245478036174,"0","293"
"=HYPERLINK(""https://stackoverflow.com/q/62541840"", ""62541840"")",0.3863443596268027,"0","20"
"=HYPERLINK(""https://stackoverflow.com/q/62542080"", ""62542080"")",0.4737073707370736,"0","19"
"=HYPERLINK(""https://stackoverflow.com/q/62644495"", ""62644495"")",0.5450070323488045,"0","23"
"=HYPERLINK(""https://stackoverflow.com/q/62871532"", ""62871532"")",0.288741069228874,"0","52"
"=HYPERLINK(""https://stackoverflow.com/q/62873398"", ""62873398"")",0.6072637734687597,"0","390"
"=HYPERLINK(""https://stackoverflow.com/q/62911614"", ""62911614"")",0.5725216234198268,"0","51"
"=HYPERLINK(""https://stackoverflow.com/q/63005090"", ""63005090"")",0.8793650793650795,"1","462"
"=HYPERLINK(""https://stackoverflow.com/q/63090652"", ""63090652"")",0.6222222222222225,"0","687"
"=HYPERLINK(""https://stackoverflow.com/q/63100300"", ""63100300"")",0.8151425762045232,"0","184"
"=HYPERLINK(""https://stackoverflow.com/q/63112917"", ""63112917"")",0.508986928104575,"0","58"
"=HYPERLINK(""https://stackoverflow.com/q/63122923"", ""63122923"")",0.4182021217197095,"0","36"
"=HYPERLINK(""https://stackoverflow.com/q/63169492"", ""63169492"")",0.8644240570846077,"0","19"
"=HYPERLINK(""https://stackoverflow.com/q/63213306"", ""63213306"")",0.5303303303303303,"0","641"
"=HYPERLINK(""https://stackoverflow.com/q/63401387"", ""63401387"")",0.7115079365079365,"0","309"
"=HYPERLINK(""https://stackoverflow.com/q/63554271"", ""63554271"")",0.6098443720593557,"0","287"
"=HYPERLINK(""https://stackoverflow.com/q/63560998"", ""63560998"")",0.4745299145299144,"1","261"
"=HYPERLINK(""https://stackoverflow.com/q/63568449"", ""63568449"")",0.5009832841691252,"0","35"
"=HYPERLINK(""https://stackoverflow.com/q/63580282"", ""63580282"")",0.7196449026345932,"0","214"
"=HYPERLINK(""https://stackoverflow.com/q/63593722"", ""63593722"")",0.4491351509821167,"3","52"
"=HYPERLINK(""https://stackoverflow.com/q/63595493"", ""63595493"")",0.6170561705617057,"1","39"
"=HYPERLINK(""https://stackoverflow.com/q/63754453"", ""63754453"")",0.5355862775217614,"0","1288"
"=HYPERLINK(""https://stackoverflow.com/q/63754658"", ""63754658"")",0.6955046649703139,"0","8"
"=HYPERLINK(""https://stackoverflow.com/q/63837630"", ""63837630"")",0.9198028673835128,"0","585"
"=HYPERLINK(""https://stackoverflow.com/q/63842595"", ""63842595"")",0.5778707577870756,"0","65"
"=HYPERLINK(""https://stackoverflow.com/q/63876898"", ""63876898"")",0.4239267676767675,"0","80"
"=HYPERLINK(""https://stackoverflow.com/q/63884040"", ""63884040"")",0.3778725420516464,"0","91"
"=HYPERLINK(""https://stackoverflow.com/q/63903256"", ""63903256"")",0.4831431195067556,"0","372"
"=HYPERLINK(""https://stackoverflow.com/q/63913397"", ""63913397"")",0.5348608031534859,"0","75"
"=HYPERLINK(""https://stackoverflow.com/q/63920198"", ""63920198"")",0.340643274853801,"0","371"
"=HYPERLINK(""https://stackoverflow.com/q/63969728"", ""63969728"")",0.457357357357357,"0","46"
"=HYPERLINK(""https://stackoverflow.com/q/63997557"", ""63997557"")",0.9072615923009628,"0","26"
"=HYPERLINK(""https://stackoverflow.com/q/64107189"", ""64107189"")",0.4081928584375567,"0","171"
"=HYPERLINK(""https://stackoverflow.com/q/64208445"", ""64208445"")",0.4986041317699608,"0","10"
"=HYPERLINK(""https://stackoverflow.com/q/64435564"", ""64435564"")",0.7222222222222222,"2","308"
"=HYPERLINK(""https://stackoverflow.com/q/64540765"", ""64540765"")",0.4482350153991944,"0","60"
"=HYPERLINK(""https://stackoverflow.com/q/64583648"", ""64583648"")",0.3585858585858585,"0","205"
"=HYPERLINK(""https://stackoverflow.com/q/64652705"", ""64652705"")",0.5163398692810457,"0","15"
"=HYPERLINK(""https://stackoverflow.com/q/64711801"", ""64711801"")",0.7763119319847553,"0","32"
"=HYPERLINK(""https://stackoverflow.com/q/64776308"", ""64776308"")",0.513829619092777,"0","99"
"=HYPERLINK(""https://stackoverflow.com/q/64935714"", ""64935714"")",0.2608962553713935,"0","30"
"=HYPERLINK(""https://stackoverflow.com/q/64948896"", ""64948896"")",0.3606837606837607,"0","800"
"=HYPERLINK(""https://stackoverflow.com/q/64963954"", ""64963954"")",0.3229778897285194,"0","183"
"=HYPERLINK(""https://stackoverflow.com/q/65028554"", ""65028554"")",0.7354752342704148,"0","104"
"=HYPERLINK(""https://stackoverflow.com/q/65124133"", ""65124133"")",0.4863351254480286,"0","32"
"=HYPERLINK(""https://stackoverflow.com/q/65130995"", ""65130995"")",0.5770609318996414,"0","61"
"=HYPERLINK(""https://stackoverflow.com/q/65179104"", ""65179104"")",0.5185974887467425,"1","870"
"=HYPERLINK(""https://stackoverflow.com/q/65295340"", ""65295340"")",0.455988455988456,"1","198"
"=HYPERLINK(""https://stackoverflow.com/q/65492352"", ""65492352"")",0.4191195969238928,"0","323"
"=HYPERLINK(""https://stackoverflow.com/q/65513984"", ""65513984"")",0.607764390896921,"0","32"
"=HYPERLINK(""https://stackoverflow.com/q/65556516"", ""65556516"")",0.4549092028316404,"0","163"
"=HYPERLINK(""https://stackoverflow.com/q/65676995"", ""65676995"")",0.4086629001883238,"0","24"
"=HYPERLINK(""https://stackoverflow.com/q/65705022"", ""65705022"")",0.3325670498084291,"0","20"
"=HYPERLINK(""https://stackoverflow.com/q/65732531"", ""65732531"")",0.6011847582452772,"0","67"
"=HYPERLINK(""https://stackoverflow.com/q/65940801"", ""65940801"")",0.5908380623406533,"0","22"
"=HYPERLINK(""https://stackoverflow.com/q/65991865"", ""65991865"")",0.3405428329092452,"0","56"
"=HYPERLINK(""https://stackoverflow.com/q/66085796"", ""66085796"")",0.8593903638151427,"0","26"
"=HYPERLINK(""https://stackoverflow.com/q/66089642"", ""66089642"")",0.4590643274853802,"0","8"
"=HYPERLINK(""https://stackoverflow.com/q/66236720"", ""66236720"")",0.5529308836395452,"0","12"
"=HYPERLINK(""https://stackoverflow.com/q/66260272"", ""66260272"")",0.2961008501905601,"1","46"
"=HYPERLINK(""https://stackoverflow.com/q/66354210"", ""66354210"")",0.9092451229855812,"0","16"
"=HYPERLINK(""https://stackoverflow.com/q/66522256"", ""66522256"")",0.4092451229855811,"0","153"
"=HYPERLINK(""https://stackoverflow.com/q/66559134"", ""66559134"")",0.6028450595924646,"0","42"
"=HYPERLINK(""https://stackoverflow.com/q/66783706"", ""66783706"")",0.8000910746812386,"0","16"
"=HYPERLINK(""https://stackoverflow.com/q/66814593"", ""66814593"")",0.440215301806997,"0","13"
"=HYPERLINK(""https://stackoverflow.com/q/66900176"", ""66900176"")",0.4821006416751098,"0","89"
"=HYPERLINK(""https://stackoverflow.com/q/66984815"", ""66984815"")",0.2738827388273883,"1","34"
"=HYPERLINK(""https://stackoverflow.com/q/67005932"", ""67005932"")",0.3466461853558624,"0","18"
"=HYPERLINK(""https://stackoverflow.com/q/67029110"", ""67029110"")",0.5869763205828781,"1","21"
"=HYPERLINK(""https://stackoverflow.com/q/67304482"", ""67304482"")",0.4702060931899641,"0","20"
"=HYPERLINK(""https://stackoverflow.com/q/67308992"", ""67308992"")",0.3287439613526569,"0","34"
"=HYPERLINK(""https://stackoverflow.com/q/67341997"", ""67341997"")",0.7747084100675262,"0","22"
"=HYPERLINK(""https://stackoverflow.com/q/67417958"", ""67417958"")",0.452991452991453,"0","4"
"=HYPERLINK(""https://stackoverflow.com/q/67466750"", ""67466750"")",0.5858585858585857,"0","30"
"=HYPERLINK(""https://stackoverflow.com/q/67561804"", ""67561804"")",0.4825772518080211,"0","28"
"=HYPERLINK(""https://stackoverflow.com/q/67611292"", ""67611292"")",0.43694614860259,"0","14"
"=HYPERLINK(""https://stackoverflow.com/q/67673930"", ""67673930"")",0.3242177876324216,"0","16"
"=HYPERLINK(""https://stackoverflow.com/q/67676185"", ""67676185"")",0.5902871748609233,"0","13"
"=HYPERLINK(""https://stackoverflow.com/q/67724447"", ""67724447"")",0.9281045751633988,"0","12"
