link,Correlation
"=HYPERLINK(""https://stackoverflow.com/a/2055585"", ""2055585"")",0.3842775581906014
"=HYPERLINK(""https://stackoverflow.com/a/4079478"", ""4079478"")",0.2949494949494949
"=HYPERLINK(""https://stackoverflow.com/a/4358983"", ""4358983"")",0.4222222222222226
"=HYPERLINK(""https://stackoverflow.com/a/4563526"", ""4563526"")",0.4232272473478501
"=HYPERLINK(""https://stackoverflow.com/a/4890868"", ""4890868"")",0.7810457516339869
"=HYPERLINK(""https://stackoverflow.com/a/4900597"", ""4900597"")",0.6727716727716728
"=HYPERLINK(""https://stackoverflow.com/a/4960268"", ""4960268"")",0.5138033310517907
"=HYPERLINK(""https://stackoverflow.com/a/4971405"", ""4971405"")",0.486052009456265
"=HYPERLINK(""https://stackoverflow.com/a/5674869"", ""5674869"")",0.3886390138264205
"=HYPERLINK(""https://stackoverflow.com/a/5944387"", ""5944387"")",0.5209235209235203
"=HYPERLINK(""https://stackoverflow.com/a/6065484"", ""6065484"")",0.5305226174791388
"=HYPERLINK(""https://stackoverflow.com/a/6449475"", ""6449475"")",0.31811263318112637
"=HYPERLINK(""https://stackoverflow.com/a/6564937"", ""6564937"")",0.4791029561671765
"=HYPERLINK(""https://stackoverflow.com/a/7375210"", ""7375210"")",0.6050152396785807
"=HYPERLINK(""https://stackoverflow.com/a/7699893"", ""7699893"")",0.2874396135265702
"=HYPERLINK(""https://stackoverflow.com/a/7834611"", ""7834611"")",0.22683051715309752
"=HYPERLINK(""https://stackoverflow.com/a/8235678"", ""8235678"")",0.45724526369687607
"=HYPERLINK(""https://stackoverflow.com/a/8732011"", ""8732011"")",0.5712155108128264
"=HYPERLINK(""https://stackoverflow.com/a/8751487"", ""8751487"")",0.4785036292573978
"=HYPERLINK(""https://stackoverflow.com/a/8765250"", ""8765250"")",0.9115839243498819
"=HYPERLINK(""https://stackoverflow.com/a/8809128"", ""8809128"")",0.7153097798259082
"=HYPERLINK(""https://stackoverflow.com/a/9124643"", ""9124643"")",0.3900074571215513
"=HYPERLINK(""https://stackoverflow.com/a/9224591"", ""9224591"")",0.8322222222222216
"=HYPERLINK(""https://stackoverflow.com/a/9259664"", ""9259664"")",0.452991452991453
"=HYPERLINK(""https://stackoverflow.com/a/9261825"", ""9261825"")",0.6293883460007237
"=HYPERLINK(""https://stackoverflow.com/a/9265257"", ""9265257"")",0.46798493408662856
"=HYPERLINK(""https://stackoverflow.com/a/9490903"", ""9490903"")",0.73362287368802
"=HYPERLINK(""https://stackoverflow.com/a/9501512"", ""9501512"")",0.7191547375596449
"=HYPERLINK(""https://stackoverflow.com/a/9573142"", ""9573142"")",0.7065972222222229
"=HYPERLINK(""https://stackoverflow.com/a/9593044"", ""9593044"")",0.5880758807588072
"=HYPERLINK(""https://stackoverflow.com/a/9640388"", ""9640388"")",0.7167277167277168
"=HYPERLINK(""https://stackoverflow.com/a/9729473"", ""9729473"")",0.26455798864557994
"=HYPERLINK(""https://stackoverflow.com/a/9819996"", ""9819996"")",0.5271002710027097
"=HYPERLINK(""https://stackoverflow.com/a/9981060"", ""9981060"")",0.801078374735221
"=HYPERLINK(""https://stackoverflow.com/a/10164744"", ""10164744"")",0.8663940013633257
"=HYPERLINK(""https://stackoverflow.com/a/10610075"", ""10610075"")",0.6365868631062002
"=HYPERLINK(""https://stackoverflow.com/a/10635822"", ""10635822"")",0.6369687660010235
"=HYPERLINK(""https://stackoverflow.com/a/10658952"", ""10658952"")",0.17497812773403343
"=HYPERLINK(""https://stackoverflow.com/a/10660554"", ""10660554"")",0.6546981064665955
"=HYPERLINK(""https://stackoverflow.com/a/10808783"", ""10808783"")",0.5522222222222217
"=HYPERLINK(""https://stackoverflow.com/a/11070091"", ""11070091"")",0.4070651057712059
"=HYPERLINK(""https://stackoverflow.com/a/11146334"", ""11146334"")",0.4722222222222225
"=HYPERLINK(""https://stackoverflow.com/a/11263484"", ""11263484"")",0.5222222222222223
"=HYPERLINK(""https://stackoverflow.com/a/11308336"", ""11308336"")",0.6531614487415595
"=HYPERLINK(""https://stackoverflow.com/a/11405199"", ""11405199"")",0.6099773242630394
"=HYPERLINK(""https://stackoverflow.com/a/11570594"", ""11570594"")",0.6431667807437824
"=HYPERLINK(""https://stackoverflow.com/a/11829600"", ""11829600"")",0.4820762368207628
"=HYPERLINK(""https://stackoverflow.com/a/12298429"", ""12298429"")",0.45380116959064376
"=HYPERLINK(""https://stackoverflow.com/a/12370138"", ""12370138"")",0.5357213341227552
"=HYPERLINK(""https://stackoverflow.com/a/12513485"", ""12513485"")",0.4210661528580604
"=HYPERLINK(""https://stackoverflow.com/a/12580730"", ""12580730"")",0.28837008214440113
"=HYPERLINK(""https://stackoverflow.com/a/12936723"", ""12936723"")",0.3842775581906014
"=HYPERLINK(""https://stackoverflow.com/a/13239738"", ""13239738"")",0.7303303303303296
"=HYPERLINK(""https://stackoverflow.com/a/13730421"", ""13730421"")",0.4876861397479953
"=HYPERLINK(""https://stackoverflow.com/a/14113637"", ""14113637"")",0.5964553510565777
"=HYPERLINK(""https://stackoverflow.com/a/14334240"", ""14334240"")",0.5800203873598371
"=HYPERLINK(""https://stackoverflow.com/a/14881965"", ""14881965"")",0.5885012919896636
"=HYPERLINK(""https://stackoverflow.com/a/15151768"", ""15151768"")",0.6507936507936499
"=HYPERLINK(""https://stackoverflow.com/a/15962192"", ""15962192"")",0.9032038173142458
"=HYPERLINK(""https://stackoverflow.com/a/16050354"", ""16050354"")",0.545751633986928
"=HYPERLINK(""https://stackoverflow.com/a/16331966"", ""16331966"")",0.3832391713747643
"=HYPERLINK(""https://stackoverflow.com/a/17069177"", ""17069177"")",0.3832391713747642
"=HYPERLINK(""https://stackoverflow.com/a/17073955"", ""17073955"")",0.43733850129198937
"=HYPERLINK(""https://stackoverflow.com/a/17180705"", ""17180705"")",0.5947054436987326
"=HYPERLINK(""https://stackoverflow.com/a/17484855"", ""17484855"")",0.4319651180273645
"=HYPERLINK(""https://stackoverflow.com/a/17539009"", ""17539009"")",0.6947496947496948
"=HYPERLINK(""https://stackoverflow.com/a/17582735"", ""17582735"")",0.40167912895185587
"=HYPERLINK(""https://stackoverflow.com/a/17886901"", ""17886901"")",0.4884559884559882
"=HYPERLINK(""https://stackoverflow.com/a/18465876"", ""18465876"")",0.5337800111669455
"=HYPERLINK(""https://stackoverflow.com/a/18484359"", ""18484359"")",0.33910533910533885
"=HYPERLINK(""https://stackoverflow.com/a/19971551"", ""19971551"")",0.6842475386779181
"=HYPERLINK(""https://stackoverflow.com/a/20068985"", ""20068985"")",0.5891946992864426
"=HYPERLINK(""https://stackoverflow.com/a/20324442"", ""20324442"")",0.5837857401375316
"=HYPERLINK(""https://stackoverflow.com/a/20543672"", ""20543672"")",0.36928104575163395
"=HYPERLINK(""https://stackoverflow.com/a/20769033"", ""20769033"")",0.8773946360153259
"=HYPERLINK(""https://stackoverflow.com/a/20817173"", ""20817173"")",0.40153256704980844
"=HYPERLINK(""https://stackoverflow.com/a/21254020"", ""21254020"")",0.36976320582878003
"=HYPERLINK(""https://stackoverflow.com/a/22031065"", ""22031065"")",0.4300144300144299
"=HYPERLINK(""https://stackoverflow.com/a/22103852"", ""22103852"")",0.6694584031267443
"=HYPERLINK(""https://stackoverflow.com/a/22306403"", ""22306403"")",0.4417344173441732
"=HYPERLINK(""https://stackoverflow.com/a/22728206"", ""22728206"")",0.42405708460754343
"=HYPERLINK(""https://stackoverflow.com/a/22789670"", ""22789670"")",0.83639545056868
"=HYPERLINK(""https://stackoverflow.com/a/22810905"", ""22810905"")",0.6116959064327492
"=HYPERLINK(""https://stackoverflow.com/a/22832213"", ""22832213"")",0.5590643274853808
"=HYPERLINK(""https://stackoverflow.com/a/22881834"", ""22881834"")",0.5455755156353956
"=HYPERLINK(""https://stackoverflow.com/a/22971781"", ""22971781"")",0.5073286052009458
"=HYPERLINK(""https://stackoverflow.com/a/23081235"", ""23081235"")",0.35166745693061496
"=HYPERLINK(""https://stackoverflow.com/a/23228850"", ""23228850"")",0.6502665026650267
"=HYPERLINK(""https://stackoverflow.com/a/23308734"", ""23308734"")",0.606695420004108
"=HYPERLINK(""https://stackoverflow.com/a/23353442"", ""23353442"")",0.9056393076493573
"=HYPERLINK(""https://stackoverflow.com/a/23553543"", ""23553543"")",0.6722222222222217
"=HYPERLINK(""https://stackoverflow.com/a/23569191"", ""23569191"")",0.5880758807588073
"=HYPERLINK(""https://stackoverflow.com/a/23672640"", ""23672640"")",0.41779417794177953
"=HYPERLINK(""https://stackoverflow.com/a/23890520"", ""23890520"")",0.38786639400136297
"=HYPERLINK(""https://stackoverflow.com/a/24002300"", ""24002300"")",0.4840023269342636
"=HYPERLINK(""https://stackoverflow.com/a/24443163"", ""24443163"")",0.4440044004400437
"=HYPERLINK(""https://stackoverflow.com/a/25120381"", ""25120381"")",0.5187647754137111
"=HYPERLINK(""https://stackoverflow.com/a/25195164"", ""25195164"")",0.2529914529914529
"=HYPERLINK(""https://stackoverflow.com/a/25680415"", ""25680415"")",0.704518872939926
"=HYPERLINK(""https://stackoverflow.com/a/25713250"", ""25713250"")",0.7568482610033859
"=HYPERLINK(""https://stackoverflow.com/a/26006596"", ""26006596"")",0.5023525153818311
"=HYPERLINK(""https://stackoverflow.com/a/26442546"", ""26442546"")",0.40972222222222204
"=HYPERLINK(""https://stackoverflow.com/a/26839658"", ""26839658"")",0.562222222222222
"=HYPERLINK(""https://stackoverflow.com/a/27116681"", ""27116681"")",0.49213372664700133
"=HYPERLINK(""https://stackoverflow.com/a/27125782"", ""27125782"")",0.7564687975646879
"=HYPERLINK(""https://stackoverflow.com/a/27309121"", ""27309121"")",0.4100675260896256
"=HYPERLINK(""https://stackoverflow.com/a/27482499"", ""27482499"")",0.6702741702741699
"=HYPERLINK(""https://stackoverflow.com/a/27521465"", ""27521465"")",0.5688131313131309
"=HYPERLINK(""https://stackoverflow.com/a/27567749"", ""27567749"")",0.6072637734687597
"=HYPERLINK(""https://stackoverflow.com/a/27741905"", ""27741905"")",0.7100271002710025
"=HYPERLINK(""https://stackoverflow.com/a/28029387"", ""28029387"")",0.37552410901467514
"=HYPERLINK(""https://stackoverflow.com/a/28330940"", ""28330940"")",0.7277167277167278
"=HYPERLINK(""https://stackoverflow.com/a/28495333"", ""28495333"")",0.40922697658038404
"=HYPERLINK(""https://stackoverflow.com/a/28869341"", ""28869341"")",0.5509893455098933
"=HYPERLINK(""https://stackoverflow.com/a/29570872"", ""29570872"")",0.3940013633265165
"=HYPERLINK(""https://stackoverflow.com/a/29594404"", ""29594404"")",0.46332894158981075
"=HYPERLINK(""https://stackoverflow.com/a/29750281"", ""29750281"")",0.7659722222222232
"=HYPERLINK(""https://stackoverflow.com/a/29809362"", ""29809362"")",0.6776677667766774
"=HYPERLINK(""https://stackoverflow.com/a/29905908"", ""29905908"")",0.39400136332651625
"=HYPERLINK(""https://stackoverflow.com/a/30511042"", ""30511042"")",0.5222222222222225
"=HYPERLINK(""https://stackoverflow.com/a/30524718"", ""30524718"")",0.5258366800535471
"=HYPERLINK(""https://stackoverflow.com/a/30746438"", ""30746438"")",0.3822856136643778
"=HYPERLINK(""https://stackoverflow.com/a/32130037"", ""32130037"")",0.2830124957784532
"=HYPERLINK(""https://stackoverflow.com/a/32334235"", ""32334235"")",0.7635066258919473
"=HYPERLINK(""https://stackoverflow.com/a/33064951"", ""33064951"")",0.6087252897068842
"=HYPERLINK(""https://stackoverflow.com/a/33364967"", ""33364967"")",0.3797025371828526
"=HYPERLINK(""https://stackoverflow.com/a/34033576"", ""34033576"")",0.6394001363326511
"=HYPERLINK(""https://stackoverflow.com/a/34111035"", ""34111035"")",0.8040404040404041
"=HYPERLINK(""https://stackoverflow.com/a/36768300"", ""36768300"")",0.5089869281045751
"=HYPERLINK(""https://stackoverflow.com/a/37985492"", ""37985492"")",0.2980842911877396
"=HYPERLINK(""https://stackoverflow.com/a/38238327"", ""38238327"")",0.40972222222222254
"=HYPERLINK(""https://stackoverflow.com/a/38469178"", ""38469178"")",0.6748161399324193
"=HYPERLINK(""https://stackoverflow.com/a/39848975"", ""39848975"")",0.47339044652128776
"=HYPERLINK(""https://stackoverflow.com/a/39902082"", ""39902082"")",0.6742770167427702
"=HYPERLINK(""https://stackoverflow.com/a/40098312"", ""40098312"")",0.2799589427764947
"=HYPERLINK(""https://stackoverflow.com/a/40408427"", ""40408427"")",0.31313131313131315
"=HYPERLINK(""https://stackoverflow.com/a/40578334"", ""40578334"")",0.4748079598378997
"=HYPERLINK(""https://stackoverflow.com/a/41510146"", ""41510146"")",0.3676767676767676
"=HYPERLINK(""https://stackoverflow.com/a/42210329"", ""42210329"")",0.36294078509647365
"=HYPERLINK(""https://stackoverflow.com/a/42822351"", ""42822351"")",0.9001883239171367
"=HYPERLINK(""https://stackoverflow.com/a/43863103"", ""43863103"")",0.414882772680938
"=HYPERLINK(""https://stackoverflow.com/a/44242255"", ""44242255"")",0.32651670074982936
"=HYPERLINK(""https://stackoverflow.com/a/44679145"", ""44679145"")",0.33181126331811267
"=HYPERLINK(""https://stackoverflow.com/a/44827262"", ""44827262"")",0.42002442002442014
"=HYPERLINK(""https://stackoverflow.com/a/45728663"", ""45728663"")",0.30186823992133743
"=HYPERLINK(""https://stackoverflow.com/a/45808436"", ""45808436"")",0.5578623606305262
"=HYPERLINK(""https://stackoverflow.com/a/45923300"", ""45923300"")",0.734517304189436
"=HYPERLINK(""https://stackoverflow.com/a/46608300"", ""46608300"")",0.5427701674277017
"=HYPERLINK(""https://stackoverflow.com/a/46744709"", ""46744709"")",0.44097222222222243
"=HYPERLINK(""https://stackoverflow.com/a/46748187"", ""46748187"")",0.37290715372907146
"=HYPERLINK(""https://stackoverflow.com/a/46916835"", ""46916835"")",0.870421668205602
"=HYPERLINK(""https://stackoverflow.com/a/47322339"", ""47322339"")",0.4567049808429118
"=HYPERLINK(""https://stackoverflow.com/a/47587129"", ""47587129"")",0.41499330655957134
"=HYPERLINK(""https://stackoverflow.com/a/47649572"", ""47649572"")",0.44240570846075455
"=HYPERLINK(""https://stackoverflow.com/a/47852094"", ""47852094"")",0.35581000848176453
"=HYPERLINK(""https://stackoverflow.com/a/48067247"", ""48067247"")",0.47794741306191757
"=HYPERLINK(""https://stackoverflow.com/a/48234243"", ""48234243"")",0.3183760683760684
"=HYPERLINK(""https://stackoverflow.com/a/48567347"", ""48567347"")",0.4195195195195194
"=HYPERLINK(""https://stackoverflow.com/a/48668395"", ""48668395"")",0.5781544256120524
"=HYPERLINK(""https://stackoverflow.com/a/49074694"", ""49074694"")",0.5388449135150983
"=HYPERLINK(""https://stackoverflow.com/a/49621336"", ""49621336"")",0.48158051099227583
"=HYPERLINK(""https://stackoverflow.com/a/49885432"", ""49885432"")",0.4567354965585057
"=HYPERLINK(""https://stackoverflow.com/a/50230180"", ""50230180"")",0.5428329092451236
"=HYPERLINK(""https://stackoverflow.com/a/50364189"", ""50364189"")",0.5734880450070319
"=HYPERLINK(""https://stackoverflow.com/a/50461525"", ""50461525"")",0.6293650793650795
"=HYPERLINK(""https://stackoverflow.com/a/50586667"", ""50586667"")",0.9247538677918417
"=HYPERLINK(""https://stackoverflow.com/a/50989654"", ""50989654"")",0.6886253842775576
"=HYPERLINK(""https://stackoverflow.com/a/52086065"", ""52086065"")",0.6090146750524109
"=HYPERLINK(""https://stackoverflow.com/a/53087598"", ""53087598"")",0.3545751633986928
"=HYPERLINK(""https://stackoverflow.com/a/53106332"", ""53106332"")",0.35137351373513753
"=HYPERLINK(""https://stackoverflow.com/a/53568558"", ""53568558"")",0.3582856304124467
"=HYPERLINK(""https://stackoverflow.com/a/53607075"", ""53607075"")",0.40602567991103056
"=HYPERLINK(""https://stackoverflow.com/a/53802689"", ""53802689"")",0.40454266421117246
"=HYPERLINK(""https://stackoverflow.com/a/54084886"", ""54084886"")",0.5972222222222224
"=HYPERLINK(""https://stackoverflow.com/a/54326339"", ""54326339"")",0.3583924349881798
"=HYPERLINK(""https://stackoverflow.com/a/55638547"", ""55638547"")",0.722222222222223
"=HYPERLINK(""https://stackoverflow.com/a/55730851"", ""55730851"")",0.40404040404040364
"=HYPERLINK(""https://stackoverflow.com/a/55768685"", ""55768685"")",0.31597222222222254
"=HYPERLINK(""https://stackoverflow.com/a/55929649"", ""55929649"")",0.35636856368563663
"=HYPERLINK(""https://stackoverflow.com/a/56024322"", ""56024322"")",0.4188981224992306
"=HYPERLINK(""https://stackoverflow.com/a/56034159"", ""56034159"")",0.5874396135265701
"=HYPERLINK(""https://stackoverflow.com/a/56266023"", ""56266023"")",0.8919681806517834
"=HYPERLINK(""https://stackoverflow.com/a/56347741"", ""56347741"")",0.2886428864288644
"=HYPERLINK(""https://stackoverflow.com/a/56366479"", ""56366479"")",0.7663398692810458
"=HYPERLINK(""https://stackoverflow.com/a/56449235"", ""56449235"")",0.5983155166828645
"=HYPERLINK(""https://stackoverflow.com/a/57745683"", ""57745683"")",0.44342037890424935
"=HYPERLINK(""https://stackoverflow.com/a/57872346"", ""57872346"")",0.48396718866517546
"=HYPERLINK(""https://stackoverflow.com/a/58384964"", ""58384964"")",0.39193501595590385
"=HYPERLINK(""https://stackoverflow.com/a/58417277"", ""58417277"")",0.27657004830917853
"=HYPERLINK(""https://stackoverflow.com/a/58524855"", ""58524855"")",0.4583845838458385
"=HYPERLINK(""https://stackoverflow.com/a/58561396"", ""58561396"")",0.7417344173441732
"=HYPERLINK(""https://stackoverflow.com/a/58688989"", ""58688989"")",0.37402945113788466
"=HYPERLINK(""https://stackoverflow.com/a/59134886"", ""59134886"")",0.2812562114887698
"=HYPERLINK(""https://stackoverflow.com/a/59140170"", ""59140170"")",0.47485380116959114
"=HYPERLINK(""https://stackoverflow.com/a/60396651"", ""60396651"")",0.6116362108800675
"=HYPERLINK(""https://stackoverflow.com/a/60547215"", ""60547215"")",0.4864658371534596
"=HYPERLINK(""https://stackoverflow.com/a/60635755"", ""60635755"")",0.2810457516339868
"=HYPERLINK(""https://stackoverflow.com/a/61105283"", ""61105283"")",0.35415810384984237
"=HYPERLINK(""https://stackoverflow.com/a/61820476"", ""61820476"")",0.3185725871857261
"=HYPERLINK(""https://stackoverflow.com/a/61860653"", ""61860653"")",0.272473478503629
"=HYPERLINK(""https://stackoverflow.com/a/61961303"", ""61961303"")",0.19139745132524916
"=HYPERLINK(""https://stackoverflow.com/a/62399838"", ""62399838"")",0.5222222222222224
"=HYPERLINK(""https://stackoverflow.com/a/62565437"", ""62565437"")",0.5417780519569536
"=HYPERLINK(""https://stackoverflow.com/a/63011707"", ""63011707"")",0.37182852143482104
"=HYPERLINK(""https://stackoverflow.com/a/63318037"", ""63318037"")",0.2222222222222219
"=HYPERLINK(""https://stackoverflow.com/a/63801533"", ""63801533"")",0.21415770609319015
"=HYPERLINK(""https://stackoverflow.com/a/63819214"", ""63819214"")",0.357154755955356
"=HYPERLINK(""https://stackoverflow.com/a/64286296"", ""64286296"")",0.32313965341488293
"=HYPERLINK(""https://stackoverflow.com/a/64543614"", ""64543614"")",0.3407690673465054
"=HYPERLINK(""https://stackoverflow.com/a/64900579"", ""64900579"")",0.6782482808541439
"=HYPERLINK(""https://stackoverflow.com/a/65025472"", ""65025472"")",0.759522399842116
"=HYPERLINK(""https://stackoverflow.com/a/65111757"", ""65111757"")",0.2761952357154758
"=HYPERLINK(""https://stackoverflow.com/a/65372809"", ""65372809"")",0.32166973603437704
"=HYPERLINK(""https://stackoverflow.com/a/65381829"", ""65381829"")",0.3447518664909967
"=HYPERLINK(""https://stackoverflow.com/a/65717974"", ""65717974"")",0.7052730696798488
"=HYPERLINK(""https://stackoverflow.com/a/66449697"", ""66449697"")",0.8578154425612046
"=HYPERLINK(""https://stackoverflow.com/a/67329767"", ""67329767"")",0.28927761580822825
"=HYPERLINK(""https://stackoverflow.com/a/67343026"", ""67343026"")",0.7032348804500698
"=HYPERLINK(""https://stackoverflow.com/a/67528665"", ""67528665"")",0.5891577060931903
"=HYPERLINK(""https://stackoverflow.com/a/67576760"", ""67576760"")",0.25371828521434847
"=HYPERLINK(""https://stackoverflow.com/a/67664354"", ""67664354"")",0.2928104575163397
