link,Correlation
"=HYPERLINK(""https://stackoverflow.com/a/378757"", ""378757"")",0.35024370834576735
"=HYPERLINK(""https://stackoverflow.com/a/599956"", ""599956"")",0.27974434611602766
"=HYPERLINK(""https://stackoverflow.com/a/1617673"", ""1617673"")",0.29400036251586004
"=HYPERLINK(""https://stackoverflow.com/a/2068799"", ""2068799"")",0.42405708460754343
"=HYPERLINK(""https://stackoverflow.com/a/2253017"", ""2253017"")",0.4439613526570043
"=HYPERLINK(""https://stackoverflow.com/a/3347962"", ""3347962"")",0.3977418527072107
"=HYPERLINK(""https://stackoverflow.com/a/4201377"", ""4201377"")",0.46150793650793653
"=HYPERLINK(""https://stackoverflow.com/a/4512146"", ""4512146"")",0.42647754137115856
"=HYPERLINK(""https://stackoverflow.com/a/4637938"", ""4637938"")",0.3483760683760686
"=HYPERLINK(""https://stackoverflow.com/a/5262051"", ""5262051"")",0.43158182813355206
"=HYPERLINK(""https://stackoverflow.com/a/5642574"", ""5642574"")",0.4330330330330329
"=HYPERLINK(""https://stackoverflow.com/a/5660782"", ""5660782"")",0.20696563415010025
"=HYPERLINK(""https://stackoverflow.com/a/6830585"", ""6830585"")",0.4865079365079365
"=HYPERLINK(""https://stackoverflow.com/a/6928301"", ""6928301"")",0.5452310717797445
"=HYPERLINK(""https://stackoverflow.com/a/6976432"", ""6976432"")",0.3781855249745158
"=HYPERLINK(""https://stackoverflow.com/a/7668831"", ""7668831"")",0.6636448163644815
"=HYPERLINK(""https://stackoverflow.com/a/7686597"", ""7686597"")",0.3255385487528343
"=HYPERLINK(""https://stackoverflow.com/a/7686711"", ""7686711"")",0.2642069550466498
"=HYPERLINK(""https://stackoverflow.com/a/7866067"", ""7866067"")",0.4551767676767675
"=HYPERLINK(""https://stackoverflow.com/a/7948252"", ""7948252"")",0.4350502105604147
"=HYPERLINK(""https://stackoverflow.com/a/8138426"", ""8138426"")",0.6744835287548853
"=HYPERLINK(""https://stackoverflow.com/a/8158210"", ""8158210"")",0.27764390896921015
"=HYPERLINK(""https://stackoverflow.com/a/8170188"", ""8170188"")",0.5647636586863107
"=HYPERLINK(""https://stackoverflow.com/a/8230866"", ""8230866"")",0.8010399562123695
"=HYPERLINK(""https://stackoverflow.com/a/8318733"", ""8318733"")",0.4905149051490512
"=HYPERLINK(""https://stackoverflow.com/a/8403884"", ""8403884"")",0.8101619207146842
"=HYPERLINK(""https://stackoverflow.com/a/8513652"", ""8513652"")",0.21787439613526546
"=HYPERLINK(""https://stackoverflow.com/a/8533549"", ""8533549"")",0.4911877394636016
"=HYPERLINK(""https://stackoverflow.com/a/8671565"", ""8671565"")",0.712222222222222
"=HYPERLINK(""https://stackoverflow.com/a/8684270"", ""8684270"")",0.3808429118773946
"=HYPERLINK(""https://stackoverflow.com/a/9160892"", ""9160892"")",0.4681238615664848
"=HYPERLINK(""https://stackoverflow.com/a/9570930"", ""9570930"")",0.7642069550466503
"=HYPERLINK(""https://stackoverflow.com/a/9688446"", ""9688446"")",0.4748173779315645
"=HYPERLINK(""https://stackoverflow.com/a/9815711"", ""9815711"")",0.47419072615923025
"=HYPERLINK(""https://stackoverflow.com/a/10046197"", ""10046197"")",0.5906432748538014
"=HYPERLINK(""https://stackoverflow.com/a/10192081"", ""10192081"")",0.6268464996788697
"=HYPERLINK(""https://stackoverflow.com/a/10211144"", ""10211144"")",0.3576068376068378
"=HYPERLINK(""https://stackoverflow.com/a/10251858"", ""10251858"")",0.4763658686310621
"=HYPERLINK(""https://stackoverflow.com/a/10262538"", ""10262538"")",0.44078509647371894
"=HYPERLINK(""https://stackoverflow.com/a/10621549"", ""10621549"")",0.7840998893630475
"=HYPERLINK(""https://stackoverflow.com/a/10628857"", ""10628857"")",0.2859014675052411
"=HYPERLINK(""https://stackoverflow.com/a/10642104"", ""10642104"")",0.42110401135960224
"=HYPERLINK(""https://stackoverflow.com/a/10692432"", ""10692432"")",0.5287977986526232
"=HYPERLINK(""https://stackoverflow.com/a/10793523"", ""10793523"")",0.7897897897897894
"=HYPERLINK(""https://stackoverflow.com/a/10829533"", ""10829533"")",0.5858585858585856
"=HYPERLINK(""https://stackoverflow.com/a/10887451"", ""10887451"")",0.4169590643274856
"=HYPERLINK(""https://stackoverflow.com/a/10982436"", ""10982436"")",0.4222222222222221
"=HYPERLINK(""https://stackoverflow.com/a/10998164"", ""10998164"")",0.582516339869281
"=HYPERLINK(""https://stackoverflow.com/a/11003101"", ""11003101"")",0.3579006141820209
"=HYPERLINK(""https://stackoverflow.com/a/11056825"", ""11056825"")",0.2519251925192519
"=HYPERLINK(""https://stackoverflow.com/a/11341045"", ""11341045"")",0.3974633797784924
"=HYPERLINK(""https://stackoverflow.com/a/11523849"", ""11523849"")",0.6824298346789693
"=HYPERLINK(""https://stackoverflow.com/a/11550780"", ""11550780"")",0.9060457516339869
"=HYPERLINK(""https://stackoverflow.com/a/11587071"", ""11587071"")",0.26656812022665666
"=HYPERLINK(""https://stackoverflow.com/a/11673448"", ""11673448"")",0.5014430014430014
"=HYPERLINK(""https://stackoverflow.com/a/11876980"", ""11876980"")",0.4062713019768233
"=HYPERLINK(""https://stackoverflow.com/a/12177461"", ""12177461"")",0.4274109014675052
"=HYPERLINK(""https://stackoverflow.com/a/12407747"", ""12407747"")",0.49494949494949486
"=HYPERLINK(""https://stackoverflow.com/a/12496687"", ""12496687"")",0.3602312719959778
"=HYPERLINK(""https://stackoverflow.com/a/12513402"", ""12513402"")",0.4190726159230099
"=HYPERLINK(""https://stackoverflow.com/a/12647312"", ""12647312"")",0.6342825237297597
"=HYPERLINK(""https://stackoverflow.com/a/12698166"", ""12698166"")",0.44300144300144256
"=HYPERLINK(""https://stackoverflow.com/a/12749190"", ""12749190"")",0.5089869281045751
"=HYPERLINK(""https://stackoverflow.com/a/12909873"", ""12909873"")",0.2949494949494949
"=HYPERLINK(""https://stackoverflow.com/a/13022274"", ""13022274"")",0.36460632818248706
"=HYPERLINK(""https://stackoverflow.com/a/13375667"", ""13375667"")",0.2520729684908792
"=HYPERLINK(""https://stackoverflow.com/a/13526928"", ""13526928"")",0.4489046307228123
"=HYPERLINK(""https://stackoverflow.com/a/13562436"", ""13562436"")",0.3996058142399605
"=HYPERLINK(""https://stackoverflow.com/a/13845351"", ""13845351"")",0.22222222222222238
"=HYPERLINK(""https://stackoverflow.com/a/14209574"", ""14209574"")",0.43594253884491363
"=HYPERLINK(""https://stackoverflow.com/a/14215492"", ""14215492"")",0.619482496194825
"=HYPERLINK(""https://stackoverflow.com/a/14602654"", ""14602654"")",0.3791989664082686
"=HYPERLINK(""https://stackoverflow.com/a/14919697"", ""14919697"")",0.4266421117249848
"=HYPERLINK(""https://stackoverflow.com/a/14960765"", ""14960765"")",0.11695906432748544
"=HYPERLINK(""https://stackoverflow.com/a/15355464"", ""15355464"")",0.5400793650793652
"=HYPERLINK(""https://stackoverflow.com/a/15423328"", ""15423328"")",0.2902007553170345
"=HYPERLINK(""https://stackoverflow.com/a/15797580"", ""15797580"")",0.3025793650793648
"=HYPERLINK(""https://stackoverflow.com/a/15800326"", ""15800326"")",0.5138228561366438
"=HYPERLINK(""https://stackoverflow.com/a/15891214"", ""15891214"")",0.4436755094194539
"=HYPERLINK(""https://stackoverflow.com/a/15996151"", ""15996151"")",0.6534148827726811
"=HYPERLINK(""https://stackoverflow.com/a/16316888"", ""16316888"")",0.33582856304124464
"=HYPERLINK(""https://stackoverflow.com/a/16663099"", ""16663099"")",0.6895589056393073
"=HYPERLINK(""https://stackoverflow.com/a/16663626"", ""16663626"")",0.6815056098443719
"=HYPERLINK(""https://stackoverflow.com/a/16692052"", ""16692052"")",0.6394001363326512
"=HYPERLINK(""https://stackoverflow.com/a/16716615"", ""16716615"")",0.5313131313131314
"=HYPERLINK(""https://stackoverflow.com/a/16977808"", ""16977808"")",0.5488553880513677
"=HYPERLINK(""https://stackoverflow.com/a/17064473"", ""17064473"")",0.4868376068376071
"=HYPERLINK(""https://stackoverflow.com/a/17200349"", ""17200349"")",0.540213854021385
"=HYPERLINK(""https://stackoverflow.com/a/17852571"", ""17852571"")",0.4189435336976324
"=HYPERLINK(""https://stackoverflow.com/a/17853893"", ""17853893"")",0.4975386779184245
"=HYPERLINK(""https://stackoverflow.com/a/18016116"", ""18016116"")",0.2752023546725534
"=HYPERLINK(""https://stackoverflow.com/a/18179473"", ""18179473"")",0.5021056041464207
"=HYPERLINK(""https://stackoverflow.com/a/18185830"", ""18185830"")",0.8541440463264567
"=HYPERLINK(""https://stackoverflow.com/a/18228657"", ""18228657"")",0.5012919896640825
"=HYPERLINK(""https://stackoverflow.com/a/18412022"", ""18412022"")",0.37743286523774305
"=HYPERLINK(""https://stackoverflow.com/a/18508935"", ""18508935"")",0.7801169590643278
"=HYPERLINK(""https://stackoverflow.com/a/19065983"", ""19065983"")",0.33131313131313134
"=HYPERLINK(""https://stackoverflow.com/a/19066503"", ""19066503"")",0.6946148602590315
"=HYPERLINK(""https://stackoverflow.com/a/19103491"", ""19103491"")",0.8859390363815146
"=HYPERLINK(""https://stackoverflow.com/a/19161573"", ""19161573"")",0.9049808429118774
"=HYPERLINK(""https://stackoverflow.com/a/19184014"", ""19184014"")",0.4804189435336979
"=HYPERLINK(""https://stackoverflow.com/a/19261723"", ""19261723"")",0.3101701049583786
"=HYPERLINK(""https://stackoverflow.com/a/19514958"", ""19514958"")",0.5361599759434673
"=HYPERLINK(""https://stackoverflow.com/a/19535119"", ""19535119"")",0.6222222222222222
"=HYPERLINK(""https://stackoverflow.com/a/19694319"", ""19694319"")",0.4487415592387968
"=HYPERLINK(""https://stackoverflow.com/a/20192344"", ""20192344"")",0.3706863860447477
"=HYPERLINK(""https://stackoverflow.com/a/20220995"", ""20220995"")",0.2366452991452992
"=HYPERLINK(""https://stackoverflow.com/a/20234282"", ""20234282"")",0.7394636015325671
"=HYPERLINK(""https://stackoverflow.com/a/20678677"", ""20678677"")",0.2757035542101132
"=HYPERLINK(""https://stackoverflow.com/a/20830543"", ""20830543"")",0.9060457516339869
"=HYPERLINK(""https://stackoverflow.com/a/20893325"", ""20893325"")",0.46879756468797557
"=HYPERLINK(""https://stackoverflow.com/a/21027346"", ""21027346"")",0.47676767676767684
"=HYPERLINK(""https://stackoverflow.com/a/21068022"", ""21068022"")",0.33856571252693146
"=HYPERLINK(""https://stackoverflow.com/a/21253309"", ""21253309"")",0.46762099522835693
"=HYPERLINK(""https://stackoverflow.com/a/21440079"", ""21440079"")",0.3161819537658465
"=HYPERLINK(""https://stackoverflow.com/a/21486514"", ""21486514"")",0.6140761548064922
"=HYPERLINK(""https://stackoverflow.com/a/21647766"", ""21647766"")",0.5055897786903945
"=HYPERLINK(""https://stackoverflow.com/a/21900751"", ""21900751"")",0.40255009107468154
"=HYPERLINK(""https://stackoverflow.com/a/22238245"", ""22238245"")",0.47222222222222227
"=HYPERLINK(""https://stackoverflow.com/a/22276904"", ""22276904"")",0.40627130197682326
"=HYPERLINK(""https://stackoverflow.com/a/22614935"", ""22614935"")",0.4094562647754138
"=HYPERLINK(""https://stackoverflow.com/a/23389473"", ""23389473"")",0.6883239171374761
"=HYPERLINK(""https://stackoverflow.com/a/24339796"", ""24339796"")",0.4373385012919895
"=HYPERLINK(""https://stackoverflow.com/a/24652177"", ""24652177"")",0.48538011695906463
"=HYPERLINK(""https://stackoverflow.com/a/24690859"", ""24690859"")",0.4860658704306912
"=HYPERLINK(""https://stackoverflow.com/a/24804360"", ""24804360"")",0.8127734033245851
"=HYPERLINK(""https://stackoverflow.com/a/24889036"", ""24889036"")",0.3116959064327487
"=HYPERLINK(""https://stackoverflow.com/a/25168749"", ""25168749"")",0.5612052730696798
"=HYPERLINK(""https://stackoverflow.com/a/25661892"", ""25661892"")",0.2810457516339869
"=HYPERLINK(""https://stackoverflow.com/a/25883118"", ""25883118"")",0.46148602590320364
"=HYPERLINK(""https://stackoverflow.com/a/26143697"", ""26143697"")",0.4583738257207648
"=HYPERLINK(""https://stackoverflow.com/a/26930913"", ""26930913"")",0.49494949494949453
"=HYPERLINK(""https://stackoverflow.com/a/27411583"", ""27411583"")",0.4595639943741209
"=HYPERLINK(""https://stackoverflow.com/a/27548539"", ""27548539"")",0.7561205273069678
"=HYPERLINK(""https://stackoverflow.com/a/28077253"", ""28077253"")",0.30479102956167176
"=HYPERLINK(""https://stackoverflow.com/a/28406670"", ""28406670"")",0.4804040404040403
"=HYPERLINK(""https://stackoverflow.com/a/28696715"", ""28696715"")",0.7338501291989659
"=HYPERLINK(""https://stackoverflow.com/a/29075057"", ""29075057"")",0.41339869281045755
"=HYPERLINK(""https://stackoverflow.com/a/29368185"", ""29368185"")",0.315421214665547
"=HYPERLINK(""https://stackoverflow.com/a/29466066"", ""29466066"")",0.4832841691248772
"=HYPERLINK(""https://stackoverflow.com/a/30468278"", ""30468278"")",0.8048993875765534
"=HYPERLINK(""https://stackoverflow.com/a/30497182"", ""30497182"")",0.21482577251808016
"=HYPERLINK(""https://stackoverflow.com/a/30630109"", ""30630109"")",0.2847222222222222
"=HYPERLINK(""https://stackoverflow.com/a/30882580"", ""30882580"")",0.4795751633986927
"=HYPERLINK(""https://stackoverflow.com/a/31117255"", ""31117255"")",0.2771672771672772
"=HYPERLINK(""https://stackoverflow.com/a/31124887"", ""31124887"")",0.5463328941589807
"=HYPERLINK(""https://stackoverflow.com/a/31165494"", ""31165494"")",0.24764595103578138
"=HYPERLINK(""https://stackoverflow.com/a/31176040"", ""31176040"")",0.420751633986928
"=HYPERLINK(""https://stackoverflow.com/a/31667484"", ""31667484"")",0.477861319966583
"=HYPERLINK(""https://stackoverflow.com/a/32973498"", ""32973498"")",0.34033245844269466
"=HYPERLINK(""https://stackoverflow.com/a/33463711"", ""33463711"")",0.5301039956212367
"=HYPERLINK(""https://stackoverflow.com/a/33532330"", ""33532330"")",0.3975352812562115
"=HYPERLINK(""https://stackoverflow.com/a/33678032"", ""33678032"")",0.7241985068072021
"=HYPERLINK(""https://stackoverflow.com/a/34058807"", ""34058807"")",0.7330330330330327
"=HYPERLINK(""https://stackoverflow.com/a/34205950"", ""34205950"")",0.41452991452991467
"=HYPERLINK(""https://stackoverflow.com/a/35003938"", ""35003938"")",0.4523107177974437
"=HYPERLINK(""https://stackoverflow.com/a/36342925"", ""36342925"")",0.3079365079365081
"=HYPERLINK(""https://stackoverflow.com/a/37594461"", ""37594461"")",0.5270721067487809
"=HYPERLINK(""https://stackoverflow.com/a/37734608"", ""37734608"")",0.5132058287795994
"=HYPERLINK(""https://stackoverflow.com/a/37796047"", ""37796047"")",0.3825275657336729
"=HYPERLINK(""https://stackoverflow.com/a/37985513"", ""37985513"")",0.29365079365079355
"=HYPERLINK(""https://stackoverflow.com/a/38255022"", ""38255022"")",0.4524380495603519
"=HYPERLINK(""https://stackoverflow.com/a/38380487"", ""38380487"")",0.24248653940283904
"=HYPERLINK(""https://stackoverflow.com/a/38466435"", ""38466435"")",0.5273539836646637
"=HYPERLINK(""https://stackoverflow.com/a/39270213"", ""39270213"")",0.49340866290018814
"=HYPERLINK(""https://stackoverflow.com/a/39457676"", ""39457676"")",0.6089625537139352
"=HYPERLINK(""https://stackoverflow.com/a/40409452"", ""40409452"")",0.4553510565780502
"=HYPERLINK(""https://stackoverflow.com/a/40525918"", ""40525918"")",0.22222222222222232
"=HYPERLINK(""https://stackoverflow.com/a/40632289"", ""40632289"")",0.4119596923892865
"=HYPERLINK(""https://stackoverflow.com/a/40665789"", ""40665789"")",0.2309685779073536
"=HYPERLINK(""https://stackoverflow.com/a/40751830"", ""40751830"")",0.39886892880904834
"=HYPERLINK(""https://stackoverflow.com/a/40866989"", ""40866989"")",0.3847837985769017
"=HYPERLINK(""https://stackoverflow.com/a/40872589"", ""40872589"")",0.4080629301868242
"=HYPERLINK(""https://stackoverflow.com/a/41178588"", ""41178588"")",0.49051490514905116
"=HYPERLINK(""https://stackoverflow.com/a/41373034"", ""41373034"")",0.24396135265700492
"=HYPERLINK(""https://stackoverflow.com/a/42596294"", ""42596294"")",0.5514905149051489
"=HYPERLINK(""https://stackoverflow.com/a/42722631"", ""42722631"")",0.5906432748538013
"=HYPERLINK(""https://stackoverflow.com/a/42945238"", ""42945238"")",0.2991452991452992
"=HYPERLINK(""https://stackoverflow.com/a/43039462"", ""43039462"")",0.3329604772557795
"=HYPERLINK(""https://stackoverflow.com/a/43194453"", ""43194453"")",0.4171374764595101
"=HYPERLINK(""https://stackoverflow.com/a/44202481"", ""44202481"")",0.707516339869281
"=HYPERLINK(""https://stackoverflow.com/a/44418715"", ""44418715"")",0.3708340893969634
"=HYPERLINK(""https://stackoverflow.com/a/44439074"", ""44439074"")",0.6112528344671199
"=HYPERLINK(""https://stackoverflow.com/a/44553721"", ""44553721"")",0.5923879680785759
"=HYPERLINK(""https://stackoverflow.com/a/44661783"", ""44661783"")",0.4845173041894355
"=HYPERLINK(""https://stackoverflow.com/a/44808351"", ""44808351"")",0.3455988455988454
"=HYPERLINK(""https://stackoverflow.com/a/44865041"", ""44865041"")",0.36875687568756854
"=HYPERLINK(""https://stackoverflow.com/a/45351913"", ""45351913"")",0.425762045231072
"=HYPERLINK(""https://stackoverflow.com/a/45677196"", ""45677196"")",0.1169590643274855
"=HYPERLINK(""https://stackoverflow.com/a/46172225"", ""46172225"")",0.376068376068376
"=HYPERLINK(""https://stackoverflow.com/a/46190687"", ""46190687"")",0.5622222222222216
"=HYPERLINK(""https://stackoverflow.com/a/46480442"", ""46480442"")",0.5633300939423392
"=HYPERLINK(""https://stackoverflow.com/a/46850750"", ""46850750"")",0.4679849340866287
"=HYPERLINK(""https://stackoverflow.com/a/46935236"", ""46935236"")",0.9230096237970262
"=HYPERLINK(""https://stackoverflow.com/a/47642795"", ""47642795"")",0.5036292573981014
"=HYPERLINK(""https://stackoverflow.com/a/47712312"", ""47712312"")",0.3326118326118323
"=HYPERLINK(""https://stackoverflow.com/a/47743699"", ""47743699"")",0.6625891946992866
"=HYPERLINK(""https://stackoverflow.com/a/47872702"", ""47872702"")",0.6350129198966407
"=HYPERLINK(""https://stackoverflow.com/a/48150956"", ""48150956"")",0.37386156648451746
"=HYPERLINK(""https://stackoverflow.com/a/49177389"", ""49177389"")",0.3781855249745159
"=HYPERLINK(""https://stackoverflow.com/a/49251638"", ""49251638"")",0.492222222222222
"=HYPERLINK(""https://stackoverflow.com/a/49680444"", ""49680444"")",0.3722222222222219
"=HYPERLINK(""https://stackoverflow.com/a/49687333"", ""49687333"")",0.7266470009832844
"=HYPERLINK(""https://stackoverflow.com/a/49862152"", ""49862152"")",0.6365868631062002
"=HYPERLINK(""https://stackoverflow.com/a/49906294"", ""49906294"")",0.2590320381731422
"=HYPERLINK(""https://stackoverflow.com/a/50118946"", ""50118946"")",0.4373385012919896
"=HYPERLINK(""https://stackoverflow.com/a/50459456"", ""50459456"")",0.3981356187039544
"=HYPERLINK(""https://stackoverflow.com/a/50991013"", ""50991013"")",0.711829612522453
"=HYPERLINK(""https://stackoverflow.com/a/51325129"", ""51325129"")",0.4722222222222219
"=HYPERLINK(""https://stackoverflow.com/a/51362453"", ""51362453"")",0.2534722222222223
"=HYPERLINK(""https://stackoverflow.com/a/51827604"", ""51827604"")",0.3257725180802105
"=HYPERLINK(""https://stackoverflow.com/a/51866840"", ""51866840"")",0.24434611602753206
"=HYPERLINK(""https://stackoverflow.com/a/52009503"", ""52009503"")",0.36629001883239165
"=HYPERLINK(""https://stackoverflow.com/a/52057839"", ""52057839"")",0.17874396135265705
"=HYPERLINK(""https://stackoverflow.com/a/52422053"", ""52422053"")",0.15079365079365076
"=HYPERLINK(""https://stackoverflow.com/a/52704925"", ""52704925"")",0.692222222222222
"=HYPERLINK(""https://stackoverflow.com/a/53245416"", ""53245416"")",0.1411411411411411
"=HYPERLINK(""https://stackoverflow.com/a/53268185"", ""53268185"")",0.8768613974799542
"=HYPERLINK(""https://stackoverflow.com/a/53288164"", ""53288164"")",0.6352657004830919
"=HYPERLINK(""https://stackoverflow.com/a/53753265"", ""53753265"")",0.7303655446977921
"=HYPERLINK(""https://stackoverflow.com/a/54634255"", ""54634255"")",0.3158097438860006
"=HYPERLINK(""https://stackoverflow.com/a/54890864"", ""54890864"")",0.804040404040404
"=HYPERLINK(""https://stackoverflow.com/a/55045148"", ""55045148"")",0.3472222222222223
"=HYPERLINK(""https://stackoverflow.com/a/55644450"", ""55644450"")",0.35887817077527695
"=HYPERLINK(""https://stackoverflow.com/a/55685691"", ""55685691"")",0.2953929539295392
"=HYPERLINK(""https://stackoverflow.com/a/57013126"", ""57013126"")",0.3024109014675053
"=HYPERLINK(""https://stackoverflow.com/a/57389443"", ""57389443"")",0.795392953929539
"=HYPERLINK(""https://stackoverflow.com/a/57415130"", ""57415130"")",0.5540194572452635
"=HYPERLINK(""https://stackoverflow.com/a/57775329"", ""57775329"")",0.24893977947413073
"=HYPERLINK(""https://stackoverflow.com/a/57869545"", ""57869545"")",0.3003472222222222
"=HYPERLINK(""https://stackoverflow.com/a/58729690"", ""58729690"")",0.26792407205900126
"=HYPERLINK(""https://stackoverflow.com/a/58758618"", ""58758618"")",0.5539529914529915
"=HYPERLINK(""https://stackoverflow.com/a/59163532"", ""59163532"")",0.3670498084291188
"=HYPERLINK(""https://stackoverflow.com/a/59278970"", ""59278970"")",0.4153256704980842
"=HYPERLINK(""https://stackoverflow.com/a/59329487"", ""59329487"")",0.38091239854464004
"=HYPERLINK(""https://stackoverflow.com/a/60765992"", ""60765992"")",0.3027591349739003
"=HYPERLINK(""https://stackoverflow.com/a/61053543"", ""61053543"")",0.6095740008783483
"=HYPERLINK(""https://stackoverflow.com/a/61610366"", ""61610366"")",0.7462606837606839
"=HYPERLINK(""https://stackoverflow.com/a/62761027"", ""62761027"")",0.3718067097568483
"=HYPERLINK(""https://stackoverflow.com/a/62917679"", ""62917679"")",0.40972222222222227
"=HYPERLINK(""https://stackoverflow.com/a/62950163"", ""62950163"")",0.21458863443596268
"=HYPERLINK(""https://stackoverflow.com/a/63052581"", ""63052581"")",0.8266526019690574
"=HYPERLINK(""https://stackoverflow.com/a/63136700"", ""63136700"")",0.7266600920447076
"=HYPERLINK(""https://stackoverflow.com/a/63140535"", ""63140535"")",0.19097222222222224
"=HYPERLINK(""https://stackoverflow.com/a/63609553"", ""63609553"")",0.44321669736034386
"=HYPERLINK(""https://stackoverflow.com/a/63638678"", ""63638678"")",0.6936260350471792
"=HYPERLINK(""https://stackoverflow.com/a/63645327"", ""63645327"")",0.49064327485380127
"=HYPERLINK(""https://stackoverflow.com/a/64060469"", ""64060469"")",0.4695906432748539
"=HYPERLINK(""https://stackoverflow.com/a/64260294"", ""64260294"")",0.43545751633986923
"=HYPERLINK(""https://stackoverflow.com/a/64517298"", ""64517298"")",0.4276767676767675
"=HYPERLINK(""https://stackoverflow.com/a/65131265"", ""65131265"")",0.5529308836395455
"=HYPERLINK(""https://stackoverflow.com/a/65202031"", ""65202031"")",0.4062713019768232
"=HYPERLINK(""https://stackoverflow.com/a/65273649"", ""65273649"")",0.35265700483091794
"=HYPERLINK(""https://stackoverflow.com/a/65318645"", ""65318645"")",0.4016115351993217
"=HYPERLINK(""https://stackoverflow.com/a/65388804"", ""65388804"")",0.41410414104141047
"=HYPERLINK(""https://stackoverflow.com/a/65717996"", ""65717996"")",0.5858585858585857
"=HYPERLINK(""https://stackoverflow.com/a/66198246"", ""66198246"")",0.47049808429118767
"=HYPERLINK(""https://stackoverflow.com/a/66198487"", ""66198487"")",0.467984934086629
"=HYPERLINK(""https://stackoverflow.com/a/66561205"", ""66561205"")",0.4114114114114113
"=HYPERLINK(""https://stackoverflow.com/a/66821128"", ""66821128"")",0.7481962481962479
"=HYPERLINK(""https://stackoverflow.com/a/66987720"", ""66987720"")",0.4140030441400305
"=HYPERLINK(""https://stackoverflow.com/a/67129466"", ""67129466"")",0.6514257620452314
"=HYPERLINK(""https://stackoverflow.com/a/67728140"", ""67728140"")",0.5647636586863108
