link,Correlation
"=HYPERLINK(""https://stackoverflow.com/a/284913"", ""284913"")",0.2805312601230969
"=HYPERLINK(""https://stackoverflow.com/a/594320"", ""594320"")",0.5660099182415226
"=HYPERLINK(""https://stackoverflow.com/a/856974"", ""856974"")",0.7498974989749898
"=HYPERLINK(""https://stackoverflow.com/a/965568"", ""965568"")",0.2693136349646046
"=HYPERLINK(""https://stackoverflow.com/a/972576"", ""972576"")",0.32203737933867327
"=HYPERLINK(""https://stackoverflow.com/a/981131"", ""981131"")",0.551668286362164
"=HYPERLINK(""https://stackoverflow.com/a/1201218"", ""1201218"")",0.8023327194597915
"=HYPERLINK(""https://stackoverflow.com/a/1384687"", ""1384687"")",0.4612892776158083
"=HYPERLINK(""https://stackoverflow.com/a/1440132"", ""1440132"")",0.6823449216087253
"=HYPERLINK(""https://stackoverflow.com/a/1455368"", ""1455368"")",0.20024420024420025
"=HYPERLINK(""https://stackoverflow.com/a/1470626"", ""1470626"")",0.3451730418943533
"=HYPERLINK(""https://stackoverflow.com/a/1493844"", ""1493844"")",0.4901206055940465
"=HYPERLINK(""https://stackoverflow.com/a/1614844"", ""1614844"")",0.3736465100782943
"=HYPERLINK(""https://stackoverflow.com/a/2159384"", ""2159384"")",0.4643274853801171
"=HYPERLINK(""https://stackoverflow.com/a/2289320"", ""2289320"")",0.3249286760737141
"=HYPERLINK(""https://stackoverflow.com/a/2915277"", ""2915277"")",0.4913515098211668
"=HYPERLINK(""https://stackoverflow.com/a/2921496"", ""2921496"")",0.42886428864288645
"=HYPERLINK(""https://stackoverflow.com/a/3070477"", ""3070477"")",0.34562647754137127
"=HYPERLINK(""https://stackoverflow.com/a/3102077"", ""3102077"")",0.6626097035933101
"=HYPERLINK(""https://stackoverflow.com/a/3452260"", ""3452260"")",0.31648451730418947
"=HYPERLINK(""https://stackoverflow.com/a/4281283"", ""4281283"")",0.48253150057273764
"=HYPERLINK(""https://stackoverflow.com/a/4706611"", ""4706611"")",0.33946360153256705
"=HYPERLINK(""https://stackoverflow.com/a/4816397"", ""4816397"")",0.5825163398692809
"=HYPERLINK(""https://stackoverflow.com/a/5137181"", ""5137181"")",0.39297995968220095
"=HYPERLINK(""https://stackoverflow.com/a/5321427"", ""5321427"")",0.5131559164035486
"=HYPERLINK(""https://stackoverflow.com/a/5394419"", ""5394419"")",0.6367060434857046
"=HYPERLINK(""https://stackoverflow.com/a/5495410"", ""5495410"")",0.4815842194482972
"=HYPERLINK(""https://stackoverflow.com/a/5638620"", ""5638620"")",0.47347850362925714
"=HYPERLINK(""https://stackoverflow.com/a/5720942"", ""5720942"")",0.7004830917874393
"=HYPERLINK(""https://stackoverflow.com/a/5995289"", ""5995289"")",0.3242805412616736
"=HYPERLINK(""https://stackoverflow.com/a/6203866"", ""6203866"")",0.443327749860413
"=HYPERLINK(""https://stackoverflow.com/a/6294157"", ""6294157"")",0.34339569160997724
"=HYPERLINK(""https://stackoverflow.com/a/6435800"", ""6435800"")",0.7274125336409072
"=HYPERLINK(""https://stackoverflow.com/a/6629010"", ""6629010"")",0.4567354965585055
"=HYPERLINK(""https://stackoverflow.com/a/6716375"", ""6716375"")",0.649808429118774
"=HYPERLINK(""https://stackoverflow.com/a/6743651"", ""6743651"")",0.3917723952326027
"=HYPERLINK(""https://stackoverflow.com/a/6785505"", ""6785505"")",0.18650793650793646
"=HYPERLINK(""https://stackoverflow.com/a/6958488"", ""6958488"")",0.6316710411198603
"=HYPERLINK(""https://stackoverflow.com/a/7231329"", ""7231329"")",0.6964490263459335
"=HYPERLINK(""https://stackoverflow.com/a/7514420"", ""7514420"")",0.49802447720921234
"=HYPERLINK(""https://stackoverflow.com/a/7524896"", ""7524896"")",0.5013809220310178
"=HYPERLINK(""https://stackoverflow.com/a/7545720"", ""7545720"")",0.39673745767928587
"=HYPERLINK(""https://stackoverflow.com/a/7661092"", ""7661092"")",0.8852056476365869
"=HYPERLINK(""https://stackoverflow.com/a/7761781"", ""7761781"")",0.4168787107718407
"=HYPERLINK(""https://stackoverflow.com/a/7858945"", ""7858945"")",0.43566939404719557
"=HYPERLINK(""https://stackoverflow.com/a/7966225"", ""7966225"")",0.30330330330330313
"=HYPERLINK(""https://stackoverflow.com/a/7981879"", ""7981879"")",0.8743033321475158
"=HYPERLINK(""https://stackoverflow.com/a/8045329"", ""8045329"")",0.7820813771518
"=HYPERLINK(""https://stackoverflow.com/a/8146057"", ""8146057"")",0.48028673835125435
"=HYPERLINK(""https://stackoverflow.com/a/8207113"", ""8207113"")",0.5133113311331132
"=HYPERLINK(""https://stackoverflow.com/a/8448326"", ""8448326"")",0.765465465465465
"=HYPERLINK(""https://stackoverflow.com/a/8512249"", ""8512249"")",0.43979544397954407
"=HYPERLINK(""https://stackoverflow.com/a/8942718"", ""8942718"")",0.5943152454780365
"=HYPERLINK(""https://stackoverflow.com/a/8973862"", ""8973862"")",0.5848176420695507
"=HYPERLINK(""https://stackoverflow.com/a/8976209"", ""8976209"")",0.5572348166806602
"=HYPERLINK(""https://stackoverflow.com/a/8991047"", ""8991047"")",0.39881359799224264
"=HYPERLINK(""https://stackoverflow.com/a/9194961"", ""9194961"")",0.5211120599677387
"=HYPERLINK(""https://stackoverflow.com/a/9275532"", ""9275532"")",0.6543830262423227
"=HYPERLINK(""https://stackoverflow.com/a/9532393"", ""9532393"")",0.7265700483091784
"=HYPERLINK(""https://stackoverflow.com/a/9599919"", ""9599919"")",0.8911877394636016
"=HYPERLINK(""https://stackoverflow.com/a/9634548"", ""9634548"")",0.4906785980611485
"=HYPERLINK(""https://stackoverflow.com/a/9634646"", ""9634646"")",0.6022960229602295
"=HYPERLINK(""https://stackoverflow.com/a/9636415"", ""9636415"")",0.4585858585858587
"=HYPERLINK(""https://stackoverflow.com/a/9640874"", ""9640874"")",0.8173142467620992
"=HYPERLINK(""https://stackoverflow.com/a/9743998"", ""9743998"")",0.29512755410470315
"=HYPERLINK(""https://stackoverflow.com/a/9770367"", ""9770367"")",0.47794741306191724
"=HYPERLINK(""https://stackoverflow.com/a/9775454"", ""9775454"")",0.8354818907305095
"=HYPERLINK(""https://stackoverflow.com/a/9803521"", ""9803521"")",0.8549655850540807
"=HYPERLINK(""https://stackoverflow.com/a/9891991"", ""9891991"")",0.6650266502665028
"=HYPERLINK(""https://stackoverflow.com/a/10001538"", ""10001538"")",0.4961948249619481
"=HYPERLINK(""https://stackoverflow.com/a/10141389"", ""10141389"")",0.6425347222222225
"=HYPERLINK(""https://stackoverflow.com/a/10432995"", ""10432995"")",0.3486813661910937
"=HYPERLINK(""https://stackoverflow.com/a/10466705"", ""10466705"")",0.8498372849837283
"=HYPERLINK(""https://stackoverflow.com/a/10519917"", ""10519917"")",0.4958378574013753
"=HYPERLINK(""https://stackoverflow.com/a/10994563"", ""10994563"")",0.19783197831978308
"=HYPERLINK(""https://stackoverflow.com/a/11008280"", ""11008280"")",0.3873598369011214
"=HYPERLINK(""https://stackoverflow.com/a/11106808"", ""11106808"")",0.4332313965341488
"=HYPERLINK(""https://stackoverflow.com/a/11316263"", ""11316263"")",0.5542832909245125
"=HYPERLINK(""https://stackoverflow.com/a/11440701"", ""11440701"")",0.796616685890042
"=HYPERLINK(""https://stackoverflow.com/a/11456994"", ""11456994"")",0.8075880758807585
"=HYPERLINK(""https://stackoverflow.com/a/11507356"", ""11507356"")",0.4308314937454011
"=HYPERLINK(""https://stackoverflow.com/a/11556828"", ""11556828"")",0.15700483091787443
"=HYPERLINK(""https://stackoverflow.com/a/11750696"", ""11750696"")",0.3485380116959066
"=HYPERLINK(""https://stackoverflow.com/a/11755210"", ""11755210"")",0.8925518925518926
"=HYPERLINK(""https://stackoverflow.com/a/11831477"", ""11831477"")",0.9284077892325315
"=HYPERLINK(""https://stackoverflow.com/a/12004674"", ""12004674"")",0.5586277521761391
"=HYPERLINK(""https://stackoverflow.com/a/12068841"", ""12068841"")",0.5979128299570289
"=HYPERLINK(""https://stackoverflow.com/a/12141319"", ""12141319"")",0.6001749781277345
"=HYPERLINK(""https://stackoverflow.com/a/12263396"", ""12263396"")",0.5874916833000663
"=HYPERLINK(""https://stackoverflow.com/a/12347769"", ""12347769"")",0.6823992133726648
"=HYPERLINK(""https://stackoverflow.com/a/12385328"", ""12385328"")",0.3328779599271404
"=HYPERLINK(""https://stackoverflow.com/a/12387115"", ""12387115"")",0.5587606837606839
"=HYPERLINK(""https://stackoverflow.com/a/12452015"", ""12452015"")",0.7488746742478088
"=HYPERLINK(""https://stackoverflow.com/a/12486185"", ""12486185"")",0.38970990695128616
"=HYPERLINK(""https://stackoverflow.com/a/12604841"", ""12604841"")",0.6374471357170318
"=HYPERLINK(""https://stackoverflow.com/a/12741633"", ""12741633"")",0.5587606837606839
"=HYPERLINK(""https://stackoverflow.com/a/12947184"", ""12947184"")",0.5132058287795993
"=HYPERLINK(""https://stackoverflow.com/a/12983898"", ""12983898"")",0.5712155108128265
"=HYPERLINK(""https://stackoverflow.com/a/13020977"", ""13020977"")",0.5311844863731656
"=HYPERLINK(""https://stackoverflow.com/a/13084050"", ""13084050"")",0.5621431708388228
"=HYPERLINK(""https://stackoverflow.com/a/13184675"", ""13184675"")",0.7270299145299145
"=HYPERLINK(""https://stackoverflow.com/a/13529848"", ""13529848"")",0.3181126331811263
"=HYPERLINK(""https://stackoverflow.com/a/13795365"", ""13795365"")",0.7184438846907358
"=HYPERLINK(""https://stackoverflow.com/a/13974389"", ""13974389"")",0.40376068376068386
"=HYPERLINK(""https://stackoverflow.com/a/14043263"", ""14043263"")",0.7366452991452993
"=HYPERLINK(""https://stackoverflow.com/a/14159818"", ""14159818"")",0.11695906432748533
"=HYPERLINK(""https://stackoverflow.com/a/14282768"", ""14282768"")",0.47222222222222193
"=HYPERLINK(""https://stackoverflow.com/a/14283724"", ""14283724"")",0.32022742603835386
"=HYPERLINK(""https://stackoverflow.com/a/14319567"", ""14319567"")",0.6946631671041124
"=HYPERLINK(""https://stackoverflow.com/a/14394637"", ""14394637"")",0.6322222222222221
"=HYPERLINK(""https://stackoverflow.com/a/14489388"", ""14489388"")",0.4674145299145301
"=HYPERLINK(""https://stackoverflow.com/a/14503730"", ""14503730"")",0.38689288090485685
"=HYPERLINK(""https://stackoverflow.com/a/14524095"", ""14524095"")",0.5259670211126526
"=HYPERLINK(""https://stackoverflow.com/a/14586313"", ""14586313"")",0.6232776311931985
"=HYPERLINK(""https://stackoverflow.com/a/14658220"", ""14658220"")",0.39733742959549395
"=HYPERLINK(""https://stackoverflow.com/a/14733631"", ""14733631"")",0.6112466124661247
"=HYPERLINK(""https://stackoverflow.com/a/14758874"", ""14758874"")",0.848176420695505
"=HYPERLINK(""https://stackoverflow.com/a/14764497"", ""14764497"")",0.4991901522513767
"=HYPERLINK(""https://stackoverflow.com/a/14878225"", ""14878225"")",0.38823012736056206
"=HYPERLINK(""https://stackoverflow.com/a/14979044"", ""14979044"")",0.6946631671041122
"=HYPERLINK(""https://stackoverflow.com/a/15066336"", ""15066336"")",0.8006006006006003
"=HYPERLINK(""https://stackoverflow.com/a/15086932"", ""15086932"")",0.7844342037890422
"=HYPERLINK(""https://stackoverflow.com/a/15129508"", ""15129508"")",0.6658451427397823
"=HYPERLINK(""https://stackoverflow.com/a/15257209"", ""15257209"")",0.3939673745767929
"=HYPERLINK(""https://stackoverflow.com/a/15348080"", ""15348080"")",0.5823330255463218
"=HYPERLINK(""https://stackoverflow.com/a/15500884"", ""15500884"")",0.48991452991453005
"=HYPERLINK(""https://stackoverflow.com/a/15635759"", ""15635759"")",0.7904879048790487
"=HYPERLINK(""https://stackoverflow.com/a/15840320"", ""15840320"")",0.7795992714025506
"=HYPERLINK(""https://stackoverflow.com/a/15910368"", ""15910368"")",0.44269466316710454
"=HYPERLINK(""https://stackoverflow.com/a/16354129"", ""16354129"")",0.5511695906432749
"=HYPERLINK(""https://stackoverflow.com/a/16525452"", ""16525452"")",0.4597360956961402
"=HYPERLINK(""https://stackoverflow.com/a/16679128"", ""16679128"")",0.6649099692577951
"=HYPERLINK(""https://stackoverflow.com/a/16700021"", ""16700021"")",0.5780504430811179
"=HYPERLINK(""https://stackoverflow.com/a/16806699"", ""16806699"")",0.7403217697335344
"=HYPERLINK(""https://stackoverflow.com/a/16828608"", ""16828608"")",0.3398692810457516
"=HYPERLINK(""https://stackoverflow.com/a/16855664"", ""16855664"")",0.6139272913466459
"=HYPERLINK(""https://stackoverflow.com/a/16916076"", ""16916076"")",0.6444046909163189
"=HYPERLINK(""https://stackoverflow.com/a/17043498"", ""17043498"")",0.6181126331811261
"=HYPERLINK(""https://stackoverflow.com/a/17154649"", ""17154649"")",0.4661246612466123
"=HYPERLINK(""https://stackoverflow.com/a/17199631"", ""17199631"")",0.7360562143170838
"=HYPERLINK(""https://stackoverflow.com/a/17229447"", ""17229447"")",0.6187739463601533
"=HYPERLINK(""https://stackoverflow.com/a/17262318"", ""17262318"")",0.4722222222222221
"=HYPERLINK(""https://stackoverflow.com/a/17281199"", ""17281199"")",0.5939036381514256
"=HYPERLINK(""https://stackoverflow.com/a/17307655"", ""17307655"")",0.5779534475186647
"=HYPERLINK(""https://stackoverflow.com/a/17349038"", ""17349038"")",0.8222222222222223
"=HYPERLINK(""https://stackoverflow.com/a/17482882"", ""17482882"")",0.39365079365079375
"=HYPERLINK(""https://stackoverflow.com/a/17493496"", ""17493496"")",0.8643274853801169
"=HYPERLINK(""https://stackoverflow.com/a/17573184"", ""17573184"")",0.8151425762045232
"=HYPERLINK(""https://stackoverflow.com/a/17659842"", ""17659842"")",0.3501291989664081
"=HYPERLINK(""https://stackoverflow.com/a/17754299"", ""17754299"")",0.5432233103615041
"=HYPERLINK(""https://stackoverflow.com/a/17780916"", ""17780916"")",0.4474130619168788
"=HYPERLINK(""https://stackoverflow.com/a/17828500"", ""17828500"")",0.8376068376068375
"=HYPERLINK(""https://stackoverflow.com/a/18089888"", ""18089888"")",0.8031045751633986
"=HYPERLINK(""https://stackoverflow.com/a/18116904"", ""18116904"")",0.459791282995703
"=HYPERLINK(""https://stackoverflow.com/a/18265516"", ""18265516"")",0.4194540561322567
"=HYPERLINK(""https://stackoverflow.com/a/18273673"", ""18273673"")",0.6295329271830579
"=HYPERLINK(""https://stackoverflow.com/a/18358406"", ""18358406"")",0.5912259122591226
"=HYPERLINK(""https://stackoverflow.com/a/18396054"", ""18396054"")",0.4435660957400088
"=HYPERLINK(""https://stackoverflow.com/a/18404130"", ""18404130"")",0.33885702145740415
"=HYPERLINK(""https://stackoverflow.com/a/18411395"", ""18411395"")",0.8986928104575163
"=HYPERLINK(""https://stackoverflow.com/a/18470570"", ""18470570"")",0.31865551152209
"=HYPERLINK(""https://stackoverflow.com/a/18600364"", ""18600364"")",0.5092177379172895
"=HYPERLINK(""https://stackoverflow.com/a/18725038"", ""18725038"")",0.36683760683760697
"=HYPERLINK(""https://stackoverflow.com/a/18759391"", ""18759391"")",0.5647636586863107
"=HYPERLINK(""https://stackoverflow.com/a/18767561"", ""18767561"")",0.7102956167176349
"=HYPERLINK(""https://stackoverflow.com/a/18801672"", ""18801672"")",0.49007936507936506
"=HYPERLINK(""https://stackoverflow.com/a/18849407"", ""18849407"")",0.6178266178266177
"=HYPERLINK(""https://stackoverflow.com/a/19010196"", ""19010196"")",0.4019097222222222
"=HYPERLINK(""https://stackoverflow.com/a/19112120"", ""19112120"")",0.6520864756158873
"=HYPERLINK(""https://stackoverflow.com/a/19230107"", ""19230107"")",0.34949494949494947
"=HYPERLINK(""https://stackoverflow.com/a/19232148"", ""19232148"")",0.5452310717797446
"=HYPERLINK(""https://stackoverflow.com/a/19259733"", ""19259733"")",0.6271301976823448
"=HYPERLINK(""https://stackoverflow.com/a/19264017"", ""19264017"")",0.8521434820647423
"=HYPERLINK(""https://stackoverflow.com/a/19325597"", ""19325597"")",0.7750391236306733
"=HYPERLINK(""https://stackoverflow.com/a/19517268"", ""19517268"")",0.41532567049808433
"=HYPERLINK(""https://stackoverflow.com/a/19531842"", ""19531842"")",0.26767676767676757
"=HYPERLINK(""https://stackoverflow.com/a/19545489"", ""19545489"")",0.6488150200061559
"=HYPERLINK(""https://stackoverflow.com/a/19627508"", ""19627508"")",0.6153519932145888
"=HYPERLINK(""https://stackoverflow.com/a/19662232"", ""19662232"")",0.4892676767676765
"=HYPERLINK(""https://stackoverflow.com/a/19707478"", ""19707478"")",0.6784077892325314
"=HYPERLINK(""https://stackoverflow.com/a/19811624"", ""19811624"")",0.7989093387866391
"=HYPERLINK(""https://stackoverflow.com/a/19979182"", ""19979182"")",0.862222222222222
"=HYPERLINK(""https://stackoverflow.com/a/19987576"", ""19987576"")",0.8575880758807587
"=HYPERLINK(""https://stackoverflow.com/a/20043696"", ""20043696"")",0.3231396534148828
"=HYPERLINK(""https://stackoverflow.com/a/20123421"", ""20123421"")",0.3815142576204525
"=HYPERLINK(""https://stackoverflow.com/a/20189598"", ""20189598"")",0.2939613526570048
"=HYPERLINK(""https://stackoverflow.com/a/20261563"", ""20261563"")",0.44672880116959063
"=HYPERLINK(""https://stackoverflow.com/a/20346075"", ""20346075"")",0.7222222222222221
"=HYPERLINK(""https://stackoverflow.com/a/20370191"", ""20370191"")",0.4145299145299146
"=HYPERLINK(""https://stackoverflow.com/a/20393471"", ""20393471"")",0.34665661136249365
"=HYPERLINK(""https://stackoverflow.com/a/20440930"", ""20440930"")",0.2116959064327486
"=HYPERLINK(""https://stackoverflow.com/a/20566220"", ""20566220"")",0.47913921826965294
"=HYPERLINK(""https://stackoverflow.com/a/20567339"", ""20567339"")",0.219809676986999
"=HYPERLINK(""https://stackoverflow.com/a/20633560"", ""20633560"")",0.722222222222222
"=HYPERLINK(""https://stackoverflow.com/a/20686086"", ""20686086"")",0.7953929539295391
"=HYPERLINK(""https://stackoverflow.com/a/20761194"", ""20761194"")",0.6605783866057839
"=HYPERLINK(""https://stackoverflow.com/a/20994038"", ""20994038"")",0.6812022665681199
"=HYPERLINK(""https://stackoverflow.com/a/21087137"", ""21087137"")",0.3826182618261824
"=HYPERLINK(""https://stackoverflow.com/a/21259502"", ""21259502"")",0.44555081397186663
"=HYPERLINK(""https://stackoverflow.com/a/21445034"", ""21445034"")",0.538859073742795
"=HYPERLINK(""https://stackoverflow.com/a/21604754"", ""21604754"")",0.5658585858585858
"=HYPERLINK(""https://stackoverflow.com/a/21710155"", ""21710155"")",0.6041464204729511
"=HYPERLINK(""https://stackoverflow.com/a/21749221"", ""21749221"")",0.5846383296047727
"=HYPERLINK(""https://stackoverflow.com/a/21789979"", ""21789979"")",0.5316910443931229
"=HYPERLINK(""https://stackoverflow.com/a/21835016"", ""21835016"")",0.801169590643275
"=HYPERLINK(""https://stackoverflow.com/a/21877547"", ""21877547"")",0.5524974515800205
"=HYPERLINK(""https://stackoverflow.com/a/22147357"", ""22147357"")",0.5274170274170271
"=HYPERLINK(""https://stackoverflow.com/a/22152702"", ""22152702"")",0.6028450595924645
"=HYPERLINK(""https://stackoverflow.com/a/22156892"", ""22156892"")",0.8783487044356606
"=HYPERLINK(""https://stackoverflow.com/a/22643705"", ""22643705"")",0.5951951951951949
"=HYPERLINK(""https://stackoverflow.com/a/22662021"", ""22662021"")",0.3697632058287798
"=HYPERLINK(""https://stackoverflow.com/a/22667976"", ""22667976"")",0.28154425612052725
"=HYPERLINK(""https://stackoverflow.com/a/22886977"", ""22886977"")",0.45356550580431165
"=HYPERLINK(""https://stackoverflow.com/a/22907471"", ""22907471"")",0.38850397741852694
"=HYPERLINK(""https://stackoverflow.com/a/22927299"", ""22927299"")",0.2748538011695906
"=HYPERLINK(""https://stackoverflow.com/a/22959002"", ""22959002"")",0.6209952283571913
"=HYPERLINK(""https://stackoverflow.com/a/23102159"", ""23102159"")",0.5054080629301867
"=HYPERLINK(""https://stackoverflow.com/a/23113594"", ""23113594"")",0.7052730696798492
"=HYPERLINK(""https://stackoverflow.com/a/23126601"", ""23126601"")",0.5704502653655199
"=HYPERLINK(""https://stackoverflow.com/a/23150030"", ""23150030"")",0.4365079365079364
"=HYPERLINK(""https://stackoverflow.com/a/23262477"", ""23262477"")",0.4567499095186391
"=HYPERLINK(""https://stackoverflow.com/a/23290162"", ""23290162"")",0.8461289277615812
"=HYPERLINK(""https://stackoverflow.com/a/23311092"", ""23311092"")",0.6726039016115354
"=HYPERLINK(""https://stackoverflow.com/a/23340869"", ""23340869"")",0.42024202420241996
"=HYPERLINK(""https://stackoverflow.com/a/23454996"", ""23454996"")",0.4051490514905148
"=HYPERLINK(""https://stackoverflow.com/a/23461018"", ""23461018"")",0.494949494949495
"=HYPERLINK(""https://stackoverflow.com/a/23650900"", ""23650900"")",0.8261003385657126
"=HYPERLINK(""https://stackoverflow.com/a/23780659"", ""23780659"")",0.38846907360761246
"=HYPERLINK(""https://stackoverflow.com/a/23805604"", ""23805604"")",0.4090199750312112
"=HYPERLINK(""https://stackoverflow.com/a/23817103"", ""23817103"")",0.8115079365079366
"=HYPERLINK(""https://stackoverflow.com/a/23851130"", ""23851130"")",0.3796566245545839
"=HYPERLINK(""https://stackoverflow.com/a/23865263"", ""23865263"")",0.6929914529914533
"=HYPERLINK(""https://stackoverflow.com/a/23896976"", ""23896976"")",0.4487415592387969
"=HYPERLINK(""https://stackoverflow.com/a/23898887"", ""23898887"")",0.3522222222222221
"=HYPERLINK(""https://stackoverflow.com/a/23955760"", ""23955760"")",0.6146834195614682
"=HYPERLINK(""https://stackoverflow.com/a/24081979"", ""24081979"")",0.6173835125448032
"=HYPERLINK(""https://stackoverflow.com/a/24187710"", ""24187710"")",0.6873385012919895
"=HYPERLINK(""https://stackoverflow.com/a/24207923"", ""24207923"")",0.812222222222222
"=HYPERLINK(""https://stackoverflow.com/a/24330299"", ""24330299"")",0.6364702433304017
"=HYPERLINK(""https://stackoverflow.com/a/24400178"", ""24400178"")",0.49064327485380127
"=HYPERLINK(""https://stackoverflow.com/a/24409018"", ""24409018"")",0.41796690307328604
"=HYPERLINK(""https://stackoverflow.com/a/24516012"", ""24516012"")",0.2479954180985109
"=HYPERLINK(""https://stackoverflow.com/a/24573915"", ""24573915"")",0.39845173041894366
"=HYPERLINK(""https://stackoverflow.com/a/24659251"", ""24659251"")",0.9507936507936509
"=HYPERLINK(""https://stackoverflow.com/a/24678262"", ""24678262"")",0.4122674710910004
"=HYPERLINK(""https://stackoverflow.com/a/24721426"", ""24721426"")",0.7000448028673836
"=HYPERLINK(""https://stackoverflow.com/a/24727752"", ""24727752"")",0.43214588634435985
"=HYPERLINK(""https://stackoverflow.com/a/24753607"", ""24753607"")",0.24062713019768225
"=HYPERLINK(""https://stackoverflow.com/a/24765363"", ""24765363"")",0.8116959064327487
"=HYPERLINK(""https://stackoverflow.com/a/24781875"", ""24781875"")",0.34802179578299
"=HYPERLINK(""https://stackoverflow.com/a/24820188"", ""24820188"")",0.3043650793650794
"=HYPERLINK(""https://stackoverflow.com/a/24823087"", ""24823087"")",0.4175574991901524
"=HYPERLINK(""https://stackoverflow.com/a/24856570"", ""24856570"")",0.2085235920852359
"=HYPERLINK(""https://stackoverflow.com/a/24894877"", ""24894877"")",0.07936507936507935
"=HYPERLINK(""https://stackoverflow.com/a/25062526"", ""25062526"")",0.4924924924924921
"=HYPERLINK(""https://stackoverflow.com/a/25363213"", ""25363213"")",0.6374396135265699
"=HYPERLINK(""https://stackoverflow.com/a/25385113"", ""25385113"")",0.8569085690856909
"=HYPERLINK(""https://stackoverflow.com/a/25402466"", ""25402466"")",0.3641290958364125
"=HYPERLINK(""https://stackoverflow.com/a/25423607"", ""25423607"")",0.65491452991453
"=HYPERLINK(""https://stackoverflow.com/a/25459974"", ""25459974"")",0.6175710594315246
"=HYPERLINK(""https://stackoverflow.com/a/25465287"", ""25465287"")",0.4417344173441731
"=HYPERLINK(""https://stackoverflow.com/a/25477257"", ""25477257"")",0.3694497556830255
"=HYPERLINK(""https://stackoverflow.com/a/25479753"", ""25479753"")",0.3913398692810457
"=HYPERLINK(""https://stackoverflow.com/a/25568196"", ""25568196"")",0.7065972222222224
"=HYPERLINK(""https://stackoverflow.com/a/25627877"", ""25627877"")",0.399507540781779
"=HYPERLINK(""https://stackoverflow.com/a/25846144"", ""25846144"")",0.5612052730696797
"=HYPERLINK(""https://stackoverflow.com/a/25852220"", ""25852220"")",0.8197831978319782
"=HYPERLINK(""https://stackoverflow.com/a/25987825"", ""25987825"")",0.27222222222222203
"=HYPERLINK(""https://stackoverflow.com/a/26341708"", ""26341708"")",0.8787107718405431
"=HYPERLINK(""https://stackoverflow.com/a/26408344"", ""26408344"")",0.439795443979544
"=HYPERLINK(""https://stackoverflow.com/a/26588980"", ""26588980"")",0.36222222222222195
"=HYPERLINK(""https://stackoverflow.com/a/26609178"", ""26609178"")",0.5186211141889813
"=HYPERLINK(""https://stackoverflow.com/a/26832001"", ""26832001"")",0.43639787707584304
"=HYPERLINK(""https://stackoverflow.com/a/26839384"", ""26839384"")",0.3131313131313131
"=HYPERLINK(""https://stackoverflow.com/a/26873788"", ""26873788"")",0.3605200945626478
"=HYPERLINK(""https://stackoverflow.com/a/26908957"", ""26908957"")",0.35125448028673817
"=HYPERLINK(""https://stackoverflow.com/a/26940052"", ""26940052"")",0.6327485380116962
"=HYPERLINK(""https://stackoverflow.com/a/27246716"", ""27246716"")",0.6233850129198965
"=HYPERLINK(""https://stackoverflow.com/a/27495603"", ""27495603"")",0.3659347970725216
"=HYPERLINK(""https://stackoverflow.com/a/27520864"", ""27520864"")",0.6039016115351995
"=HYPERLINK(""https://stackoverflow.com/a/27541790"", ""27541790"")",0.9481837606837608
"=HYPERLINK(""https://stackoverflow.com/a/27671885"", ""27671885"")",0.7150353639060001
"=HYPERLINK(""https://stackoverflow.com/a/28047659"", ""28047659"")",0.48650793650793656
"=HYPERLINK(""https://stackoverflow.com/a/28049364"", ""28049364"")",0.6192071468453374
"=HYPERLINK(""https://stackoverflow.com/a/28051452"", ""28051452"")",0.4877089478859392
"=HYPERLINK(""https://stackoverflow.com/a/28065474"", ""28065474"")",0.7343329488658208
"=HYPERLINK(""https://stackoverflow.com/a/28086710"", ""28086710"")",0.22222222222222224
"=HYPERLINK(""https://stackoverflow.com/a/28088143"", ""28088143"")",0.5253345361599762
"=HYPERLINK(""https://stackoverflow.com/a/28105860"", ""28105860"")",0.9257398101619205
"=HYPERLINK(""https://stackoverflow.com/a/28146171"", ""28146171"")",0.4014675052410902
"=HYPERLINK(""https://stackoverflow.com/a/28217901"", ""28217901"")",0.6877394636015324
"=HYPERLINK(""https://stackoverflow.com/a/28240090"", ""28240090"")",0.6015325670498084
"=HYPERLINK(""https://stackoverflow.com/a/28417062"", ""28417062"")",0.8046398046398047
"=HYPERLINK(""https://stackoverflow.com/a/28481457"", ""28481457"")",0.6582687338501291
"=HYPERLINK(""https://stackoverflow.com/a/28936323"", ""28936323"")",0.8631062001227747
"=HYPERLINK(""https://stackoverflow.com/a/29140108"", ""29140108"")",0.7936507936507937
"=HYPERLINK(""https://stackoverflow.com/a/29165166"", ""29165166"")",0.35735735735735696
"=HYPERLINK(""https://stackoverflow.com/a/29262255"", ""29262255"")",0.3608543848839598
"=HYPERLINK(""https://stackoverflow.com/a/29516542"", ""29516542"")",0.3579924572091674
"=HYPERLINK(""https://stackoverflow.com/a/29722334"", ""29722334"")",0.7100271002710027
"=HYPERLINK(""https://stackoverflow.com/a/29733394"", ""29733394"")",0.409035409035409
"=HYPERLINK(""https://stackoverflow.com/a/29765157"", ""29765157"")",0.8245166772891442
"=HYPERLINK(""https://stackoverflow.com/a/29791751"", ""29791751"")",0.6874120956399437
"=HYPERLINK(""https://stackoverflow.com/a/29796231"", ""29796231"")",0.40752573659921904
"=HYPERLINK(""https://stackoverflow.com/a/29904330"", ""29904330"")",0.5162166356300435
"=HYPERLINK(""https://stackoverflow.com/a/29918397"", ""29918397"")",0.5687975646879756
"=HYPERLINK(""https://stackoverflow.com/a/30044129"", ""30044129"")",0.48493408662900167
"=HYPERLINK(""https://stackoverflow.com/a/30118832"", ""30118832"")",0.7174145299145298
"=HYPERLINK(""https://stackoverflow.com/a/30199012"", ""30199012"")",0.332391713747646
"=HYPERLINK(""https://stackoverflow.com/a/30235853"", ""30235853"")",0.5005473453749314
"=HYPERLINK(""https://stackoverflow.com/a/30301460"", ""30301460"")",0.4062713019768233
"=HYPERLINK(""https://stackoverflow.com/a/30375196"", ""30375196"")",0.19519519519519515
"=HYPERLINK(""https://stackoverflow.com/a/30391433"", ""30391433"")",0.6336712383224012
"=HYPERLINK(""https://stackoverflow.com/a/30466872"", ""30466872"")",0.6139272913466459
"=HYPERLINK(""https://stackoverflow.com/a/30502707"", ""30502707"")",0.49118773946360167
"=HYPERLINK(""https://stackoverflow.com/a/30803130"", ""30803130"")",0.5958485958485957
"=HYPERLINK(""https://stackoverflow.com/a/31034181"", ""31034181"")",0.9180985108820159
"=HYPERLINK(""https://stackoverflow.com/a/31246334"", ""31246334"")",0.43485704502653655
"=HYPERLINK(""https://stackoverflow.com/a/31271583"", ""31271583"")",0.762222222222222
"=HYPERLINK(""https://stackoverflow.com/a/31395317"", ""31395317"")",0.4477541371158394
"=HYPERLINK(""https://stackoverflow.com/a/31434855"", ""31434855"")",0.43961352657004815
"=HYPERLINK(""https://stackoverflow.com/a/31511927"", ""31511927"")",0.6708977189109638
"=HYPERLINK(""https://stackoverflow.com/a/31557913"", ""31557913"")",0.543323139653415
"=HYPERLINK(""https://stackoverflow.com/a/31560277"", ""31560277"")",0.3480217957829899
"=HYPERLINK(""https://stackoverflow.com/a/31722768"", ""31722768"")",0.7557792692020879
"=HYPERLINK(""https://stackoverflow.com/a/31843066"", ""31843066"")",0.6516700749829583
"=HYPERLINK(""https://stackoverflow.com/a/31949325"", ""31949325"")",0.4722222222222217
"=HYPERLINK(""https://stackoverflow.com/a/32004341"", ""32004341"")",0.8094315245478033
"=HYPERLINK(""https://stackoverflow.com/a/32213279"", ""32213279"")",0.35155247626379255
"=HYPERLINK(""https://stackoverflow.com/a/32384854"", ""32384854"")",0.41597222222222235
"=HYPERLINK(""https://stackoverflow.com/a/32457214"", ""32457214"")",0.795751633986928
"=HYPERLINK(""https://stackoverflow.com/a/32650890"", ""32650890"")",0.594315245478036
"=HYPERLINK(""https://stackoverflow.com/a/32719778"", ""32719778"")",0.34665661136249365
"=HYPERLINK(""https://stackoverflow.com/a/32742062"", ""32742062"")",0.6093189964157704
"=HYPERLINK(""https://stackoverflow.com/a/32789456"", ""32789456"")",0.5068072024593765
"=HYPERLINK(""https://stackoverflow.com/a/32892789"", ""32892789"")",0.3251633986928104
"=HYPERLINK(""https://stackoverflow.com/a/33190559"", ""33190559"")",0.6626654355186212
"=HYPERLINK(""https://stackoverflow.com/a/33218263"", ""33218263"")",0.6140891353460672
"=HYPERLINK(""https://stackoverflow.com/a/33390489"", ""33390489"")",0.43961352657004843
"=HYPERLINK(""https://stackoverflow.com/a/33402032"", ""33402032"")",0.39613526570048313
"=HYPERLINK(""https://stackoverflow.com/a/33474357"", ""33474357"")",0.5884872824631859
"=HYPERLINK(""https://stackoverflow.com/a/33531629"", ""33531629"")",0.31597222222222227
"=HYPERLINK(""https://stackoverflow.com/a/33550803"", ""33550803"")",0.3796566245545838
"=HYPERLINK(""https://stackoverflow.com/a/33671780"", ""33671780"")",0.6268023748939779
"=HYPERLINK(""https://stackoverflow.com/a/33870242"", ""33870242"")",0.4422222222222221
"=HYPERLINK(""https://stackoverflow.com/a/34207217"", ""34207217"")",0.5546321945213912
"=HYPERLINK(""https://stackoverflow.com/a/34297918"", ""34297918"")",0.5016339869281046
"=HYPERLINK(""https://stackoverflow.com/a/34362484"", ""34362484"")",0.32767676767676757
"=HYPERLINK(""https://stackoverflow.com/a/34413036"", ""34413036"")",0.4134973900074573
"=HYPERLINK(""https://stackoverflow.com/a/34454157"", ""34454157"")",0.6100850190559953
"=HYPERLINK(""https://stackoverflow.com/a/34926556"", ""34926556"")",0.6393076493579005
"=HYPERLINK(""https://stackoverflow.com/a/34995507"", ""34995507"")",0.8251633986928103
"=HYPERLINK(""https://stackoverflow.com/a/35037395"", ""35037395"")",0.7378472222222227
"=HYPERLINK(""https://stackoverflow.com/a/35307563"", ""35307563"")",0.5958485958485958
"=HYPERLINK(""https://stackoverflow.com/a/35315000"", ""35315000"")",0.2100271002710026
"=HYPERLINK(""https://stackoverflow.com/a/35475604"", ""35475604"")",0.7838660578386606
"=HYPERLINK(""https://stackoverflow.com/a/35581430"", ""35581430"")",0.3628472222222222
"=HYPERLINK(""https://stackoverflow.com/a/35863972"", ""35863972"")",0.7131313131313132
"=HYPERLINK(""https://stackoverflow.com/a/35875973"", ""35875973"")",0.3936507936507938
"=HYPERLINK(""https://stackoverflow.com/a/35895053"", ""35895053"")",0.8805136795086541
"=HYPERLINK(""https://stackoverflow.com/a/36741214"", ""36741214"")",0.7559645535105656
"=HYPERLINK(""https://stackoverflow.com/a/36743133"", ""36743133"")",0.786175710594315
"=HYPERLINK(""https://stackoverflow.com/a/36893801"", ""36893801"")",0.17874396135265702
"=HYPERLINK(""https://stackoverflow.com/a/37294499"", ""37294499"")",0.46546546546546547
"=HYPERLINK(""https://stackoverflow.com/a/37418816"", ""37418816"")",0.5228357191547375
"=HYPERLINK(""https://stackoverflow.com/a/37917783"", ""37917783"")",0.4925805284111473
"=HYPERLINK(""https://stackoverflow.com/a/38075867"", ""38075867"")",0.32936507936507925
"=HYPERLINK(""https://stackoverflow.com/a/38131507"", ""38131507"")",0.4924924924924921
"=HYPERLINK(""https://stackoverflow.com/a/38257411"", ""38257411"")",0.5018832391713746
"=HYPERLINK(""https://stackoverflow.com/a/39146926"", ""39146926"")",0.527591349739001
"=HYPERLINK(""https://stackoverflow.com/a/39896131"", ""39896131"")",0.7394636015325672
"=HYPERLINK(""https://stackoverflow.com/a/39933779"", ""39933779"")",0.5209235209235207
"=HYPERLINK(""https://stackoverflow.com/a/40242454"", ""40242454"")",0.5131313131313131
"=HYPERLINK(""https://stackoverflow.com/a/40287662"", ""40287662"")",0.603578154425612
"=HYPERLINK(""https://stackoverflow.com/a/40544984"", ""40544984"")",0.8589004229142636
"=HYPERLINK(""https://stackoverflow.com/a/40549230"", ""40549230"")",0.6246612466124659
"=HYPERLINK(""https://stackoverflow.com/a/40625771"", ""40625771"")",0.3371158392434989
"=HYPERLINK(""https://stackoverflow.com/a/40720328"", ""40720328"")",0.3629257398101618
"=HYPERLINK(""https://stackoverflow.com/a/40792423"", ""40792423"")",0.5030732860520095
"=HYPERLINK(""https://stackoverflow.com/a/40905600"", ""40905600"")",0.42953929539295366
"=HYPERLINK(""https://stackoverflow.com/a/40922431"", ""40922431"")",0.11695906432748542
"=HYPERLINK(""https://stackoverflow.com/a/41037006"", ""41037006"")",0.7357357357357356
"=HYPERLINK(""https://stackoverflow.com/a/41060487"", ""41060487"")",0.8376068376068377
"=HYPERLINK(""https://stackoverflow.com/a/41063612"", ""41063612"")",0.49357900614182004
"=HYPERLINK(""https://stackoverflow.com/a/41458861"", ""41458861"")",0.35413711583924357
"=HYPERLINK(""https://stackoverflow.com/a/41571325"", ""41571325"")",0.8050873907615483
"=HYPERLINK(""https://stackoverflow.com/a/41943321"", ""41943321"")",0.5522222222222218
"=HYPERLINK(""https://stackoverflow.com/a/42257171"", ""42257171"")",0.8053962183981307
"=HYPERLINK(""https://stackoverflow.com/a/42615330"", ""42615330"")",0.29092451229855837
"=HYPERLINK(""https://stackoverflow.com/a/42630091"", ""42630091"")",0.5923009623797028
"=HYPERLINK(""https://stackoverflow.com/a/42928396"", ""42928396"")",0.6320160366552118
"=HYPERLINK(""https://stackoverflow.com/a/43531104"", ""43531104"")",0.31865079365079374
"=HYPERLINK(""https://stackoverflow.com/a/43722110"", ""43722110"")",0.4799709987311947
"=HYPERLINK(""https://stackoverflow.com/a/43934520"", ""43934520"")",0.5535105657805044
"=HYPERLINK(""https://stackoverflow.com/a/43946709"", ""43946709"")",0.795392953929539
"=HYPERLINK(""https://stackoverflow.com/a/44588289"", ""44588289"")",0.31551668286362183
"=HYPERLINK(""https://stackoverflow.com/a/44654229"", ""44654229"")",0.6255371393492941
"=HYPERLINK(""https://stackoverflow.com/a/45860104"", ""45860104"")",0.8986928104575164
"=HYPERLINK(""https://stackoverflow.com/a/45926621"", ""45926621"")",0.6413838988689287
"=HYPERLINK(""https://stackoverflow.com/a/45968730"", ""45968730"")",0.7150793650793653
"=HYPERLINK(""https://stackoverflow.com/a/46239760"", ""46239760"")",0.4991901522513768
"=HYPERLINK(""https://stackoverflow.com/a/46290734"", ""46290734"")",0.5193320488118178
"=HYPERLINK(""https://stackoverflow.com/a/46297567"", ""46297567"")",0.30034722222222227
"=HYPERLINK(""https://stackoverflow.com/a/46440681"", ""46440681"")",0.2868034533019397
"=HYPERLINK(""https://stackoverflow.com/a/46660943"", ""46660943"")",0.29751944811389985
"=HYPERLINK(""https://stackoverflow.com/a/46803336"", ""46803336"")",0.6938131313131308
"=HYPERLINK(""https://stackoverflow.com/a/46876327"", ""46876327"")",0.28222222222222215
"=HYPERLINK(""https://stackoverflow.com/a/47148498"", ""47148498"")",0.39409722222222215
"=HYPERLINK(""https://stackoverflow.com/a/47288492"", ""47288492"")",0.5764185237869449
"=HYPERLINK(""https://stackoverflow.com/a/47362028"", ""47362028"")",0.5959246443675509
"=HYPERLINK(""https://stackoverflow.com/a/48337876"", ""48337876"")",0.333065595716198
"=HYPERLINK(""https://stackoverflow.com/a/48338367"", ""48338367"")",0.5519519519519517
"=HYPERLINK(""https://stackoverflow.com/a/48383629"", ""48383629"")",0.517304189435337
"=HYPERLINK(""https://stackoverflow.com/a/48831621"", ""48831621"")",0.30441400304413996
"=HYPERLINK(""https://stackoverflow.com/a/49070545"", ""49070545"")",0.38983585858585845
"=HYPERLINK(""https://stackoverflow.com/a/49105245"", ""49105245"")",0.365079365079365
"=HYPERLINK(""https://stackoverflow.com/a/49203887"", ""49203887"")",0.7497812773403327
"=HYPERLINK(""https://stackoverflow.com/a/49560369"", ""49560369"")",0.38607764390896904
"=HYPERLINK(""https://stackoverflow.com/a/50309404"", ""50309404"")",0.6611535199321461
"=HYPERLINK(""https://stackoverflow.com/a/50366287"", ""50366287"")",0.5881162619573215
"=HYPERLINK(""https://stackoverflow.com/a/50373129"", ""50373129"")",0.3908268733850128
"=HYPERLINK(""https://stackoverflow.com/a/50697033"", ""50697033"")",0.4686507936507937
"=HYPERLINK(""https://stackoverflow.com/a/50793895"", ""50793895"")",0.11695906432748546
"=HYPERLINK(""https://stackoverflow.com/a/50808267"", ""50808267"")",0.6538011695906434
"=HYPERLINK(""https://stackoverflow.com/a/50903113"", ""50903113"")",0.382222222222222
"=HYPERLINK(""https://stackoverflow.com/a/51770992"", ""51770992"")",0.4708708708708708
"=HYPERLINK(""https://stackoverflow.com/a/52010851"", ""52010851"")",0.5066258919469927
"=HYPERLINK(""https://stackoverflow.com/a/52413727"", ""52413727"")",0.3708071278825995
"=HYPERLINK(""https://stackoverflow.com/a/52443878"", ""52443878"")",0.24420024420024417
"=HYPERLINK(""https://stackoverflow.com/a/52703056"", ""52703056"")",0.6368563685636855
"=HYPERLINK(""https://stackoverflow.com/a/52818666"", ""52818666"")",0.36507936507936495
"=HYPERLINK(""https://stackoverflow.com/a/53538710"", ""53538710"")",0.4743961352657003
"=HYPERLINK(""https://stackoverflow.com/a/54416339"", ""54416339"")",0.6560457516339869
"=HYPERLINK(""https://stackoverflow.com/a/55072758"", ""55072758"")",0.44239028944911296
"=HYPERLINK(""https://stackoverflow.com/a/55237407"", ""55237407"")",0.6507936507936507
"=HYPERLINK(""https://stackoverflow.com/a/55334469"", ""55334469"")",0.7338501291989663
"=HYPERLINK(""https://stackoverflow.com/a/55349226"", ""55349226"")",0.640941434044882
"=HYPERLINK(""https://stackoverflow.com/a/55356841"", ""55356841"")",0.6757105943152453
"=HYPERLINK(""https://stackoverflow.com/a/55379049"", ""55379049"")",0.8673835125448025
"=HYPERLINK(""https://stackoverflow.com/a/55477401"", ""55477401"")",0.3657785028094979
"=HYPERLINK(""https://stackoverflow.com/a/55517767"", ""55517767"")",0.3455098934550989
"=HYPERLINK(""https://stackoverflow.com/a/55528298"", ""55528298"")",0.48011695906432744
"=HYPERLINK(""https://stackoverflow.com/a/55743404"", ""55743404"")",0.8895489548954895
"=HYPERLINK(""https://stackoverflow.com/a/55775725"", ""55775725"")",0.6794206658019888
"=HYPERLINK(""https://stackoverflow.com/a/55944860"", ""55944860"")",0.6773946360153257
"=HYPERLINK(""https://stackoverflow.com/a/56294136"", ""56294136"")",0.6079035155247625
"=HYPERLINK(""https://stackoverflow.com/a/56422044"", ""56422044"")",0.5112847222222224
"=HYPERLINK(""https://stackoverflow.com/a/56539783"", ""56539783"")",0.4769392033542979
"=HYPERLINK(""https://stackoverflow.com/a/56542867"", ""56542867"")",0.39251925192519255
"=HYPERLINK(""https://stackoverflow.com/a/56605093"", ""56605093"")",0.8966408268733848
"=HYPERLINK(""https://stackoverflow.com/a/56655120"", ""56655120"")",0.5518925518925518
"=HYPERLINK(""https://stackoverflow.com/a/56830833"", ""56830833"")",0.7900614182021215
"=HYPERLINK(""https://stackoverflow.com/a/56938732"", ""56938732"")",0.7305095150399018
"=HYPERLINK(""https://stackoverflow.com/a/57097029"", ""57097029"")",0.34837606837606844
"=HYPERLINK(""https://stackoverflow.com/a/57169763"", ""57169763"")",0.39350685698292726
"=HYPERLINK(""https://stackoverflow.com/a/57202194"", ""57202194"")",0.4504101416853095
"=HYPERLINK(""https://stackoverflow.com/a/57264510"", ""57264510"")",0.7443461160275319
"=HYPERLINK(""https://stackoverflow.com/a/57592925"", ""57592925"")",0.38689288090485685
"=HYPERLINK(""https://stackoverflow.com/a/58449467"", ""58449467"")",0.22222222222222232
"=HYPERLINK(""https://stackoverflow.com/a/59408355"", ""59408355"")",0.7286052009456265
"=HYPERLINK(""https://stackoverflow.com/a/60321303"", ""60321303"")",0.5710594315245477
"=HYPERLINK(""https://stackoverflow.com/a/60389138"", ""60389138"")",0.5700483091787438
"=HYPERLINK(""https://stackoverflow.com/a/60947834"", ""60947834"")",0.4424057084607544
"=HYPERLINK(""https://stackoverflow.com/a/61538280"", ""61538280"")",0.5656832526053134
"=HYPERLINK(""https://stackoverflow.com/a/61589623"", ""61589623"")",0.4425612052730696
"=HYPERLINK(""https://stackoverflow.com/a/61611999"", ""61611999"")",0.5531045751633986
"=HYPERLINK(""https://stackoverflow.com/a/61673542"", ""61673542"")",0.5853801169590644
"=HYPERLINK(""https://stackoverflow.com/a/61735410"", ""61735410"")",0.8860520094562648
"=HYPERLINK(""https://stackoverflow.com/a/62081374"", ""62081374"")",0.5212749962411669
"=HYPERLINK(""https://stackoverflow.com/a/62164507"", ""62164507"")",0.5757936507936509
"=HYPERLINK(""https://stackoverflow.com/a/62685042"", ""62685042"")",0.5402945113788485
"=HYPERLINK(""https://stackoverflow.com/a/62833532"", ""62833532"")",0.46579461735077454
"=HYPERLINK(""https://stackoverflow.com/a/63036388"", ""63036388"")",0.29590643274853806
"=HYPERLINK(""https://stackoverflow.com/a/63340457"", ""63340457"")",0.8003472222222224
"=HYPERLINK(""https://stackoverflow.com/a/64560783"", ""64560783"")",0.43376068376068383
"=HYPERLINK(""https://stackoverflow.com/a/64698488"", ""64698488"")",0.6114114114114113
"=HYPERLINK(""https://stackoverflow.com/a/64969574"", ""64969574"")",0.44173441734417324
"=HYPERLINK(""https://stackoverflow.com/a/65397409"", ""65397409"")",0.6006006006006007
"=HYPERLINK(""https://stackoverflow.com/a/65584051"", ""65584051"")",0.5048309178743963
"=HYPERLINK(""https://stackoverflow.com/a/66949862"", ""66949862"")",0.23020944266950635
