"link","Correlation","score","view_count"
"=HYPERLINK(""https://stackoverflow.com/q/351489"", ""351489"")",0.5946360153256706,"71","181260"
"=HYPERLINK(""https://stackoverflow.com/q/1507377"", ""1507377"")",0.477947413061917,"5","6615"
"=HYPERLINK(""https://stackoverflow.com/q/1586446"", ""1586446"")",0.449848681366191,"0","13965"
"=HYPERLINK(""https://stackoverflow.com/q/3112870"", ""3112870"")",0.8705738705738707,"2","2905"
"=HYPERLINK(""https://stackoverflow.com/q/3998037"", ""3998037"")",0.500631313131313,"1","2634"
"=HYPERLINK(""https://stackoverflow.com/q/4183383"", ""4183383"")",0.373973194984868,"1","10095"
"=HYPERLINK(""https://stackoverflow.com/q/4366492"", ""4366492"")",0.4838501291989665,"0","550"
"=HYPERLINK(""https://stackoverflow.com/q/4408814"", ""4408814"")",0.5210944026733499,"6","4117"
"=HYPERLINK(""https://stackoverflow.com/q/4688595"", ""4688595"")",0.457936507936508,"0","635"
"=HYPERLINK(""https://stackoverflow.com/q/4952379"", ""4952379"")",0.2155158138764694,"3","16202"
"=HYPERLINK(""https://stackoverflow.com/q/5014696"", ""5014696"")",0.5383986928104576,"0","318"
"=HYPERLINK(""https://stackoverflow.com/q/5238952"", ""5238952"")",0.8156288156288157,"7","51322"
"=HYPERLINK(""https://stackoverflow.com/q/5862041"", ""5862041"")",0.614860259032038,"0","243"
"=HYPERLINK(""https://stackoverflow.com/q/6392197"", ""6392197"")",0.3894097222222223,"1","3251"
"=HYPERLINK(""https://stackoverflow.com/q/6610147"", ""6610147"")",0.3539587491683299,"0","1249"
"=HYPERLINK(""https://stackoverflow.com/q/6660639"", ""6660639"")",0.4672815107597717,"6","17207"
"=HYPERLINK(""https://stackoverflow.com/q/6724391"", ""6724391"")",0.494111623143881,"3","1457"
"=HYPERLINK(""https://stackoverflow.com/q/6915907"", ""6915907"")",0.4000464900046486,"2","4640"
"=HYPERLINK(""https://stackoverflow.com/q/7013048"", ""7013048"")",0.6815245478036176,"3","3377"
"=HYPERLINK(""https://stackoverflow.com/q/7119658"", ""7119658"")",0.5707564241766195,"2","589"
"=HYPERLINK(""https://stackoverflow.com/q/7271294"", ""7271294"")",0.3933065595716194,"4","1304"
"=HYPERLINK(""https://stackoverflow.com/q/7299704"", ""7299704"")",0.4438581061272356,"1","5208"
"=HYPERLINK(""https://stackoverflow.com/q/7429100"", ""7429100"")",0.587141577060932,"0","96"
"=HYPERLINK(""https://stackoverflow.com/q/7765854"", ""7765854"")",0.5068072024593766,"0","1014"
"=HYPERLINK(""https://stackoverflow.com/q/8054389"", ""8054389"")",0.517304189435337,"2","11204"
"=HYPERLINK(""https://stackoverflow.com/q/8142135"", ""8142135"")",0.6256313131313128,"3","1561"
"=HYPERLINK(""https://stackoverflow.com/q/8165287"", ""8165287"")",0.4937550689375507,"6","8892"
"=HYPERLINK(""https://stackoverflow.com/q/8430696"", ""8430696"")",0.4652991452991457,"2","2500"
"=HYPERLINK(""https://stackoverflow.com/q/8543630"", ""8543630"")",0.49357900614182,"1","2019"
"=HYPERLINK(""https://stackoverflow.com/q/8660086"", ""8660086"")",0.4164321136576864,"3","4628"
"=HYPERLINK(""https://stackoverflow.com/q/8786464"", ""8786464"")",0.6931524547803615,"1","3364"
"=HYPERLINK(""https://stackoverflow.com/q/8797248"", ""8797248"")",0.6922821024617433,"1","192"
"=HYPERLINK(""https://stackoverflow.com/q/8933165"", ""8933165"")",0.4489224741113908,"1","3645"
"=HYPERLINK(""https://stackoverflow.com/q/9003320"", ""9003320"")",0.8722222222222221,"0","7117"
"=HYPERLINK(""https://stackoverflow.com/q/9078626"", ""9078626"")",0.876068376068376,"0","307"
"=HYPERLINK(""https://stackoverflow.com/q/9344558"", ""9344558"")",0.443979544397954,"1","3295"
"=HYPERLINK(""https://stackoverflow.com/q/9816195"", ""9816195"")",0.4955786236063053,"3","4924"
"=HYPERLINK(""https://stackoverflow.com/q/9960391"", ""9960391"")",0.631062001227747,"0","87"
"=HYPERLINK(""https://stackoverflow.com/q/9984349"", ""9984349"")",0.4803269603768355,"3","15252"
"=HYPERLINK(""https://stackoverflow.com/q/10042002"", ""10042002"")",0.5073286052009457,"1","772"
"=HYPERLINK(""https://stackoverflow.com/q/10157711"", ""10157711"")",0.3079962807996279,"0","2254"
"=HYPERLINK(""https://stackoverflow.com/q/10294732"", ""10294732"")",0.4155211912943871,"1","3149"
"=HYPERLINK(""https://stackoverflow.com/q/10337249"", ""10337249"")",0.4167676767676767,"1","3446"
"=HYPERLINK(""https://stackoverflow.com/q/10419376"", ""10419376"")",0.6028450595924645,"9","10560"
"=HYPERLINK(""https://stackoverflow.com/q/10443151"", ""10443151"")",0.4357357357357355,"3","599"
"=HYPERLINK(""https://stackoverflow.com/q/10483579"", ""10483579"")",0.6398046398046399,"0","1158"
"=HYPERLINK(""https://stackoverflow.com/q/10608829"", ""10608829"")",0.4321458863443598,"0","1191"
"=HYPERLINK(""https://stackoverflow.com/q/10753978"", ""10753978"")",0.3264567499095187,"1","2065"
"=HYPERLINK(""https://stackoverflow.com/q/10939796"", ""10939796"")",0.4280448356277739,"7","9399"
"=HYPERLINK(""https://stackoverflow.com/q/10982398"", ""10982398"")",0.4976713240186294,"4","1907"
"=HYPERLINK(""https://stackoverflow.com/q/11049523"", ""11049523"")",0.3374295954941115,"1","5102"
"=HYPERLINK(""https://stackoverflow.com/q/11055347"", ""11055347"")",0.329889432662679,"2","2069"
"=HYPERLINK(""https://stackoverflow.com/q/11194917"", ""11194917"")",0.4664082687338501,"1","1411"
"=HYPERLINK(""https://stackoverflow.com/q/11210208"", ""11210208"")",0.611462728551336,"0","133"
"=HYPERLINK(""https://stackoverflow.com/q/11433110"", ""11433110"")",0.4439416792357967,"1","799"
"=HYPERLINK(""https://stackoverflow.com/q/11477483"", ""11477483"")",0.8796807857581337,"3","22219"
"=HYPERLINK(""https://stackoverflow.com/q/11525016"", ""11525016"")",0.3204933778182186,"0","2067"
"=HYPERLINK(""https://stackoverflow.com/q/11571898"", ""11571898"")",0.4558287795992713,"0","344"
"=HYPERLINK(""https://stackoverflow.com/q/11612183"", ""11612183"")",0.3391577060931901,"2","2679"
"=HYPERLINK(""https://stackoverflow.com/q/11651118"", ""11651118"")",0.5481890730509517,"3","8719"
"=HYPERLINK(""https://stackoverflow.com/q/11723365"", ""11723365"")",0.3541533885702145,"1","2067"
"=HYPERLINK(""https://stackoverflow.com/q/11837915"", ""11837915"")",0.7146845337800111,"1","523"
"=HYPERLINK(""https://stackoverflow.com/q/11935763"", ""11935763"")",0.4817377931564784,"0","2687"
"=HYPERLINK(""https://stackoverflow.com/q/11993760"", ""11993760"")",0.4084749938408473,"3","10567"
"=HYPERLINK(""https://stackoverflow.com/q/12063240"", ""12063240"")",0.9558287795992716,"3","31321"
"=HYPERLINK(""https://stackoverflow.com/q/12094856"", ""12094856"")",0.2318376068376069,"4","6509"
"=HYPERLINK(""https://stackoverflow.com/q/12376757"", ""12376757"")",0.5312601230968578,"1","2185"
"=HYPERLINK(""https://stackoverflow.com/q/12495893"", ""12495893"")",0.8710771840542836,"0","312"
"=HYPERLINK(""https://stackoverflow.com/q/12578767"", ""12578767"")",0.4494949494949492,"0","2076"
"=HYPERLINK(""https://stackoverflow.com/q/12660381"", ""12660381"")",0.6874120956399435,"0","342"
"=HYPERLINK(""https://stackoverflow.com/q/12740955"", ""12740955"")",0.5158002038735986,"0","2380"
"=HYPERLINK(""https://stackoverflow.com/q/12839095"", ""12839095"")",0.7372337695663329,"1","135"
"=HYPERLINK(""https://stackoverflow.com/q/12956887"", ""12956887"")",0.4659895352416128,"0","1066"
"=HYPERLINK(""https://stackoverflow.com/q/13180625"", ""13180625"")",0.4036381514257622,"0","2364"
"=HYPERLINK(""https://stackoverflow.com/q/13379039"", ""13379039"")",0.2961138478379855,"1","910"
"=HYPERLINK(""https://stackoverflow.com/q/13405794"", ""13405794"")",0.424176619616359,"1","181"
"=HYPERLINK(""https://stackoverflow.com/q/13606437"", ""13606437"")",0.3748939779474132,"6","3603"
"=HYPERLINK(""https://stackoverflow.com/q/13733729"", ""13733729"")",0.4628472222222223,"0","147"
"=HYPERLINK(""https://stackoverflow.com/q/13805315"", ""13805315"")",0.5719154737559646,"2","1728"
"=HYPERLINK(""https://stackoverflow.com/q/13840718"", ""13840718"")",0.566903073286052,"0","189"
"=HYPERLINK(""https://stackoverflow.com/q/13886422"", ""13886422"")",0.432222222222222,"1","2749"
"=HYPERLINK(""https://stackoverflow.com/q/14125455"", ""14125455"")",0.3047693920335431,"0","994"
"=HYPERLINK(""https://stackoverflow.com/q/14245018"", ""14245018"")",0.3708368317940105,"0","108"
"=HYPERLINK(""https://stackoverflow.com/q/14246742"", ""14246742"")",0.6131017010495837,"1","342"
"=HYPERLINK(""https://stackoverflow.com/q/14487276"", ""14487276"")",0.3330330330330329,"0","945"
"=HYPERLINK(""https://stackoverflow.com/q/14567113"", ""14567113"")",0.5465465465465463,"2","1836"
"=HYPERLINK(""https://stackoverflow.com/q/15133014"", ""15133014"")",0.4930111348021797,"2","808"
"=HYPERLINK(""https://stackoverflow.com/q/15140537"", ""15140537"")",0.3883460007238508,"0","1551"
"=HYPERLINK(""https://stackoverflow.com/q/15165359"", ""15165359"")",0.3785740137531668,"1","2347"
"=HYPERLINK(""https://stackoverflow.com/q/15257921"", ""15257921"")",0.4880450070323486,"0","894"
"=HYPERLINK(""https://stackoverflow.com/q/15767688"", ""15767688"")",0.7148692810457515,"1","5404"
"=HYPERLINK(""https://stackoverflow.com/q/15799160"", ""15799160"")",0.420751633986928,"1","4318"
"=HYPERLINK(""https://stackoverflow.com/q/15925496"", ""15925496"")",0.7222222222222221,"0","2102"
"=HYPERLINK(""https://stackoverflow.com/q/15948224"", ""15948224"")",0.4152601969057664,"1","13342"
"=HYPERLINK(""https://stackoverflow.com/q/15970038"", ""15970038"")",0.5036791758646063,"1","7733"
"=HYPERLINK(""https://stackoverflow.com/q/16192475"", ""16192475"")",0.4327485380116959,"1","3874"
"=HYPERLINK(""https://stackoverflow.com/q/16362803"", ""16362803"")",0.4869281045751633,"1","892"
"=HYPERLINK(""https://stackoverflow.com/q/16535163"", ""16535163"")",0.3371158392434988,"0","105"
"=HYPERLINK(""https://stackoverflow.com/q/16592070"", ""16592070"")",0.540079365079365,"0","1273"
"=HYPERLINK(""https://stackoverflow.com/q/16652924"", ""16652924"")",0.6355063550635506,"0","609"
"=HYPERLINK(""https://stackoverflow.com/q/16913900"", ""16913900"")",0.6591452991452993,"1","4833"
"=HYPERLINK(""https://stackoverflow.com/q/17020847"", ""17020847"")",0.3290924512298558,"1","2907"
"=HYPERLINK(""https://stackoverflow.com/q/17063391"", ""17063391"")",0.4624819624819621,"0","49"
"=HYPERLINK(""https://stackoverflow.com/q/17099060"", ""17099060"")",0.5940815187046342,"0","5491"
"=HYPERLINK(""https://stackoverflow.com/q/17208700"", ""17208700"")",0.4088111435050212,"1","1410"
"=HYPERLINK(""https://stackoverflow.com/q/17417015"", ""17417015"")",0.5740294511378847,"0","238"
"=HYPERLINK(""https://stackoverflow.com/q/17424718"", ""17424718"")",0.305267204921184,"0","2219"
"=HYPERLINK(""https://stackoverflow.com/q/17551730"", ""17551730"")",0.3514015535292132,"2","2090"
"=HYPERLINK(""https://stackoverflow.com/q/17594660"", ""17594660"")",0.3273358585858585,"2","1495"
"=HYPERLINK(""https://stackoverflow.com/q/17705860"", ""17705860"")",0.3156478277585542,"1","837"
"=HYPERLINK(""https://stackoverflow.com/q/17901453"", ""17901453"")",0.6631089217296113,"2","4512"
"=HYPERLINK(""https://stackoverflow.com/q/17951232"", ""17951232"")",0.5253896430367018,"0","997"
"=HYPERLINK(""https://stackoverflow.com/q/18214940"", ""18214940"")",0.4600600600600599,"3","7044"
"=HYPERLINK(""https://stackoverflow.com/q/18281375"", ""18281375"")",0.4921337266470009,"0","58"
"=HYPERLINK(""https://stackoverflow.com/q/18304855"", ""18304855"")",0.3675509419454058,"0","273"
"=HYPERLINK(""https://stackoverflow.com/q/18324892"", ""18324892"")",0.5098934550989345,"0","169"
"=HYPERLINK(""https://stackoverflow.com/q/18467677"", ""18467677"")",0.2619482496194824,"1","1205"
"=HYPERLINK(""https://stackoverflow.com/q/18485704"", ""18485704"")",0.5409035409035409,"0","303"
"=HYPERLINK(""https://stackoverflow.com/q/18557198"", ""18557198"")",0.6058429118773948,"0","501"
"=HYPERLINK(""https://stackoverflow.com/q/18581796"", ""18581796"")",0.396737457679286,"0","2190"
"=HYPERLINK(""https://stackoverflow.com/q/18590826"", ""18590826"")",0.8028673835125445,"0","1063"
"=HYPERLINK(""https://stackoverflow.com/q/18634101"", ""18634101"")",0.2775581906016687,"1","2687"
"=HYPERLINK(""https://stackoverflow.com/q/18759758"", ""18759758"")",0.3711583924349881,"0","723"
"=HYPERLINK(""https://stackoverflow.com/q/18764117"", ""18764117"")",0.4959252633671239,"0","122"
"=HYPERLINK(""https://stackoverflow.com/q/18791371"", ""18791371"")",0.5587606837606838,"1","4457"
"=HYPERLINK(""https://stackoverflow.com/q/18904341"", ""18904341"")",0.5822222222222223,"3","6442"
"=HYPERLINK(""https://stackoverflow.com/q/19163067"", ""19163067"")",0.3227247347850361,"1","504"
"=HYPERLINK(""https://stackoverflow.com/q/20039723"", ""20039723"")",0.504101416853095,"0","6195"
"=HYPERLINK(""https://stackoverflow.com/q/20342154"", ""20342154"")",0.6529527008116428,"0","52"
"=HYPERLINK(""https://stackoverflow.com/q/20367973"", ""20367973"")",0.6429118773946361,"0","101"
"=HYPERLINK(""https://stackoverflow.com/q/20671252"", ""20671252"")",0.5972222222222223,"3","16969"
"=HYPERLINK(""https://stackoverflow.com/q/20727184"", ""20727184"")",0.5058760683760684,"1","771"
"=HYPERLINK(""https://stackoverflow.com/q/20767499"", ""20767499"")",0.3191751308094798,"1","431"
"=HYPERLINK(""https://stackoverflow.com/q/20977145"", ""20977145"")",0.646185355862775,"2","1697"
"=HYPERLINK(""https://stackoverflow.com/q/21060994"", ""21060994"")",0.8202420242024203,"0","4024"
"=HYPERLINK(""https://stackoverflow.com/q/21103488"", ""21103488"")",0.5237489397794742,"0","3027"
"=HYPERLINK(""https://stackoverflow.com/q/21316828"", ""21316828"")",0.4546945469454694,"2","1259"
"=HYPERLINK(""https://stackoverflow.com/q/21481763"", ""21481763"")",0.4107715119338021,"0","2303"
"=HYPERLINK(""https://stackoverflow.com/q/21547463"", ""21547463"")",0.3849580712788261,"1","1753"
"=HYPERLINK(""https://stackoverflow.com/q/21620811"", ""21620811"")",0.4583738257207646,"1","8924"
"=HYPERLINK(""https://stackoverflow.com/q/21748988"", ""21748988"")",0.4920966992096697,"1","1470"
"=HYPERLINK(""https://stackoverflow.com/q/21884031"", ""21884031"")",0.5211912943871706,"1","226"
"=HYPERLINK(""https://stackoverflow.com/q/22008343"", ""22008343"")",0.4380116959064329,"2","2521"
"=HYPERLINK(""https://stackoverflow.com/q/22206906"", ""22206906"")",0.481002259190799,"0","718"
"=HYPERLINK(""https://stackoverflow.com/q/22229335"", ""22229335"")",0.2355407571833765,"1","174"
"=HYPERLINK(""https://stackoverflow.com/q/22452127"", ""22452127"")",0.8748538011695909,"0","531"
"=HYPERLINK(""https://stackoverflow.com/q/22538528"", ""22538528"")",0.4893977947413063,"2","168"
"=HYPERLINK(""https://stackoverflow.com/q/22556480"", ""22556480"")",0.2380450070323488,"0","111"
"=HYPERLINK(""https://stackoverflow.com/q/22642344"", ""22642344"")",0.4069797279958942,"1","2186"
"=HYPERLINK(""https://stackoverflow.com/q/22679315"", ""22679315"")",0.4722222222222221,"0","397"
"=HYPERLINK(""https://stackoverflow.com/q/22704895"", ""22704895"")",0.3639060004563082,"3","2980"
"=HYPERLINK(""https://stackoverflow.com/q/22712624"", ""22712624"")",0.9369873228933632,"1","2372"
"=HYPERLINK(""https://stackoverflow.com/q/22921044"", ""22921044"")",0.4772111357477207,"2","574"
"=HYPERLINK(""https://stackoverflow.com/q/23111720"", ""23111720"")",0.3142724314272428,"0","231"
"=HYPERLINK(""https://stackoverflow.com/q/23130027"", ""23130027"")",0.3071278825995807,"1","1797"
"=HYPERLINK(""https://stackoverflow.com/q/23262254"", ""23262254"")",0.5567481613993244,"7","4473"
"=HYPERLINK(""https://stackoverflow.com/q/23495309"", ""23495309"")",0.4713367440640167,"1","1573"
"=HYPERLINK(""https://stackoverflow.com/q/23522395"", ""23522395"")",0.3107831078310785,"1","1867"
"=HYPERLINK(""https://stackoverflow.com/q/23656834"", ""23656834"")",0.2786424556852572,"2","531"
"=HYPERLINK(""https://stackoverflow.com/q/23679432"", ""23679432"")",0.4424057084607545,"0","892"
"=HYPERLINK(""https://stackoverflow.com/q/23813555"", ""23813555"")",0.4281628162816279,"0","225"
"=HYPERLINK(""https://stackoverflow.com/q/23838059"", ""23838059"")",0.4310829817158931,"0","52"
"=HYPERLINK(""https://stackoverflow.com/q/23955812"", ""23955812"")",0.4244382887042167,"0","688"
"=HYPERLINK(""https://stackoverflow.com/q/24147686"", ""24147686"")",0.7510683760683761,"0","1015"
"=HYPERLINK(""https://stackoverflow.com/q/24284497"", ""24284497"")",0.5095150399017803,"0","154"
"=HYPERLINK(""https://stackoverflow.com/q/24326388"", ""24326388"")",0.3878663940013632,"5","2162"
"=HYPERLINK(""https://stackoverflow.com/q/24331143"", ""24331143"")",0.4408811143505022,"1","1117"
"=HYPERLINK(""https://stackoverflow.com/q/24335865"", ""24335865"")",0.3879680785758134,"0","74"
"=HYPERLINK(""https://stackoverflow.com/q/24377465"", ""24377465"")",0.3813917723952325,"0","433"
"=HYPERLINK(""https://stackoverflow.com/q/24563443"", ""24563443"")",0.4831921991275339,"0","228"
"=HYPERLINK(""https://stackoverflow.com/q/24633914"", ""24633914"")",0.3466566113624936,"1","559"
"=HYPERLINK(""https://stackoverflow.com/q/24654224"", ""24654224"")",0.5187739463601533,"1","10820"
"=HYPERLINK(""https://stackoverflow.com/q/24776677"", ""24776677"")",0.3466461853558625,"0","62"
"=HYPERLINK(""https://stackoverflow.com/q/24815503"", ""24815503"")",0.7145299145299148,"0","483"
"=HYPERLINK(""https://stackoverflow.com/q/24868135"", ""24868135"")",0.3725871857258719,"1","495"
"=HYPERLINK(""https://stackoverflow.com/q/24959590"", ""24959590"")",0.5548582054858204,"9","24728"
"=HYPERLINK(""https://stackoverflow.com/q/25042819"", ""25042819"")",0.4665661136249371,"0","267"
"=HYPERLINK(""https://stackoverflow.com/q/25248884"", ""25248884"")",0.5808429118773948,"0","756"
"=HYPERLINK(""https://stackoverflow.com/q/25701469"", ""25701469"")",0.5805284111473036,"1","1377"
"=HYPERLINK(""https://stackoverflow.com/q/25752075"", ""25752075"")",0.2980842911877394,"0","255"
"=HYPERLINK(""https://stackoverflow.com/q/25854056"", ""25854056"")",0.3143688190808609,"0","492"
"=HYPERLINK(""https://stackoverflow.com/q/25880070"", ""25880070"")",0.6238615664845173,"0","5593"
"=HYPERLINK(""https://stackoverflow.com/q/26050437"", ""26050437"")",0.3873165618448638,"0","98"
"=HYPERLINK(""https://stackoverflow.com/q/26196386"", ""26196386"")",0.6846728151075974,"1","319"
"=HYPERLINK(""https://stackoverflow.com/q/26409576"", ""26409576"")",0.4543650793650794,"0","1338"
"=HYPERLINK(""https://stackoverflow.com/q/26422188"", ""26422188"")",0.5089869281045751,"0","2147"
"=HYPERLINK(""https://stackoverflow.com/q/26455260"", ""26455260"")",0.3026242322724733,"1","1725"
"=HYPERLINK(""https://stackoverflow.com/q/26992194"", ""26992194"")",0.3241277731749975,"0","725"
"=HYPERLINK(""https://stackoverflow.com/q/27001557"", ""27001557"")",0.2866552119129439,"1","139"
"=HYPERLINK(""https://stackoverflow.com/q/27232976"", ""27232976"")",0.3192946413285396,"1","371"
"=HYPERLINK(""https://stackoverflow.com/q/27261428"", ""27261428"")",0.515491452991453,"1","368"
"=HYPERLINK(""https://stackoverflow.com/q/27314371"", ""27314371"")",0.4433760683760684,"2","64"
"=HYPERLINK(""https://stackoverflow.com/q/27316200"", ""27316200"")",0.4664082687338499,"1","105"
"=HYPERLINK(""https://stackoverflow.com/q/27405677"", ""27405677"")",0.791084497671324,"1","76"
"=HYPERLINK(""https://stackoverflow.com/q/27412075"", ""27412075"")",0.4168035030103995,"3","4806"
"=HYPERLINK(""https://stackoverflow.com/q/27440802"", ""27440802"")",0.3744713571703189,"0","290"
"=HYPERLINK(""https://stackoverflow.com/q/27552679"", ""27552679"")",0.6001024065540193,"2","2421"
"=HYPERLINK(""https://stackoverflow.com/q/27883710"", ""27883710"")",0.6842911877394636,"1","51"
"=HYPERLINK(""https://stackoverflow.com/q/28081396"", ""28081396"")",0.5294768452663191,"0","478"
"=HYPERLINK(""https://stackoverflow.com/q/28133681"", ""28133681"")",0.5106837606837608,"0","2253"
"=HYPERLINK(""https://stackoverflow.com/q/28159060"", ""28159060"")",0.3098134630981347,"1","2078"
"=HYPERLINK(""https://stackoverflow.com/q/28176160"", ""28176160"")",0.7720377203772035,"0","65"
"=HYPERLINK(""https://stackoverflow.com/q/28188936"", ""28188936"")",0.4755334805003678,"0","2344"
"=HYPERLINK(""https://stackoverflow.com/q/28229191"", ""28229191"")",0.454745018574806,"0","47"
"=HYPERLINK(""https://stackoverflow.com/q/28259325"", ""28259325"")",0.4936507936507935,"0","54"
"=HYPERLINK(""https://stackoverflow.com/q/28440535"", ""28440535"")",0.2928579437156632,"1","823"
"=HYPERLINK(""https://stackoverflow.com/q/28443580"", ""28443580"")",0.5727172717271724,"1","5556"
"=HYPERLINK(""https://stackoverflow.com/q/28489137"", ""28489137"")",0.46741452991453,"1","1352"
"=HYPERLINK(""https://stackoverflow.com/q/28591409"", ""28591409"")",0.4686507936507937,"1","68"
"=HYPERLINK(""https://stackoverflow.com/q/28709391"", ""28709391"")",0.4739543238388502,"1","376"
"=HYPERLINK(""https://stackoverflow.com/q/28712885"", ""28712885"")",0.2875631313131312,"0","78"
"=HYPERLINK(""https://stackoverflow.com/q/28838580"", ""28838580"")",0.4283760683760688,"0","288"
"=HYPERLINK(""https://stackoverflow.com/q/29016659"", ""29016659"")",0.3622873688020268,"0","774"
"=HYPERLINK(""https://stackoverflow.com/q/29078796"", ""29078796"")",0.3170838823012736,"0","174"
"=HYPERLINK(""https://stackoverflow.com/q/29415638"", ""29415638"")",0.378066378066378,"0","528"
"=HYPERLINK(""https://stackoverflow.com/q/29658339"", ""29658339"")",0.557314570507183,"2","3054"
"=HYPERLINK(""https://stackoverflow.com/q/29800320"", ""29800320"")",0.7158931082981713,"1","1284"
"=HYPERLINK(""https://stackoverflow.com/q/29829136"", ""29829136"")",0.393131313131313,"0","139"
"=HYPERLINK(""https://stackoverflow.com/q/29930058"", ""29930058"")",0.3993439934399346,"1","1015"
"=HYPERLINK(""https://stackoverflow.com/q/30007400"", ""30007400"")",0.6394001363326517,"0","738"
"=HYPERLINK(""https://stackoverflow.com/q/30043721"", ""30043721"")",0.5581906016688624,"0","558"
"=HYPERLINK(""https://stackoverflow.com/q/30126833"", ""30126833"")",0.3087274125336408,"1","348"
"=HYPERLINK(""https://stackoverflow.com/q/30215489"", ""30215489"")",0.4198966408268731,"1","906"
"=HYPERLINK(""https://stackoverflow.com/q/30558582"", ""30558582"")",0.6635868277659324,"0","43"
"=HYPERLINK(""https://stackoverflow.com/q/30655397"", ""30655397"")",0.4643274853801171,"0","2203"
"=HYPERLINK(""https://stackoverflow.com/q/30894197"", ""30894197"")",0.268869452542922,"1","899"
"=HYPERLINK(""https://stackoverflow.com/q/30898318"", ""30898318"")",0.5390161153519933,"1","94"
"=HYPERLINK(""https://stackoverflow.com/q/31052944"", ""31052944"")",0.5371158392434989,"1","1917"
"=HYPERLINK(""https://stackoverflow.com/q/31101619"", ""31101619"")",0.5242356450410142,"0","160"
"=HYPERLINK(""https://stackoverflow.com/q/31116437"", ""31116437"")",0.7462074620746207,"1","540"
"=HYPERLINK(""https://stackoverflow.com/q/31272762"", ""31272762"")",0.3591787439613522,"1","798"
"=HYPERLINK(""https://stackoverflow.com/q/31514269"", ""31514269"")",0.8036175710594313,"0","92"
"=HYPERLINK(""https://stackoverflow.com/q/31688031"", ""31688031"")",0.6364702433304019,"0","381"
"=HYPERLINK(""https://stackoverflow.com/q/31794085"", ""31794085"")",0.6651752423564505,"0","55"
"=HYPERLINK(""https://stackoverflow.com/q/32124841"", ""32124841"")",0.4155923879680787,"0","175"
"=HYPERLINK(""https://stackoverflow.com/q/32146104"", ""32146104"")",0.5770609318996415,"1","141"
"=HYPERLINK(""https://stackoverflow.com/q/32768635"", ""32768635"")",0.7394636015325672,"1","849"
"=HYPERLINK(""https://stackoverflow.com/q/32791968"", ""32791968"")",0.6349881796690309,"0","3240"
"=HYPERLINK(""https://stackoverflow.com/q/32881994"", ""32881994"")",0.4271528847800035,"0","1199"
"=HYPERLINK(""https://stackoverflow.com/q/32988336"", ""32988336"")",0.4024547803617567,"1","295"
"=HYPERLINK(""https://stackoverflow.com/q/32991427"", ""32991427"")",0.29953314659197,"0","100"
"=HYPERLINK(""https://stackoverflow.com/q/33062121"", ""33062121"")",0.646185355862775,"1","54"
"=HYPERLINK(""https://stackoverflow.com/q/33629324"", ""33629324"")",0.3564504101416855,"2","1467"
"=HYPERLINK(""https://stackoverflow.com/q/33833721"", ""33833721"")",0.5608360836083606,"0","39"
"=HYPERLINK(""https://stackoverflow.com/q/33929264"", ""33929264"")",0.3315724599401302,"1","597"
"=HYPERLINK(""https://stackoverflow.com/q/33958270"", ""33958270"")",0.3789042498719916,"1","198"
"=HYPERLINK(""https://stackoverflow.com/q/34119628"", ""34119628"")",0.3618526123659593,"0","10176"
"=HYPERLINK(""https://stackoverflow.com/q/34451932"", ""34451932"")",0.4235796882855705,"0","162"
"=HYPERLINK(""https://stackoverflow.com/q/34623971"", ""34623971"")",0.4665218964893232,"1","993"
"=HYPERLINK(""https://stackoverflow.com/q/34679862"", ""34679862"")",0.473478503629257,"0","332"
"=HYPERLINK(""https://stackoverflow.com/q/34950771"", ""34950771"")",0.37833081950729,"0","112"
"=HYPERLINK(""https://stackoverflow.com/q/35207583"", ""35207583"")",0.2391713747645951,"1","94"
"=HYPERLINK(""https://stackoverflow.com/q/35253024"", ""35253024"")",0.5956399437412097,"0","2225"
"=HYPERLINK(""https://stackoverflow.com/q/35297926"", ""35297926"")",0.3711583924349881,"0","407"
"=HYPERLINK(""https://stackoverflow.com/q/35325885"", ""35325885"")",0.4769392033542977,"0","155"
"=HYPERLINK(""https://stackoverflow.com/q/35326488"", ""35326488"")",0.3254579695257662,"2","2736"
"=HYPERLINK(""https://stackoverflow.com/q/35752393"", ""35752393"")",0.4317753809279234,"0","3458"
"=HYPERLINK(""https://stackoverflow.com/q/35766306"", ""35766306"")",0.57687338501292,"1","1752"
"=HYPERLINK(""https://stackoverflow.com/q/35784834"", ""35784834"")",0.4301944925861738,"1","103"
"=HYPERLINK(""https://stackoverflow.com/q/35844774"", ""35844774"")",0.4487415592387969,"0","501"
"=HYPERLINK(""https://stackoverflow.com/q/35849058"", ""35849058"")",0.563539587491683,"0","730"
"=HYPERLINK(""https://stackoverflow.com/q/36017474"", ""36017474"")",0.6576465764657647,"0","512"
"=HYPERLINK(""https://stackoverflow.com/q/36034666"", ""36034666"")",0.6915618448637318,"1","420"
"=HYPERLINK(""https://stackoverflow.com/q/36068799"", ""36068799"")",0.4389457717102765,"0","248"
"=HYPERLINK(""https://stackoverflow.com/q/36123004"", ""36123004"")",0.3528754885538805,"0","408"
"=HYPERLINK(""https://stackoverflow.com/q/36132429"", ""36132429"")",0.6855885588558855,"0","113"
"=HYPERLINK(""https://stackoverflow.com/q/36595367"", ""36595367"")",0.5021517996870111,"0","53"
"=HYPERLINK(""https://stackoverflow.com/q/36624821"", ""36624821"")",0.4610511898647493,"0","93"
"=HYPERLINK(""https://stackoverflow.com/q/36747362"", ""36747362"")",0.3884272083718067,"2","1820"
"=HYPERLINK(""https://stackoverflow.com/q/36809797"", ""36809797"")",0.6600102406554018,"0","1721"
"=HYPERLINK(""https://stackoverflow.com/q/37472907"", ""37472907"")",0.4212146655471587,"1","932"
"=HYPERLINK(""https://stackoverflow.com/q/37604407"", ""37604407"")",0.4748538011695908,"0","1312"
"=HYPERLINK(""https://stackoverflow.com/q/37682976"", ""37682976"")",0.3533461415305796,"0","143"
"=HYPERLINK(""https://stackoverflow.com/q/37697260"", ""37697260"")",0.6166785122009003,"0","365"
"=HYPERLINK(""https://stackoverflow.com/q/37707699"", ""37707699"")",0.6982369823698238,"1","261"
"=HYPERLINK(""https://stackoverflow.com/q/37746422"", ""37746422"")",0.4800535475234269,"1","3723"
"=HYPERLINK(""https://stackoverflow.com/q/37832241"", ""37832241"")",0.5578623606305269,"0","119"
"=HYPERLINK(""https://stackoverflow.com/q/37882751"", ""37882751"")",0.4620264636577852,"0","63"
"=HYPERLINK(""https://stackoverflow.com/q/37920992"", ""37920992"")",0.4365079365079364,"1","123"
"=HYPERLINK(""https://stackoverflow.com/q/37977046"", ""37977046"")",0.5040404040404041,"1","582"
"=HYPERLINK(""https://stackoverflow.com/q/38018745"", ""38018745"")",0.4995185827074909,"1","1826"
"=HYPERLINK(""https://stackoverflow.com/q/38032571"", ""38032571"")",0.4988179669030733,"2","1858"
"=HYPERLINK(""https://stackoverflow.com/q/38190033"", ""38190033"")",0.2830814107663748,"0","314"
"=HYPERLINK(""https://stackoverflow.com/q/38332049"", ""38332049"")",0.6391087657578426,"1","185"
"=HYPERLINK(""https://stackoverflow.com/q/38378888"", ""38378888"")",0.378472222222222,"0","129"
"=HYPERLINK(""https://stackoverflow.com/q/38420082"", ""38420082"")",0.8812083973374294,"0","217"
"=HYPERLINK(""https://stackoverflow.com/q/38481318"", ""38481318"")",0.3692810457516339,"0","882"
"=HYPERLINK(""https://stackoverflow.com/q/38507350"", ""38507350"")",0.3626716604244696,"0","84"
"=HYPERLINK(""https://stackoverflow.com/q/38739641"", ""38739641"")",0.4762637926610211,"0","2048"
"=HYPERLINK(""https://stackoverflow.com/q/38757933"", ""38757933"")",0.5084817642069551,"1","1936"
"=HYPERLINK(""https://stackoverflow.com/q/38866325"", ""38866325"")",0.5043650793650792,"0","614"
"=HYPERLINK(""https://stackoverflow.com/q/38876661"", ""38876661"")",0.3367260390161157,"0","29"
"=HYPERLINK(""https://stackoverflow.com/q/39143472"", ""39143472"")",0.3599681971774995,"1","79"
"=HYPERLINK(""https://stackoverflow.com/q/39219329"", ""39219329"")",0.3541371158392435,"0","6574"
"=HYPERLINK(""https://stackoverflow.com/q/39306171"", ""39306171"")",0.5496558505408061,"0","76"
"=HYPERLINK(""https://stackoverflow.com/q/39419726"", ""39419726"")",0.3227457824316461,"0","340"
"=HYPERLINK(""https://stackoverflow.com/q/39557672"", ""39557672"")",0.6953765846383296,"0","684"
"=HYPERLINK(""https://stackoverflow.com/q/39557852"", ""39557852"")",0.5989535241612803,"2","2204"
"=HYPERLINK(""https://stackoverflow.com/q/39756843"", ""39756843"")",0.3501291989664081,"0","175"
"=HYPERLINK(""https://stackoverflow.com/q/40059964"", ""40059964"")",0.5686386044747819,"0","744"
"=HYPERLINK(""https://stackoverflow.com/q/40107771"", ""40107771"")",0.7590643274853803,"0","28"
"=HYPERLINK(""https://stackoverflow.com/q/40114257"", ""40114257"")",0.4439964157706094,"0","328"
"=HYPERLINK(""https://stackoverflow.com/q/40247294"", ""40247294"")",0.2849837284983727,"1","84"
"=HYPERLINK(""https://stackoverflow.com/q/40287586"", ""40287586"")",0.4758665370910268,"1","157"
"=HYPERLINK(""https://stackoverflow.com/q/40771324"", ""40771324"")",0.4607764390896917,"2","1502"
"=HYPERLINK(""https://stackoverflow.com/q/40785515"", ""40785515"")",0.3657990484186955,"0","589"
"=HYPERLINK(""https://stackoverflow.com/q/40844174"", ""40844174"")",0.3612950699043414,"0","258"
"=HYPERLINK(""https://stackoverflow.com/q/40934677"", ""40934677"")",0.2793650793650794,"1","28"
"=HYPERLINK(""https://stackoverflow.com/q/40938188"", ""40938188"")",0.5359014675052413,"0","687"
"=HYPERLINK(""https://stackoverflow.com/q/41011623"", ""41011623"")",0.4438438438438435,"1","2379"
"=HYPERLINK(""https://stackoverflow.com/q/41291090"", ""41291090"")",0.3735137351373514,"1","2170"
"=HYPERLINK(""https://stackoverflow.com/q/41429452"", ""41429452"")",0.310829817158931,"0","145"
"=HYPERLINK(""https://stackoverflow.com/q/41537736"", ""41537736"")",0.464327485380117,"0","3850"
"=HYPERLINK(""https://stackoverflow.com/q/41569756"", ""41569756"")",0.3966408268733849,"0","1201"
"=HYPERLINK(""https://stackoverflow.com/q/41704798"", ""41704798"")",0.3060060060060061,"0","125"
"=HYPERLINK(""https://stackoverflow.com/q/41858181"", ""41858181"")",0.5504664970313826,"0","195"
"=HYPERLINK(""https://stackoverflow.com/q/42285738"", ""42285738"")",0.3984517304189439,"0","588"
"=HYPERLINK(""https://stackoverflow.com/q/42294123"", ""42294123"")",0.4400793650793651,"2","2125"
"=HYPERLINK(""https://stackoverflow.com/q/42302861"", ""42302861"")",0.5402945113788488,"0","283"
"=HYPERLINK(""https://stackoverflow.com/q/42329686"", ""42329686"")",0.3519392033542978,"5","9418"
"=HYPERLINK(""https://stackoverflow.com/q/42418672"", ""42418672"")",0.3731656184486373,"0","27"
"=HYPERLINK(""https://stackoverflow.com/q/42443757"", ""42443757"")",0.4111257889329223,"0","748"
"=HYPERLINK(""https://stackoverflow.com/q/42660950"", ""42660950"")",0.383277727226772,"0","483"
"=HYPERLINK(""https://stackoverflow.com/q/42698636"", ""42698636"")",0.3588558855885587,"0","172"
"=HYPERLINK(""https://stackoverflow.com/q/42720935"", ""42720935"")",0.4317083882301272,"0","591"
"=HYPERLINK(""https://stackoverflow.com/q/42772673"", ""42772673"")",0.4748173779315647,"0","506"
"=HYPERLINK(""https://stackoverflow.com/q/43224045"", ""43224045"")",0.4519519519519517,"3","229"
"=HYPERLINK(""https://stackoverflow.com/q/43262338"", ""43262338"")",0.2793650793650793,"1","144"
"=HYPERLINK(""https://stackoverflow.com/q/43458285"", ""43458285"")",0.3962183981304442,"1","237"
"=HYPERLINK(""https://stackoverflow.com/q/43574465"", ""43574465"")",0.3735137351373514,"1","109"
"=HYPERLINK(""https://stackoverflow.com/q/43709511"", ""43709511"")",0.4835287548855387,"0","734"
"=HYPERLINK(""https://stackoverflow.com/q/43805497"", ""43805497"")",0.5137351373513735,"0","347"
"=HYPERLINK(""https://stackoverflow.com/q/43901572"", ""43901572"")",0.9116959064327488,"0","59"
"=HYPERLINK(""https://stackoverflow.com/q/43947704"", ""43947704"")",0.5678104575163399,"0","179"
"=HYPERLINK(""https://stackoverflow.com/q/43995938"", ""43995938"")",0.4332313965341488,"0","103"
"=HYPERLINK(""https://stackoverflow.com/q/44001771"", ""44001771"")",0.4158981115502855,"1","1226"
"=HYPERLINK(""https://stackoverflow.com/q/44147599"", ""44147599"")",0.5396218398130442,"0","407"
"=HYPERLINK(""https://stackoverflow.com/q/44185122"", ""44185122"")",0.4693618103229086,"1","33"
"=HYPERLINK(""https://stackoverflow.com/q/44318394"", ""44318394"")",0.7307449494949495,"0","2786"
"=HYPERLINK(""https://stackoverflow.com/q/44454557"", ""44454557"")",0.5979922427561032,"0","196"
"=HYPERLINK(""https://stackoverflow.com/q/44464854"", ""44464854"")",0.2929914529914532,"0","1922"
"=HYPERLINK(""https://stackoverflow.com/q/44476189"", ""44476189"")",0.5303617571059429,"1","1982"
"=HYPERLINK(""https://stackoverflow.com/q/44632135"", ""44632135"")",0.5583924349881796,"1","370"
"=HYPERLINK(""https://stackoverflow.com/q/44846143"", ""44846143"")",0.3107177974434612,"1","2321"
"=HYPERLINK(""https://stackoverflow.com/q/44947037"", ""44947037"")",0.5231071779744348,"0","128"
"=HYPERLINK(""https://stackoverflow.com/q/44977674"", ""44977674"")",0.4996977390883811,"0","203"
"=HYPERLINK(""https://stackoverflow.com/q/45067131"", ""45067131"")",0.5174251742517425,"1","447"
"=HYPERLINK(""https://stackoverflow.com/q/45142767"", ""45142767"")",0.7419072615923012,"0","78"
"=HYPERLINK(""https://stackoverflow.com/q/45204104"", ""45204104"")",0.3436507936507937,"0","995"
"=HYPERLINK(""https://stackoverflow.com/q/45855107"", ""45855107"")",0.6911877394636017,"1","56"
"=HYPERLINK(""https://stackoverflow.com/q/46612266"", ""46612266"")",0.4356113435611343,"1","1864"
"=HYPERLINK(""https://stackoverflow.com/q/46649495"", ""46649495"")",0.543830262423227,"2","893"
"=HYPERLINK(""https://stackoverflow.com/q/46722064"", ""46722064"")",0.2657004830917874,"0","140"
"=HYPERLINK(""https://stackoverflow.com/q/46766637"", ""46766637"")",0.401169590643275,"0","2185"
"=HYPERLINK(""https://stackoverflow.com/q/46795435"", ""46795435"")",0.6789529914529915,"0","16"
"=HYPERLINK(""https://stackoverflow.com/q/46819210"", ""46819210"")",0.6774751405101599,"1","124"
"=HYPERLINK(""https://stackoverflow.com/q/46885804"", ""46885804"")",0.4863731656184485,"1","1034"
"=HYPERLINK(""https://stackoverflow.com/q/46951846"", ""46951846"")",0.4769882534180629,"0","603"
"=HYPERLINK(""https://stackoverflow.com/q/46973545"", ""46973545"")",0.4515455304928988,"0","226"
"=HYPERLINK(""https://stackoverflow.com/q/47051946"", ""47051946"")",0.3820582877959926,"0","150"
"=HYPERLINK(""https://stackoverflow.com/q/47184068"", ""47184068"")",0.3600986089100193,"1","585"
"=HYPERLINK(""https://stackoverflow.com/q/47471452"", ""47471452"")",0.6053391053391052,"0","7960"
"=HYPERLINK(""https://stackoverflow.com/q/47521786"", ""47521786"")",0.5004649000464897,"0","25"
"=HYPERLINK(""https://stackoverflow.com/q/47536503"", ""47536503"")",0.3646063281824871,"9","8659"
"=HYPERLINK(""https://stackoverflow.com/q/47692259"", ""47692259"")",0.4000513215293815,"0","386"
"=HYPERLINK(""https://stackoverflow.com/q/47705838"", ""47705838"")",0.3740294511378845,"1","1757"
"=HYPERLINK(""https://stackoverflow.com/q/47749485"", ""47749485"")",0.7475234270414991,"1","225"
"=HYPERLINK(""https://stackoverflow.com/q/47839197"", ""47839197"")",0.3314372392870684,"0","383"
"=HYPERLINK(""https://stackoverflow.com/q/47932048"", ""47932048"")",0.2443216697360343,"0","96"
"=HYPERLINK(""https://stackoverflow.com/q/48208547"", ""48208547"")",0.6087087087087085,"0","42"
"=HYPERLINK(""https://stackoverflow.com/q/48308429"", ""48308429"")",0.4004400440044004,"1","2279"
"=HYPERLINK(""https://stackoverflow.com/q/48321455"", ""48321455"")",0.5463328941589809,"0","653"
"=HYPERLINK(""https://stackoverflow.com/q/48325065"", ""48325065"")",0.5594046702591736,"0","909"
"=HYPERLINK(""https://stackoverflow.com/q/48347698"", ""48347698"")",0.2904524994077233,"2","291"
"=HYPERLINK(""https://stackoverflow.com/q/48376244"", ""48376244"")",0.4780361757105943,"0","656"
"=HYPERLINK(""https://stackoverflow.com/q/48537034"", ""48537034"")",0.4186957738595016,"0","64"
"=HYPERLINK(""https://stackoverflow.com/q/48645338"", ""48645338"")",0.420335429769392,"0","3541"
"=HYPERLINK(""https://stackoverflow.com/q/48825218"", ""48825218"")",0.4111339265343369,"0","35"
"=HYPERLINK(""https://stackoverflow.com/q/48933290"", ""48933290"")",0.9134973900074572,"0","64"
"=HYPERLINK(""https://stackoverflow.com/q/48981236"", ""48981236"")",0.9689240691879216,"0","52"
"=HYPERLINK(""https://stackoverflow.com/q/49060806"", ""49060806"")",0.5249745158002039,"3","17902"
"=HYPERLINK(""https://stackoverflow.com/q/49131283"", ""49131283"")",0.3326873385012921,"1","185"
"=HYPERLINK(""https://stackoverflow.com/q/49222509"", ""49222509"")",0.4078177900892583,"1","113"
"=HYPERLINK(""https://stackoverflow.com/q/49317419"", ""49317419"")",0.6311626195732157,"0","490"
"=HYPERLINK(""https://stackoverflow.com/q/49389613"", ""49389613"")",0.5690856908569085,"1","445"
"=HYPERLINK(""https://stackoverflow.com/q/49426110"", ""49426110"")",0.4372059355772711,"0","327"
"=HYPERLINK(""https://stackoverflow.com/q/49429861"", ""49429861"")",0.5287439613526569,"0","1461"
"=HYPERLINK(""https://stackoverflow.com/q/49471337"", ""49471337"")",0.5138143510236535,"2","1478"
"=HYPERLINK(""https://stackoverflow.com/q/49865996"", ""49865996"")",0.3408992650237786,"1","371"
"=HYPERLINK(""https://stackoverflow.com/q/49882100"", ""49882100"")",0.5138351254480288,"0","868"
"=HYPERLINK(""https://stackoverflow.com/q/49913989"", ""49913989"")",0.5831093189964158,"0","775"
"=HYPERLINK(""https://stackoverflow.com/q/49917824"", ""49917824"")",0.4365079365079362,"0","74"
"=HYPERLINK(""https://stackoverflow.com/q/49941412"", ""49941412"")",0.471788946658964,"3","372"
"=HYPERLINK(""https://stackoverflow.com/q/50035267"", ""50035267"")",0.6873385012919895,"1","967"
"=HYPERLINK(""https://stackoverflow.com/q/50089556"", ""50089556"")",0.5908229048160788,"1","197"
"=HYPERLINK(""https://stackoverflow.com/q/50121373"", ""50121373"")",0.6063052672049212,"1","253"
"=HYPERLINK(""https://stackoverflow.com/q/50161475"", ""50161475"")",0.3685636856368561,"0","77"
"=HYPERLINK(""https://stackoverflow.com/q/50335453"", ""50335453"")",0.5581000848176422,"2","798"
"=HYPERLINK(""https://stackoverflow.com/q/50399713"", ""50399713"")",0.631313131313131,"1","973"
"=HYPERLINK(""https://stackoverflow.com/q/50492118"", ""50492118"")",0.4567499095186391,"0","48"
"=HYPERLINK(""https://stackoverflow.com/q/50542794"", ""50542794"")",0.2849528495284953,"0","49"
"=HYPERLINK(""https://stackoverflow.com/q/50761497"", ""50761497"")",0.3671085858585856,"1","847"
"=HYPERLINK(""https://stackoverflow.com/q/50806671"", ""50806671"")",0.496628554676048,"0","1716"
"=HYPERLINK(""https://stackoverflow.com/q/50824293"", ""50824293"")",0.5325670498084291,"0","139"
"=HYPERLINK(""https://stackoverflow.com/q/50906803"", ""50906803"")",0.2703110015070556,"0","252"
"=HYPERLINK(""https://stackoverflow.com/q/50928643"", ""50928643"")",0.3222222222222223,"1","333"
"=HYPERLINK(""https://stackoverflow.com/q/50954271"", ""50954271"")",0.6294244382887042,"1","809"
"=HYPERLINK(""https://stackoverflow.com/q/50973256"", ""50973256"")",0.4327485380116961,"0","828"
"=HYPERLINK(""https://stackoverflow.com/q/51108050"", ""51108050"")",0.591540404040404,"0","947"
"=HYPERLINK(""https://stackoverflow.com/q/51464538"", ""51464538"")",0.3128262490678601,"1","300"
"=HYPERLINK(""https://stackoverflow.com/q/51600399"", ""51600399"")",0.4461690071446167,"1","186"
"=HYPERLINK(""https://stackoverflow.com/q/51623542"", ""51623542"")",0.3374295954941116,"0","175"
"=HYPERLINK(""https://stackoverflow.com/q/51822447"", ""51822447"")",0.289336316181954,"0","216"
"=HYPERLINK(""https://stackoverflow.com/q/51865911"", ""51865911"")",0.3350041771094401,"1","1186"
"=HYPERLINK(""https://stackoverflow.com/q/52006346"", ""52006346"")",0.2533640907343329,"0","50"
"=HYPERLINK(""https://stackoverflow.com/q/52038768"", ""52038768"")",0.9455423803249888,"0","936"
"=HYPERLINK(""https://stackoverflow.com/q/52043001"", ""52043001"")",0.3672535561523923,"2","53"
"=HYPERLINK(""https://stackoverflow.com/q/52073134"", ""52073134"")",0.5107597716293368,"1","272"
"=HYPERLINK(""https://stackoverflow.com/q/52084577"", ""52084577"")",0.4795751633986927,"2","581"
"=HYPERLINK(""https://stackoverflow.com/q/52223411"", ""52223411"")",0.2799358737205574,"5","604"
"=HYPERLINK(""https://stackoverflow.com/q/52312394"", ""52312394"")",0.4503672115612415,"2","4938"
"=HYPERLINK(""https://stackoverflow.com/q/52316231"", ""52316231"")",0.3465106472696606,"0","80"
"=HYPERLINK(""https://stackoverflow.com/q/52465141"", ""52465141"")",0.3492940454266421,"0","58"
"=HYPERLINK(""https://stackoverflow.com/q/52931196"", ""52931196"")",0.5303303303303304,"0","1739"
"=HYPERLINK(""https://stackoverflow.com/q/52981172"", ""52981172"")",0.4430811179277437,"1","69"
"=HYPERLINK(""https://stackoverflow.com/q/53008338"", ""53008338"")",0.4105274749476931,"0","306"
"=HYPERLINK(""https://stackoverflow.com/q/53167399"", ""53167399"")",0.310001912411551,"1","147"
"=HYPERLINK(""https://stackoverflow.com/q/53191850"", ""53191850"")",0.3779599271402553,"0","103"
"=HYPERLINK(""https://stackoverflow.com/q/53245329"", ""53245329"")",0.6237000547345375,"0","64"
"=HYPERLINK(""https://stackoverflow.com/q/53348815"", ""53348815"")",0.3708708708708705,"0","97"
"=HYPERLINK(""https://stackoverflow.com/q/53398068"", ""53398068"")",0.4869807195388592,"0","105"
"=HYPERLINK(""https://stackoverflow.com/q/53528697"", ""53528697"")",0.7968078575813384,"0","23"
"=HYPERLINK(""https://stackoverflow.com/q/53605286"", ""53605286"")",0.3061148396718869,"0","44"
"=HYPERLINK(""https://stackoverflow.com/q/53666650"", ""53666650"")",0.4036381514257619,"0","22"
"=HYPERLINK(""https://stackoverflow.com/q/53701013"", ""53701013"")",0.4748173779315648,"0","44"
"=HYPERLINK(""https://stackoverflow.com/q/53706042"", ""53706042"")",0.3753166847629388,"0","698"
"=HYPERLINK(""https://stackoverflow.com/q/53742356"", ""53742356"")",0.7525960539979233,"1","106"
"=HYPERLINK(""https://stackoverflow.com/q/53770606"", ""53770606"")",0.7240672406724069,"0","307"
"=HYPERLINK(""https://stackoverflow.com/q/53852909"", ""53852909"")",0.506625891946993,"1","1233"
"=HYPERLINK(""https://stackoverflow.com/q/54194097"", ""54194097"")",0.4477541371158393,"0","84"
"=HYPERLINK(""https://stackoverflow.com/q/54423065"", ""54423065"")",0.7241985068072022,"1","623"
"=HYPERLINK(""https://stackoverflow.com/q/54484732"", ""54484732"")",0.3765846383296048,"0","1148"
"=HYPERLINK(""https://stackoverflow.com/q/54573658"", ""54573658"")",0.3993439934399346,"1","4311"
"=HYPERLINK(""https://stackoverflow.com/q/54641088"", ""54641088"")",0.2671363569646263,"0","310"
"=HYPERLINK(""https://stackoverflow.com/q/54663839"", ""54663839"")",0.3529213103681189,"0","945"
"=HYPERLINK(""https://stackoverflow.com/q/55038644"", ""55038644"")",0.3460007238508867,"0","32"
"=HYPERLINK(""https://stackoverflow.com/q/55058460"", ""55058460"")",0.3385657125269314,"1","476"
"=HYPERLINK(""https://stackoverflow.com/q/55116389"", ""55116389"")",0.7307449494949494,"2","169"
"=HYPERLINK(""https://stackoverflow.com/q/55336340"", ""55336340"")",0.2987040577862758,"1","92"
"=HYPERLINK(""https://stackoverflow.com/q/55358164"", ""55358164"")",0.3812611238240527,"0","79"
"=HYPERLINK(""https://stackoverflow.com/q/55362304"", ""55362304"")",0.2345299145299147,"0","27"
"=HYPERLINK(""https://stackoverflow.com/q/55478248"", ""55478248"")",0.52959927140255,"0","46"
"=HYPERLINK(""https://stackoverflow.com/q/55528026"", ""55528026"")",0.3946360153256705,"0","21"
"=HYPERLINK(""https://stackoverflow.com/q/55647262"", ""55647262"")",0.4767132401862938,"1","172"
"=HYPERLINK(""https://stackoverflow.com/q/55823398"", ""55823398"")",0.396534148827727,"2","32"
"=HYPERLINK(""https://stackoverflow.com/q/56007280"", ""56007280"")",0.7711583924349882,"1","88"
"=HYPERLINK(""https://stackoverflow.com/q/56045655"", ""56045655"")",0.3665884194053208,"0","130"
"=HYPERLINK(""https://stackoverflow.com/q/56127106"", ""56127106"")",0.4598459845984599,"1","138"
"=HYPERLINK(""https://stackoverflow.com/q/56282572"", ""56282572"")",0.2629198966408268,"0","73"
"=HYPERLINK(""https://stackoverflow.com/q/56296194"", ""56296194"")",0.4274853801169592,"1","31"
"=HYPERLINK(""https://stackoverflow.com/q/56332406"", ""56332406"")",0.2622222222222223,"0","549"
"=HYPERLINK(""https://stackoverflow.com/q/56372351"", ""56372351"")",0.2841691248770895,"0","29"
"=HYPERLINK(""https://stackoverflow.com/q/56447511"", ""56447511"")",0.2978524743230625,"1","1130"
"=HYPERLINK(""https://stackoverflow.com/q/56533629"", ""56533629"")",0.8980842911877395,"0","26"
"=HYPERLINK(""https://stackoverflow.com/q/56565334"", ""56565334"")",0.6582687338501291,"0","28"
"=HYPERLINK(""https://stackoverflow.com/q/56599262"", ""56599262"")",0.4264775413711584,"1","80"
"=HYPERLINK(""https://stackoverflow.com/q/56734189"", ""56734189"")",0.4097222222222222,"0","58"
"=HYPERLINK(""https://stackoverflow.com/q/56994277"", ""56994277"")",0.2170002901073396,"1","2956"
"=HYPERLINK(""https://stackoverflow.com/q/57044557"", ""57044557"")",0.285096473719228,"0","95"
"=HYPERLINK(""https://stackoverflow.com/q/57115563"", ""57115563"")",0.7346309813463099,"0","44"
"=HYPERLINK(""https://stackoverflow.com/q/57187376"", ""57187376"")",0.4001883239171374,"0","122"
"=HYPERLINK(""https://stackoverflow.com/q/57200069"", ""57200069"")",0.5402138540213851,"0","109"
"=HYPERLINK(""https://stackoverflow.com/q/57207534"", ""57207534"")",0.7137476459510356,"0","71"
"=HYPERLINK(""https://stackoverflow.com/q/57248253"", ""57248253"")",0.5016339869281046,"1","53"
"=HYPERLINK(""https://stackoverflow.com/q/57352836"", ""57352836"")",0.5980611483967189,"1","1004"
"=HYPERLINK(""https://stackoverflow.com/q/57382928"", ""57382928"")",0.6822222222222222,"1","88"
"=HYPERLINK(""https://stackoverflow.com/q/57486209"", ""57486209"")",0.5395299145299146,"0","125"
"=HYPERLINK(""https://stackoverflow.com/q/57595015"", ""57595015"")",0.3966903073286052,"0","61"
"=HYPERLINK(""https://stackoverflow.com/q/57614861"", ""57614861"")",0.5074571215510812,"1","154"
"=HYPERLINK(""https://stackoverflow.com/q/57712764"", ""57712764"")",0.5571619812583668,"0","57"
"=HYPERLINK(""https://stackoverflow.com/q/57868088"", ""57868088"")",0.4591452991452995,"0","248"
"=HYPERLINK(""https://stackoverflow.com/q/58052379"", ""58052379"")",0.6237970253718289,"0","82"
"=HYPERLINK(""https://stackoverflow.com/q/58549004"", ""58549004"")",0.7976068376068378,"0","243"
"=HYPERLINK(""https://stackoverflow.com/q/58717167"", ""58717167"")",0.3354297693920335,"1","84"
"=HYPERLINK(""https://stackoverflow.com/q/58728351"", ""58728351"")",0.3953314659197011,"0","1017"
"=HYPERLINK(""https://stackoverflow.com/q/58757091"", ""58757091"")",0.6534337211955282,"1","326"
"=HYPERLINK(""https://stackoverflow.com/q/58773119"", ""58773119"")",0.3902550091074683,"1","43"
"=HYPERLINK(""https://stackoverflow.com/q/58804879"", ""58804879"")",0.5860354517942067,"0","1730"
"=HYPERLINK(""https://stackoverflow.com/q/58835906"", ""58835906"")",0.3183760683760684,"1","460"
"=HYPERLINK(""https://stackoverflow.com/q/58986847"", ""58986847"")",0.4992670771034889,"0","15"
"=HYPERLINK(""https://stackoverflow.com/q/58990571"", ""58990571"")",0.4321347586653711,"0","150"
"=HYPERLINK(""https://stackoverflow.com/q/59002718"", ""59002718"")",0.3271727172717271,"0","12"
"=HYPERLINK(""https://stackoverflow.com/q/59078117"", ""59078117"")",0.551081282624907,"1","210"
"=HYPERLINK(""https://stackoverflow.com/q/59194640"", ""59194640"")",0.5363815142576206,"1","52"
"=HYPERLINK(""https://stackoverflow.com/q/59246351"", ""59246351"")",0.4365079365079364,"1","1156"
"=HYPERLINK(""https://stackoverflow.com/q/59276019"", ""59276019"")",0.7943871706758304,"2","1039"
"=HYPERLINK(""https://stackoverflow.com/q/59276974"", ""59276974"")",0.6294511378848727,"2","41"
"=HYPERLINK(""https://stackoverflow.com/q/59287044"", ""59287044"")",0.3501291989664081,"0","117"
"=HYPERLINK(""https://stackoverflow.com/q/59290608"", ""59290608"")",0.4404040404040405,"1","46"
"=HYPERLINK(""https://stackoverflow.com/q/59323551"", ""59323551"")",0.4352904040404038,"0","70"
"=HYPERLINK(""https://stackoverflow.com/q/59412557"", ""59412557"")",0.551352108729158,"2","1402"
"=HYPERLINK(""https://stackoverflow.com/q/59525265"", ""59525265"")",0.5767928593413358,"0","336"
"=HYPERLINK(""https://stackoverflow.com/q/59680264"", ""59680264"")",0.7895045441219585,"0","270"
"=HYPERLINK(""https://stackoverflow.com/q/59842500"", ""59842500"")",0.4620746207462075,"1","71"
"=HYPERLINK(""https://stackoverflow.com/q/59852901"", ""59852901"")",0.9478859390363816,"0","87"
"=HYPERLINK(""https://stackoverflow.com/q/59863547"", ""59863547"")",0.316222222222222,"0","66"
"=HYPERLINK(""https://stackoverflow.com/q/59960130"", ""59960130"")",0.3414275202354673,"1","213"
"=HYPERLINK(""https://stackoverflow.com/q/60058534"", ""60058534"")",0.5897718910963944,"0","36"
"=HYPERLINK(""https://stackoverflow.com/q/60066774"", ""60066774"")",0.5654654654654654,"3","2533"
"=HYPERLINK(""https://stackoverflow.com/q/60151990"", ""60151990"")",0.5509419454056133,"0","43"
"=HYPERLINK(""https://stackoverflow.com/q/60157308"", ""60157308"")",0.4492492492492492,"0","401"
"=HYPERLINK(""https://stackoverflow.com/q/60167091"", ""60167091"")",0.546321945213912,"0","55"
"=HYPERLINK(""https://stackoverflow.com/q/60337882"", ""60337882"")",0.763506625891947,"1","58"
"=HYPERLINK(""https://stackoverflow.com/q/60393804"", ""60393804"")",0.5100451004510046,"1","47"
"=HYPERLINK(""https://stackoverflow.com/q/60395430"", ""60395430"")",0.5083760683760685,"0","41"
"=HYPERLINK(""https://stackoverflow.com/q/60408145"", ""60408145"")",0.2873630672926448,"0","30"
"=HYPERLINK(""https://stackoverflow.com/q/60438123"", ""60438123"")",0.3235083958556628,"0","41"
"=HYPERLINK(""https://stackoverflow.com/q/60500627"", ""60500627"")",0.4949494949494949,"0","646"
"=HYPERLINK(""https://stackoverflow.com/q/60559537"", ""60559537"")",0.4104141041410414,"1","53"
"=HYPERLINK(""https://stackoverflow.com/q/60563448"", ""60563448"")",0.4520094562647754,"0","89"
"=HYPERLINK(""https://stackoverflow.com/q/60609865"", ""60609865"")",0.3476834768347684,"0","125"
"=HYPERLINK(""https://stackoverflow.com/q/60645175"", ""60645175"")",0.5989345509893454,"0","80"
"=HYPERLINK(""https://stackoverflow.com/q/60696413"", ""60696413"")",0.415433710472875,"0","73"
"=HYPERLINK(""https://stackoverflow.com/q/60731198"", ""60731198"")",0.3803039273731993,"0","158"
"=HYPERLINK(""https://stackoverflow.com/q/60750841"", ""60750841"")",0.5479551212450234,"0","45"
"=HYPERLINK(""https://stackoverflow.com/q/60829017"", ""60829017"")",0.4965585054080629,"0","228"
"=HYPERLINK(""https://stackoverflow.com/q/60925891"", ""60925891"")",0.4632194521391197,"1","32"
"=HYPERLINK(""https://stackoverflow.com/q/60970395"", ""60970395"")",0.7448352875488553,"0","41"
"=HYPERLINK(""https://stackoverflow.com/q/60982007"", ""60982007"")",0.4217787632421776,"0","75"
"=HYPERLINK(""https://stackoverflow.com/q/61115532"", ""61115532"")",0.5951035781544259,"0","30"
"=HYPERLINK(""https://stackoverflow.com/q/61179721"", ""61179721"")",0.2776715530061611,"1","168"
"=HYPERLINK(""https://stackoverflow.com/q/61304877"", ""61304877"")",0.6039016115351995,"1","19"
"=HYPERLINK(""https://stackoverflow.com/q/61385884"", ""61385884"")",0.3937661172777217,"0","55"
"=HYPERLINK(""https://stackoverflow.com/q/61407749"", ""61407749"")",0.3162170002901073,"1","116"
"=HYPERLINK(""https://stackoverflow.com/q/61407939"", ""61407939"")",0.5669030732860519,"0","305"
"=HYPERLINK(""https://stackoverflow.com/q/61441540"", ""61441540"")",0.3549655850540809,"0","33"
"=HYPERLINK(""https://stackoverflow.com/q/61672941"", ""61672941"")",0.4911877394636016,"0","45"
"=HYPERLINK(""https://stackoverflow.com/q/61718220"", ""61718220"")",0.6688625384277557,"0","21"
"=HYPERLINK(""https://stackoverflow.com/q/61760566"", ""61760566"")",0.5186823992133726,"0","554"
"=HYPERLINK(""https://stackoverflow.com/q/61766563"", ""61766563"")",0.9257398101619204,"0","33"
"=HYPERLINK(""https://stackoverflow.com/q/61769104"", ""61769104"")",0.743694614860259,"0","28"
"=HYPERLINK(""https://stackoverflow.com/q/61781435"", ""61781435"")",0.8173779315647823,"1","21"
"=HYPERLINK(""https://stackoverflow.com/q/61831628"", ""61831628"")",0.2997298210064167,"0","291"
"=HYPERLINK(""https://stackoverflow.com/q/61874137"", ""61874137"")",0.3614267676767675,"0","34"
"=HYPERLINK(""https://stackoverflow.com/q/61967453"", ""61967453"")",0.4178743961352655,"0","637"
"=HYPERLINK(""https://stackoverflow.com/q/62018003"", ""62018003"")",0.348804500703235,"0","60"
"=HYPERLINK(""https://stackoverflow.com/q/62018071"", ""62018071"")",0.3754137115839244,"0","103"
"=HYPERLINK(""https://stackoverflow.com/q/62066804"", ""62066804"")",0.4805808848362041,"0","100"
"=HYPERLINK(""https://stackoverflow.com/q/62144364"", ""62144364"")",0.4859584859584859,"0","20"
"=HYPERLINK(""https://stackoverflow.com/q/62151790"", ""62151790"")",0.5496781416176881,"0","81"
"=HYPERLINK(""https://stackoverflow.com/q/62184475"", ""62184475"")",0.4737559645535106,"0","53"
"=HYPERLINK(""https://stackoverflow.com/q/62190441"", ""62190441"")",0.4676530316217001,"0","24"
"=HYPERLINK(""https://stackoverflow.com/q/62190878"", ""62190878"")",0.3668005354752342,"0","74"
"=HYPERLINK(""https://stackoverflow.com/q/62203371"", ""62203371"")",0.4228210246174316,"0","86"
"=HYPERLINK(""https://stackoverflow.com/q/62280816"", ""62280816"")",0.6651287966166858,"0","37"
"=HYPERLINK(""https://stackoverflow.com/q/62287406"", ""62287406"")",0.3526570048309177,"0","69"
"=HYPERLINK(""https://stackoverflow.com/q/62326637"", ""62326637"")",0.5717031910803534,"0","49"
"=HYPERLINK(""https://stackoverflow.com/q/62443748"", ""62443748"")",0.4705443698732289,"0","221"
"=HYPERLINK(""https://stackoverflow.com/q/62482041"", ""62482041"")",0.4697792254795511,"0","312"
"=HYPERLINK(""https://stackoverflow.com/q/62502052"", ""62502052"")",0.3456399437412097,"0","61"
"=HYPERLINK(""https://stackoverflow.com/q/62567684"", ""62567684"")",0.2086321882471371,"1","45"
"=HYPERLINK(""https://stackoverflow.com/q/62591932"", ""62591932"")",0.3170775276884602,"0","44"
"=HYPERLINK(""https://stackoverflow.com/q/62729034"", ""62729034"")",0.2701194184839045,"0","37"
"=HYPERLINK(""https://stackoverflow.com/q/62823630"", ""62823630"")",0.5972222222222224,"0","46"
"=HYPERLINK(""https://stackoverflow.com/q/62826760"", ""62826760"")",0.5100451004510046,"0","67"
"=HYPERLINK(""https://stackoverflow.com/q/62845980"", ""62845980"")",0.4360153256704981,"0","117"
"=HYPERLINK(""https://stackoverflow.com/q/62996673"", ""62996673"")",0.2550347222222224,"1","135"
"=HYPERLINK(""https://stackoverflow.com/q/63081281"", ""63081281"")",0.4148451730418945,"0","139"
"=HYPERLINK(""https://stackoverflow.com/q/63139008"", ""63139008"")",0.7912829957028854,"0","1367"
"=HYPERLINK(""https://stackoverflow.com/q/63148102"", ""63148102"")",0.46773120425815,"0","94"
"=HYPERLINK(""https://stackoverflow.com/q/63171124"", ""63171124"")",0.9281045751633988,"0","90"
"=HYPERLINK(""https://stackoverflow.com/q/63174998"", ""63174998"")",0.3666230080768389,"3","61"
"=HYPERLINK(""https://stackoverflow.com/q/63315653"", ""63315653"")",0.5903203817314248,"0","37"
"=HYPERLINK(""https://stackoverflow.com/q/63373992"", ""63373992"")",0.3227421528981322,"0","28"
"=HYPERLINK(""https://stackoverflow.com/q/63380604"", ""63380604"")",0.4137544802867383,"1","293"
"=HYPERLINK(""https://stackoverflow.com/q/63458450"", ""63458450"")",0.4111986001749782,"0","8"
"=HYPERLINK(""https://stackoverflow.com/q/63484823"", ""63484823"")",0.6792895934243358,"0","50"
"=HYPERLINK(""https://stackoverflow.com/q/63505454"", ""63505454"")",0.5114114114114114,"0","119"
"=HYPERLINK(""https://stackoverflow.com/q/63594827"", ""63594827"")",0.2708506511499027,"1","50"
"=HYPERLINK(""https://stackoverflow.com/q/63613173"", ""63613173"")",0.6016688625384276,"0","2939"
"=HYPERLINK(""https://stackoverflow.com/q/63711247"", ""63711247"")",0.3647024333040166,"0","40"
"=HYPERLINK(""https://stackoverflow.com/q/63872023"", ""63872023"")",0.5500910746812387,"0","113"
"=HYPERLINK(""https://stackoverflow.com/q/63913834"", ""63913834"")",0.6059431524547804,"1","44"
"=HYPERLINK(""https://stackoverflow.com/q/64060561"", ""64060561"")",0.5195195195195196,"1","54"
"=HYPERLINK(""https://stackoverflow.com/q/64125961"", ""64125961"")",0.4478859390363818,"1","51"
"=HYPERLINK(""https://stackoverflow.com/q/64136501"", ""64136501"")",0.3856837606837608,"2","90"
"=HYPERLINK(""https://stackoverflow.com/q/64155848"", ""64155848"")",0.3066378066378065,"0","42"
"=HYPERLINK(""https://stackoverflow.com/q/64220133"", ""64220133"")",0.3995075407817791,"0","21"
"=HYPERLINK(""https://stackoverflow.com/q/64344216"", ""64344216"")",0.6345299145299147,"0","44"
"=HYPERLINK(""https://stackoverflow.com/q/64364336"", ""64364336"")",0.516700749829584,"0","30"
"=HYPERLINK(""https://stackoverflow.com/q/64367467"", ""64367467"")",0.3292967920118971,"0","173"
"=HYPERLINK(""https://stackoverflow.com/q/64469296"", ""64469296"")",0.3945299145299146,"1","17"
"=HYPERLINK(""https://stackoverflow.com/q/64500576"", ""64500576"")",0.6823992133726645,"1","40"
"=HYPERLINK(""https://stackoverflow.com/q/64526230"", ""64526230"")",0.4940343027591354,"0","45"
"=HYPERLINK(""https://stackoverflow.com/q/64533327"", ""64533327"")",0.3566095740008783,"0","130"
"=HYPERLINK(""https://stackoverflow.com/q/64549045"", ""64549045"")",0.4782775855440217,"1","85"
"=HYPERLINK(""https://stackoverflow.com/q/64568870"", ""64568870"")",0.4912095639943742,"0","65"
"=HYPERLINK(""https://stackoverflow.com/q/64572601"", ""64572601"")",0.5373520342186412,"2","46"
"=HYPERLINK(""https://stackoverflow.com/q/64594387"", ""64594387"")",0.4613526570048304,"0","44"
"=HYPERLINK(""https://stackoverflow.com/q/64652514"", ""64652514"")",0.4140030441400303,"1","17"
"=HYPERLINK(""https://stackoverflow.com/q/64704053"", ""64704053"")",0.3801169590643276,"0","36"
"=HYPERLINK(""https://stackoverflow.com/q/64739573"", ""64739573"")",0.4266421117249847,"0","160"
"=HYPERLINK(""https://stackoverflow.com/q/64804378"", ""64804378"")",0.3525153818313428,"1","28"
"=HYPERLINK(""https://stackoverflow.com/q/64812548"", ""64812548"")",0.8766001024065537,"0","128"
"=HYPERLINK(""https://stackoverflow.com/q/64813764"", ""64813764"")",0.4764595103578153,"1","46"
"=HYPERLINK(""https://stackoverflow.com/q/64814212"", ""64814212"")",0.4900510653284027,"0","55"
"=HYPERLINK(""https://stackoverflow.com/q/64832842"", ""64832842"")",0.5201620003521749,"0","305"
"=HYPERLINK(""https://stackoverflow.com/q/64869218"", ""64869218"")",0.4435962680237491,"1","437"
"=HYPERLINK(""https://stackoverflow.com/q/64888092"", ""64888092"")",0.3593903638151428,"0","569"
"=HYPERLINK(""https://stackoverflow.com/q/64935003"", ""64935003"")",0.535281256211489,"0","66"
"=HYPERLINK(""https://stackoverflow.com/q/64950515"", ""64950515"")",0.4975386779184248,"0","34"
"=HYPERLINK(""https://stackoverflow.com/q/65011584"", ""65011584"")",0.6355063550635506,"0","45"
"=HYPERLINK(""https://stackoverflow.com/q/65079754"", ""65079754"")",0.4399343993439936,"1","87"
"=HYPERLINK(""https://stackoverflow.com/q/65098973"", ""65098973"")",0.3661336613366133,"1","102"
"=HYPERLINK(""https://stackoverflow.com/q/65111133"", ""65111133"")",0.487415592387968,"0","15"
"=HYPERLINK(""https://stackoverflow.com/q/65257355"", ""65257355"")",0.5660957400087834,"2","50"
"=HYPERLINK(""https://stackoverflow.com/q/65291322"", ""65291322"")",0.3560250391236307,"2","205"
"=HYPERLINK(""https://stackoverflow.com/q/65308137"", ""65308137"")",0.9274853801169592,"1","43"
"=HYPERLINK(""https://stackoverflow.com/q/65411988"", ""65411988"")",0.5494111623143879,"0","33"
"=HYPERLINK(""https://stackoverflow.com/q/65581702"", ""65581702"")",0.5782533506268914,"0","36"
"=HYPERLINK(""https://stackoverflow.com/q/65591693"", ""65591693"")",0.8947885939036382,"0","16"
"=HYPERLINK(""https://stackoverflow.com/q/65677260"", ""65677260"")",0.3614627285513362,"5","60"
"=HYPERLINK(""https://stackoverflow.com/q/65815231"", ""65815231"")",0.2301377895045442,"0","53"
"=HYPERLINK(""https://stackoverflow.com/q/65829649"", ""65829649"")",0.3863443596268024,"0","26"
"=HYPERLINK(""https://stackoverflow.com/q/65837484"", ""65837484"")",0.6153519932145887,"0","19"
"=HYPERLINK(""https://stackoverflow.com/q/65841793"", ""65841793"")",0.6117571059431524,"0","22"
"=HYPERLINK(""https://stackoverflow.com/q/66092123"", ""66092123"")",0.5084817642069551,"0","44"
"=HYPERLINK(""https://stackoverflow.com/q/66129749"", ""66129749"")",0.4559884559884559,"0","220"
"=HYPERLINK(""https://stackoverflow.com/q/66163084"", ""66163084"")",0.3161981258366799,"0","55"
"=HYPERLINK(""https://stackoverflow.com/q/66170861"", ""66170861"")",0.4775413711583926,"1","86"
"=HYPERLINK(""https://stackoverflow.com/q/66355237"", ""66355237"")",0.4263744713571704,"1","78"
"=HYPERLINK(""https://stackoverflow.com/q/66383494"", ""66383494"")",0.5808174163072499,"0","46"
"=HYPERLINK(""https://stackoverflow.com/q/66440904"", ""66440904"")",0.5355862775217612,"0","63"
"=HYPERLINK(""https://stackoverflow.com/q/66591140"", ""66591140"")",0.3303303303303301,"0","33"
"=HYPERLINK(""https://stackoverflow.com/q/66666468"", ""66666468"")",0.4433277498604128,"0","20"
"=HYPERLINK(""https://stackoverflow.com/q/66690729"", ""66690729"")",0.6310892172961139,"0","37"
"=HYPERLINK(""https://stackoverflow.com/q/66748336"", ""66748336"")",0.3960997732426304,"0","15"
"=HYPERLINK(""https://stackoverflow.com/q/66761401"", ""66761401"")",0.4240712206813902,"0","22"
"=HYPERLINK(""https://stackoverflow.com/q/66779504"", ""66779504"")",0.3981179876945349,"0","23"
"=HYPERLINK(""https://stackoverflow.com/q/66787222"", ""66787222"")",0.5536175710594317,"0","35"
"=HYPERLINK(""https://stackoverflow.com/q/66791117"", ""66791117"")",0.3328605200945627,"0","22"
"=HYPERLINK(""https://stackoverflow.com/q/66802628"", ""66802628"")",0.3538011695906433,"0","25"
"=HYPERLINK(""https://stackoverflow.com/q/66873088"", ""66873088"")",0.3698236982369825,"0","24"
"=HYPERLINK(""https://stackoverflow.com/q/66881338"", ""66881338"")",0.3736197377501726,"1","140"
"=HYPERLINK(""https://stackoverflow.com/q/66911640"", ""66911640"")",0.3990178023327195,"0","10"
"=HYPERLINK(""https://stackoverflow.com/q/66955514"", ""66955514"")",0.5937637241985068,"0","35"
"=HYPERLINK(""https://stackoverflow.com/q/67063452"", ""67063452"")",0.3691294387170675,"0","35"
"=HYPERLINK(""https://stackoverflow.com/q/67096936"", ""67096936"")",0.4788593903638152,"0","16"
"=HYPERLINK(""https://stackoverflow.com/q/67099694"", ""67099694"")",0.7978036175710591,"0","11"
"=HYPERLINK(""https://stackoverflow.com/q/67127201"", ""67127201"")",0.4819624819624817,"0","32"
"=HYPERLINK(""https://stackoverflow.com/q/67143794"", ""67143794"")",0.510310864881502,"0","33"
"=HYPERLINK(""https://stackoverflow.com/q/67157244"", ""67157244"")",0.2513767411726595,"0","20"
"=HYPERLINK(""https://stackoverflow.com/q/67168559"", ""67168559"")",0.5214348206474193,"0","29"
"=HYPERLINK(""https://stackoverflow.com/q/67197706"", ""67197706"")",0.3755964553510564,"0","21"
"=HYPERLINK(""https://stackoverflow.com/q/67316740"", ""67316740"")",0.4914529914529915,"0","26"
"=HYPERLINK(""https://stackoverflow.com/q/67397597"", ""67397597"")",0.5376584638329605,"2","26"
"=HYPERLINK(""https://stackoverflow.com/q/67420329"", ""67420329"")",0.8048993875765532,"0","30"
"=HYPERLINK(""https://stackoverflow.com/q/67441356"", ""67441356"")",0.4019457245263694,"0","42"
"=HYPERLINK(""https://stackoverflow.com/q/67500702"", ""67500702"")",0.6048811817597947,"1","27"
"=HYPERLINK(""https://stackoverflow.com/q/67511351"", ""67511351"")",0.438063806380638,"1","66"
"=HYPERLINK(""https://stackoverflow.com/q/67592752"", ""67592752"")",0.3633265167007498,"0","22"
"=HYPERLINK(""https://stackoverflow.com/q/67623795"", ""67623795"")",0.4853801169590644,"0","28"
"=HYPERLINK(""https://stackoverflow.com/q/67708047"", ""67708047"")",0.3371415770609318,"0","27"
"=HYPERLINK(""https://stackoverflow.com/q/67731441"", ""67731441"")",0.4403368248100225,"0","12"
