"link","Correlation","score","view_count"
"=HYPERLINK(""https://stackoverflow.com/q/1071454"", ""1071454"")",0.3885466575404971,"1","3337"
"=HYPERLINK(""https://stackoverflow.com/q/1942372"", ""1942372"")",0.4903269988015751,"4","9134"
"=HYPERLINK(""https://stackoverflow.com/q/2406775"", ""2406775"")",0.2919896640826873,"0","893"
"=HYPERLINK(""https://stackoverflow.com/q/2556233"", ""2556233"")",0.3407992973210362,"3","4356"
"=HYPERLINK(""https://stackoverflow.com/q/2643253"", ""2643253"")",0.5105657805044306,"4","18737"
"=HYPERLINK(""https://stackoverflow.com/q/2723272"", ""2723272"")",0.5109546165884196,"1","1378"
"=HYPERLINK(""https://stackoverflow.com/q/3144839"", ""3144839"")",0.3961352657004831,"0","1414"
"=HYPERLINK(""https://stackoverflow.com/q/3288131"", ""3288131"")",0.398544640358242,"0","1066"
"=HYPERLINK(""https://stackoverflow.com/q/3316755"", ""3316755"")",0.5293650793650794,"2","3525"
"=HYPERLINK(""https://stackoverflow.com/q/3358839"", ""3358839"")",0.5026650266502666,"0","2070"
"=HYPERLINK(""https://stackoverflow.com/q/3566729"", ""3566729"")",0.3293650793650792,"1","1834"
"=HYPERLINK(""https://stackoverflow.com/q/3877426"", ""3877426"")",0.4318030605455754,"3","6712"
"=HYPERLINK(""https://stackoverflow.com/q/4032976"", ""4032976"")",0.5642417661961635,"1","2519"
"=HYPERLINK(""https://stackoverflow.com/q/4176875"", ""4176875"")",0.338244321669736,"0","876"
"=HYPERLINK(""https://stackoverflow.com/q/4224407"", ""4224407"")",0.7149335924846133,"0","19492"
"=HYPERLINK(""https://stackoverflow.com/q/4250350"", ""4250350"")",0.5063550635506358,"0","885"
"=HYPERLINK(""https://stackoverflow.com/q/4254288"", ""4254288"")",0.4611602753195677,"0","379"
"=HYPERLINK(""https://stackoverflow.com/q/4462372"", ""4462372"")",0.4597912829957029,"2","7290"
"=HYPERLINK(""https://stackoverflow.com/q/4508961"", ""4508961"")",0.5711583924349882,"1","507"
"=HYPERLINK(""https://stackoverflow.com/q/4509891"", ""4509891"")",0.3799345272482188,"3","7264"
"=HYPERLINK(""https://stackoverflow.com/q/4536018"", ""4536018"")",0.920751633986928,"1","5882"
"=HYPERLINK(""https://stackoverflow.com/q/4573335"", ""4573335"")",0.4631860776439088,"1","5015"
"=HYPERLINK(""https://stackoverflow.com/q/4593772"", ""4593772"")",0.2332719459791282,"1","2158"
"=HYPERLINK(""https://stackoverflow.com/q/4728439"", ""4728439"")",0.2791565287915654,"1","6011"
"=HYPERLINK(""https://stackoverflow.com/q/4932871"", ""4932871"")",0.4425612052730695,"0","955"
"=HYPERLINK(""https://stackoverflow.com/q/4993117"", ""4993117"")",0.602222222222222,"0","10640"
"=HYPERLINK(""https://stackoverflow.com/q/5009671"", ""5009671"")",0.5846383296047727,"0","464"
"=HYPERLINK(""https://stackoverflow.com/q/5189480"", ""5189480"")",0.4984653161448742,"1","1984"
"=HYPERLINK(""https://stackoverflow.com/q/5455825"", ""5455825"")",0.6064327485380121,"2","7355"
"=HYPERLINK(""https://stackoverflow.com/q/5482924"", ""5482924"")",0.8917137476459506,"1","4802"
"=HYPERLINK(""https://stackoverflow.com/q/5678856"", ""5678856"")",0.560153256704981,"12","30442"
"=HYPERLINK(""https://stackoverflow.com/q/5828610"", ""5828610"")",0.6048079742011142,"1","1534"
"=HYPERLINK(""https://stackoverflow.com/q/6074119"", ""6074119"")",0.2835429769392034,"1","525"
"=HYPERLINK(""https://stackoverflow.com/q/6103363"", ""6103363"")",0.7207644962747006,"5","28139"
"=HYPERLINK(""https://stackoverflow.com/q/6223412"", ""6223412"")",0.4887316561844863,"3","15532"
"=HYPERLINK(""https://stackoverflow.com/q/6248077"", ""6248077"")",0.3393108298171587,"3","4059"
"=HYPERLINK(""https://stackoverflow.com/q/6250672"", ""6250672"")",0.5303617571059429,"0","10602"
"=HYPERLINK(""https://stackoverflow.com/q/6372871"", ""6372871"")",0.5101969057665259,"1","1716"
"=HYPERLINK(""https://stackoverflow.com/q/6390067"", ""6390067"")",0.4732860520094563,"0","4799"
"=HYPERLINK(""https://stackoverflow.com/q/6391310"", ""6391310"")",0.5647914917436324,"1","8096"
"=HYPERLINK(""https://stackoverflow.com/q/6568659"", ""6568659"")",0.7200945626477542,"3","4153"
"=HYPERLINK(""https://stackoverflow.com/q/6571759"", ""6571759"")",0.4349881796690307,"1","1419"
"=HYPERLINK(""https://stackoverflow.com/q/6783790"", ""6783790"")",0.6543830262423226,"0","2403"
"=HYPERLINK(""https://stackoverflow.com/q/6848357"", ""6848357"")",0.3883460007238509,"0","4843"
"=HYPERLINK(""https://stackoverflow.com/q/6930790"", ""6930790"")",0.5214025500910751,"2","6491"
"=HYPERLINK(""https://stackoverflow.com/q/7147913"", ""7147913"")",0.3547337784625921,"0","7269"
"=HYPERLINK(""https://stackoverflow.com/q/7256190"", ""7256190"")",0.451035781544256,"2","4281"
"=HYPERLINK(""https://stackoverflow.com/q/7317462"", ""7317462"")",0.4330330330330327,"0","1447"
"=HYPERLINK(""https://stackoverflow.com/q/7335540"", ""7335540"")",0.5009107468123865,"0","1827"
"=HYPERLINK(""https://stackoverflow.com/q/7511190"", ""7511190"")",0.6745299145299148,"0","9444"
"=HYPERLINK(""https://stackoverflow.com/q/7635588"", ""7635588"")",0.7950070323488042,"1","6028"
"=HYPERLINK(""https://stackoverflow.com/q/7818218"", ""7818218"")",0.4887129873937262,"1","1957"
"=HYPERLINK(""https://stackoverflow.com/q/7820968"", ""7820968"")",0.4551242554939414,"2","4346"
"=HYPERLINK(""https://stackoverflow.com/q/7830041"", ""7830041"")",0.733850129198966,"0","1931"
"=HYPERLINK(""https://stackoverflow.com/q/7885031"", ""7885031"")",0.4971667898497165,"2","2666"
"=HYPERLINK(""https://stackoverflow.com/q/8023256"", ""8023256"")",0.76365868631062,"2","537"
"=HYPERLINK(""https://stackoverflow.com/q/8034695"", ""8034695"")",0.3265167007498293,"8","5598"
"=HYPERLINK(""https://stackoverflow.com/q/8067099"", ""8067099"")",0.3976979093258163,"1","4785"
"=HYPERLINK(""https://stackoverflow.com/q/8095988"", ""8095988"")",0.6087087087087083,"0","1328"
"=HYPERLINK(""https://stackoverflow.com/q/8109043"", ""8109043"")",0.5038677918424752,"1","204"
"=HYPERLINK(""https://stackoverflow.com/q/8129141"", ""8129141"")",0.5830176767676766,"2","11772"
"=HYPERLINK(""https://stackoverflow.com/q/8256745"", ""8256745"")",0.5430143014301427,"4","7187"
"=HYPERLINK(""https://stackoverflow.com/q/8277483"", ""8277483"")",0.4150793650793651,"1","11122"
"=HYPERLINK(""https://stackoverflow.com/q/8302356"", ""8302356"")",0.5738705738705738,"0","1122"
"=HYPERLINK(""https://stackoverflow.com/q/8363665"", ""8363665"")",0.3900363358194682,"0","1881"
"=HYPERLINK(""https://stackoverflow.com/q/8368970"", ""8368970"")",0.3028267562272598,"0","2575"
"=HYPERLINK(""https://stackoverflow.com/q/8372149"", ""8372149"")",0.2125759199714184,"1","1243"
"=HYPERLINK(""https://stackoverflow.com/q/8387647"", ""8387647"")",0.4584031267448349,"0","2489"
"=HYPERLINK(""https://stackoverflow.com/q/8497442"", ""8497442"")",0.5577837195484255,"6","31959"
"=HYPERLINK(""https://stackoverflow.com/q/8523303"", ""8523303"")",0.5979128299570289,"2","24182"
"=HYPERLINK(""https://stackoverflow.com/q/8605672"", ""8605672"")",0.3419561468341954,"2","9777"
"=HYPERLINK(""https://stackoverflow.com/q/8649094"", ""8649094"")",0.5966903073286052,"0","1721"
"=HYPERLINK(""https://stackoverflow.com/q/8662943"", ""8662943"")",0.4434988179669031,"0","5578"
"=HYPERLINK(""https://stackoverflow.com/q/8731673"", ""8731673"")",0.8299570288520566,"2","8315"
"=HYPERLINK(""https://stackoverflow.com/q/8760504"", ""8760504"")",0.4512298558100087,"0","293"
"=HYPERLINK(""https://stackoverflow.com/q/8786108"", ""8786108"")",0.7432748538011701,"2","5170"
"=HYPERLINK(""https://stackoverflow.com/q/8900129"", ""8900129"")",0.7222222222222219,"1","3827"
"=HYPERLINK(""https://stackoverflow.com/q/8920275"", ""8920275"")",0.4892247411139095,"3","21099"
"=HYPERLINK(""https://stackoverflow.com/q/8921414"", ""8921414"")",0.4124062713019765,"4","20676"
"=HYPERLINK(""https://stackoverflow.com/q/8936334"", ""8936334"")",0.7947413061916884,"1","553"
"=HYPERLINK(""https://stackoverflow.com/q/8967807"", ""8967807"")",0.8636216391318438,"1","2900"
"=HYPERLINK(""https://stackoverflow.com/q/8976144"", ""8976144"")",0.4361683394963903,"1","18253"
"=HYPERLINK(""https://stackoverflow.com/q/9033882"", ""9033882"")",0.6115664845173046,"1","4578"
"=HYPERLINK(""https://stackoverflow.com/q/9077562"", ""9077562"")",0.4288090485695275,"0","658"
"=HYPERLINK(""https://stackoverflow.com/q/9087395"", ""9087395"")",0.3276276276276275,"0","2807"
"=HYPERLINK(""https://stackoverflow.com/q/9099521"", ""9099521"")",0.7794741306191694,"1","29030"
"=HYPERLINK(""https://stackoverflow.com/q/9101678"", ""9101678"")",0.2670335429769393,"1","4651"
"=HYPERLINK(""https://stackoverflow.com/q/9170045"", ""9170045"")",0.5757842274992672,"2","2459"
"=HYPERLINK(""https://stackoverflow.com/q/9204969"", ""9204969"")",0.6256313131313127,"0","1386"
"=HYPERLINK(""https://stackoverflow.com/q/9214662"", ""9214662"")",0.5071537290715372,"2","24196"
"=HYPERLINK(""https://stackoverflow.com/q/9230940"", ""9230940"")",0.5853801169590647,"0","5211"
"=HYPERLINK(""https://stackoverflow.com/q/9257125"", ""9257125"")",0.6494374120956398,"0","451"
"=HYPERLINK(""https://stackoverflow.com/q/9290419"", ""9290419"")",0.4086202071088718,"1","1578"
"=HYPERLINK(""https://stackoverflow.com/q/9322578"", ""9322578"")",0.2723116676605049,"0","1658"
"=HYPERLINK(""https://stackoverflow.com/q/9360624"", ""9360624"")",0.4684533780011163,"1","4405"
"=HYPERLINK(""https://stackoverflow.com/q/9369653"", ""9369653"")",0.4916833000665334,"14","39133"
"=HYPERLINK(""https://stackoverflow.com/q/9378321"", ""9378321"")",0.5940815187046339,"0","1166"
"=HYPERLINK(""https://stackoverflow.com/q/9395639"", ""9395639"")",0.5187046342825236,"0","3530"
"=HYPERLINK(""https://stackoverflow.com/q/9424069"", ""9424069"")",0.3621639131843215,"1","8567"
"=HYPERLINK(""https://stackoverflow.com/q/9496514"", ""9496514"")",0.438488395974533,"0","1778"
"=HYPERLINK(""https://stackoverflow.com/q/9710523"", ""9710523"")",0.5284111473036553,"0","2062"
"=HYPERLINK(""https://stackoverflow.com/q/9714654"", ""9714654"")",0.45542380324989,"0","6612"
"=HYPERLINK(""https://stackoverflow.com/q/9790972"", ""9790972"")",0.7620995228357188,"2","1739"
"=HYPERLINK(""https://stackoverflow.com/q/9852020"", ""9852020"")",0.6894353369763209,"1","28344"
"=HYPERLINK(""https://stackoverflow.com/q/9931640"", ""9931640"")",0.4690736076126501,"0","3203"
"=HYPERLINK(""https://stackoverflow.com/q/9953921"", ""9953921"")",0.5150399017802333,"0","4327"
"=HYPERLINK(""https://stackoverflow.com/q/9987267"", ""9987267"")",0.4619129438717066,"1","2699"
"=HYPERLINK(""https://stackoverflow.com/q/10023906"", ""10023906"")",0.7519519519519515,"0","2023"
"=HYPERLINK(""https://stackoverflow.com/q/10031526"", ""10031526"")",0.506807202459376,"0","4011"
"=HYPERLINK(""https://stackoverflow.com/q/10032799"", ""10032799"")",0.2769097222222223,"1","8230"
"=HYPERLINK(""https://stackoverflow.com/q/10117829"", ""10117829"")",0.3727768973410812,"2","2989"
"=HYPERLINK(""https://stackoverflow.com/q/10132744"", ""10132744"")",0.8320303245676386,"2","17120"
"=HYPERLINK(""https://stackoverflow.com/q/10172342"", ""10172342"")",0.5135265700483087,"0","1498"
"=HYPERLINK(""https://stackoverflow.com/q/10175894"", ""10175894"")",0.4398813597992241,"0","983"
"=HYPERLINK(""https://stackoverflow.com/q/10183469"", ""10183469"")",0.7335344394167923,"0","2129"
"=HYPERLINK(""https://stackoverflow.com/q/10202923"", ""10202923"")",0.4824032176973352,"0","145"
"=HYPERLINK(""https://stackoverflow.com/q/10248579"", ""10248579"")",0.278148766462623,"1","9722"
"=HYPERLINK(""https://stackoverflow.com/q/10277252"", ""10277252"")",0.7543729982754368,"0","7128"
"=HYPERLINK(""https://stackoverflow.com/q/10291602"", ""10291602"")",0.3825720764496279,"4","13084"
"=HYPERLINK(""https://stackoverflow.com/q/10416646"", ""10416646"")",0.6205273069679846,"0","263"
"=HYPERLINK(""https://stackoverflow.com/q/10427361"", ""10427361"")",0.5375631313131312,"1","5793"
"=HYPERLINK(""https://stackoverflow.com/q/10429965"", ""10429965"")",0.6945469454694548,"1","1314"
"=HYPERLINK(""https://stackoverflow.com/q/10451310"", ""10451310"")",0.2972222222222223,"0","8843"
"=HYPERLINK(""https://stackoverflow.com/q/10482989"", ""10482989"")",0.6676605048698074,"1","2356"
"=HYPERLINK(""https://stackoverflow.com/q/10483650"", ""10483650"")",0.7043650793650795,"1","2189"
"=HYPERLINK(""https://stackoverflow.com/q/10518166"", ""10518166"")",0.397479954180985,"3","3072"
"=HYPERLINK(""https://stackoverflow.com/q/10530238"", ""10530238"")",0.4906432748538015,"0","2665"
"=HYPERLINK(""https://stackoverflow.com/q/10539829"", ""10539829"")",0.4917314740323592,"2","10270"
"=HYPERLINK(""https://stackoverflow.com/q/10556002"", ""10556002"")",0.3084898278560251,"1","9228"
"=HYPERLINK(""https://stackoverflow.com/q/10561432"", ""10561432"")",0.8351254480286732,"0","384"
"=HYPERLINK(""https://stackoverflow.com/q/10568673"", ""10568673"")",0.4407850964737191,"0","8521"
"=HYPERLINK(""https://stackoverflow.com/q/10705220"", ""10705220"")",0.5217613927291344,"0","414"
"=HYPERLINK(""https://stackoverflow.com/q/10737922"", ""10737922"")",0.592387968078576,"0","1358"
"=HYPERLINK(""https://stackoverflow.com/q/10746890"", ""10746890"")",0.3571528653495869,"4","2291"
"=HYPERLINK(""https://stackoverflow.com/q/10809520"", ""10809520"")",0.3940584505100636,"7","4686"
"=HYPERLINK(""https://stackoverflow.com/q/10818298"", ""10818298"")",0.2926920208799405,"0","174"
"=HYPERLINK(""https://stackoverflow.com/q/10820903"", ""10820903"")",0.2558760683760684,"0","533"
"=HYPERLINK(""https://stackoverflow.com/q/10834609"", ""10834609"")",0.3936507936507937,"2","1813"
"=HYPERLINK(""https://stackoverflow.com/q/10877971"", ""10877971"")",0.3284722222222225,"1","2200"
"=HYPERLINK(""https://stackoverflow.com/q/10948275"", ""10948275"")",0.4991901522513769,"5","510"
"=HYPERLINK(""https://stackoverflow.com/q/10973168"", ""10973168"")",0.6222222222222222,"0","2235"
"=HYPERLINK(""https://stackoverflow.com/q/10993851"", ""10993851"")",0.6349465289106401,"1","12491"
"=HYPERLINK(""https://stackoverflow.com/q/11001916"", ""11001916"")",0.3936507936507938,"0","24897"
"=HYPERLINK(""https://stackoverflow.com/q/11014178"", ""11014178"")",0.3967676767676767,"0","626"
"=HYPERLINK(""https://stackoverflow.com/q/11030763"", ""11030763"")",0.7611832611832609,"0","896"
"=HYPERLINK(""https://stackoverflow.com/q/11049752"", ""11049752"")",0.3665521191294387,"0","3003"
"=HYPERLINK(""https://stackoverflow.com/q/11053278"", ""11053278"")",0.6539565395653958,"1","3623"
"=HYPERLINK(""https://stackoverflow.com/q/11078826"", ""11078826"")",0.3371158392434988,"4","3485"
"=HYPERLINK(""https://stackoverflow.com/q/11098834"", ""11098834"")",0.6884798909338783,"1","103"
"=HYPERLINK(""https://stackoverflow.com/q/11102103"", ""11102103"")",0.7401862940785094,"0","2311"
"=HYPERLINK(""https://stackoverflow.com/q/11152505"", ""11152505"")",0.496558505408063,"0","1687"
"=HYPERLINK(""https://stackoverflow.com/q/11196199"", ""11196199"")",0.5020006155740229,"0","244"
"=HYPERLINK(""https://stackoverflow.com/q/11220309"", ""11220309"")",0.4088111435050214,"0","1310"
"=HYPERLINK(""https://stackoverflow.com/q/11329696"", ""11329696"")",0.8704980842911879,"0","213"
"=HYPERLINK(""https://stackoverflow.com/q/11434737"", ""11434737"")",0.7354965585054082,"0","12978"
"=HYPERLINK(""https://stackoverflow.com/q/11441833"", ""11441833"")",0.54040404040404,"0","1009"
"=HYPERLINK(""https://stackoverflow.com/q/11520533"", ""11520533"")",0.363443596268024,"0","2996"
"=HYPERLINK(""https://stackoverflow.com/q/11533328"", ""11533328"")",0.5237489397794743,"0","4895"
"=HYPERLINK(""https://stackoverflow.com/q/11552514"", ""11552514"")",0.4949494949494951,"14","32846"
"=HYPERLINK(""https://stackoverflow.com/q/11559619"", ""11559619"")",0.8286362163913188,"5","10803"
"=HYPERLINK(""https://stackoverflow.com/q/11607007"", ""11607007"")",0.4683419561468339,"6","16719"
"=HYPERLINK(""https://stackoverflow.com/q/11675645"", ""11675645"")",0.531500572737686,"0","6207"
"=HYPERLINK(""https://stackoverflow.com/q/11732435"", ""11732435"")",0.4046702591737233,"0","3257"
"=HYPERLINK(""https://stackoverflow.com/q/11765294"", ""11765294"")",0.4325543255432555,"3","7970"
"=HYPERLINK(""https://stackoverflow.com/q/11766487"", ""11766487"")",0.4929914529914532,"0","2796"
"=HYPERLINK(""https://stackoverflow.com/q/11820963"", ""11820963"")",0.908841940532082,"0","5472"
"=HYPERLINK(""https://stackoverflow.com/q/11839335"", ""11839335"")",0.7470035633300944,"0","263"
"=HYPERLINK(""https://stackoverflow.com/q/11842229"", ""11842229"")",0.3867791842475385,"0","1858"
"=HYPERLINK(""https://stackoverflow.com/q/11853716"", ""11853716"")",0.7392676767676766,"0","1576"
"=HYPERLINK(""https://stackoverflow.com/q/11867730"", ""11867730"")",0.4222222222222221,"0","334"
"=HYPERLINK(""https://stackoverflow.com/q/11893895"", ""11893895"")",0.4327485380116956,"0","2713"
"=HYPERLINK(""https://stackoverflow.com/q/11908931"", ""11908931"")",0.4526570048309175,"1","905"
"=HYPERLINK(""https://stackoverflow.com/q/11939495"", ""11939495"")",0.3850129198966408,"0","3089"
"=HYPERLINK(""https://stackoverflow.com/q/11942220"", ""11942220"")",0.4454969177567284,"0","3141"
"=HYPERLINK(""https://stackoverflow.com/q/11970958"", ""11970958"")",0.815079365079365,"0","3071"
"=HYPERLINK(""https://stackoverflow.com/q/11989585"", ""11989585"")",0.3169802867383514,"0","2792"
"=HYPERLINK(""https://stackoverflow.com/q/12038882"", ""12038882"")",0.6735735735735733,"1","1024"
"=HYPERLINK(""https://stackoverflow.com/q/12041773"", ""12041773"")",0.3263177853621538,"0","1496"
"=HYPERLINK(""https://stackoverflow.com/q/12044423"", ""12044423"")",0.5328605200945626,"0","653"
"=HYPERLINK(""https://stackoverflow.com/q/12053569"", ""12053569"")",0.8578154425612048,"1","4186"
"=HYPERLINK(""https://stackoverflow.com/q/12058108"", ""12058108"")",0.5158567191421397,"0","1045"
"=HYPERLINK(""https://stackoverflow.com/q/12164548"", ""12164548"")",0.7571619812583665,"0","486"
"=HYPERLINK(""https://stackoverflow.com/q/12501210"", ""12501210"")",0.6178743961352653,"3","16682"
"=HYPERLINK(""https://stackoverflow.com/q/12534067"", ""12534067"")",0.433948606587043,"0","5587"
"=HYPERLINK(""https://stackoverflow.com/q/12570407"", ""12570407"")",0.5407817790089259,"0","1016"
"=HYPERLINK(""https://stackoverflow.com/q/12578617"", ""12578617"")",0.3176420695504667,"0","3534"
"=HYPERLINK(""https://stackoverflow.com/q/12693173"", ""12693173"")",0.6278825995807128,"1","5408"
"=HYPERLINK(""https://stackoverflow.com/q/12860127"", ""12860127"")",0.5125448028673832,"0","1179"
"=HYPERLINK(""https://stackoverflow.com/q/12868425"", ""12868425"")",0.7671324018629405,"0","5118"
"=HYPERLINK(""https://stackoverflow.com/q/12916242"", ""12916242"")",0.3966903073286053,"1","3513"
"=HYPERLINK(""https://stackoverflow.com/q/13097600"", ""13097600"")",0.3329914529914531,"0","1539"
"=HYPERLINK(""https://stackoverflow.com/q/13213659"", ""13213659"")",0.6047039740470401,"2","3668"
"=HYPERLINK(""https://stackoverflow.com/q/13231072"", ""13231072"")",0.9107468123861572,"2","4739"
"=HYPERLINK(""https://stackoverflow.com/q/13254137"", ""13254137"")",0.5391794329987677,"0","1664"
"=HYPERLINK(""https://stackoverflow.com/q/13309597"", ""13309597"")",0.3665521191294387,"1","2666"
"=HYPERLINK(""https://stackoverflow.com/q/13335604"", ""13335604"")",0.4539602574867055,"1","1470"
"=HYPERLINK(""https://stackoverflow.com/q/13547964"", ""13547964"")",0.3371954842543078,"1","1964"
"=HYPERLINK(""https://stackoverflow.com/q/13568913"", ""13568913"")",0.3009394233884031,"0","1361"
"=HYPERLINK(""https://stackoverflow.com/q/13569379"", ""13569379"")",0.4863067292644759,"2","1174"
"=HYPERLINK(""https://stackoverflow.com/q/13660193"", ""13660193"")",0.5098211668132513,"0","2671"
"=HYPERLINK(""https://stackoverflow.com/q/13911946"", ""13911946"")",0.4649662855467605,"3","1285"
"=HYPERLINK(""https://stackoverflow.com/q/13919942"", ""13919942"")",0.4032176973353442,"1","500"
"=HYPERLINK(""https://stackoverflow.com/q/14029653"", ""14029653"")",0.3713934929404542,"0","2150"
"=HYPERLINK(""https://stackoverflow.com/q/14036538"", ""14036538"")",0.2936507936507935,"0","344"
"=HYPERLINK(""https://stackoverflow.com/q/14090989"", ""14090989"")",0.533599467731204,"0","1968"
"=HYPERLINK(""https://stackoverflow.com/q/14139870"", ""14139870"")",0.473131313131313,"1","1624"
"=HYPERLINK(""https://stackoverflow.com/q/14212196"", ""14212196"")",0.4321458863443598,"1","322"
"=HYPERLINK(""https://stackoverflow.com/q/14232819"", ""14232819"")",0.5215770609318998,"1","2271"
"=HYPERLINK(""https://stackoverflow.com/q/14280402"", ""14280402"")",0.4054283290924514,"13","52411"
"=HYPERLINK(""https://stackoverflow.com/q/14390707"", ""14390707"")",0.2474111390987965,"0","442"
"=HYPERLINK(""https://stackoverflow.com/q/14439814"", ""14439814"")",0.732936507936508,"0","8585"
"=HYPERLINK(""https://stackoverflow.com/q/14500386"", ""14500386"")",0.414082687338501,"0","106"
"=HYPERLINK(""https://stackoverflow.com/q/14531561"", ""14531561"")",0.4310829817158929,"0","1962"
"=HYPERLINK(""https://stackoverflow.com/q/14607749"", ""14607749"")",0.2681810177848214,"1","4600"
"=HYPERLINK(""https://stackoverflow.com/q/14651200"", ""14651200"")",0.3841940532081378,"1","1929"
"=HYPERLINK(""https://stackoverflow.com/q/14791150"", ""14791150"")",0.6685890042291422,"0","475"
"=HYPERLINK(""https://stackoverflow.com/q/14823107"", ""14823107"")",0.3956539565395654,"7","32313"
"=HYPERLINK(""https://stackoverflow.com/q/14838416"", ""14838416"")",0.3917874396135262,"2","731"
"=HYPERLINK(""https://stackoverflow.com/q/14959822"", ""14959822"")",0.4905149051490511,"0","1877"
"=HYPERLINK(""https://stackoverflow.com/q/14991246"", ""14991246"")",0.5900793650793651,"2","2080"
"=HYPERLINK(""https://stackoverflow.com/q/15052261"", ""15052261"")",0.7755009107468125,"0","14442"
"=HYPERLINK(""https://stackoverflow.com/q/15195540"", ""15195540"")",0.4085429769392034,"0","1555"
"=HYPERLINK(""https://stackoverflow.com/q/15223255"", ""15223255"")",0.3364090734332947,"0","287"
"=HYPERLINK(""https://stackoverflow.com/q/15309285"", ""15309285"")",0.5187046342825232,"1","4687"
"=HYPERLINK(""https://stackoverflow.com/q/15314594"", ""15314594"")",0.5619168787107721,"0","635"
"=HYPERLINK(""https://stackoverflow.com/q/15491182"", ""15491182"")",0.3966903073286053,"1","336"
"=HYPERLINK(""https://stackoverflow.com/q/15519197"", ""15519197"")",0.5224531691044391,"0","1108"
"=HYPERLINK(""https://stackoverflow.com/q/15552012"", ""15552012"")",0.5409289196818063,"2","325"
"=HYPERLINK(""https://stackoverflow.com/q/15557159"", ""15557159"")",0.3744713571703189,"0","229"
"=HYPERLINK(""https://stackoverflow.com/q/15559389"", ""15559389"")",0.4881502000615574,"0","1054"
"=HYPERLINK(""https://stackoverflow.com/q/15753977"", ""15753977"")",0.6968766001024062,"1","1249"
"=HYPERLINK(""https://stackoverflow.com/q/15754576"", ""15754576"")",0.800932866899884,"2","3546"
"=HYPERLINK(""https://stackoverflow.com/q/15888266"", ""15888266"")",0.2631860776439089,"0","130"
"=HYPERLINK(""https://stackoverflow.com/q/15906526"", ""15906526"")",0.3180205415499532,"1","1292"
"=HYPERLINK(""https://stackoverflow.com/q/16034122"", ""16034122"")",0.3289415898111548,"3","1425"
"=HYPERLINK(""https://stackoverflow.com/q/16093148"", ""16093148"")",0.7909245122985586,"0","53"
"=HYPERLINK(""https://stackoverflow.com/q/16121797"", ""16121797"")",0.3556627366916757,"2","2746"
"=HYPERLINK(""https://stackoverflow.com/q/16130957"", ""16130957"")",0.4910901467505243,"0","570"
"=HYPERLINK(""https://stackoverflow.com/q/16175251"", ""16175251"")",0.5275657336726041,"0","1245"
"=HYPERLINK(""https://stackoverflow.com/q/16190656"", ""16190656"")",0.5966903073286053,"0","226"
"=HYPERLINK(""https://stackoverflow.com/q/16193946"", ""16193946"")",0.5367917586460634,"0","524"
"=HYPERLINK(""https://stackoverflow.com/q/16259352"", ""16259352"")",0.6039016115351996,"2","1669"
"=HYPERLINK(""https://stackoverflow.com/q/16305363"", ""16305363"")",0.669281045751634,"0","2482"
"=HYPERLINK(""https://stackoverflow.com/q/16321139"", ""16321139"")",0.3007936507936509,"0","55"
"=HYPERLINK(""https://stackoverflow.com/q/16357993"", ""16357993"")",0.5161153519932149,"0","120"
"=HYPERLINK(""https://stackoverflow.com/q/16393847"", ""16393847"")",0.5604575163398694,"0","162"
"=HYPERLINK(""https://stackoverflow.com/q/16414472"", ""16414472"")",0.49357900614182,"0","1978"
"=HYPERLINK(""https://stackoverflow.com/q/16434124"", ""16434124"")",0.3268733850129198,"0","1638"
"=HYPERLINK(""https://stackoverflow.com/q/16440939"", ""16440939"")",0.3933065595716198,"2","1034"
"=HYPERLINK(""https://stackoverflow.com/q/16649785"", ""16649785"")",0.3619281045751634,"0","206"
"=HYPERLINK(""https://stackoverflow.com/q/16930202"", ""16930202"")",0.5251538183134273,"2","3678"
"=HYPERLINK(""https://stackoverflow.com/q/16962138"", ""16962138"")",0.671041119860018,"0","2494"
"=HYPERLINK(""https://stackoverflow.com/q/16976805"", ""16976805"")",0.3845838458384584,"5","443"
"=HYPERLINK(""https://stackoverflow.com/q/16999324"", ""16999324"")",0.4558287795992716,"1","2541"
"=HYPERLINK(""https://stackoverflow.com/q/17000096"", ""17000096"")",0.7000703234880447,"1","1167"
"=HYPERLINK(""https://stackoverflow.com/q/17040785"", ""17040785"")",0.4626068376068377,"0","450"
"=HYPERLINK(""https://stackoverflow.com/q/17043664"", ""17043664"")",0.4080629301868241,"0","1702"
"=HYPERLINK(""https://stackoverflow.com/q/17076431"", ""17076431"")",0.533492347445836,"2","3268"
"=HYPERLINK(""https://stackoverflow.com/q/17166493"", ""17166493"")",0.5768733850129197,"1","2584"
"=HYPERLINK(""https://stackoverflow.com/q/17242564"", ""17242564"")",0.423733557234816,"2","3303"
"=HYPERLINK(""https://stackoverflow.com/q/17260701"", ""17260701"")",0.5360683760683763,"0","857"
"=HYPERLINK(""https://stackoverflow.com/q/17323426"", ""17323426"")",0.5216874628639336,"0","1828"
"=HYPERLINK(""https://stackoverflow.com/q/17324907"", ""17324907"")",0.3831720902961009,"1","515"
"=HYPERLINK(""https://stackoverflow.com/q/17460743"", ""17460743"")",0.3356242840778923,"0","1682"
"=HYPERLINK(""https://stackoverflow.com/q/17476958"", ""17476958"")",0.7727108215707563,"0","671"
"=HYPERLINK(""https://stackoverflow.com/q/17479665"", ""17479665"")",0.6989664082687335,"1","3429"
"=HYPERLINK(""https://stackoverflow.com/q/17499885"", ""17499885"")",0.6406837606837611,"0","1999"
"=HYPERLINK(""https://stackoverflow.com/q/17533776"", ""17533776"")",0.3778950454412196,"0","1537"
"=HYPERLINK(""https://stackoverflow.com/q/17613173"", ""17613173"")",0.5724526369687657,"0","1831"
"=HYPERLINK(""https://stackoverflow.com/q/17677143"", ""17677143"")",0.4175574991901525,"0","776"
"=HYPERLINK(""https://stackoverflow.com/q/17736485"", ""17736485"")",0.3720276696930391,"0","2412"
"=HYPERLINK(""https://stackoverflow.com/q/17740575"", ""17740575"")",0.7620146097654745,"3","648"
"=HYPERLINK(""https://stackoverflow.com/q/17755500"", ""17755500"")",0.6253842775581903,"0","222"
"=HYPERLINK(""https://stackoverflow.com/q/17851212"", ""17851212"")",0.4820762368207624,"1","4222"
"=HYPERLINK(""https://stackoverflow.com/q/17941982"", ""17941982"")",0.3467533550054177,"1","2325"
"=HYPERLINK(""https://stackoverflow.com/q/17977858"", ""17977858"")",0.2806637806637804,"0","331"
"=HYPERLINK(""https://stackoverflow.com/q/18157269"", ""18157269"")",0.657540497376226,"0","312"
"=HYPERLINK(""https://stackoverflow.com/q/18238673"", ""18238673"")",0.4593763724198504,"1","1240"
"=HYPERLINK(""https://stackoverflow.com/q/18255104"", ""18255104"")",0.5157375805839968,"0","334"
"=HYPERLINK(""https://stackoverflow.com/q/18255257"", ""18255257"")",0.4612279583598898,"0","1112"
"=HYPERLINK(""https://stackoverflow.com/q/18262865"", ""18262865"")",0.3642676767676766,"0","1950"
"=HYPERLINK(""https://stackoverflow.com/q/18472070"", ""18472070"")",0.4638063806380637,"0","74"
"=HYPERLINK(""https://stackoverflow.com/q/18508687"", ""18508687"")",0.6163590300398117,"2","2173"
"=HYPERLINK(""https://stackoverflow.com/q/18731448"", ""18731448"")",0.3825720764496275,"1","3874"
"=HYPERLINK(""https://stackoverflow.com/q/18757143"", ""18757143"")",0.5635683760683762,"0","230"
"=HYPERLINK(""https://stackoverflow.com/q/18767579"", ""18767579"")",0.4119455423803249,"1","77"
"=HYPERLINK(""https://stackoverflow.com/q/18772123"", ""18772123"")",0.3841540404040403,"0","410"
"=HYPERLINK(""https://stackoverflow.com/q/18787085"", ""18787085"")",0.4952849528495285,"0","667"
"=HYPERLINK(""https://stackoverflow.com/q/18865382"", ""18865382"")",0.3842775581906016,"1","1568"
"=HYPERLINK(""https://stackoverflow.com/q/18972610"", ""18972610"")",0.3481764206955048,"4","9851"
"=HYPERLINK(""https://stackoverflow.com/q/18973616"", ""18973616"")",0.923879680785758,"0","1178"
"=HYPERLINK(""https://stackoverflow.com/q/18978507"", ""18978507"")",0.3686507936507938,"1","1430"
"=HYPERLINK(""https://stackoverflow.com/q/19033266"", ""19033266"")",0.4492160872528968,"1","2172"
"=HYPERLINK(""https://stackoverflow.com/q/19093901"", ""19093901"")",0.5186391603329714,"2","138"
"=HYPERLINK(""https://stackoverflow.com/q/19117613"", ""19117613"")",0.4590643274853805,"0","361"
"=HYPERLINK(""https://stackoverflow.com/q/19186047"", ""19186047"")",0.5758133824432167,"1","14044"
"=HYPERLINK(""https://stackoverflow.com/q/19311791"", ""19311791"")",0.5439975342887966,"1","294"
"=HYPERLINK(""https://stackoverflow.com/q/19418288"", ""19418288"")",0.7351373513735137,"0","430"
"=HYPERLINK(""https://stackoverflow.com/q/19426367"", ""19426367"")",0.5653956539565397,"2","739"
"=HYPERLINK(""https://stackoverflow.com/q/19455549"", ""19455549"")",0.554949494949495,"1","450"
"=HYPERLINK(""https://stackoverflow.com/q/19682947"", ""19682947"")",0.5144300144300142,"1","1146"
"=HYPERLINK(""https://stackoverflow.com/q/19689868"", ""19689868"")",0.4916833000665332,"0","831"
"=HYPERLINK(""https://stackoverflow.com/q/19716460"", ""19716460"")",0.5954941116231435,"0","2911"
"=HYPERLINK(""https://stackoverflow.com/q/19734398"", ""19734398"")",0.5009107468123863,"0","489"
"=HYPERLINK(""https://stackoverflow.com/q/19776772"", ""19776772"")",0.4942625244892244,"0","1304"
"=HYPERLINK(""https://stackoverflow.com/q/20061722"", ""20061722"")",0.6529914529914533,"1","4772"
"=HYPERLINK(""https://stackoverflow.com/q/20084616"", ""20084616"")",0.6140030441400303,"1","369"
"=HYPERLINK(""https://stackoverflow.com/q/20354747"", ""20354747"")",0.7402277623884272,"0","2010"
"=HYPERLINK(""https://stackoverflow.com/q/20422585"", ""20422585"")",0.7749860413176993,"0","450"
"=HYPERLINK(""https://stackoverflow.com/q/20598281"", ""20598281"")",0.2785362153962835,"1","246"
"=HYPERLINK(""https://stackoverflow.com/q/20614206"", ""20614206"")",0.4659895352416129,"1","892"
"=HYPERLINK(""https://stackoverflow.com/q/20685898"", ""20685898"")",0.4309851088201603,"2","6089"
"=HYPERLINK(""https://stackoverflow.com/q/20805926"", ""20805926"")",0.4125336409073432,"1","4127"
"=HYPERLINK(""https://stackoverflow.com/q/20843631"", ""20843631"")",0.331008833100883,"0","933"
"=HYPERLINK(""https://stackoverflow.com/q/20916407"", ""20916407"")",0.4657646576465765,"0","1332"
"=HYPERLINK(""https://stackoverflow.com/q/21016006"", ""21016006"")",0.4439706230751009,"1","1780"
"=HYPERLINK(""https://stackoverflow.com/q/21047775"", ""21047775"")",0.6308760683760685,"3","19270"
"=HYPERLINK(""https://stackoverflow.com/q/21093251"", ""21093251"")",0.3422222222222227,"0","1499"
"=HYPERLINK(""https://stackoverflow.com/q/21136646"", ""21136646"")",0.349249249249249,"3","4749"
"=HYPERLINK(""https://stackoverflow.com/q/21158304"", ""21158304"")",0.5398692810457516,"0","3224"
"=HYPERLINK(""https://stackoverflow.com/q/21182457"", ""21182457"")",0.6320582877959929,"0","3048"
"=HYPERLINK(""https://stackoverflow.com/q/21184659"", ""21184659"")",0.6222222222222226,"0","169"
"=HYPERLINK(""https://stackoverflow.com/q/21300048"", ""21300048"")",0.3512544802867381,"2","2588"
"=HYPERLINK(""https://stackoverflow.com/q/21357535"", ""21357535"")",0.3921826965305224,"1","2146"
"=HYPERLINK(""https://stackoverflow.com/q/21410433"", ""21410433"")",0.5389643036701859,"0","1619"
"=HYPERLINK(""https://stackoverflow.com/q/21500000"", ""21500000"")",0.6848261003385657,"3","10547"
"=HYPERLINK(""https://stackoverflow.com/q/21564121"", ""21564121"")",0.5808429118773948,"0","1188"
"=HYPERLINK(""https://stackoverflow.com/q/21672142"", ""21672142"")",0.4828085414404631,"1","3505"
"=HYPERLINK(""https://stackoverflow.com/q/21679843"", ""21679843"")",0.6128039396737458,"1","221"
"=HYPERLINK(""https://stackoverflow.com/q/21799982"", ""21799982"")",0.4279184247538674,"1","1896"
"=HYPERLINK(""https://stackoverflow.com/q/21917967"", ""21917967"")",0.4254932502596055,"1","962"
"=HYPERLINK(""https://stackoverflow.com/q/21987131"", ""21987131"")",0.473478503629257,"1","133"
"=HYPERLINK(""https://stackoverflow.com/q/22038679"", ""22038679"")",0.7072106748781113,"1","582"
"=HYPERLINK(""https://stackoverflow.com/q/22111429"", ""22111429"")",0.3330712788259959,"0","401"
"=HYPERLINK(""https://stackoverflow.com/q/22232931"", ""22232931"")",0.4145965723088775,"1","2184"
"=HYPERLINK(""https://stackoverflow.com/q/22327642"", ""22327642"")",0.5459927140255013,"1","873"
"=HYPERLINK(""https://stackoverflow.com/q/22492724"", ""22492724"")",0.6191452991452995,"1","384"
"=HYPERLINK(""https://stackoverflow.com/q/22529874"", ""22529874"")",0.477947413061917,"0","921"
"=HYPERLINK(""https://stackoverflow.com/q/22534071"", ""22534071"")",0.4934486373165618,"1","3109"
"=HYPERLINK(""https://stackoverflow.com/q/22696090"", ""22696090"")",0.514257620452311,"0","435"
"=HYPERLINK(""https://stackoverflow.com/q/22759855"", ""22759855"")",0.3120883790099852,"1","370"
"=HYPERLINK(""https://stackoverflow.com/q/22934606"", ""22934606"")",0.3240186294078508,"0","4172"
"=HYPERLINK(""https://stackoverflow.com/q/23302665"", ""23302665"")",0.2490678598061149,"0","5860"
"=HYPERLINK(""https://stackoverflow.com/q/23397559"", ""23397559"")",0.4380116959064329,"0","12390"
"=HYPERLINK(""https://stackoverflow.com/q/23541624"", ""23541624"")",0.7089478859390366,"0","92"
"=HYPERLINK(""https://stackoverflow.com/q/23696616"", ""23696616"")",0.5697701966358686,"1","6490"
"=HYPERLINK(""https://stackoverflow.com/q/23786385"", ""23786385"")",0.768347683476835,"0","855"
"=HYPERLINK(""https://stackoverflow.com/q/23795202"", ""23795202"")",0.2991452991452992,"0","59"
"=HYPERLINK(""https://stackoverflow.com/q/23904934"", ""23904934"")",0.3249890206411945,"0","326"
"=HYPERLINK(""https://stackoverflow.com/q/24146354"", ""24146354"")",0.5815036593479705,"0","2328"
"=HYPERLINK(""https://stackoverflow.com/q/24178130"", ""24178130"")",0.5202991452991453,"2","8629"
"=HYPERLINK(""https://stackoverflow.com/q/24302088"", ""24302088"")",0.514257620452311,"0","62"
"=HYPERLINK(""https://stackoverflow.com/q/24361586"", ""24361586"")",0.2499664924272885,"0","916"
"=HYPERLINK(""https://stackoverflow.com/q/24363900"", ""24363900"")",0.4546945469454694,"0","909"
"=HYPERLINK(""https://stackoverflow.com/q/24442070"", ""24442070"")",0.3650793650793653,"0","10092"
"=HYPERLINK(""https://stackoverflow.com/q/24473476"", ""24473476"")",0.4300744162176032,"0","55"
"=HYPERLINK(""https://stackoverflow.com/q/24588344"", ""24588344"")",0.5478573261483191,"0","2846"
"=HYPERLINK(""https://stackoverflow.com/q/24633684"", ""24633684"")",0.6595938854665752,"0","3856"
"=HYPERLINK(""https://stackoverflow.com/q/24662699"", ""24662699"")",0.3246812386156649,"0","1224"
"=HYPERLINK(""https://stackoverflow.com/q/24697171"", ""24697171"")",0.4162176032845777,"1","1019"
"=HYPERLINK(""https://stackoverflow.com/q/24735578"", ""24735578"")",0.3994374120956399,"2","3233"
"=HYPERLINK(""https://stackoverflow.com/q/24806574"", ""24806574"")",0.2051767676767675,"0","662"
"=HYPERLINK(""https://stackoverflow.com/q/24888224"", ""24888224"")",0.6088201603665521,"0","6046"
"=HYPERLINK(""https://stackoverflow.com/q/24987153"", ""24987153"")",0.4037606837606839,"1","2486"
"=HYPERLINK(""https://stackoverflow.com/q/25243424"", ""25243424"")",0.5673549655850542,"0","340"
"=HYPERLINK(""https://stackoverflow.com/q/25262060"", ""25262060"")",0.514257620452311,"1","37"
"=HYPERLINK(""https://stackoverflow.com/q/25306607"", ""25306607"")",0.4664618535586275,"0","883"
"=HYPERLINK(""https://stackoverflow.com/q/25529108"", ""25529108"")",0.3289415898111549,"0","3116"
"=HYPERLINK(""https://stackoverflow.com/q/25549238"", ""25549238"")",0.6472222222222223,"1","5120"
"=HYPERLINK(""https://stackoverflow.com/q/25565850"", ""25565850"")",0.5255009107468126,"1","783"
"=HYPERLINK(""https://stackoverflow.com/q/25770593"", ""25770593"")",0.4684533780011166,"0","119"
"=HYPERLINK(""https://stackoverflow.com/q/25780882"", ""25780882"")",0.3853801169590645,"1","255"
"=HYPERLINK(""https://stackoverflow.com/q/25971133"", ""25971133"")",0.5049808429118774,"3","389"
"=HYPERLINK(""https://stackoverflow.com/q/25971699"", ""25971699"")",0.9142637447135712,"0","1653"
"=HYPERLINK(""https://stackoverflow.com/q/26014140"", ""26014140"")",0.5858585858585856,"0","707"
"=HYPERLINK(""https://stackoverflow.com/q/26148457"", ""26148457"")",0.6405047706986766,"1","482"
"=HYPERLINK(""https://stackoverflow.com/q/26149383"", ""26149383"")",0.8319783197831975,"2","3439"
"=HYPERLINK(""https://stackoverflow.com/q/26183938"", ""26183938"")",0.5867843403484951,"1","5618"
"=HYPERLINK(""https://stackoverflow.com/q/26231221"", ""26231221"")",0.916803503010399,"0","379"
"=HYPERLINK(""https://stackoverflow.com/q/26277476"", ""26277476"")",0.5717797443461161,"1","167"
"=HYPERLINK(""https://stackoverflow.com/q/26366976"", ""26366976"")",0.6507936507936505,"0","3956"
"=HYPERLINK(""https://stackoverflow.com/q/26646879"", ""26646879"")",0.2565230137789506,"0","302"
"=HYPERLINK(""https://stackoverflow.com/q/26747751"", ""26747751"")",0.9272913466461846,"0","1118"
"=HYPERLINK(""https://stackoverflow.com/q/26841651"", ""26841651"")",0.7571059431524542,"0","3715"
"=HYPERLINK(""https://stackoverflow.com/q/26944791"", ""26944791"")",0.8829365079365081,"2","262"
"=HYPERLINK(""https://stackoverflow.com/q/27105626"", ""27105626"")",0.6560457516339868,"0","362"
"=HYPERLINK(""https://stackoverflow.com/q/27143006"", ""27143006"")",0.4185270721067487,"3","4396"
"=HYPERLINK(""https://stackoverflow.com/q/27190897"", ""27190897"")",0.490079365079365,"0","788"
"=HYPERLINK(""https://stackoverflow.com/q/27459315"", ""27459315"")",0.3386732388580817,"1","508"
"=HYPERLINK(""https://stackoverflow.com/q/27486559"", ""27486559"")",0.3721195528177045,"2","812"
"=HYPERLINK(""https://stackoverflow.com/q/27629688"", ""27629688"")",0.544337606837607,"0","278"
"=HYPERLINK(""https://stackoverflow.com/q/27890386"", ""27890386"")",0.5523592085235921,"0","3504"
"=HYPERLINK(""https://stackoverflow.com/q/27925426"", ""27925426"")",0.6151693254967808,"1","1643"
"=HYPERLINK(""https://stackoverflow.com/q/28166997"", ""28166997"")",0.5122985581000853,"0","705"
"=HYPERLINK(""https://stackoverflow.com/q/28510723"", ""28510723"")",0.8036701860231271,"1","159"
"=HYPERLINK(""https://stackoverflow.com/q/28822329"", ""28822329"")",0.4180446765303164,"0","521"
"=HYPERLINK(""https://stackoverflow.com/q/28892383"", ""28892383"")",0.4906785980611486,"0","839"
"=HYPERLINK(""https://stackoverflow.com/q/28963045"", ""28963045"")",0.4980842911877395,"0","963"
"=HYPERLINK(""https://stackoverflow.com/q/29015792"", ""29015792"")",0.6455351056578047,"0","333"
"=HYPERLINK(""https://stackoverflow.com/q/29041299"", ""29041299"")",0.5295992714025504,"0","733"
"=HYPERLINK(""https://stackoverflow.com/q/29060765"", ""29060765"")",0.332748538011696,"0","165"
"=HYPERLINK(""https://stackoverflow.com/q/29085219"", ""29085219"")",0.3630472577841001,"1","281"
"=HYPERLINK(""https://stackoverflow.com/q/29086073"", ""29086073"")",0.4758665370910273,"0","120"
"=HYPERLINK(""https://stackoverflow.com/q/29249692"", ""29249692"")",0.5214025500910748,"0","25"
"=HYPERLINK(""https://stackoverflow.com/q/29324714"", ""29324714"")",0.7022222222222227,"1","159"
"=HYPERLINK(""https://stackoverflow.com/q/29471598"", ""29471598"")",0.4791392182696528,"5","18878"
"=HYPERLINK(""https://stackoverflow.com/q/29918834"", ""29918834"")",0.3331093189964159,"0","359"
"=HYPERLINK(""https://stackoverflow.com/q/29946219"", ""29946219"")",0.5837382572076453,"0","969"
"=HYPERLINK(""https://stackoverflow.com/q/30017389"", ""30017389"")",0.3878472222222224,"0","1203"
"=HYPERLINK(""https://stackoverflow.com/q/30118248"", ""30118248"")",0.3906432748538013,"1","267"
"=HYPERLINK(""https://stackoverflow.com/q/30335847"", ""30335847"")",0.3699145299145301,"0","1265"
"=HYPERLINK(""https://stackoverflow.com/q/30423691"", ""30423691"")",0.8082877959927145,"0","752"
"=HYPERLINK(""https://stackoverflow.com/q/30589364"", ""30589364"")",0.2988179669030733,"4","1565"
"=HYPERLINK(""https://stackoverflow.com/q/30709237"", ""30709237"")",0.3089692101740294,"0","14104"
"=HYPERLINK(""https://stackoverflow.com/q/30809957"", ""30809957"")",0.4763658686310621,"2","188"
"=HYPERLINK(""https://stackoverflow.com/q/30822354"", ""30822354"")",0.4755334805003681,"0","1101"
"=HYPERLINK(""https://stackoverflow.com/q/30874436"", ""30874436"")",0.7931564782775852,"0","1284"
"=HYPERLINK(""https://stackoverflow.com/q/30989672"", ""30989672"")",0.7845490920283165,"0","1207"
"=HYPERLINK(""https://stackoverflow.com/q/31020519"", ""31020519"")",0.4064327485380122,"0","382"
"=HYPERLINK(""https://stackoverflow.com/q/31062116"", ""31062116"")",0.3110015070557611,"0","79"
"=HYPERLINK(""https://stackoverflow.com/q/31112771"", ""31112771"")",0.5796690307328605,"0","3602"
"=HYPERLINK(""https://stackoverflow.com/q/31190469"", ""31190469"")",0.3287795992714027,"0","203"
"=HYPERLINK(""https://stackoverflow.com/q/31351723"", ""31351723"")",0.4226939203354297,"0","1587"
"=HYPERLINK(""https://stackoverflow.com/q/31834454"", ""31834454"")",0.4029802397149339,"0","816"
"=HYPERLINK(""https://stackoverflow.com/q/31923772"", ""31923772"")",0.4854480286738352,"0","1143"
"=HYPERLINK(""https://stackoverflow.com/q/32184382"", ""32184382"")",0.3268733850129197,"0","2137"
"=HYPERLINK(""https://stackoverflow.com/q/32297029"", ""32297029"")",0.4232272473478501,"0","365"
"=HYPERLINK(""https://stackoverflow.com/q/32437221"", ""32437221"")",0.5004323389537397,"0","1407"
"=HYPERLINK(""https://stackoverflow.com/q/32602507"", ""32602507"")",0.506990434142752,"0","993"
"=HYPERLINK(""https://stackoverflow.com/q/33069642"", ""33069642"")",0.5023778642455684,"0","114"
"=HYPERLINK(""https://stackoverflow.com/q/33178282"", ""33178282"")",0.6535602503912368,"1","984"
"=HYPERLINK(""https://stackoverflow.com/q/33569883"", ""33569883"")",0.5125448028673832,"0","813"
"=HYPERLINK(""https://stackoverflow.com/q/33936844"", ""33936844"")",0.632058287795993,"0","560"
"=HYPERLINK(""https://stackoverflow.com/q/34220346"", ""34220346"")",0.8171589310829815,"1","655"
"=HYPERLINK(""https://stackoverflow.com/q/34445962"", ""34445962"")",0.4054283290924516,"2","667"
"=HYPERLINK(""https://stackoverflow.com/q/34700416"", ""34700416"")",0.5274853801169594,"1","1353"
"=HYPERLINK(""https://stackoverflow.com/q/34715715"", ""34715715"")",0.3856837606837608,"1","516"
"=HYPERLINK(""https://stackoverflow.com/q/34736157"", ""34736157"")",0.4458585858585858,"0","546"
"=HYPERLINK(""https://stackoverflow.com/q/34754098"", ""34754098"")",0.2292446941323346,"1","129"
"=HYPERLINK(""https://stackoverflow.com/q/34819005"", ""34819005"")",0.4954780361757105,"0","135"
"=HYPERLINK(""https://stackoverflow.com/q/34849844"", ""34849844"")",0.5727376861397478,"1","1775"
"=HYPERLINK(""https://stackoverflow.com/q/34869025"", ""34869025"")",0.4412943871706756,"0","1262"
"=HYPERLINK(""https://stackoverflow.com/q/34954292"", ""34954292"")",0.4459576307825334,"0","81"
"=HYPERLINK(""https://stackoverflow.com/q/35020455"", ""35020455"")",0.344359626802375,"0","3014"
"=HYPERLINK(""https://stackoverflow.com/q/35022004"", ""35022004"")",0.2143170838823012,"1","2420"
"=HYPERLINK(""https://stackoverflow.com/q/35148033"", ""35148033"")",0.5689558905639304,"1","97"
"=HYPERLINK(""https://stackoverflow.com/q/35163099"", ""35163099"")",0.3300939423388405,"1","1182"
"=HYPERLINK(""https://stackoverflow.com/q/35177469"", ""35177469"")",0.6538011695906437,"1","3406"
"=HYPERLINK(""https://stackoverflow.com/q/35183268"", ""35183268"")",0.5410141685309471,"0","189"
"=HYPERLINK(""https://stackoverflow.com/q/35230640"", ""35230640"")",0.2797443461160277,"0","797"
"=HYPERLINK(""https://stackoverflow.com/q/35270827"", ""35270827"")",0.5886994949494948,"0","3704"
"=HYPERLINK(""https://stackoverflow.com/q/35344362"", ""35344362"")",0.7551563539587489,"0","600"
"=HYPERLINK(""https://stackoverflow.com/q/35375034"", ""35375034"")",0.509194053208138,"2","1187"
"=HYPERLINK(""https://stackoverflow.com/q/35449291"", ""35449291"")",0.3330255463219452,"0","148"
"=HYPERLINK(""https://stackoverflow.com/q/35566689"", ""35566689"")",0.3220004927321999,"2","1383"
"=HYPERLINK(""https://stackoverflow.com/q/35573821"", ""35573821"")",0.4089310829817157,"0","1479"
"=HYPERLINK(""https://stackoverflow.com/q/35911544"", ""35911544"")",0.4267676767676766,"0","473"
"=HYPERLINK(""https://stackoverflow.com/q/36017063"", ""36017063"")",0.5260896255371394,"0","500"
"=HYPERLINK(""https://stackoverflow.com/q/36029093"", ""36029093"")",0.7007498295841851,"0","397"
"=HYPERLINK(""https://stackoverflow.com/q/36051874"", ""36051874"")",0.6643274853801174,"1","3274"
"=HYPERLINK(""https://stackoverflow.com/q/36151646"", ""36151646"")",0.3836680053547522,"0","155"
"=HYPERLINK(""https://stackoverflow.com/q/36273984"", ""36273984"")",0.3684672815107595,"0","2632"
"=HYPERLINK(""https://stackoverflow.com/q/36421471"", ""36421471"")",0.6048079742011142,"0","979"
"=HYPERLINK(""https://stackoverflow.com/q/36422826"", ""36422826"")",0.549092028316405,"0","1262"
"=HYPERLINK(""https://stackoverflow.com/q/36582562"", ""36582562"")",0.4751866490996925,"0","1267"
"=HYPERLINK(""https://stackoverflow.com/q/36610727"", ""36610727"")",0.6827264239028944,"1","1015"
"=HYPERLINK(""https://stackoverflow.com/q/36672272"", ""36672272"")",0.4520609318996417,"1","80"
"=HYPERLINK(""https://stackoverflow.com/q/36722324"", ""36722324"")",0.5046649703138255,"0","443"
"=HYPERLINK(""https://stackoverflow.com/q/36752176"", ""36752176"")",0.5409289196818063,"2","131"
"=HYPERLINK(""https://stackoverflow.com/q/36791498"", ""36791498"")",0.4308111792774367,"0","98"
"=HYPERLINK(""https://stackoverflow.com/q/36813793"", ""36813793"")",0.7791452991452997,"0","396"
"=HYPERLINK(""https://stackoverflow.com/q/36822017"", ""36822017"")",0.6144377910844975,"0","1131"
"=HYPERLINK(""https://stackoverflow.com/q/36965261"", ""36965261"")",0.7269392033542978,"0","591"
"=HYPERLINK(""https://stackoverflow.com/q/36967441"", ""36967441"")",0.2412095639943741,"0","1955"
"=HYPERLINK(""https://stackoverflow.com/q/37137409"", ""37137409"")",0.411147303655447,"0","47"
"=HYPERLINK(""https://stackoverflow.com/q/37598520"", ""37598520"")",0.4597912829957029,"1","41"
"=HYPERLINK(""https://stackoverflow.com/q/37843517"", ""37843517"")",0.571846282372598,"0","979"
"=HYPERLINK(""https://stackoverflow.com/q/37932872"", ""37932872"")",0.4046909163188233,"0","1875"
"=HYPERLINK(""https://stackoverflow.com/q/37949378"", ""37949378"")",0.4584426946631673,"0","5212"
"=HYPERLINK(""https://stackoverflow.com/q/37952617"", ""37952617"")",0.389943741209564,"0","24"
"=HYPERLINK(""https://stackoverflow.com/q/38116553"", ""38116553"")",0.4031267448352874,"0","361"
"=HYPERLINK(""https://stackoverflow.com/q/38141345"", ""38141345"")",0.8391053391053388,"0","45"
"=HYPERLINK(""https://stackoverflow.com/q/38156513"", ""38156513"")",0.4046326456749909,"0","1745"
"=HYPERLINK(""https://stackoverflow.com/q/38198394"", ""38198394"")",0.5586277521761391,"0","57"
"=HYPERLINK(""https://stackoverflow.com/q/38243458"", ""38243458"")",0.5804696449026345,"0","229"
"=HYPERLINK(""https://stackoverflow.com/q/38600571"", ""38600571"")",0.5506355063550638,"1","113"
"=HYPERLINK(""https://stackoverflow.com/q/38720993"", ""38720993"")",0.4211172498465317,"0","20"
"=HYPERLINK(""https://stackoverflow.com/q/38813019"", ""38813019"")",0.5039901780233272,"0","81"
"=HYPERLINK(""https://stackoverflow.com/q/38861752"", ""38861752"")",0.3330917874396132,"0","633"
"=HYPERLINK(""https://stackoverflow.com/q/38968308"", ""38968308"")",0.7487708947885942,"0","1815"
"=HYPERLINK(""https://stackoverflow.com/q/39040345"", ""39040345"")",0.6799481697440887,"1","643"
"=HYPERLINK(""https://stackoverflow.com/q/39099137"", ""39099137"")",0.3832960477255782,"2","4006"
"=HYPERLINK(""https://stackoverflow.com/q/39193409"", ""39193409"")",0.2913466461853555,"0","471"
"=HYPERLINK(""https://stackoverflow.com/q/39231051"", ""39231051"")",0.3294886582083813,"2","792"
"=HYPERLINK(""https://stackoverflow.com/q/39443685"", ""39443685"")",0.4431524547803614,"0","1176"
"=HYPERLINK(""https://stackoverflow.com/q/39566021"", ""39566021"")",0.669124877089479,"0","846"
"=HYPERLINK(""https://stackoverflow.com/q/39576445"", ""39576445"")",0.4376068376068379,"0","270"
"=HYPERLINK(""https://stackoverflow.com/q/39893818"", ""39893818"")",0.5074571215510816,"0","45"
"=HYPERLINK(""https://stackoverflow.com/q/39903446"", ""39903446"")",0.6382527565733678,"1","131"
"=HYPERLINK(""https://stackoverflow.com/q/39953193"", ""39953193"")",0.3986928104575162,"0","521"
"=HYPERLINK(""https://stackoverflow.com/q/40258842"", ""40258842"")",0.620207108872096,"0","164"
"=HYPERLINK(""https://stackoverflow.com/q/40375194"", ""40375194"")",0.5446041524070269,"0","1257"
"=HYPERLINK(""https://stackoverflow.com/q/40469893"", ""40469893"")",0.3808760683760684,"0","10"
"=HYPERLINK(""https://stackoverflow.com/q/40775150"", ""40775150"")",0.3655669321198331,"0","167"
"=HYPERLINK(""https://stackoverflow.com/q/40781383"", ""40781383"")",0.2710027100271002,"0","819"
"=HYPERLINK(""https://stackoverflow.com/q/41179433"", ""41179433"")",0.4674145299145301,"0","61"
"=HYPERLINK(""https://stackoverflow.com/q/41201796"", ""41201796"")",0.6318607764390893,"0","930"
"=HYPERLINK(""https://stackoverflow.com/q/41281189"", ""41281189"")",0.2648358585858585,"2","491"
"=HYPERLINK(""https://stackoverflow.com/q/41502071"", ""41502071"")",0.3182813355227147,"0","352"
"=HYPERLINK(""https://stackoverflow.com/q/41607680"", ""41607680"")",0.6916099773242633,"1","1172"
"=HYPERLINK(""https://stackoverflow.com/q/41876959"", ""41876959"")",0.3957161981258364,"0","6495"
"=HYPERLINK(""https://stackoverflow.com/q/41889239"", ""41889239"")",0.3665175242356451,"1","3120"
"=HYPERLINK(""https://stackoverflow.com/q/42024359"", ""42024359"")",0.4333134565692706,"2","1988"
"=HYPERLINK(""https://stackoverflow.com/q/42053998"", ""42053998"")",0.3009394233884032,"0","1525"
"=HYPERLINK(""https://stackoverflow.com/q/42169656"", ""42169656"")",0.438114276195236,"1","1801"
"=HYPERLINK(""https://stackoverflow.com/q/42370850"", ""42370850"")",0.2887544802867383,"0","1035"
"=HYPERLINK(""https://stackoverflow.com/q/42436009"", ""42436009"")",0.5831597222222226,"0","140"
"=HYPERLINK(""https://stackoverflow.com/q/42558905"", ""42558905"")",0.3328416912487712,"1","389"
"=HYPERLINK(""https://stackoverflow.com/q/42561307"", ""42561307"")",0.2832909245122987,"1","30"
"=HYPERLINK(""https://stackoverflow.com/q/42604948"", ""42604948"")",0.6015325670498085,"0","37"
"=HYPERLINK(""https://stackoverflow.com/q/42629646"", ""42629646"")",0.848176420695505,"0","938"
"=HYPERLINK(""https://stackoverflow.com/q/42833895"", ""42833895"")",0.2877959927140257,"0","3878"
"=HYPERLINK(""https://stackoverflow.com/q/43012777"", ""43012777"")",0.800793650793651,"0","33"
"=HYPERLINK(""https://stackoverflow.com/q/43040511"", ""43040511"")",0.2897897897897897,"0","136"
"=HYPERLINK(""https://stackoverflow.com/q/43235061"", ""43235061"")",0.869281045751634,"0","479"
"=HYPERLINK(""https://stackoverflow.com/q/43317136"", ""43317136"")",0.4317292644757435,"1","1073"
"=HYPERLINK(""https://stackoverflow.com/q/43446506"", ""43446506"")",0.7239523260284502,"0","1625"
"=HYPERLINK(""https://stackoverflow.com/q/43628388"", ""43628388"")",0.5289706884798906,"1","342"
"=HYPERLINK(""https://stackoverflow.com/q/43862383"", ""43862383"")",0.4949494949494948,"1","109"
"=HYPERLINK(""https://stackoverflow.com/q/44054587"", ""44054587"")",0.2830451202544226,"1","335"
"=HYPERLINK(""https://stackoverflow.com/q/44088343"", ""44088343"")",0.4229142637447134,"0","430"
"=HYPERLINK(""https://stackoverflow.com/q/44131065"", ""44131065"")",0.4062713019768232,"0","8429"
"=HYPERLINK(""https://stackoverflow.com/q/44544698"", ""44544698"")",0.4993584808827302,"0","535"
"=HYPERLINK(""https://stackoverflow.com/q/44565423"", ""44565423"")",0.7187580189889659,"3","5823"
"=HYPERLINK(""https://stackoverflow.com/q/44586718"", ""44586718"")",0.619812583668005,"0","1697"
"=HYPERLINK(""https://stackoverflow.com/q/44692518"", ""44692518"")",0.4922222222222217,"0","1797"
"=HYPERLINK(""https://stackoverflow.com/q/44782701"", ""44782701"")",0.5187338501291988,"0","704"
"=HYPERLINK(""https://stackoverflow.com/q/44867906"", ""44867906"")",0.5339105339105334,"0","560"
"=HYPERLINK(""https://stackoverflow.com/q/44999326"", ""44999326"")",0.3940972222222224,"0","22"
"=HYPERLINK(""https://stackoverflow.com/q/45059258"", ""45059258"")",0.2833081950729009,"0","696"
"=HYPERLINK(""https://stackoverflow.com/q/45177428"", ""45177428"")",0.3873165618448637,"0","579"
"=HYPERLINK(""https://stackoverflow.com/q/45352478"", ""45352478"")",0.4984653161448742,"0","766"
"=HYPERLINK(""https://stackoverflow.com/q/45626426"", ""45626426"")",0.5064327485380119,"0","36"
"=HYPERLINK(""https://stackoverflow.com/q/45893169"", ""45893169"")",0.2111316492092832,"2","1415"
"=HYPERLINK(""https://stackoverflow.com/q/45931378"", ""45931378"")",0.2951085195983157,"0","125"
"=HYPERLINK(""https://stackoverflow.com/q/45978901"", ""45978901"")",0.5318813131313129,"0","113"
"=HYPERLINK(""https://stackoverflow.com/q/46011650"", ""46011650"")",0.744374120956399,"0","1231"
"=HYPERLINK(""https://stackoverflow.com/q/46016491"", ""46016491"")",0.2902322977889727,"0","84"
"=HYPERLINK(""https://stackoverflow.com/q/46018494"", ""46018494"")",0.7321036451471231,"0","1074"
"=HYPERLINK(""https://stackoverflow.com/q/46113911"", ""46113911"")",0.8153256704980845,"0","52"
"=HYPERLINK(""https://stackoverflow.com/q/46506507"", ""46506507"")",0.4954780361757103,"0","222"
"=HYPERLINK(""https://stackoverflow.com/q/46563218"", ""46563218"")",0.8900422914263741,"0","545"
"=HYPERLINK(""https://stackoverflow.com/q/46575466"", ""46575466"")",0.2761144377910845,"1","587"
"=HYPERLINK(""https://stackoverflow.com/q/46580115"", ""46580115"")",0.4158538917575062,"1","593"
"=HYPERLINK(""https://stackoverflow.com/q/46616631"", ""46616631"")",0.440463264567499,"1","3851"
"=HYPERLINK(""https://stackoverflow.com/q/46727434"", ""46727434"")",0.350301039956212,"0","1566"
"=HYPERLINK(""https://stackoverflow.com/q/46792260"", ""46792260"")",0.5951951951951948,"0","266"
"=HYPERLINK(""https://stackoverflow.com/q/46816048"", ""46816048"")",0.825793650793651,"0","3433"
"=HYPERLINK(""https://stackoverflow.com/q/46905704"", ""46905704"")",0.744281045751634,"0","369"
"=HYPERLINK(""https://stackoverflow.com/q/47104623"", ""47104623"")",0.745418098510882,"2","550"
"=HYPERLINK(""https://stackoverflow.com/q/47280903"", ""47280903"")",0.4687596183441058,"1","158"
"=HYPERLINK(""https://stackoverflow.com/q/47446070"", ""47446070"")",0.6349881796690307,"0","1129"
"=HYPERLINK(""https://stackoverflow.com/q/47505898"", ""47505898"")",0.3424145299145301,"0","22"
"=HYPERLINK(""https://stackoverflow.com/q/47575938"", ""47575938"")",0.4850558977869038,"1","208"
"=HYPERLINK(""https://stackoverflow.com/q/47732539"", ""47732539"")",0.5813244666112494,"2","2272"
"=HYPERLINK(""https://stackoverflow.com/q/48196515"", ""48196515"")",0.6465764657646578,"0","492"
"=HYPERLINK(""https://stackoverflow.com/q/48237536"", ""48237536"")",0.443779108449767,"0","571"
"=HYPERLINK(""https://stackoverflow.com/q/48553785"", ""48553785"")",0.7535875358753589,"1","454"
"=HYPERLINK(""https://stackoverflow.com/q/48556498"", ""48556498"")",0.8156288156288157,"0","3035"
"=HYPERLINK(""https://stackoverflow.com/q/48621279"", ""48621279"")",0.2842911877394636,"0","144"
"=HYPERLINK(""https://stackoverflow.com/q/48672552"", ""48672552"")",0.6047725577926922,"0","118"
"=HYPERLINK(""https://stackoverflow.com/q/48723743"", ""48723743"")",0.3284796012068737,"0","1712"
"=HYPERLINK(""https://stackoverflow.com/q/48813443"", ""48813443"")",0.5083046964490262,"0","2383"
"=HYPERLINK(""https://stackoverflow.com/q/48921366"", ""48921366"")",0.5590643274853804,"0","626"
"=HYPERLINK(""https://stackoverflow.com/q/49201153"", ""49201153"")",0.4076154806491888,"0","1287"
"=HYPERLINK(""https://stackoverflow.com/q/49336189"", ""49336189"")",0.3380460395142288,"0","349"
"=HYPERLINK(""https://stackoverflow.com/q/49342800"", ""49342800"")",0.4237335572348163,"0","2850"
"=HYPERLINK(""https://stackoverflow.com/q/49400107"", ""49400107"")",0.5583924349881796,"0","13439"
"=HYPERLINK(""https://stackoverflow.com/q/49400625"", ""49400625"")",0.86360153256705,"0","1527"
"=HYPERLINK(""https://stackoverflow.com/q/49543093"", ""49543093"")",0.5956062526404731,"0","2824"
"=HYPERLINK(""https://stackoverflow.com/q/49548867"", ""49548867"")",0.2414119876806446,"0","405"
"=HYPERLINK(""https://stackoverflow.com/q/49620670"", ""49620670"")",0.3544410672070246,"0","422"
"=HYPERLINK(""https://stackoverflow.com/q/49860965"", ""49860965"")",0.3973374295954939,"0","608"
"=HYPERLINK(""https://stackoverflow.com/q/50070887"", ""50070887"")",0.4387997623291741,"1","798"
"=HYPERLINK(""https://stackoverflow.com/q/50117369"", ""50117369"")",0.5299145299145299,"0","921"
"=HYPERLINK(""https://stackoverflow.com/q/50124922"", ""50124922"")",0.8216540404040402,"0","1907"
"=HYPERLINK(""https://stackoverflow.com/q/50167772"", ""50167772"")",0.775581906016688,"0","3372"
"=HYPERLINK(""https://stackoverflow.com/q/50173263"", ""50173263"")",0.6774109014675052,"0","455"
"=HYPERLINK(""https://stackoverflow.com/q/50174067"", ""50174067"")",0.2940003625158602,"1","651"
"=HYPERLINK(""https://stackoverflow.com/q/50248818"", ""50248818"")",0.5674105067410504,"0","63"
"=HYPERLINK(""https://stackoverflow.com/q/50279633"", ""50279633"")",0.4164098047849698,"0","921"
"=HYPERLINK(""https://stackoverflow.com/q/50493489"", ""50493489"")",0.6824494949494948,"0","1012"
"=HYPERLINK(""https://stackoverflow.com/q/50583164"", ""50583164"")",0.3880513679508651,"0","531"
"=HYPERLINK(""https://stackoverflow.com/q/50822365"", ""50822365"")",0.3200483091787437,"1","133"
"=HYPERLINK(""https://stackoverflow.com/q/50873328"", ""50873328"")",0.621551081282625,"0","22"
"=HYPERLINK(""https://stackoverflow.com/q/51031495"", ""51031495"")",0.479031560743623,"1","859"
"=HYPERLINK(""https://stackoverflow.com/q/51150942"", ""51150942"")",0.5226174791392181,"0","18"
"=HYPERLINK(""https://stackoverflow.com/q/51162737"", ""51162737"")",0.5746812386156652,"0","1014"
"=HYPERLINK(""https://stackoverflow.com/q/51171853"", ""51171853"")",0.4403430275913499,"1","5640"
"=HYPERLINK(""https://stackoverflow.com/q/51271420"", ""51271420"")",0.4107468123861568,"1","500"
"=HYPERLINK(""https://stackoverflow.com/q/51398947"", ""51398947"")",0.3107831078310782,"1","703"
"=HYPERLINK(""https://stackoverflow.com/q/51416896"", ""51416896"")",0.5488553880513676,"2","48"
"=HYPERLINK(""https://stackoverflow.com/q/51512628"", ""51512628"")",0.6748538011695909,"1","2395"
"=HYPERLINK(""https://stackoverflow.com/q/51677739"", ""51677739"")",0.6803060545575513,"0","563"
"=HYPERLINK(""https://stackoverflow.com/q/51737007"", ""51737007"")",0.5301039956212367,"1","3083"
"=HYPERLINK(""https://stackoverflow.com/q/51757248"", ""51757248"")",0.2793650793650794,"0","125"
"=HYPERLINK(""https://stackoverflow.com/q/51817025"", ""51817025"")",0.7510905824993583,"1","5036"
"=HYPERLINK(""https://stackoverflow.com/q/51856865"", ""51856865"")",0.5943152454780359,"3","606"
"=HYPERLINK(""https://stackoverflow.com/q/51870216"", ""51870216"")",0.4138389886892878,"2","2182"
"=HYPERLINK(""https://stackoverflow.com/q/51965019"", ""51965019"")",0.6470009832841696,"0","454"
"=HYPERLINK(""https://stackoverflow.com/q/51980747"", ""51980747"")",0.4990388312187617,"0","2124"
"=HYPERLINK(""https://stackoverflow.com/q/52186852"", ""52186852"")",0.886156648451731,"0","386"
"=HYPERLINK(""https://stackoverflow.com/q/52224732"", ""52224732"")",0.3047910295616718,"1","50"
"=HYPERLINK(""https://stackoverflow.com/q/52764400"", ""52764400"")",0.3659347970725216,"1","6581"
"=HYPERLINK(""https://stackoverflow.com/q/52781309"", ""52781309"")",0.5089869281045751,"0","1737"
"=HYPERLINK(""https://stackoverflow.com/q/53669169"", ""53669169"")",0.5260196905766524,"0","143"
"=HYPERLINK(""https://stackoverflow.com/q/54121067"", ""54121067"")",0.3793528797798652,"0","2757"
"=HYPERLINK(""https://stackoverflow.com/q/54171073"", ""54171073"")",0.6113272805879809,"0","585"
"=HYPERLINK(""https://stackoverflow.com/q/54226587"", ""54226587"")",0.518682399213373,"1","184"
"=HYPERLINK(""https://stackoverflow.com/q/54260868"", ""54260868"")",0.7237606837606843,"0","241"
"=HYPERLINK(""https://stackoverflow.com/q/54478438"", ""54478438"")",0.4627627627627625,"2","328"
"=HYPERLINK(""https://stackoverflow.com/q/54513747"", ""54513747"")",0.4966285546760482,"0","610"
"=HYPERLINK(""https://stackoverflow.com/q/54529247"", ""54529247"")",0.4296085858585855,"0","855"
"=HYPERLINK(""https://stackoverflow.com/q/54552909"", ""54552909"")",0.3877116268639982,"0","377"
"=HYPERLINK(""https://stackoverflow.com/q/54604041"", ""54604041"")",0.4249871991807472,"0","771"
"=HYPERLINK(""https://stackoverflow.com/q/54702525"", ""54702525"")",0.8435611343561131,"0","281"
"=HYPERLINK(""https://stackoverflow.com/q/54721310"", ""54721310"")",0.4995185827074911,"0","37"
"=HYPERLINK(""https://stackoverflow.com/q/54730693"", ""54730693"")",0.3778825995807127,"0","40"
"=HYPERLINK(""https://stackoverflow.com/q/55117661"", ""55117661"")",0.5516682863621643,"0","546"
"=HYPERLINK(""https://stackoverflow.com/q/55135069"", ""55135069"")",0.5244892247411136,"0","4952"
"=HYPERLINK(""https://stackoverflow.com/q/55518364"", ""55518364"")",0.6683300066533597,"1","30"
"=HYPERLINK(""https://stackoverflow.com/q/55537720"", ""55537720"")",0.4585566273669169,"0","2968"
"=HYPERLINK(""https://stackoverflow.com/q/55635599"", ""55635599"")",0.3780011166945839,"0","25"
"=HYPERLINK(""https://stackoverflow.com/q/55649403"", ""55649403"")",0.5355133614627285,"0","1149"
"=HYPERLINK(""https://stackoverflow.com/q/55851306"", ""55851306"")",0.5044308111792771,"0","801"
"=HYPERLINK(""https://stackoverflow.com/q/55963182"", ""55963182"")",0.8349881796690308,"0","675"
"=HYPERLINK(""https://stackoverflow.com/q/56002190"", ""56002190"")",0.7481737793156475,"0","34"
"=HYPERLINK(""https://stackoverflow.com/q/56125083"", ""56125083"")",0.3741209563994374,"0","25"
"=HYPERLINK(""https://stackoverflow.com/q/56130522"", ""56130522"")",0.5179420665801989,"1","2117"
"=HYPERLINK(""https://stackoverflow.com/q/56150896"", ""56150896"")",0.4429204765863118,"0","183"
"=HYPERLINK(""https://stackoverflow.com/q/56181974"", ""56181974"")",0.2200900260601754,"1","45"
"=HYPERLINK(""https://stackoverflow.com/q/56239055"", ""56239055"")",0.5485929794023792,"0","132"
"=HYPERLINK(""https://stackoverflow.com/q/56264042"", ""56264042"")",0.4397954439795442,"0","320"
"=HYPERLINK(""https://stackoverflow.com/q/56265312"", ""56265312"")",0.5163398692810455,"0","723"
"=HYPERLINK(""https://stackoverflow.com/q/56320949"", ""56320949"")",0.7148330596606457,"1","486"
"=HYPERLINK(""https://stackoverflow.com/q/56380637"", ""56380637"")",0.391713747645951,"0","1728"
"=HYPERLINK(""https://stackoverflow.com/q/56639882"", ""56639882"")",0.3808429118773946,"0","210"
"=HYPERLINK(""https://stackoverflow.com/q/56788692"", ""56788692"")",0.4007936507936508,"1","52"
"=HYPERLINK(""https://stackoverflow.com/q/56838816"", ""56838816"")",0.4416792357968827,"1","340"
"=HYPERLINK(""https://stackoverflow.com/q/56876401"", ""56876401"")",0.3571703191080352,"0","2268"
"=HYPERLINK(""https://stackoverflow.com/q/56907474"", ""56907474"")",0.4501483002509694,"0","16"
"=HYPERLINK(""https://stackoverflow.com/q/56920479"", ""56920479"")",0.51301720130172,"1","991"
"=HYPERLINK(""https://stackoverflow.com/q/56947765"", ""56947765"")",0.4676209952283569,"0","66"
"=HYPERLINK(""https://stackoverflow.com/q/56958772"", ""56958772"")",0.4540561322568241,"0","2867"
"=HYPERLINK(""https://stackoverflow.com/q/57016969"", ""57016969"")",0.4101740294511375,"0","1377"
"=HYPERLINK(""https://stackoverflow.com/q/57164377"", ""57164377"")",0.4318030605455754,"0","23"
"=HYPERLINK(""https://stackoverflow.com/q/57325762"", ""57325762"")",0.4529914529914532,"1","974"
"=HYPERLINK(""https://stackoverflow.com/q/57368043"", ""57368043"")",0.5527661552766152,"1","61"
"=HYPERLINK(""https://stackoverflow.com/q/57410698"", ""57410698"")",0.4277558190601668,"0","95"
"=HYPERLINK(""https://stackoverflow.com/q/57528695"", ""57528695"")",0.391794329987674,"3","5699"
"=HYPERLINK(""https://stackoverflow.com/q/57558625"", ""57558625"")",0.3038548752834469,"7","4681"
"=HYPERLINK(""https://stackoverflow.com/q/57648517"", ""57648517"")",0.5377097939239434,"0","961"
"=HYPERLINK(""https://stackoverflow.com/q/57795677"", ""57795677"")",0.7052730696798489,"2","918"
"=HYPERLINK(""https://stackoverflow.com/q/57854176"", ""57854176"")",0.468876141916295,"0","416"
"=HYPERLINK(""https://stackoverflow.com/q/57858140"", ""57858140"")",0.4703138252756575,"0","52"
"=HYPERLINK(""https://stackoverflow.com/q/57963215"", ""57963215"")",0.3663463907366345,"0","27"
"=HYPERLINK(""https://stackoverflow.com/q/58006159"", ""58006159"")",0.3921826965305224,"0","23"
"=HYPERLINK(""https://stackoverflow.com/q/58063793"", ""58063793"")",0.4554583738257209,"0","41"
"=HYPERLINK(""https://stackoverflow.com/q/58092570"", ""58092570"")",0.6789789789789785,"0","921"
"=HYPERLINK(""https://stackoverflow.com/q/58125806"", ""58125806"")",0.6139272913466458,"0","670"
"=HYPERLINK(""https://stackoverflow.com/q/58143160"", ""58143160"")",0.630526720492118,"0","360"
"=HYPERLINK(""https://stackoverflow.com/q/58144437"", ""58144437"")",0.4866452991452993,"1","269"
"=HYPERLINK(""https://stackoverflow.com/q/58376301"", ""58376301"")",0.7017304189435338,"0","239"
"=HYPERLINK(""https://stackoverflow.com/q/58385512"", ""58385512"")",0.786866021694518,"0","615"
"=HYPERLINK(""https://stackoverflow.com/q/58709744"", ""58709744"")",0.5234270414993304,"0","327"
"=HYPERLINK(""https://stackoverflow.com/q/58717435"", ""58717435"")",0.4412195836997948,"0","1082"
"=HYPERLINK(""https://stackoverflow.com/q/58776201"", ""58776201"")",0.4546060303181745,"0","179"
"=HYPERLINK(""https://stackoverflow.com/q/58788035"", ""58788035"")",0.3436507936507937,"0","156"
"=HYPERLINK(""https://stackoverflow.com/q/58832168"", ""58832168"")",0.5481715893108297,"1","187"
"=HYPERLINK(""https://stackoverflow.com/q/58952758"", ""58952758"")",0.4694546945469456,"1","302"
"=HYPERLINK(""https://stackoverflow.com/q/59043054"", ""59043054"")",0.4992670771034888,"0","1789"
"=HYPERLINK(""https://stackoverflow.com/q/59140407"", ""59140407"")",0.4933592484612895,"1","416"
"=HYPERLINK(""https://stackoverflow.com/q/59233638"", ""59233638"")",0.6381514257620455,"0","414"
"=HYPERLINK(""https://stackoverflow.com/q/59392920"", ""59392920"")",0.4133986928104574,"0","265"
"=HYPERLINK(""https://stackoverflow.com/q/59533959"", ""59533959"")",0.7168917318171054,"0","1581"
"=HYPERLINK(""https://stackoverflow.com/q/59892483"", ""59892483"")",0.6687871077184058,"0","1357"
"=HYPERLINK(""https://stackoverflow.com/q/59979336"", ""59979336"")",0.6415770609318993,"0","152"
"=HYPERLINK(""https://stackoverflow.com/q/60091958"", ""60091958"")",0.4753867791842475,"0","1714"
"=HYPERLINK(""https://stackoverflow.com/q/60175980"", ""60175980"")",0.4759168035030101,"0","1750"
"=HYPERLINK(""https://stackoverflow.com/q/60181728"", ""60181728"")",0.5959064327485385,"0","229"
"=HYPERLINK(""https://stackoverflow.com/q/60437190"", ""60437190"")",0.4507290095525388,"0","228"
"=HYPERLINK(""https://stackoverflow.com/q/61252925"", ""61252925"")",0.7047803617571056,"1","232"
"=HYPERLINK(""https://stackoverflow.com/q/61357421"", ""61357421"")",0.6183261183261182,"0","49"
"=HYPERLINK(""https://stackoverflow.com/q/61363424"", ""61363424"")",0.4148343594253885,"1","239"
"=HYPERLINK(""https://stackoverflow.com/q/61491488"", ""61491488"")",0.7054436987322895,"0","163"
"=HYPERLINK(""https://stackoverflow.com/q/61790198"", ""61790198"")",0.4202420242024201,"2","293"
"=HYPERLINK(""https://stackoverflow.com/q/61891320"", ""61891320"")",0.407936507936508,"0","36"
"=HYPERLINK(""https://stackoverflow.com/q/62020895"", ""62020895"")",0.3186507936507937,"1","94"
"=HYPERLINK(""https://stackoverflow.com/q/62049277"", ""62049277"")",0.383512544802867,"0","36"
"=HYPERLINK(""https://stackoverflow.com/q/62086868"", ""62086868"")",0.4979954180985108,"0","21"
"=HYPERLINK(""https://stackoverflow.com/q/62100067"", ""62100067"")",0.328024270003792,"0","469"
"=HYPERLINK(""https://stackoverflow.com/q/62117945"", ""62117945"")",0.2222222222222221,"1","522"
"=HYPERLINK(""https://stackoverflow.com/q/62126768"", ""62126768"")",0.4912160620579509,"1","356"
"=HYPERLINK(""https://stackoverflow.com/q/62139831"", ""62139831"")",0.2137476459510357,"1","54"
"=HYPERLINK(""https://stackoverflow.com/q/62157575"", ""62157575"")",0.2527565733672605,"1","45"
"=HYPERLINK(""https://stackoverflow.com/q/62213368"", ""62213368"")",0.3866517524235647,"0","80"
"=HYPERLINK(""https://stackoverflow.com/q/62284502"", ""62284502"")",0.4088419405320815,"0","19"
"=HYPERLINK(""https://stackoverflow.com/q/62423207"", ""62423207"")",0.4922592135909028,"0","831"
"=HYPERLINK(""https://stackoverflow.com/q/62443929"", ""62443929"")",0.411411411411411,"1","462"
"=HYPERLINK(""https://stackoverflow.com/q/62486503"", ""62486503"")",0.2836914875895386,"0","68"
"=HYPERLINK(""https://stackoverflow.com/q/62599581"", ""62599581"")",0.5663780663780662,"0","15"
"=HYPERLINK(""https://stackoverflow.com/q/62643023"", ""62643023"")",0.4079929732103643,"0","52"
"=HYPERLINK(""https://stackoverflow.com/q/62774108"", ""62774108"")",0.3747645951035779,"0","36"
"=HYPERLINK(""https://stackoverflow.com/q/62776017"", ""62776017"")",0.3534606695420004,"0","60"
"=HYPERLINK(""https://stackoverflow.com/q/62884437"", ""62884437"")",0.5290107339715697,"0","104"
"=HYPERLINK(""https://stackoverflow.com/q/62923383"", ""62923383"")",0.493408662900188,"0","172"
"=HYPERLINK(""https://stackoverflow.com/q/62992221"", ""62992221"")",0.3913184321347588,"0","549"
"=HYPERLINK(""https://stackoverflow.com/q/63022498"", ""63022498"")",0.3528754885538803,"0","44"
"=HYPERLINK(""https://stackoverflow.com/q/63028026"", ""63028026"")",0.3582054858205483,"0","15"
"=HYPERLINK(""https://stackoverflow.com/q/63035918"", ""63035918"")",0.369461486025903,"0","1221"
"=HYPERLINK(""https://stackoverflow.com/q/63115603"", ""63115603"")",0.5485380116959068,"0","306"
"=HYPERLINK(""https://stackoverflow.com/q/63117215"", ""63117215"")",0.530605455755156,"0","23"
"=HYPERLINK(""https://stackoverflow.com/q/63147950"", ""63147950"")",0.5290404040404039,"0","528"
"=HYPERLINK(""https://stackoverflow.com/q/63254085"", ""63254085"")",0.5527126273394932,"0","746"
"=HYPERLINK(""https://stackoverflow.com/q/63300750"", ""63300750"")",0.7314473144731448,"1","249"
"=HYPERLINK(""https://stackoverflow.com/q/63353154"", ""63353154"")",0.7699145299145304,"0","86"
"=HYPERLINK(""https://stackoverflow.com/q/63364119"", ""63364119"")",0.174442949005533,"2","2078"
"=HYPERLINK(""https://stackoverflow.com/q/63434571"", ""63434571"")",0.6217067583046963,"0","75"
"=HYPERLINK(""https://stackoverflow.com/q/63489009"", ""63489009"")",0.3187314624686286,"0","215"
"=HYPERLINK(""https://stackoverflow.com/q/63557142"", ""63557142"")",0.3143881208397333,"0","320"
"=HYPERLINK(""https://stackoverflow.com/q/63637292"", ""63637292"")",0.808429118773946,"0","532"
"=HYPERLINK(""https://stackoverflow.com/q/63704860"", ""63704860"")",0.7026570048309173,"0","268"
"=HYPERLINK(""https://stackoverflow.com/q/63705715"", ""63705715"")",0.4134268111323561,"0","48"
"=HYPERLINK(""https://stackoverflow.com/q/63727713"", ""63727713"")",0.281335522714833,"0","416"
"=HYPERLINK(""https://stackoverflow.com/q/63749776"", ""63749776"")",0.8348704435660952,"0","471"
"=HYPERLINK(""https://stackoverflow.com/q/63836690"", ""63836690"")",0.4213172448466565,"0","698"
"=HYPERLINK(""https://stackoverflow.com/q/63881118"", ""63881118"")",0.5731837606837608,"0","35"
"=HYPERLINK(""https://stackoverflow.com/q/63993689"", ""63993689"")",0.4951433309642266,"0","111"
"=HYPERLINK(""https://stackoverflow.com/q/64002320"", ""64002320"")",0.3818313427433948,"0","441"
"=HYPERLINK(""https://stackoverflow.com/q/64002652"", ""64002652"")",0.5583924349881797,"0","62"
"=HYPERLINK(""https://stackoverflow.com/q/64109542"", ""64109542"")",0.8793650793650792,"0","32"
"=HYPERLINK(""https://stackoverflow.com/q/64125410"", ""64125410"")",0.8970990695128621,"0","371"
"=HYPERLINK(""https://stackoverflow.com/q/64141376"", ""64141376"")",0.3038548752834467,"0","130"
"=HYPERLINK(""https://stackoverflow.com/q/64235294"", ""64235294"")",0.4318607764390896,"0","97"
"=HYPERLINK(""https://stackoverflow.com/q/64364418"", ""64364418"")",0.3083760683760686,"0","27"
"=HYPERLINK(""https://stackoverflow.com/q/64376491"", ""64376491"")",0.659347970725216,"0","51"
"=HYPERLINK(""https://stackoverflow.com/q/64570805"", ""64570805"")",0.2241019214703425,"0","4"
"=HYPERLINK(""https://stackoverflow.com/q/64656744"", ""64656744"")",0.3564504101416854,"0","22"
"=HYPERLINK(""https://stackoverflow.com/q/64689939"", ""64689939"")",0.5546546546546544,"0","80"
"=HYPERLINK(""https://stackoverflow.com/q/64722061"", ""64722061"")",0.3422222222222225,"1","54"
"=HYPERLINK(""https://stackoverflow.com/q/64868673"", ""64868673"")",0.2893189964157706,"0","228"
"=HYPERLINK(""https://stackoverflow.com/q/64903319"", ""64903319"")",0.5925192519251925,"1","156"
"=HYPERLINK(""https://stackoverflow.com/q/65038929"", ""65038929"")",0.6621700029010736,"0","192"
"=HYPERLINK(""https://stackoverflow.com/q/65067802"", ""65067802"")",0.4551063192572628,"0","44"
"=HYPERLINK(""https://stackoverflow.com/q/65086318"", ""65086318"")",0.4657646576465766,"0","49"
"=HYPERLINK(""https://stackoverflow.com/q/65109643"", ""65109643"")",0.5324715297014465,"0","33"
"=HYPERLINK(""https://stackoverflow.com/q/65160404"", ""65160404"")",0.6752268447183702,"0","284"
"=HYPERLINK(""https://stackoverflow.com/q/65199713"", ""65199713"")",0.8202121719709655,"0","19"
"=HYPERLINK(""https://stackoverflow.com/q/65233800"", ""65233800"")",0.7895299145299145,"0","102"
"=HYPERLINK(""https://stackoverflow.com/q/65265754"", ""65265754"")",0.7052730696798489,"0","52"
"=HYPERLINK(""https://stackoverflow.com/q/65318144"", ""65318144"")",0.3292332923329235,"0","881"
"=HYPERLINK(""https://stackoverflow.com/q/65437827"", ""65437827"")",0.5689558905639304,"1","360"
"=HYPERLINK(""https://stackoverflow.com/q/65610264"", ""65610264"")",0.911583924349882,"0","85"
"=HYPERLINK(""https://stackoverflow.com/q/65886379"", ""65886379"")",0.287833081950729,"0","11"
"=HYPERLINK(""https://stackoverflow.com/q/65899008"", ""65899008"")",0.6071779744346119,"0","73"
"=HYPERLINK(""https://stackoverflow.com/q/65916207"", ""65916207"")",0.32821300563236,"1","33"
"=HYPERLINK(""https://stackoverflow.com/q/65961218"", ""65961218"")",0.2969644902634594,"0","27"
"=HYPERLINK(""https://stackoverflow.com/q/65964413"", ""65964413"")",0.9474130619168796,"1","41"
"=HYPERLINK(""https://stackoverflow.com/q/66152523"", ""66152523"")",0.5590423059042301,"0","8"
"=HYPERLINK(""https://stackoverflow.com/q/66171979"", ""66171979"")",0.3966903073286052,"0","19"
"=HYPERLINK(""https://stackoverflow.com/q/66219919"", ""66219919"")",0.531500572737686,"0","36"
"=HYPERLINK(""https://stackoverflow.com/q/66225442"", ""66225442"")",0.5130809479839951,"0","18"
"=HYPERLINK(""https://stackoverflow.com/q/66340362"", ""66340362"")",0.8290924512298561,"0","18"
"=HYPERLINK(""https://stackoverflow.com/q/66418023"", ""66418023"")",0.5506355063550636,"0","91"
"=HYPERLINK(""https://stackoverflow.com/q/66740318"", ""66740318"")",0.3972222222222221,"0","6"
"=HYPERLINK(""https://stackoverflow.com/q/66867905"", ""66867905"")",0.2829957028852057,"0","28"
"=HYPERLINK(""https://stackoverflow.com/q/66890788"", ""66890788"")",0.5216234198270125,"0","149"
"=HYPERLINK(""https://stackoverflow.com/q/66901174"", ""66901174"")",0.7209606578824413,"0","25"
"=HYPERLINK(""https://stackoverflow.com/q/66981706"", ""66981706"")",0.7794177941779419,"0","13"
"=HYPERLINK(""https://stackoverflow.com/q/67001622"", ""67001622"")",0.4089310829817157,"0","18"
"=HYPERLINK(""https://stackoverflow.com/q/67056786"", ""67056786"")",0.5073286052009457,"0","21"
"=HYPERLINK(""https://stackoverflow.com/q/67230690"", ""67230690"")",0.4099145299145301,"0","9"
"=HYPERLINK(""https://stackoverflow.com/q/67289421"", ""67289421"")",0.3836146272855131,"0","15"
"=HYPERLINK(""https://stackoverflow.com/q/67336432"", ""67336432"")",0.8767388624757882,"0","28"
"=HYPERLINK(""https://stackoverflow.com/q/67406056"", ""67406056"")",0.3796501601379648,"0","13"
"=HYPERLINK(""https://stackoverflow.com/q/67553686"", ""67553686"")",0.4895033282130053,"0","8"
"=HYPERLINK(""https://stackoverflow.com/q/67662741"", ""67662741"")",0.3832960477255782,"0","5"
