link,Correlation
"=HYPERLINK(""https://stackoverflow.com/a/306624"", ""306624"")",0.6194824961948249
"=HYPERLINK(""https://stackoverflow.com/a/557272"", ""557272"")",0.4925805284111472
"=HYPERLINK(""https://stackoverflow.com/a/808176"", ""808176"")",0.90112130479103
"=HYPERLINK(""https://stackoverflow.com/a/911734"", ""911734"")",0.4748649283533002
"=HYPERLINK(""https://stackoverflow.com/a/1578542"", ""1578542"")",0.32748538011695866
"=HYPERLINK(""https://stackoverflow.com/a/1596480"", ""1596480"")",0.40627130197682304
"=HYPERLINK(""https://stackoverflow.com/a/1882445"", ""1882445"")",0.3061148396718869
"=HYPERLINK(""https://stackoverflow.com/a/1938633"", ""1938633"")",0.5795629424438289
"=HYPERLINK(""https://stackoverflow.com/a/2022612"", ""2022612"")",0.7874396135265708
"=HYPERLINK(""https://stackoverflow.com/a/2242199"", ""2242199"")",0.5583924349881798
"=HYPERLINK(""https://stackoverflow.com/a/2470078"", ""2470078"")",0.5659722222222228
"=HYPERLINK(""https://stackoverflow.com/a/3213516"", ""3213516"")",0.47997099873119475
"=HYPERLINK(""https://stackoverflow.com/a/4078120"", ""4078120"")",0.39049145299145316
"=HYPERLINK(""https://stackoverflow.com/a/4128638"", ""4128638"")",0.5920852359208522
"=HYPERLINK(""https://stackoverflow.com/a/4141972"", ""4141972"")",0.4240570846075435
"=HYPERLINK(""https://stackoverflow.com/a/4184063"", ""4184063"")",0.3108648815020007
"=HYPERLINK(""https://stackoverflow.com/a/4440086"", ""4440086"")",0.4057084607543324
"=HYPERLINK(""https://stackoverflow.com/a/4596710"", ""4596710"")",0.3839869281045752
"=HYPERLINK(""https://stackoverflow.com/a/4824079"", ""4824079"")",0.4982958418541234
"=HYPERLINK(""https://stackoverflow.com/a/4887390"", ""4887390"")",0.48196248196248165
"=HYPERLINK(""https://stackoverflow.com/a/5096362"", ""5096362"")",0.5587606837606841
"=HYPERLINK(""https://stackoverflow.com/a/5216536"", ""5216536"")",0.5409289196818066
"=HYPERLINK(""https://stackoverflow.com/a/5406219"", ""5406219"")",0.7429595494111614
"=HYPERLINK(""https://stackoverflow.com/a/5782259"", ""5782259"")",0.7222222222222214
"=HYPERLINK(""https://stackoverflow.com/a/5795226"", ""5795226"")",0.5474817377931559
"=HYPERLINK(""https://stackoverflow.com/a/5820220"", ""5820220"")",0.5700483091787445
"=HYPERLINK(""https://stackoverflow.com/a/6186963"", ""6186963"")",0.5018832391713743
"=HYPERLINK(""https://stackoverflow.com/a/6265580"", ""6265580"")",0.47514051015996533
"=HYPERLINK(""https://stackoverflow.com/a/6688547"", ""6688547"")",0.6477541371158394
"=HYPERLINK(""https://stackoverflow.com/a/6740778"", ""6740778"")",0.5841854124062706
"=HYPERLINK(""https://stackoverflow.com/a/6865818"", ""6865818"")",0.4084291187739464
"=HYPERLINK(""https://stackoverflow.com/a/6978950"", ""6978950"")",0.7340332458442708
"=HYPERLINK(""https://stackoverflow.com/a/7122287"", ""7122287"")",0.542436891274101
"=HYPERLINK(""https://stackoverflow.com/a/7154099"", ""7154099"")",0.7019270192701929
"=HYPERLINK(""https://stackoverflow.com/a/7199233"", ""7199233"")",0.5496781416176872
"=HYPERLINK(""https://stackoverflow.com/a/7304926"", ""7304926"")",0.2338501291989662
"=HYPERLINK(""https://stackoverflow.com/a/7790421"", ""7790421"")",0.08708708708708704
"=HYPERLINK(""https://stackoverflow.com/a/7872929"", ""7872929"")",0.5384277558190594
"=HYPERLINK(""https://stackoverflow.com/a/8205455"", ""8205455"")",0.37290715372907157
"=HYPERLINK(""https://stackoverflow.com/a/8532187"", ""8532187"")",0.4832841691248773
"=HYPERLINK(""https://stackoverflow.com/a/8537885"", ""8537885"")",0.754332313965342
"=HYPERLINK(""https://stackoverflow.com/a/8940023"", ""8940023"")",0.07936507936507935
"=HYPERLINK(""https://stackoverflow.com/a/9029851"", ""9029851"")",0.6931524547803609
"=HYPERLINK(""https://stackoverflow.com/a/9094054"", ""9094054"")",0.4767676767676767
"=HYPERLINK(""https://stackoverflow.com/a/9164296"", ""9164296"")",0.37338501291989656
"=HYPERLINK(""https://stackoverflow.com/a/9439331"", ""9439331"")",0.9258150365934791
"=HYPERLINK(""https://stackoverflow.com/a/9466317"", ""9466317"")",0.5132058287795999
"=HYPERLINK(""https://stackoverflow.com/a/9486276"", ""9486276"")",0.5485380116959072
"=HYPERLINK(""https://stackoverflow.com/a/9501924"", ""9501924"")",0.592352092352092
"=HYPERLINK(""https://stackoverflow.com/a/9532390"", ""9532390"")",0.4434988179669032
"=HYPERLINK(""https://stackoverflow.com/a/9538862"", ""9538862"")",0.7747084100675263
"=HYPERLINK(""https://stackoverflow.com/a/9650157"", ""9650157"")",0.688813388700138
"=HYPERLINK(""https://stackoverflow.com/a/9743111"", ""9743111"")",0.8153256704980845
"=HYPERLINK(""https://stackoverflow.com/a/9748657"", ""9748657"")",0.3067703271784909
"=HYPERLINK(""https://stackoverflow.com/a/9823415"", ""9823415"")",0.2968490878938642
"=HYPERLINK(""https://stackoverflow.com/a/9874401"", ""9874401"")",0.6835624284077891
"=HYPERLINK(""https://stackoverflow.com/a/9930338"", ""9930338"")",0.5189255189255189
"=HYPERLINK(""https://stackoverflow.com/a/9980586"", ""9980586"")",0.30307328605200956
"=HYPERLINK(""https://stackoverflow.com/a/9989562"", ""9989562"")",0.40903540903540897
"=HYPERLINK(""https://stackoverflow.com/a/10079204"", ""10079204"")",0.41339869281045755
"=HYPERLINK(""https://stackoverflow.com/a/10090268"", ""10090268"")",0.46654040404040387
"=HYPERLINK(""https://stackoverflow.com/a/10104951"", ""10104951"")",0.5615079365079365
"=HYPERLINK(""https://stackoverflow.com/a/10208894"", ""10208894"")",0.5010683760683763
"=HYPERLINK(""https://stackoverflow.com/a/10412533"", ""10412533"")",0.7287157287157281
"=HYPERLINK(""https://stackoverflow.com/a/10413338"", ""10413338"")",0.6001749781277349
"=HYPERLINK(""https://stackoverflow.com/a/10470237"", ""10470237"")",0.38438438438438416
"=HYPERLINK(""https://stackoverflow.com/a/10602502"", ""10602502"")",0.7322222222222214
"=HYPERLINK(""https://stackoverflow.com/a/10693996"", ""10693996"")",0.2936507936507936
"=HYPERLINK(""https://stackoverflow.com/a/10787461"", ""10787461"")",0.4157706093189966
"=HYPERLINK(""https://stackoverflow.com/a/10923003"", ""10923003"")",0.23222222222222205
"=HYPERLINK(""https://stackoverflow.com/a/10952119"", ""10952119"")",0.5793650793650792
"=HYPERLINK(""https://stackoverflow.com/a/10981072"", ""10981072"")",0.4336606970922399
"=HYPERLINK(""https://stackoverflow.com/a/10986278"", ""10986278"")",0.7532567049808431
"=HYPERLINK(""https://stackoverflow.com/a/11159240"", ""11159240"")",0.7476459510357808
"=HYPERLINK(""https://stackoverflow.com/a/11195497"", ""11195497"")",0.4058956916099773
"=HYPERLINK(""https://stackoverflow.com/a/11230167"", ""11230167"")",0.5483091787439618
"=HYPERLINK(""https://stackoverflow.com/a/11514848"", ""11514848"")",0.3822856136643777
"=HYPERLINK(""https://stackoverflow.com/a/11571950"", ""11571950"")",0.6867891513560818
"=HYPERLINK(""https://stackoverflow.com/a/11622364"", ""11622364"")",0.6691248770894794
"=HYPERLINK(""https://stackoverflow.com/a/11673228"", ""11673228"")",0.7588075880758802
"=HYPERLINK(""https://stackoverflow.com/a/11846230"", ""11846230"")",0.8376068376068376
"=HYPERLINK(""https://stackoverflow.com/a/11909719"", ""11909719"")",0.40116959064327545
"=HYPERLINK(""https://stackoverflow.com/a/12008452"", ""12008452"")",0.6440972222222228
"=HYPERLINK(""https://stackoverflow.com/a/12318018"", ""12318018"")",0.5727172717271724
"=HYPERLINK(""https://stackoverflow.com/a/12366262"", ""12366262"")",0.7831978319783192
"=HYPERLINK(""https://stackoverflow.com/a/12387241"", ""12387241"")",0.5509893455098933
"=HYPERLINK(""https://stackoverflow.com/a/12492882"", ""12492882"")",0.4016417472881855
"=HYPERLINK(""https://stackoverflow.com/a/12777727"", ""12777727"")",0.3917137476459506
"=HYPERLINK(""https://stackoverflow.com/a/13065688"", ""13065688"")",0.9315245478036164
"=HYPERLINK(""https://stackoverflow.com/a/13704556"", ""13704556"")",0.5535105657805038
"=HYPERLINK(""https://stackoverflow.com/a/13805443"", ""13805443"")",0.43461160275319616
"=HYPERLINK(""https://stackoverflow.com/a/13862935"", ""13862935"")",0.3364090734332946
"=HYPERLINK(""https://stackoverflow.com/a/13885592"", ""13885592"")",0.235209235209235
"=HYPERLINK(""https://stackoverflow.com/a/14069628"", ""14069628"")",0.557936507936508
"=HYPERLINK(""https://stackoverflow.com/a/14246534"", ""14246534"")",0.4051490514905146
"=HYPERLINK(""https://stackoverflow.com/a/14280986"", ""14280986"")",0.11695906432748525
"=HYPERLINK(""https://stackoverflow.com/a/14715515"", ""14715515"")",0.44802867383512485
"=HYPERLINK(""https://stackoverflow.com/a/14797175"", ""14797175"")",0.6700749829584176
"=HYPERLINK(""https://stackoverflow.com/a/14825883"", ""14825883"")",0.6856368563685632
"=HYPERLINK(""https://stackoverflow.com/a/14827785"", ""14827785"")",0.6205273069679842
"=HYPERLINK(""https://stackoverflow.com/a/14857795"", ""14857795"")",0.43573573573573526
"=HYPERLINK(""https://stackoverflow.com/a/14882612"", ""14882612"")",0.4664618535586274
"=HYPERLINK(""https://stackoverflow.com/a/15074021"", ""15074021"")",0.3324584426946634
"=HYPERLINK(""https://stackoverflow.com/a/15087480"", ""15087480"")",0.6148602590320373
"=HYPERLINK(""https://stackoverflow.com/a/15233161"", ""15233161"")",0.7107014848950323
"=HYPERLINK(""https://stackoverflow.com/a/15350737"", ""15350737"")",0.15372907153729073
"=HYPERLINK(""https://stackoverflow.com/a/15456336"", ""15456336"")",0.3380116959064331
"=HYPERLINK(""https://stackoverflow.com/a/15651281"", ""15651281"")",0.40161153519932224
"=HYPERLINK(""https://stackoverflow.com/a/15665039"", ""15665039"")",0.27749860413176974
"=HYPERLINK(""https://stackoverflow.com/a/15720295"", ""15720295"")",0.875488553880513
"=HYPERLINK(""https://stackoverflow.com/a/15786365"", ""15786365"")",0.7831978319783193
"=HYPERLINK(""https://stackoverflow.com/a/15808701"", ""15808701"")",0.6426157821506662
"=HYPERLINK(""https://stackoverflow.com/a/16085486"", ""16085486"")",0.3881208397337425
"=HYPERLINK(""https://stackoverflow.com/a/16192890"", ""16192890"")",0.45874916833000634
"=HYPERLINK(""https://stackoverflow.com/a/16214042"", ""16214042"")",0.564586754241926
"=HYPERLINK(""https://stackoverflow.com/a/16275690"", ""16275690"")",0.22222222222222224
"=HYPERLINK(""https://stackoverflow.com/a/16431619"", ""16431619"")",0.1787439613526571
"=HYPERLINK(""https://stackoverflow.com/a/16461064"", ""16461064"")",0.6753472222222228
"=HYPERLINK(""https://stackoverflow.com/a/16613840"", ""16613840"")",0.4962606837606839
"=HYPERLINK(""https://stackoverflow.com/a/16692004"", ""16692004"")",0.503472222222223
"=HYPERLINK(""https://stackoverflow.com/a/16865728"", ""16865728"")",0.6059860598605986
"=HYPERLINK(""https://stackoverflow.com/a/16936288"", ""16936288"")",0.6507936507936498
"=HYPERLINK(""https://stackoverflow.com/a/16960594"", ""16960594"")",0.4744346116027537
"=HYPERLINK(""https://stackoverflow.com/a/17382595"", ""17382595"")",0.6982701264138385
"=HYPERLINK(""https://stackoverflow.com/a/17467055"", ""17467055"")",0.5623861566484524
"=HYPERLINK(""https://stackoverflow.com/a/17583743"", ""17583743"")",0.11695906432748526
"=HYPERLINK(""https://stackoverflow.com/a/17585175"", ""17585175"")",0.6258919469928648
"=HYPERLINK(""https://stackoverflow.com/a/17769763"", ""17769763"")",0.15079365079365079
"=HYPERLINK(""https://stackoverflow.com/a/17837556"", ""17837556"")",0.5822222222222218
"=HYPERLINK(""https://stackoverflow.com/a/18043420"", ""18043420"")",0.20852359208523585
"=HYPERLINK(""https://stackoverflow.com/a/18844653"", ""18844653"")",0.8678915135608066
"=HYPERLINK(""https://stackoverflow.com/a/18877248"", ""18877248"")",0.8222222222222224
"=HYPERLINK(""https://stackoverflow.com/a/18882899"", ""18882899"")",0.45016339869281047
"=HYPERLINK(""https://stackoverflow.com/a/18976148"", ""18976148"")",0.29828207259628686
"=HYPERLINK(""https://stackoverflow.com/a/19214006"", ""19214006"")",0.8315972222222234
"=HYPERLINK(""https://stackoverflow.com/a/19240968"", ""19240968"")",0.8342314600975107
"=HYPERLINK(""https://stackoverflow.com/a/19289238"", ""19289238"")",0.4971418363701325
"=HYPERLINK(""https://stackoverflow.com/a/19447883"", ""19447883"")",0.5079365079365079
"=HYPERLINK(""https://stackoverflow.com/a/19666081"", ""19666081"")",0.4262133530426208
"=HYPERLINK(""https://stackoverflow.com/a/19740326"", ""19740326"")",0.69399641577061
"=HYPERLINK(""https://stackoverflow.com/a/19786221"", ""19786221"")",0.6822222222222218
"=HYPERLINK(""https://stackoverflow.com/a/19903863"", ""19903863"")",0.47222222222222193
"=HYPERLINK(""https://stackoverflow.com/a/20041534"", ""20041534"")",0.30441400304414
"=HYPERLINK(""https://stackoverflow.com/a/20066608"", ""20066608"")",0.3807236631444125
"=HYPERLINK(""https://stackoverflow.com/a/20098325"", ""20098325"")",0.5532567049808431
"=HYPERLINK(""https://stackoverflow.com/a/20474016"", ""20474016"")",0.5612052730696793
"=HYPERLINK(""https://stackoverflow.com/a/20668513"", ""20668513"")",0.9133986928104576
"=HYPERLINK(""https://stackoverflow.com/a/20747367"", ""20747367"")",0.5142576204523113
"=HYPERLINK(""https://stackoverflow.com/a/20818675"", ""20818675"")",0.7087087087087082
"=HYPERLINK(""https://stackoverflow.com/a/20841578"", ""20841578"")",0.07936507936507937
"=HYPERLINK(""https://stackoverflow.com/a/21092432"", ""21092432"")",0.37439613526570076
"=HYPERLINK(""https://stackoverflow.com/a/21201901"", ""21201901"")",0.5598845598845594
"=HYPERLINK(""https://stackoverflow.com/a/21412541"", ""21412541"")",0.4523477452347743
"=HYPERLINK(""https://stackoverflow.com/a/21474387"", ""21474387"")",0.7004830917874402
"=HYPERLINK(""https://stackoverflow.com/a/21641816"", ""21641816"")",0.3059326294620412
"=HYPERLINK(""https://stackoverflow.com/a/21884363"", ""21884363"")",0.532936507936508
"=HYPERLINK(""https://stackoverflow.com/a/22339965"", ""22339965"")",0.8904249871991793
"=HYPERLINK(""https://stackoverflow.com/a/22383557"", ""22383557"")",0.7322222222222214
"=HYPERLINK(""https://stackoverflow.com/a/22403240"", ""22403240"")",0.43700282268411583
"=HYPERLINK(""https://stackoverflow.com/a/22498253"", ""22498253"")",0.6753472222222228
"=HYPERLINK(""https://stackoverflow.com/a/22791398"", ""22791398"")",0.11695906432748529
"=HYPERLINK(""https://stackoverflow.com/a/22904026"", ""22904026"")",0.4264775413711585
"=HYPERLINK(""https://stackoverflow.com/a/23286083"", ""23286083"")",0.5659722222222227
"=HYPERLINK(""https://stackoverflow.com/a/23328943"", ""23328943"")",0.5161153519932153
"=HYPERLINK(""https://stackoverflow.com/a/23359555"", ""23359555"")",0.41339869281045744
"=HYPERLINK(""https://stackoverflow.com/a/23496975"", ""23496975"")",0.8040404040404043
"=HYPERLINK(""https://stackoverflow.com/a/23527232"", ""23527232"")",0.6879756468797564
"=HYPERLINK(""https://stackoverflow.com/a/23533762"", ""23533762"")",0.7730696798493404
"=HYPERLINK(""https://stackoverflow.com/a/23545958"", ""23545958"")",0.2264775413711584
"=HYPERLINK(""https://stackoverflow.com/a/23781376"", ""23781376"")",0.33033033033033005
"=HYPERLINK(""https://stackoverflow.com/a/24146213"", ""24146213"")",0.5422222222222218
"=HYPERLINK(""https://stackoverflow.com/a/24158405"", ""24158405"")",0.2380672926447575
"=HYPERLINK(""https://stackoverflow.com/a/24235585"", ""24235585"")",0.3529040404040402
"=HYPERLINK(""https://stackoverflow.com/a/24762450"", ""24762450"")",0.3573573573573571
"=HYPERLINK(""https://stackoverflow.com/a/24788571"", ""24788571"")",0.43222222222222184
"=HYPERLINK(""https://stackoverflow.com/a/25197325"", ""25197325"")",0.5759958071278829
"=HYPERLINK(""https://stackoverflow.com/a/25466386"", ""25466386"")",0.5467604807974205
"=HYPERLINK(""https://stackoverflow.com/a/25627494"", ""25627494"")",0.3784722222222225
"=HYPERLINK(""https://stackoverflow.com/a/25651159"", ""25651159"")",0.6901121304791034
"=HYPERLINK(""https://stackoverflow.com/a/25871561"", ""25871561"")",0.5848595848595847
"=HYPERLINK(""https://stackoverflow.com/a/25906937"", ""25906937"")",0.2775727757277574
"=HYPERLINK(""https://stackoverflow.com/a/26139844"", ""26139844"")",0.6175710594315238
"=HYPERLINK(""https://stackoverflow.com/a/26186869"", ""26186869"")",0.6395450568678924
"=HYPERLINK(""https://stackoverflow.com/a/26209989"", ""26209989"")",0.466124661246612
"=HYPERLINK(""https://stackoverflow.com/a/26495398"", ""26495398"")",0.30361757105943127
"=HYPERLINK(""https://stackoverflow.com/a/26605775"", ""26605775"")",0.3616452991452993
"=HYPERLINK(""https://stackoverflow.com/a/26721420"", ""26721420"")",0.5729914529914538
"=HYPERLINK(""https://stackoverflow.com/a/26833447"", ""26833447"")",0.7222222222222229
"=HYPERLINK(""https://stackoverflow.com/a/26839810"", ""26839810"")",0.6331811263318111
"=HYPERLINK(""https://stackoverflow.com/a/27344177"", ""27344177"")",0.31597222222222243
"=HYPERLINK(""https://stackoverflow.com/a/27537714"", ""27537714"")",0.2825237297599105
"=HYPERLINK(""https://stackoverflow.com/a/27542270"", ""27542270"")",0.8500631313131309
"=HYPERLINK(""https://stackoverflow.com/a/27560417"", ""27560417"")",0.29365079365079355
"=HYPERLINK(""https://stackoverflow.com/a/27751797"", ""27751797"")",0.5187338501291985
"=HYPERLINK(""https://stackoverflow.com/a/27962699"", ""27962699"")",0.33742959549411133
"=HYPERLINK(""https://stackoverflow.com/a/27988325"", ""27988325"")",0.8319783197831973
"=HYPERLINK(""https://stackoverflow.com/a/28064415"", ""28064415"")",0.40213854021385365
"=HYPERLINK(""https://stackoverflow.com/a/28161505"", ""28161505"")",0.5626477541371159
"=HYPERLINK(""https://stackoverflow.com/a/28317315"", ""28317315"")",0.8159722222222233
"=HYPERLINK(""https://stackoverflow.com/a/28425135"", ""28425135"")",0.7290715372907153
"=HYPERLINK(""https://stackoverflow.com/a/28817666"", ""28817666"")",0.30758807588075865
"=HYPERLINK(""https://stackoverflow.com/a/29359348"", ""29359348"")",0.44097222222222265
"=HYPERLINK(""https://stackoverflow.com/a/29658698"", ""29658698"")",0.32799145299145294
"=HYPERLINK(""https://stackoverflow.com/a/29706356"", ""29706356"")",0.5048309178743966
"=HYPERLINK(""https://stackoverflow.com/a/29985311"", ""29985311"")",0.4785513361462727
"=HYPERLINK(""https://stackoverflow.com/a/30069745"", ""30069745"")",0.29308836395450594
"=HYPERLINK(""https://stackoverflow.com/a/30126798"", ""30126798"")",0.5027100271002706
"=HYPERLINK(""https://stackoverflow.com/a/30247517"", ""30247517"")",0.6544256120527301
"=HYPERLINK(""https://stackoverflow.com/a/30320825"", ""30320825"")",0.4853801169590649
"=HYPERLINK(""https://stackoverflow.com/a/30654624"", ""30654624"")",0.39754689754689715
"=HYPERLINK(""https://stackoverflow.com/a/30668986"", ""30668986"")",0.25793650793650785
"=HYPERLINK(""https://stackoverflow.com/a/30763208"", ""30763208"")",0.3023748939779479
"=HYPERLINK(""https://stackoverflow.com/a/31017200"", ""31017200"")",0.18222222222222215
"=HYPERLINK(""https://stackoverflow.com/a/31093107"", ""31093107"")",0.45478036175710596
"=HYPERLINK(""https://stackoverflow.com/a/31147607"", ""31147607"")",0.7794177941779419
"=HYPERLINK(""https://stackoverflow.com/a/31330912"", ""31330912"")",0.3001443001443
"=HYPERLINK(""https://stackoverflow.com/a/31434648"", ""31434648"")",0.5409035409035408
"=HYPERLINK(""https://stackoverflow.com/a/31440549"", ""31440549"")",0.3398692810457516
"=HYPERLINK(""https://stackoverflow.com/a/31656084"", ""31656084"")",0.7543650793650795
"=HYPERLINK(""https://stackoverflow.com/a/31704327"", ""31704327"")",0.3293650793650793
"=HYPERLINK(""https://stackoverflow.com/a/31722603"", ""31722603"")",0.7022222222222214
"=HYPERLINK(""https://stackoverflow.com/a/31827843"", ""31827843"")",0.9256704980842916
"=HYPERLINK(""https://stackoverflow.com/a/31967744"", ""31967744"")",0.6956735496558513
"=HYPERLINK(""https://stackoverflow.com/a/32101299"", ""32101299"")",0.6222222222222222
"=HYPERLINK(""https://stackoverflow.com/a/32125033"", ""32125033"")",0.8040404040404043
"=HYPERLINK(""https://stackoverflow.com/a/32237532"", ""32237532"")",0.4269202087994038
"=HYPERLINK(""https://stackoverflow.com/a/32254966"", ""32254966"")",0.4414003044140029
"=HYPERLINK(""https://stackoverflow.com/a/32342426"", ""32342426"")",0.6001291989664075
"=HYPERLINK(""https://stackoverflow.com/a/32371342"", ""32371342"")",0.697726544988793
"=HYPERLINK(""https://stackoverflow.com/a/32481130"", ""32481130"")",0.694546945469455
"=HYPERLINK(""https://stackoverflow.com/a/32700808"", ""32700808"")",0.31877394636015327
"=HYPERLINK(""https://stackoverflow.com/a/32776481"", ""32776481"")",0.22222222222222204
"=HYPERLINK(""https://stackoverflow.com/a/32852750"", ""32852750"")",0.3856837606837608
"=HYPERLINK(""https://stackoverflow.com/a/32910428"", ""32910428"")",0.38053356786866044
"=HYPERLINK(""https://stackoverflow.com/a/33084391"", ""33084391"")",0.5700483091787445
"=HYPERLINK(""https://stackoverflow.com/a/33180946"", ""33180946"")",0.29064327485380115
"=HYPERLINK(""https://stackoverflow.com/a/33848074"", ""33848074"")",0.8153256704980845
"=HYPERLINK(""https://stackoverflow.com/a/33919089"", ""33919089"")",0.3459335624284077
"=HYPERLINK(""https://stackoverflow.com/a/34230778"", ""34230778"")",0.30917874396135286
"=HYPERLINK(""https://stackoverflow.com/a/34292944"", ""34292944"")",0.5700483091787445
"=HYPERLINK(""https://stackoverflow.com/a/34313201"", ""34313201"")",0.20048309178743975
"=HYPERLINK(""https://stackoverflow.com/a/34321014"", ""34321014"")",0.43650793650793623
"=HYPERLINK(""https://stackoverflow.com/a/34535831"", ""34535831"")",0.590643274853802
"=HYPERLINK(""https://stackoverflow.com/a/34595608"", ""34595608"")",0.5870430691277595
"=HYPERLINK(""https://stackoverflow.com/a/34762971"", ""34762971"")",0.433760683760684
"=HYPERLINK(""https://stackoverflow.com/a/34802356"", ""34802356"")",0.45299145299145316
"=HYPERLINK(""https://stackoverflow.com/a/34971526"", ""34971526"")",0.4949494949494951
"=HYPERLINK(""https://stackoverflow.com/a/35327574"", ""35327574"")",0.4497503121098633
"=HYPERLINK(""https://stackoverflow.com/a/35600301"", ""35600301"")",0.7636129506990439
"=HYPERLINK(""https://stackoverflow.com/a/35750249"", ""35750249"")",0.729575163398693
"=HYPERLINK(""https://stackoverflow.com/a/35816764"", ""35816764"")",0.8159722222222234
"=HYPERLINK(""https://stackoverflow.com/a/36302947"", ""36302947"")",0.22222222222222232
"=HYPERLINK(""https://stackoverflow.com/a/36573904"", ""36573904"")",0.8153256704980844
"=HYPERLINK(""https://stackoverflow.com/a/36626659"", ""36626659"")",0.5972222222222228
"=HYPERLINK(""https://stackoverflow.com/a/37353653"", ""37353653"")",0.40972222222222204
"=HYPERLINK(""https://stackoverflow.com/a/37572936"", ""37572936"")",0.33801169590643293
"=HYPERLINK(""https://stackoverflow.com/a/37794627"", ""37794627"")",0.627285513361462
"=HYPERLINK(""https://stackoverflow.com/a/37861834"", ""37861834"")",0.3239171374764593
"=HYPERLINK(""https://stackoverflow.com/a/38186862"", ""38186862"")",0.3824432166973604
"=HYPERLINK(""https://stackoverflow.com/a/38420258"", ""38420258"")",0.4613526570048313
"=HYPERLINK(""https://stackoverflow.com/a/39495121"", ""39495121"")",0.3292332923329234
"=HYPERLINK(""https://stackoverflow.com/a/39563060"", ""39563060"")",0.45535105657805003
"=HYPERLINK(""https://stackoverflow.com/a/39730777"", ""39730777"")",0.4232272473478501
"=HYPERLINK(""https://stackoverflow.com/a/39876796"", ""39876796"")",0.19519519519519507
"=HYPERLINK(""https://stackoverflow.com/a/39964215"", ""39964215"")",0.6742770167427702
"=HYPERLINK(""https://stackoverflow.com/a/40153991"", ""40153991"")",0.5457516339869282
"=HYPERLINK(""https://stackoverflow.com/a/40466979"", ""40466979"")",0.06432748538011691
"=HYPERLINK(""https://stackoverflow.com/a/41508103"", ""41508103"")",0.3742959549411156
"=HYPERLINK(""https://stackoverflow.com/a/41534784"", ""41534784"")",0.5313131313131313
"=HYPERLINK(""https://stackoverflow.com/a/41775046"", ""41775046"")",0.40428026971562614
"=HYPERLINK(""https://stackoverflow.com/a/42258002"", ""42258002"")",0.8031045751633988
"=HYPERLINK(""https://stackoverflow.com/a/42596711"", ""42596711"")",0.45016339869281047
"=HYPERLINK(""https://stackoverflow.com/a/42849002"", ""42849002"")",0.9627066512879647
"=HYPERLINK(""https://stackoverflow.com/a/43575577"", ""43575577"")",0.7357357357357351
"=HYPERLINK(""https://stackoverflow.com/a/43607500"", ""43607500"")",0.8108298171589303
"=HYPERLINK(""https://stackoverflow.com/a/43634652"", ""43634652"")",0.4849340866290015
"=HYPERLINK(""https://stackoverflow.com/a/43793056"", ""43793056"")",0.5683760683760686
"=HYPERLINK(""https://stackoverflow.com/a/43955756"", ""43955756"")",0.3383172090296104
"=HYPERLINK(""https://stackoverflow.com/a/44173233"", ""44173233"")",0.6222222222222223
"=HYPERLINK(""https://stackoverflow.com/a/44265414"", ""44265414"")",0.5163398692810457
"=HYPERLINK(""https://stackoverflow.com/a/44295396"", ""44295396"")",0.40514905149051467
"=HYPERLINK(""https://stackoverflow.com/a/44545089"", ""44545089"")",0.06432748538011701
"=HYPERLINK(""https://stackoverflow.com/a/44668436"", ""44668436"")",0.40793650793650793
"=HYPERLINK(""https://stackoverflow.com/a/44678557"", ""44678557"")",0.6538011695906443
"=HYPERLINK(""https://stackoverflow.com/a/44707075"", ""44707075"")",0.7874396135265708
"=HYPERLINK(""https://stackoverflow.com/a/44799084"", ""44799084"")",0.7522222222222215
"=HYPERLINK(""https://stackoverflow.com/a/45070859"", ""45070859"")",0.40799297321036443
"=HYPERLINK(""https://stackoverflow.com/a/45109190"", ""45109190"")",0.8545751633986929
"=HYPERLINK(""https://stackoverflow.com/a/45403446"", ""45403446"")",0.38968065452626005
"=HYPERLINK(""https://stackoverflow.com/a/45509578"", ""45509578"")",0.37241985068072003
"=HYPERLINK(""https://stackoverflow.com/a/45662782"", ""45662782"")",0.5438302624232267
"=HYPERLINK(""https://stackoverflow.com/a/45837266"", ""45837266"")",0.5924753867791835
"=HYPERLINK(""https://stackoverflow.com/a/45883469"", ""45883469"")",0.6291187739463603
"=HYPERLINK(""https://stackoverflow.com/a/45936835"", ""45936835"")",0.47636586863106206
"=HYPERLINK(""https://stackoverflow.com/a/45973505"", ""45973505"")",0.5316684762938833
"=HYPERLINK(""https://stackoverflow.com/a/46117005"", ""46117005"")",0.374764595103578
"=HYPERLINK(""https://stackoverflow.com/a/46180404"", ""46180404"")",0.3501291989664078
"=HYPERLINK(""https://stackoverflow.com/a/46223539"", ""46223539"")",0.4882772680937821
"=HYPERLINK(""https://stackoverflow.com/a/46542136"", ""46542136"")",0.47676767676767684
"=HYPERLINK(""https://stackoverflow.com/a/46587695"", ""46587695"")",0.5186823992133731
"=HYPERLINK(""https://stackoverflow.com/a/46652412"", ""46652412"")",0.5754137115839245
"=HYPERLINK(""https://stackoverflow.com/a/47262534"", ""47262534"")",0.2771672771672771
"=HYPERLINK(""https://stackoverflow.com/a/47342058"", ""47342058"")",0.4145299145299147
"=HYPERLINK(""https://stackoverflow.com/a/47358620"", ""47358620"")",0.5738705738705738
"=HYPERLINK(""https://stackoverflow.com/a/47522606"", ""47522606"")",0.5033282130056318
"=HYPERLINK(""https://stackoverflow.com/a/47534914"", ""47534914"")",0.33159722222222254
"=HYPERLINK(""https://stackoverflow.com/a/47578307"", ""47578307"")",0.6029451137884867
"=HYPERLINK(""https://stackoverflow.com/a/47893303"", ""47893303"")",0.4414003044140031
"=HYPERLINK(""https://stackoverflow.com/a/48121635"", ""48121635"")",0.4935790061418198
"=HYPERLINK(""https://stackoverflow.com/a/48141743"", ""48141743"")",0.6978319783197826
"=HYPERLINK(""https://stackoverflow.com/a/48251324"", ""48251324"")",0.33910533910533924
"=HYPERLINK(""https://stackoverflow.com/a/48325348"", ""48325348"")",0.6116452991452994
"=HYPERLINK(""https://stackoverflow.com/a/48542251"", ""48542251"")",0.3845598845598842
"=HYPERLINK(""https://stackoverflow.com/a/48612124"", ""48612124"")",0.4218189964157708
"=HYPERLINK(""https://stackoverflow.com/a/48644795"", ""48644795"")",0.7716727716727716
"=HYPERLINK(""https://stackoverflow.com/a/48807013"", ""48807013"")",0.22222222222222204
"=HYPERLINK(""https://stackoverflow.com/a/48883423"", ""48883423"")",0.5840312674483525
"=HYPERLINK(""https://stackoverflow.com/a/49032975"", ""49032975"")",0.38312647754137075
"=HYPERLINK(""https://stackoverflow.com/a/49179038"", ""49179038"")",0.49145299145299154
"=HYPERLINK(""https://stackoverflow.com/a/49374474"", ""49374474"")",0.7422222222222216
"=HYPERLINK(""https://stackoverflow.com/a/49424237"", ""49424237"")",0.6801169590643285
"=HYPERLINK(""https://stackoverflow.com/a/49430705"", ""49430705"")",0.5063550635506355
"=HYPERLINK(""https://stackoverflow.com/a/49587391"", ""49587391"")",0.42338840298024005
"=HYPERLINK(""https://stackoverflow.com/a/50158791"", ""50158791"")",0.6237970253718296
"=HYPERLINK(""https://stackoverflow.com/a/50166516"", ""50166516"")",0.6522222222222216
"=HYPERLINK(""https://stackoverflow.com/a/50166709"", ""50166709"")",0.49919015225137764
"=HYPERLINK(""https://stackoverflow.com/a/50542825"", ""50542825"")",0.6006006006006
"=HYPERLINK(""https://stackoverflow.com/a/50589615"", ""50589615"")",0.860017497812775
"=HYPERLINK(""https://stackoverflow.com/a/50752825"", ""50752825"")",0.5299145299145301
"=HYPERLINK(""https://stackoverflow.com/a/50859097"", ""50859097"")",0.6413398692810458
"=HYPERLINK(""https://stackoverflow.com/a/51269390"", ""51269390"")",0.4618261826182616
"=HYPERLINK(""https://stackoverflow.com/a/51363060"", ""51363060"")",0.28299570288520565
"=HYPERLINK(""https://stackoverflow.com/a/51534485"", ""51534485"")",0.25113788487282457
"=HYPERLINK(""https://stackoverflow.com/a/51537934"", ""51537934"")",0.41959064327485357
"=HYPERLINK(""https://stackoverflow.com/a/51605153"", ""51605153"")",0.4939900322486077
"=HYPERLINK(""https://stackoverflow.com/a/51706326"", ""51706326"")",0.49338927027714174
"=HYPERLINK(""https://stackoverflow.com/a/51818501"", ""51818501"")",0.855662736691676
"=HYPERLINK(""https://stackoverflow.com/a/51827483"", ""51827483"")",0.44690576652601943
"=HYPERLINK(""https://stackoverflow.com/a/51841918"", ""51841918"")",0.6640826873385003
"=HYPERLINK(""https://stackoverflow.com/a/51869651"", ""51869651"")",0.3100084817642073
"=HYPERLINK(""https://stackoverflow.com/a/51889590"", ""51889590"")",0.37351373513735153
"=HYPERLINK(""https://stackoverflow.com/a/52193248"", ""52193248"")",0.30872741253364083
"=HYPERLINK(""https://stackoverflow.com/a/52329725"", ""52329725"")",0.43101343101343104
"=HYPERLINK(""https://stackoverflow.com/a/52446917"", ""52446917"")",0.8222222222222225
"=HYPERLINK(""https://stackoverflow.com/a/52484651"", ""52484651"")",0.41371158392435
"=HYPERLINK(""https://stackoverflow.com/a/52507171"", ""52507171"")",0.5336409073433288
"=HYPERLINK(""https://stackoverflow.com/a/52508128"", ""52508128"")",0.5922222222222218
"=HYPERLINK(""https://stackoverflow.com/a/52611716"", ""52611716"")",0.7359836901121308
"=HYPERLINK(""https://stackoverflow.com/a/52877413"", ""52877413"")",0.3990178023327195
"=HYPERLINK(""https://stackoverflow.com/a/52934815"", ""52934815"")",0.465465465465465
"=HYPERLINK(""https://stackoverflow.com/a/53188082"", ""53188082"")",0.5702885205647639
"=HYPERLINK(""https://stackoverflow.com/a/53197090"", ""53197090"")",0.5006006006006001
"=HYPERLINK(""https://stackoverflow.com/a/53451590"", ""53451590"")",0.3505021056041467
"=HYPERLINK(""https://stackoverflow.com/a/53714951"", ""53714951"")",0.4045426642111726
"=HYPERLINK(""https://stackoverflow.com/a/53724920"", ""53724920"")",0.7690972222222232
"=HYPERLINK(""https://stackoverflow.com/a/54368969"", ""54368969"")",0.5018832391713742
"=HYPERLINK(""https://stackoverflow.com/a/54401941"", ""54401941"")",0.4011695906432752
"=HYPERLINK(""https://stackoverflow.com/a/54658394"", ""54658394"")",0.48155622827671285
"=HYPERLINK(""https://stackoverflow.com/a/54752208"", ""54752208"")",0.6101740294511374
"=HYPERLINK(""https://stackoverflow.com/a/54923985"", ""54923985"")",0.4860259032038167
"=HYPERLINK(""https://stackoverflow.com/a/55048880"", ""55048880"")",0.5293650793650795
"=HYPERLINK(""https://stackoverflow.com/a/55089788"", ""55089788"")",0.3250639001653889
"=HYPERLINK(""https://stackoverflow.com/a/55283482"", ""55283482"")",0.7880420836540928
"=HYPERLINK(""https://stackoverflow.com/a/55416334"", ""55416334"")",0.8072024593763713
"=HYPERLINK(""https://stackoverflow.com/a/55421149"", ""55421149"")",0.4131769960915686
"=HYPERLINK(""https://stackoverflow.com/a/55453708"", ""55453708"")",0.6117571059431517
"=HYPERLINK(""https://stackoverflow.com/a/55835283"", ""55835283"")",0.6884798909338777
"=HYPERLINK(""https://stackoverflow.com/a/55837498"", ""55837498"")",0.5243498817966904
"=HYPERLINK(""https://stackoverflow.com/a/55919725"", ""55919725"")",0.46879756468797557
"=HYPERLINK(""https://stackoverflow.com/a/56012272"", ""56012272"")",0.6514257620452315
"=HYPERLINK(""https://stackoverflow.com/a/56216191"", ""56216191"")",0.7439613526570055
"=HYPERLINK(""https://stackoverflow.com/a/56323447"", ""56323447"")",0.26360153256704977
"=HYPERLINK(""https://stackoverflow.com/a/56333324"", ""56333324"")",0.36928104575163406
"=HYPERLINK(""https://stackoverflow.com/a/56357915"", ""56357915"")",0.5622222222222217
"=HYPERLINK(""https://stackoverflow.com/a/56428654"", ""56428654"")",0.41989664082687334
"=HYPERLINK(""https://stackoverflow.com/a/56561192"", ""56561192"")",0.16816816816816807
"=HYPERLINK(""https://stackoverflow.com/a/56835478"", ""56835478"")",0.5503472222222228
"=HYPERLINK(""https://stackoverflow.com/a/56844392"", ""56844392"")",0.40866290018832374
"=HYPERLINK(""https://stackoverflow.com/a/56902350"", ""56902350"")",0.32185321853218546
"=HYPERLINK(""https://stackoverflow.com/a/56954680"", ""56954680"")",0.5935577271082156
"=HYPERLINK(""https://stackoverflow.com/a/56968741"", ""56968741"")",0.7645951035781536
"=HYPERLINK(""https://stackoverflow.com/a/57006877"", ""57006877"")",0.5728715728715724
"=HYPERLINK(""https://stackoverflow.com/a/57014149"", ""57014149"")",0.22222222222222207
"=HYPERLINK(""https://stackoverflow.com/a/57347806"", ""57347806"")",0.6501068376068376
"=HYPERLINK(""https://stackoverflow.com/a/57388622"", ""57388622"")",0.5195195195195189
"=HYPERLINK(""https://stackoverflow.com/a/57501336"", ""57501336"")",0.49216087252897023
"=HYPERLINK(""https://stackoverflow.com/a/57699867"", ""57699867"")",0.14114114114114107
"=HYPERLINK(""https://stackoverflow.com/a/57701677"", ""57701677"")",0.28416912487708945
"=HYPERLINK(""https://stackoverflow.com/a/57756347"", ""57756347"")",0.27676767676767683
"=HYPERLINK(""https://stackoverflow.com/a/57780834"", ""57780834"")",0.8159722222222233
"=HYPERLINK(""https://stackoverflow.com/a/57796362"", ""57796362"")",0.4849340866290014
"=HYPERLINK(""https://stackoverflow.com/a/57813410"", ""57813410"")",0.2657004830917876
"=HYPERLINK(""https://stackoverflow.com/a/57938431"", ""57938431"")",0.3234270414993304
"=HYPERLINK(""https://stackoverflow.com/a/57994465"", ""57994465"")",0.384384384384384
"=HYPERLINK(""https://stackoverflow.com/a/58389051"", ""58389051"")",0.6394001363326509
"=HYPERLINK(""https://stackoverflow.com/a/58454787"", ""58454787"")",0.546546546546546
"=HYPERLINK(""https://stackoverflow.com/a/58547640"", ""58547640"")",0.3122222222222219
"=HYPERLINK(""https://stackoverflow.com/a/58871475"", ""58871475"")",0.3634435962680243
"=HYPERLINK(""https://stackoverflow.com/a/58886399"", ""58886399"")",0.3645147123407992
"=HYPERLINK(""https://stackoverflow.com/a/58911577"", ""58911577"")",0.7131313131313132
"=HYPERLINK(""https://stackoverflow.com/a/58979958"", ""58979958"")",0.3542976939203356
"=HYPERLINK(""https://stackoverflow.com/a/59136482"", ""59136482"")",0.4417344173441731
"=HYPERLINK(""https://stackoverflow.com/a/59419971"", ""59419971"")",0.42534722222222254
"=HYPERLINK(""https://stackoverflow.com/a/59610126"", ""59610126"")",0.49271402550091126
"=HYPERLINK(""https://stackoverflow.com/a/59720309"", ""59720309"")",0.5604575163398694
"=HYPERLINK(""https://stackoverflow.com/a/59847784"", ""59847784"")",0.4974515800203876
"=HYPERLINK(""https://stackoverflow.com/a/60034854"", ""60034854"")",0.8919469928644246
"=HYPERLINK(""https://stackoverflow.com/a/60161484"", ""60161484"")",0.864424057084608
"=HYPERLINK(""https://stackoverflow.com/a/60297685"", ""60297685"")",0.33301767676767663
"=HYPERLINK(""https://stackoverflow.com/a/60567431"", ""60567431"")",0.25442258000397544
"=HYPERLINK(""https://stackoverflow.com/a/60835973"", ""60835973"")",0.546546546546546
"=HYPERLINK(""https://stackoverflow.com/a/60870057"", ""60870057"")",0.5105657805044302
"=HYPERLINK(""https://stackoverflow.com/a/61130505"", ""61130505"")",0.8386605783866058
"=HYPERLINK(""https://stackoverflow.com/a/61239058"", ""61239058"")",0.48861566484517355
"=HYPERLINK(""https://stackoverflow.com/a/61262125"", ""61262125"")",0.6585858585858586
"=HYPERLINK(""https://stackoverflow.com/a/61410823"", ""61410823"")",0.5158510310864882
"=HYPERLINK(""https://stackoverflow.com/a/61443786"", ""61443786"")",0.3845933562428407
"=HYPERLINK(""https://stackoverflow.com/a/61609801"", ""61609801"")",0.1909722222222223
"=HYPERLINK(""https://stackoverflow.com/a/61920024"", ""61920024"")",0.4094143404488229
"=HYPERLINK(""https://stackoverflow.com/a/61936736"", ""61936736"")",0.41240627130197666
"=HYPERLINK(""https://stackoverflow.com/a/62014661"", ""62014661"")",0.4663167104111991
"=HYPERLINK(""https://stackoverflow.com/a/62053122"", ""62053122"")",0.2907153729071537
"=HYPERLINK(""https://stackoverflow.com/a/62225375"", ""62225375"")",0.41116231438812034
"=HYPERLINK(""https://stackoverflow.com/a/62268360"", ""62268360"")",0.7256704980842914
"=HYPERLINK(""https://stackoverflow.com/a/62280874"", ""62280874"")",0.411411411411411
"=HYPERLINK(""https://stackoverflow.com/a/62334657"", ""62334657"")",0.5722222222222217
"=HYPERLINK(""https://stackoverflow.com/a/62344385"", ""62344385"")",0.5190972222222228
"=HYPERLINK(""https://stackoverflow.com/a/62403509"", ""62403509"")",0.3039529914529915
"=HYPERLINK(""https://stackoverflow.com/a/62443362"", ""62443362"")",0.7815442561205265
"=HYPERLINK(""https://stackoverflow.com/a/62530443"", ""62530443"")",0.7439613526570055
"=HYPERLINK(""https://stackoverflow.com/a/62559484"", ""62559484"")",0.6378066378066376
"=HYPERLINK(""https://stackoverflow.com/a/62683354"", ""62683354"")",0.6029276164130937
"=HYPERLINK(""https://stackoverflow.com/a/62761713"", ""62761713"")",0.2860520094562648
"=HYPERLINK(""https://stackoverflow.com/a/62769209"", ""62769209"")",0.8215066587159614
"=HYPERLINK(""https://stackoverflow.com/a/62997513"", ""62997513"")",0.5762045231071786
"=HYPERLINK(""https://stackoverflow.com/a/63188765"", ""63188765"")",0.9222222222222235
"=HYPERLINK(""https://stackoverflow.com/a/63381611"", ""63381611"")",0.42810457516339884
"=HYPERLINK(""https://stackoverflow.com/a/63507200"", ""63507200"")",0.8094315245478025
"=HYPERLINK(""https://stackoverflow.com/a/63662083"", ""63662083"")",0.6922222222222216
"=HYPERLINK(""https://stackoverflow.com/a/63696738"", ""63696738"")",0.6284722222222231
"=HYPERLINK(""https://stackoverflow.com/a/63768311"", ""63768311"")",0.31865079365079363
"=HYPERLINK(""https://stackoverflow.com/a/63847940"", ""63847940"")",0.46000723850886704
"=HYPERLINK(""https://stackoverflow.com/a/64247082"", ""64247082"")",0.47760683760683814
"=HYPERLINK(""https://stackoverflow.com/a/64329387"", ""64329387"")",0.4185412406271299
"=HYPERLINK(""https://stackoverflow.com/a/64331624"", ""64331624"")",0.2772680937818554
"=HYPERLINK(""https://stackoverflow.com/a/64464093"", ""64464093"")",0.6291187739463603
"=HYPERLINK(""https://stackoverflow.com/a/64549132"", ""64549132"")",0.22222222222222224
"=HYPERLINK(""https://stackoverflow.com/a/64601224"", ""64601224"")",0.5601532567049808
"=HYPERLINK(""https://stackoverflow.com/a/64822882"", ""64822882"")",0.11695906432748529
"=HYPERLINK(""https://stackoverflow.com/a/65177528"", ""65177528"")",0.5922222222222217
"=HYPERLINK(""https://stackoverflow.com/a/65205998"", ""65205998"")",0.4989020641194548
"=HYPERLINK(""https://stackoverflow.com/a/65257418"", ""65257418"")",0.693533697632059
"=HYPERLINK(""https://stackoverflow.com/a/65291065"", ""65291065"")",0.49547803617570996
"=HYPERLINK(""https://stackoverflow.com/a/65301934"", ""65301934"")",0.34365079365079365
"=HYPERLINK(""https://stackoverflow.com/a/65576909"", ""65576909"")",0.7657004830917881
"=HYPERLINK(""https://stackoverflow.com/a/65597295"", ""65597295"")",0.31056808688387605
"=HYPERLINK(""https://stackoverflow.com/a/65631310"", ""65631310"")",0.3563685636856367
"=HYPERLINK(""https://stackoverflow.com/a/65637515"", ""65637515"")",0.4986041317699604
"=HYPERLINK(""https://stackoverflow.com/a/65905926"", ""65905926"")",0.6642111724984655
"=HYPERLINK(""https://stackoverflow.com/a/65974683"", ""65974683"")",0.44200244200244193
"=HYPERLINK(""https://stackoverflow.com/a/66027433"", ""66027433"")",0.6887170675830468
"=HYPERLINK(""https://stackoverflow.com/a/66051751"", ""66051751"")",0.4934086629001877
"=HYPERLINK(""https://stackoverflow.com/a/66175236"", ""66175236"")",0.8315972222222234
"=HYPERLINK(""https://stackoverflow.com/a/66287292"", ""66287292"")",0.604575163398693
"=HYPERLINK(""https://stackoverflow.com/a/66368813"", ""66368813"")",0.5518925518925518
"=HYPERLINK(""https://stackoverflow.com/a/66791788"", ""66791788"")",0.3743961352657007
"=HYPERLINK(""https://stackoverflow.com/a/66997875"", ""66997875"")",0.2900188323917136
"=HYPERLINK(""https://stackoverflow.com/a/67310200"", ""67310200"")",0.31597222222222227
"=HYPERLINK(""https://stackoverflow.com/a/67511432"", ""67511432"")",0.30034722222222227
"=HYPERLINK(""https://stackoverflow.com/a/67668654"", ""67668654"")",0.34435962680237525
