link,Correlation
"=HYPERLINK(""https://stackoverflow.com/a/195251"", ""195251"")",0.4122222222222219
"=HYPERLINK(""https://stackoverflow.com/a/283244"", ""283244"")",0.47395432383885033
"=HYPERLINK(""https://stackoverflow.com/a/314247"", ""314247"")",0.5958485958485958
"=HYPERLINK(""https://stackoverflow.com/a/368683"", ""368683"")",0.3150793650793651
"=HYPERLINK(""https://stackoverflow.com/a/555300"", ""555300"")",0.3675509419454057
"=HYPERLINK(""https://stackoverflow.com/a/568895"", ""568895"")",0.40079365079365076
"=HYPERLINK(""https://stackoverflow.com/a/585086"", ""585086"")",0.23411518555225191
"=HYPERLINK(""https://stackoverflow.com/a/651407"", ""651407"")",0.47150176112712155
"=HYPERLINK(""https://stackoverflow.com/a/660502"", ""660502"")",0.8222222222222224
"=HYPERLINK(""https://stackoverflow.com/a/921392"", ""921392"")",0.40018832391713716
"=HYPERLINK(""https://stackoverflow.com/a/1010609"", ""1010609"")",0.38988689288090467
"=HYPERLINK(""https://stackoverflow.com/a/1259694"", ""1259694"")",0.3930764935790059
"=HYPERLINK(""https://stackoverflow.com/a/1262140"", ""1262140"")",0.3293650793650792
"=HYPERLINK(""https://stackoverflow.com/a/1362097"", ""1362097"")",0.2657004830917876
"=HYPERLINK(""https://stackoverflow.com/a/1429362"", ""1429362"")",0.6332651670074977
"=HYPERLINK(""https://stackoverflow.com/a/1440788"", ""1440788"")",0.4882772680937821
"=HYPERLINK(""https://stackoverflow.com/a/1581025"", ""1581025"")",0.39804639804639796
"=HYPERLINK(""https://stackoverflow.com/a/1942416"", ""1942416"")",0.40303403034030344
"=HYPERLINK(""https://stackoverflow.com/a/2379853"", ""2379853"")",0.5115839243498819
"=HYPERLINK(""https://stackoverflow.com/a/2387193"", ""2387193"")",0.3168168168168166
"=HYPERLINK(""https://stackoverflow.com/a/2410782"", ""2410782"")",0.5313825275657345
"=HYPERLINK(""https://stackoverflow.com/a/2413125"", ""2413125"")",0.34462406979727983
"=HYPERLINK(""https://stackoverflow.com/a/2480097"", ""2480097"")",0.1150793650793651
"=HYPERLINK(""https://stackoverflow.com/a/2481060"", ""2481060"")",0.4440593106104374
"=HYPERLINK(""https://stackoverflow.com/a/2701051"", ""2701051"")",0.46741452991453003
"=HYPERLINK(""https://stackoverflow.com/a/2720955"", ""2720955"")",0.23312410527474947
"=HYPERLINK(""https://stackoverflow.com/a/2727490"", ""2727490"")",0.5098328416912492
"=HYPERLINK(""https://stackoverflow.com/a/2777064"", ""2777064"")",0.6727716727716728
"=HYPERLINK(""https://stackoverflow.com/a/2816691"", ""2816691"")",0.33526570048309134
"=HYPERLINK(""https://stackoverflow.com/a/2995862"", ""2995862"")",0.4988179669030733
"=HYPERLINK(""https://stackoverflow.com/a/3068119"", ""3068119"")",0.27565333798963987
"=HYPERLINK(""https://stackoverflow.com/a/3139653"", ""3139653"")",0.26581535300161446
"=HYPERLINK(""https://stackoverflow.com/a/3479099"", ""3479099"")",0.4046326456749909
"=HYPERLINK(""https://stackoverflow.com/a/3975105"", ""3975105"")",0.4169590643274859
"=HYPERLINK(""https://stackoverflow.com/a/4021427"", ""4021427"")",0.3403324584426948
"=HYPERLINK(""https://stackoverflow.com/a/4044757"", ""4044757"")",0.4795751633986928
"=HYPERLINK(""https://stackoverflow.com/a/4114678"", ""4114678"")",0.39601532567049785
"=HYPERLINK(""https://stackoverflow.com/a/4154053"", ""4154053"")",0.37559645535105624
"=HYPERLINK(""https://stackoverflow.com/a/4271421"", ""4271421"")",0.3231837606837608
"=HYPERLINK(""https://stackoverflow.com/a/4454305"", ""4454305"")",0.25697558545092164
"=HYPERLINK(""https://stackoverflow.com/a/4612944"", ""4612944"")",0.32579365079365086
"=HYPERLINK(""https://stackoverflow.com/a/4620610"", ""4620610"")",0.33932545796952585
"=HYPERLINK(""https://stackoverflow.com/a/4776504"", ""4776504"")",0.5939036381514261
"=HYPERLINK(""https://stackoverflow.com/a/4903579"", ""4903579"")",0.28058798097708604
"=HYPERLINK(""https://stackoverflow.com/a/4945256"", ""4945256"")",0.7936507936507932
"=HYPERLINK(""https://stackoverflow.com/a/5269309"", ""5269309"")",0.5468975468975467
"=HYPERLINK(""https://stackoverflow.com/a/5313926"", ""5313926"")",0.543323139653415
"=HYPERLINK(""https://stackoverflow.com/a/5333699"", ""5333699"")",0.3420378904249868
"=HYPERLINK(""https://stackoverflow.com/a/5343988"", ""5343988"")",0.6897546897546895
"=HYPERLINK(""https://stackoverflow.com/a/5404128"", ""5404128"")",0.33303303303303283
"=HYPERLINK(""https://stackoverflow.com/a/5662314"", ""5662314"")",0.4664970313825279
"=HYPERLINK(""https://stackoverflow.com/a/5713939"", ""5713939"")",0.39361556377585966
"=HYPERLINK(""https://stackoverflow.com/a/5798841"", ""5798841"")",0.7137476459510351
"=HYPERLINK(""https://stackoverflow.com/a/5831002"", ""5831002"")",0.3303303303303301
"=HYPERLINK(""https://stackoverflow.com/a/6119639"", ""6119639"")",0.22004830917874377
"=HYPERLINK(""https://stackoverflow.com/a/6234726"", ""6234726"")",0.7383512544802856
"=HYPERLINK(""https://stackoverflow.com/a/6258367"", ""6258367"")",0.35719154737559605
"=HYPERLINK(""https://stackoverflow.com/a/6465048"", ""6465048"")",0.8234492160872519
"=HYPERLINK(""https://stackoverflow.com/a/6606531"", ""6606531"")",0.3318112633181126
"=HYPERLINK(""https://stackoverflow.com/a/6735338"", ""6735338"")",0.4051490514905147
"=HYPERLINK(""https://stackoverflow.com/a/7039243"", ""7039243"")",0.40972222222222227
"=HYPERLINK(""https://stackoverflow.com/a/7093846"", ""7093846"")",0.36629001883239143
"=HYPERLINK(""https://stackoverflow.com/a/7109320"", ""7109320"")",0.4468376068376074
"=HYPERLINK(""https://stackoverflow.com/a/7272475"", ""7272475"")",0.7716727716727717
"=HYPERLINK(""https://stackoverflow.com/a/7325853"", ""7325853"")",0.43372119552817673
"=HYPERLINK(""https://stackoverflow.com/a/7478672"", ""7478672"")",0.3671085858585858
"=HYPERLINK(""https://stackoverflow.com/a/7644310"", ""7644310"")",0.4082687338501291
"=HYPERLINK(""https://stackoverflow.com/a/7679766"", ""7679766"")",0.3472222222222221
"=HYPERLINK(""https://stackoverflow.com/a/7721111"", ""7721111"")",0.4739000745712156
"=HYPERLINK(""https://stackoverflow.com/a/7760512"", ""7760512"")",0.4776439089692098
"=HYPERLINK(""https://stackoverflow.com/a/7760740"", ""7760740"")",0.26545530492898906
"=HYPERLINK(""https://stackoverflow.com/a/7779324"", ""7779324"")",0.37793156478277573
"=HYPERLINK(""https://stackoverflow.com/a/7815731"", ""7815731"")",0.5189255189255189
"=HYPERLINK(""https://stackoverflow.com/a/7840406"", ""7840406"")",0.4607543323139655
"=HYPERLINK(""https://stackoverflow.com/a/7846344"", ""7846344"")",0.07936507936507939
"=HYPERLINK(""https://stackoverflow.com/a/7854724"", ""7854724"")",0.4611300720515736
"=HYPERLINK(""https://stackoverflow.com/a/7869788"", ""7869788"")",0.20897718910963947
"=HYPERLINK(""https://stackoverflow.com/a/7899776"", ""7899776"")",0.43343940599310493
"=HYPERLINK(""https://stackoverflow.com/a/7910250"", ""7910250"")",0.3779599271402554
"=HYPERLINK(""https://stackoverflow.com/a/7915269"", ""7915269"")",0.44097222222222243
"=HYPERLINK(""https://stackoverflow.com/a/8050737"", ""8050737"")",0.43650793650793634
"=HYPERLINK(""https://stackoverflow.com/a/8088997"", ""8088997"")",0.8264775413711586
"=HYPERLINK(""https://stackoverflow.com/a/8123492"", ""8123492"")",0.2405708460754333
"=HYPERLINK(""https://stackoverflow.com/a/8179484"", ""8179484"")",0.33033033033033005
"=HYPERLINK(""https://stackoverflow.com/a/8218174"", ""8218174"")",0.3551490514905148
"=HYPERLINK(""https://stackoverflow.com/a/8371722"", ""8371722"")",0.5027100271002707
"=HYPERLINK(""https://stackoverflow.com/a/8377875"", ""8377875"")",0.3971569480707862
"=HYPERLINK(""https://stackoverflow.com/a/8406046"", ""8406046"")",0.5518925518925518
"=HYPERLINK(""https://stackoverflow.com/a/8548780"", ""8548780"")",0.4214842148421486
"=HYPERLINK(""https://stackoverflow.com/a/8887628"", ""8887628"")",0.27867383512544813
"=HYPERLINK(""https://stackoverflow.com/a/9058580"", ""9058580"")",0.45659722222222265
"=HYPERLINK(""https://stackoverflow.com/a/9061088"", ""9061088"")",0.27627627627627604
"=HYPERLINK(""https://stackoverflow.com/a/9153722"", ""9153722"")",0.18639160332971405
"=HYPERLINK(""https://stackoverflow.com/a/9188050"", ""9188050"")",0.3897099069512861
"=HYPERLINK(""https://stackoverflow.com/a/9192704"", ""9192704"")",0.5095150399017804
"=HYPERLINK(""https://stackoverflow.com/a/9198696"", ""9198696"")",0.25222222222222207
"=HYPERLINK(""https://stackoverflow.com/a/9244144"", ""9244144"")",0.44741306191687913
"=HYPERLINK(""https://stackoverflow.com/a/9257870"", ""9257870"")",0.8441734417344169
"=HYPERLINK(""https://stackoverflow.com/a/9273003"", ""9273003"")",0.4585858585858586
"=HYPERLINK(""https://stackoverflow.com/a/9299822"", ""9299822"")",0.4158981115502852
"=HYPERLINK(""https://stackoverflow.com/a/9375120"", ""9375120"")",0.5815972222222227
"=HYPERLINK(""https://stackoverflow.com/a/9387135"", ""9387135"")",0.19519519519519501
"=HYPERLINK(""https://stackoverflow.com/a/9421707"", ""9421707"")",0.20852359208523594
"=HYPERLINK(""https://stackoverflow.com/a/9428797"", ""9428797"")",0.38735983690112136
"=HYPERLINK(""https://stackoverflow.com/a/9561465"", ""9561465"")",0.5512124502352513
"=HYPERLINK(""https://stackoverflow.com/a/9693043"", ""9693043"")",0.5056867891513567
"=HYPERLINK(""https://stackoverflow.com/a/9697744"", ""9697744"")",0.3981016192071466
"=HYPERLINK(""https://stackoverflow.com/a/9722612"", ""9722612"")",0.5473755964553503
"=HYPERLINK(""https://stackoverflow.com/a/9739296"", ""9739296"")",0.4327485380116963
"=HYPERLINK(""https://stackoverflow.com/a/9810383"", ""9810383"")",0.5137674117265961
"=HYPERLINK(""https://stackoverflow.com/a/9813291"", ""9813291"")",0.4369461486025902
"=HYPERLINK(""https://stackoverflow.com/a/9834062"", ""9834062"")",0.33159722222222243
"=HYPERLINK(""https://stackoverflow.com/a/9842661"", ""9842661"")",0.41854124062712983
"=HYPERLINK(""https://stackoverflow.com/a/9852967"", ""9852967"")",0.27550091074681254
"=HYPERLINK(""https://stackoverflow.com/a/9866939"", ""9866939"")",0.2052730696798493
"=HYPERLINK(""https://stackoverflow.com/a/9868741"", ""9868741"")",0.2995418098510882
"=HYPERLINK(""https://stackoverflow.com/a/9871468"", ""9871468"")",0.26052009456264774
"=HYPERLINK(""https://stackoverflow.com/a/9896711"", ""9896711"")",0.4170274170274168
"=HYPERLINK(""https://stackoverflow.com/a/9910647"", ""9910647"")",0.37691835481890734
"=HYPERLINK(""https://stackoverflow.com/a/9942400"", ""9942400"")",0.5535105657805038
"=HYPERLINK(""https://stackoverflow.com/a/10034646"", ""10034646"")",0.5912259122591225
"=HYPERLINK(""https://stackoverflow.com/a/10133325"", ""10133325"")",0.41222222222222193
"=HYPERLINK(""https://stackoverflow.com/a/10166647"", ""10166647"")",0.396135265700483
"=HYPERLINK(""https://stackoverflow.com/a/10262462"", ""10262462"")",0.38089380893808955
"=HYPERLINK(""https://stackoverflow.com/a/10313066"", ""10313066"")",0.44921608725289663
"=HYPERLINK(""https://stackoverflow.com/a/10457073"", ""10457073"")",0.44256120527306925
"=HYPERLINK(""https://stackoverflow.com/a/10682121"", ""10682121"")",0.3791452991452997
"=HYPERLINK(""https://stackoverflow.com/a/10759881"", ""10759881"")",0.525793650793651
"=HYPERLINK(""https://stackoverflow.com/a/10797609"", ""10797609"")",0.340332458442695
"=HYPERLINK(""https://stackoverflow.com/a/10823837"", ""10823837"")",0.5236928104575164
"=HYPERLINK(""https://stackoverflow.com/a/10873027"", ""10873027"")",0.30350301039956196
"=HYPERLINK(""https://stackoverflow.com/a/10916191"", ""10916191"")",0.8046398046398047
"=HYPERLINK(""https://stackoverflow.com/a/10950875"", ""10950875"")",0.52151799687011
"=HYPERLINK(""https://stackoverflow.com/a/10951617"", ""10951617"")",0.6516700749829576
"=HYPERLINK(""https://stackoverflow.com/a/10998998"", ""10998998"")",0.24284077892325315
"=HYPERLINK(""https://stackoverflow.com/a/11002031"", ""11002031"")",0.29299145299145335
"=HYPERLINK(""https://stackoverflow.com/a/11025208"", ""11025208"")",0.5822222222222216
"=HYPERLINK(""https://stackoverflow.com/a/11025249"", ""11025249"")",0.5022222222222218
"=HYPERLINK(""https://stackoverflow.com/a/11077732"", ""11077732"")",0.33033033033033005
"=HYPERLINK(""https://stackoverflow.com/a/11137593"", ""11137593"")",0.32502596053997923
"=HYPERLINK(""https://stackoverflow.com/a/11217669"", ""11217669"")",0.34722222222222227
"=HYPERLINK(""https://stackoverflow.com/a/11364766"", ""11364766"")",0.3103834312902321
"=HYPERLINK(""https://stackoverflow.com/a/11411299"", ""11411299"")",0.7328605200945626
"=HYPERLINK(""https://stackoverflow.com/a/11430943"", ""11430943"")",0.3072737686139747
"=HYPERLINK(""https://stackoverflow.com/a/11503548"", ""11503548"")",0.7722222222222216
"=HYPERLINK(""https://stackoverflow.com/a/11524128"", ""11524128"")",0.27008116428771334
"=HYPERLINK(""https://stackoverflow.com/a/11526018"", ""11526018"")",0.28813862093604864
"=HYPERLINK(""https://stackoverflow.com/a/11528793"", ""11528793"")",0.3789042498719912
"=HYPERLINK(""https://stackoverflow.com/a/11581517"", ""11581517"")",0.354244694132335
"=HYPERLINK(""https://stackoverflow.com/a/11657044"", ""11657044"")",0.38222222222222263
"=HYPERLINK(""https://stackoverflow.com/a/11664197"", ""11664197"")",0.2788928243473695
"=HYPERLINK(""https://stackoverflow.com/a/11670745"", ""11670745"")",0.46612466124661217
"=HYPERLINK(""https://stackoverflow.com/a/11731726"", ""11731726"")",0.34841725090291087
"=HYPERLINK(""https://stackoverflow.com/a/11872548"", ""11872548"")",0.4884559884559882
"=HYPERLINK(""https://stackoverflow.com/a/12114501"", ""12114501"")",0.43698732289336345
"=HYPERLINK(""https://stackoverflow.com/a/12201486"", ""12201486"")",0.3091787439613528
"=HYPERLINK(""https://stackoverflow.com/a/12414714"", ""12414714"")",0.5463328941589806
"=HYPERLINK(""https://stackoverflow.com/a/12483303"", ""12483303"")",0.3303303303303305
"=HYPERLINK(""https://stackoverflow.com/a/12537925"", ""12537925"")",0.29494949494949496
"=HYPERLINK(""https://stackoverflow.com/a/12576373"", ""12576373"")",0.4173441734417341
"=HYPERLINK(""https://stackoverflow.com/a/12632721"", ""12632721"")",0.3662600026236385
"=HYPERLINK(""https://stackoverflow.com/a/12647406"", ""12647406"")",0.507936507936508
"=HYPERLINK(""https://stackoverflow.com/a/12664863"", ""12664863"")",0.27175052410901473
"=HYPERLINK(""https://stackoverflow.com/a/12893712"", ""12893712"")",0.5628815628815629
"=HYPERLINK(""https://stackoverflow.com/a/12951770"", ""12951770"")",0.5281770476842339
"=HYPERLINK(""https://stackoverflow.com/a/13039466"", ""13039466"")",0.36344359626802425
"=HYPERLINK(""https://stackoverflow.com/a/13137774"", ""13137774"")",0.37847222222222204
"=HYPERLINK(""https://stackoverflow.com/a/13184262"", ""13184262"")",0.39852819237147574
"=HYPERLINK(""https://stackoverflow.com/a/13297073"", ""13297073"")",0.52151799687011
"=HYPERLINK(""https://stackoverflow.com/a/13340186"", ""13340186"")",0.3395855662736693
"=HYPERLINK(""https://stackoverflow.com/a/13449576"", ""13449576"")",0.37544802867383525
"=HYPERLINK(""https://stackoverflow.com/a/13464216"", ""13464216"")",0.4159938485197998
"=HYPERLINK(""https://stackoverflow.com/a/13487404"", ""13487404"")",0.40116959064327495
"=HYPERLINK(""https://stackoverflow.com/a/13488571"", ""13488571"")",0.24310995068175228
"=HYPERLINK(""https://stackoverflow.com/a/13571139"", ""13571139"")",0.46933538619450854
"=HYPERLINK(""https://stackoverflow.com/a/13572326"", ""13572326"")",0.4773054015198197
"=HYPERLINK(""https://stackoverflow.com/a/13585404"", ""13585404"")",0.36446973289078566
"=HYPERLINK(""https://stackoverflow.com/a/13731332"", ""13731332"")",0.4074853801169589
"=HYPERLINK(""https://stackoverflow.com/a/13770391"", ""13770391"")",0.42886428864288645
"=HYPERLINK(""https://stackoverflow.com/a/13823576"", ""13823576"")",0.45838458384583863
"=HYPERLINK(""https://stackoverflow.com/a/13888001"", ""13888001"")",0.42274992670771044
"=HYPERLINK(""https://stackoverflow.com/a/13957214"", ""13957214"")",0.7734033245844281
"=HYPERLINK(""https://stackoverflow.com/a/14213172"", ""14213172"")",0.4206597222222226
"=HYPERLINK(""https://stackoverflow.com/a/14216728"", ""14216728"")",0.32936507936507947
"=HYPERLINK(""https://stackoverflow.com/a/14222727"", ""14222727"")",0.811263318112633
"=HYPERLINK(""https://stackoverflow.com/a/14224217"", ""14224217"")",0.4168035030103991
"=HYPERLINK(""https://stackoverflow.com/a/14266402"", ""14266402"")",0.5412406271301972
"=HYPERLINK(""https://stackoverflow.com/a/14299386"", ""14299386"")",0.29471689173181725
"=HYPERLINK(""https://stackoverflow.com/a/14332029"", ""14332029"")",0.7741852707210675
"=HYPERLINK(""https://stackoverflow.com/a/14351232"", ""14351232"")",0.4853801169590649
"=HYPERLINK(""https://stackoverflow.com/a/14364248"", ""14364248"")",0.292222222222222
"=HYPERLINK(""https://stackoverflow.com/a/14366537"", ""14366537"")",0.5140510159965411
"=HYPERLINK(""https://stackoverflow.com/a/14381851"", ""14381851"")",0.781045751633987
"=HYPERLINK(""https://stackoverflow.com/a/14400152"", ""14400152"")",0.34722222222222243
"=HYPERLINK(""https://stackoverflow.com/a/14470254"", ""14470254"")",0.33316896778435245
"=HYPERLINK(""https://stackoverflow.com/a/14509380"", ""14509380"")",0.3207443897099068
"=HYPERLINK(""https://stackoverflow.com/a/14553124"", ""14553124"")",0.5733672603901616
"=HYPERLINK(""https://stackoverflow.com/a/14694675"", ""14694675"")",0.781045751633987
"=HYPERLINK(""https://stackoverflow.com/a/14706445"", ""14706445"")",0.41159866564023595
"=HYPERLINK(""https://stackoverflow.com/a/14708288"", ""14708288"")",0.5103578154425609
"=HYPERLINK(""https://stackoverflow.com/a/14849998"", ""14849998"")",0.39804639804639796
"=HYPERLINK(""https://stackoverflow.com/a/14870543"", ""14870543"")",0.4978978978978974
"=HYPERLINK(""https://stackoverflow.com/a/14974306"", ""14974306"")",0.45478036175710557
"=HYPERLINK(""https://stackoverflow.com/a/14991145"", ""14991145"")",0.26909722222222227
"=HYPERLINK(""https://stackoverflow.com/a/15133516"", ""15133516"")",0.4501483002509693
"=HYPERLINK(""https://stackoverflow.com/a/15214429"", ""15214429"")",0.6629001883239167
"=HYPERLINK(""https://stackoverflow.com/a/15310334"", ""15310334"")",0.2122222222222221
"=HYPERLINK(""https://stackoverflow.com/a/15324902"", ""15324902"")",0.4460125448028675
"=HYPERLINK(""https://stackoverflow.com/a/15418563"", ""15418563"")",0.6863106200122776
"=HYPERLINK(""https://stackoverflow.com/a/15430076"", ""15430076"")",0.7131313131313131
"=HYPERLINK(""https://stackoverflow.com/a/15516775"", ""15516775"")",0.7690972222222231
"=HYPERLINK(""https://stackoverflow.com/a/15562526"", ""15562526"")",0.28731097961867197
"=HYPERLINK(""https://stackoverflow.com/a/15636699"", ""15636699"")",0.33714157706093206
"=HYPERLINK(""https://stackoverflow.com/a/15774822"", ""15774822"")",0.06432748538011702
"=HYPERLINK(""https://stackoverflow.com/a/15843757"", ""15843757"")",0.5574022776238843
"=HYPERLINK(""https://stackoverflow.com/a/15844018"", ""15844018"")",0.36990561990562
"=HYPERLINK(""https://stackoverflow.com/a/15850339"", ""15850339"")",0.23797025371828548
"=HYPERLINK(""https://stackoverflow.com/a/15970587"", ""15970587"")",0.39489774404385436
"=HYPERLINK(""https://stackoverflow.com/a/16013776"", ""16013776"")",0.37427701674277014
"=HYPERLINK(""https://stackoverflow.com/a/16039531"", ""16039531"")",0.6700749829584178
"=HYPERLINK(""https://stackoverflow.com/a/16085112"", ""16085112"")",0.40857660104095944
"=HYPERLINK(""https://stackoverflow.com/a/16090436"", ""16090436"")",0.5639307649357896
"=HYPERLINK(""https://stackoverflow.com/a/16099461"", ""16099461"")",0.41072489601901374
"=HYPERLINK(""https://stackoverflow.com/a/16201141"", ""16201141"")",0.3779599271402554
"=HYPERLINK(""https://stackoverflow.com/a/16339563"", ""16339563"")",0.42011140428027
"=HYPERLINK(""https://stackoverflow.com/a/16466474"", ""16466474"")",0.5186507936507938
"=HYPERLINK(""https://stackoverflow.com/a/16474481"", ""16474481"")",0.3966408268733846
"=HYPERLINK(""https://stackoverflow.com/a/16617200"", ""16617200"")",0.7427701674277016
"=HYPERLINK(""https://stackoverflow.com/a/16660194"", ""16660194"")",0.11695906432748547
"=HYPERLINK(""https://stackoverflow.com/a/16712735"", ""16712735"")",0.4773946360153257
"=HYPERLINK(""https://stackoverflow.com/a/16787680"", ""16787680"")",0.49159491594915944
"=HYPERLINK(""https://stackoverflow.com/a/16898103"", ""16898103"")",0.06432748538011704
"=HYPERLINK(""https://stackoverflow.com/a/17000486"", ""17000486"")",0.6956735496558513
"=HYPERLINK(""https://stackoverflow.com/a/17033790"", ""17033790"")",0.4030340303403035
"=HYPERLINK(""https://stackoverflow.com/a/17051731"", ""17051731"")",0.354244694132335
"=HYPERLINK(""https://stackoverflow.com/a/17074754"", ""17074754"")",0.6722222222222217
"=HYPERLINK(""https://stackoverflow.com/a/17104230"", ""17104230"")",0.36184036064704295
"=HYPERLINK(""https://stackoverflow.com/a/17213049"", ""17213049"")",0.5392953929539291
"=HYPERLINK(""https://stackoverflow.com/a/17361938"", ""17361938"")",0.6404040404040404
"=HYPERLINK(""https://stackoverflow.com/a/17464737"", ""17464737"")",0.342222222222222
"=HYPERLINK(""https://stackoverflow.com/a/17468551"", ""17468551"")",0.2948865820838138
"=HYPERLINK(""https://stackoverflow.com/a/17535990"", ""17535990"")",0.3633265167007495
"=HYPERLINK(""https://stackoverflow.com/a/17611638"", ""17611638"")",0.8075880758807584
"=HYPERLINK(""https://stackoverflow.com/a/17623015"", ""17623015"")",0.2957516339869281
"=HYPERLINK(""https://stackoverflow.com/a/17666182"", ""17666182"")",0.4417344173441732
"=HYPERLINK(""https://stackoverflow.com/a/17697020"", ""17697020"")",0.5894788593903644
"=HYPERLINK(""https://stackoverflow.com/a/17699652"", ""17699652"")",0.45405613225682395
"=HYPERLINK(""https://stackoverflow.com/a/17813469"", ""17813469"")",0.3770560590802284
"=HYPERLINK(""https://stackoverflow.com/a/17848634"", ""17848634"")",0.18563685636856356
"=HYPERLINK(""https://stackoverflow.com/a/17851828"", ""17851828"")",0.5598845598845597
"=HYPERLINK(""https://stackoverflow.com/a/17931289"", ""17931289"")",0.3394860658704306
"=HYPERLINK(""https://stackoverflow.com/a/17967760"", ""17967760"")",0.5917874396135269
"=HYPERLINK(""https://stackoverflow.com/a/17977965"", ""17977965"")",0.656045751633987
"=HYPERLINK(""https://stackoverflow.com/a/17978405"", ""17978405"")",0.38660578386605793
"=HYPERLINK(""https://stackoverflow.com/a/18167497"", ""18167497"")",0.15079365079365076
"=HYPERLINK(""https://stackoverflow.com/a/18192211"", ""18192211"")",0.31025039123630704
"=HYPERLINK(""https://stackoverflow.com/a/18246199"", ""18246199"")",0.3772037720377204
"=HYPERLINK(""https://stackoverflow.com/a/18258060"", ""18258060"")",0.37720377203772043
"=HYPERLINK(""https://stackoverflow.com/a/18376080"", ""18376080"")",0.3693189964157706
"=HYPERLINK(""https://stackoverflow.com/a/18386381"", ""18386381"")",0.73374295954941
"=HYPERLINK(""https://stackoverflow.com/a/18590475"", ""18590475"")",0.6304500703234875
"=HYPERLINK(""https://stackoverflow.com/a/18873157"", ""18873157"")",0.3825720764496279
"=HYPERLINK(""https://stackoverflow.com/a/18876693"", ""18876693"")",0.22222222222222227
"=HYPERLINK(""https://stackoverflow.com/a/18901127"", ""18901127"")",0.5676767676767677
"=HYPERLINK(""https://stackoverflow.com/a/18924354"", ""18924354"")",0.5267204921184157
"=HYPERLINK(""https://stackoverflow.com/a/18966116"", ""18966116"")",0.7454780361757097
"=HYPERLINK(""https://stackoverflow.com/a/19015275"", ""19015275"")",0.8685636856368559
"=HYPERLINK(""https://stackoverflow.com/a/19083606"", ""19083606"")",0.3135683760683762
"=HYPERLINK(""https://stackoverflow.com/a/19125692"", ""19125692"")",0.3482064741907265
"=HYPERLINK(""https://stackoverflow.com/a/19197624"", ""19197624"")",0.3626163108921727
"=HYPERLINK(""https://stackoverflow.com/a/19251130"", ""19251130"")",0.17571059431524533
"=HYPERLINK(""https://stackoverflow.com/a/19405654"", ""19405654"")",0.3103681188787572
"=HYPERLINK(""https://stackoverflow.com/a/19458732"", ""19458732"")",0.40604575163398693
"=HYPERLINK(""https://stackoverflow.com/a/19459313"", ""19459313"")",0.11352657004830922
"=HYPERLINK(""https://stackoverflow.com/a/19554134"", ""19554134"")",0.3722222222222219
"=HYPERLINK(""https://stackoverflow.com/a/19652323"", ""19652323"")",0.3917723952326026
"=HYPERLINK(""https://stackoverflow.com/a/19800575"", ""19800575"")",0.44654654654654646
"=HYPERLINK(""https://stackoverflow.com/a/19961373"", ""19961373"")",0.615574022776239
"=HYPERLINK(""https://stackoverflow.com/a/20153918"", ""20153918"")",0.5043650793650795
"=HYPERLINK(""https://stackoverflow.com/a/20299749"", ""20299749"")",0.5345647914917431
"=HYPERLINK(""https://stackoverflow.com/a/20560206"", ""20560206"")",0.7694534925805283
"=HYPERLINK(""https://stackoverflow.com/a/20593090"", ""20593090"")",0.3730509515039904
"=HYPERLINK(""https://stackoverflow.com/a/20662649"", ""20662649"")",0.37637241985068026
"=HYPERLINK(""https://stackoverflow.com/a/20718758"", ""20718758"")",0.39696712018140556
"=HYPERLINK(""https://stackoverflow.com/a/20758862"", ""20758862"")",0.6404040404040404
"=HYPERLINK(""https://stackoverflow.com/a/20852800"", ""20852800"")",0.11695906432748522
"=HYPERLINK(""https://stackoverflow.com/a/21037794"", ""21037794"")",0.222222222222222
"=HYPERLINK(""https://stackoverflow.com/a/21101136"", ""21101136"")",0.5683760683760686
"=HYPERLINK(""https://stackoverflow.com/a/21146219"", ""21146219"")",0.23900074571215527
"=HYPERLINK(""https://stackoverflow.com/a/21238778"", ""21238778"")",0.6752608962553716
"=HYPERLINK(""https://stackoverflow.com/a/21240124"", ""21240124"")",0.20048309178743967
"=HYPERLINK(""https://stackoverflow.com/a/21268085"", ""21268085"")",0.4162222222222221
"=HYPERLINK(""https://stackoverflow.com/a/21301857"", ""21301857"")",0.49340866290018787
"=HYPERLINK(""https://stackoverflow.com/a/21501394"", ""21501394"")",0.6590643274853808
"=HYPERLINK(""https://stackoverflow.com/a/21503635"", ""21503635"")",0.33292332923329254
"=HYPERLINK(""https://stackoverflow.com/a/21519585"", ""21519585"")",0.5686789151356089
"=HYPERLINK(""https://stackoverflow.com/a/21610096"", ""21610096"")",0.5735735735735731
"=HYPERLINK(""https://stackoverflow.com/a/21850085"", ""21850085"")",0.5587110346146488
"=HYPERLINK(""https://stackoverflow.com/a/21872615"", ""21872615"")",0.6234198270126412
"=HYPERLINK(""https://stackoverflow.com/a/21989571"", ""21989571"")",0.4553510565780501
"=HYPERLINK(""https://stackoverflow.com/a/22008999"", ""22008999"")",0.3318112633181126
"=HYPERLINK(""https://stackoverflow.com/a/22099506"", ""22099506"")",0.37833081950729
"=HYPERLINK(""https://stackoverflow.com/a/22123416"", ""22123416"")",0.3571915473755962
"=HYPERLINK(""https://stackoverflow.com/a/22195105"", ""22195105"")",0.5659722222222228
"=HYPERLINK(""https://stackoverflow.com/a/22727562"", ""22727562"")",0.4131769960915687
"=HYPERLINK(""https://stackoverflow.com/a/22775486"", ""22775486"")",0.32936507936507925
"=HYPERLINK(""https://stackoverflow.com/a/22837679"", ""22837679"")",0.44365079365079374
"=HYPERLINK(""https://stackoverflow.com/a/22909257"", ""22909257"")",0.18650793650793648
"=HYPERLINK(""https://stackoverflow.com/a/23126238"", ""23126238"")",0.44173441734417307
"=HYPERLINK(""https://stackoverflow.com/a/23300080"", ""23300080"")",0.5851054036638123
"=HYPERLINK(""https://stackoverflow.com/a/23423738"", ""23423738"")",0.39409722222222254
"=HYPERLINK(""https://stackoverflow.com/a/23440940"", ""23440940"")",0.7357357357357351
"=HYPERLINK(""https://stackoverflow.com/a/23459578"", ""23459578"")",0.31025039123630693
"=HYPERLINK(""https://stackoverflow.com/a/23488207"", ""23488207"")",0.30320813771518024
"=HYPERLINK(""https://stackoverflow.com/a/23524185"", ""23524185"")",0.1928104575163398
"=HYPERLINK(""https://stackoverflow.com/a/23558464"", ""23558464"")",0.4611602753195677
"=HYPERLINK(""https://stackoverflow.com/a/23616249"", ""23616249"")",0.27652086475615884
"=HYPERLINK(""https://stackoverflow.com/a/23830565"", ""23830565"")",0.11507936507936506
"=HYPERLINK(""https://stackoverflow.com/a/23912904"", ""23912904"")",0.43650793650793634
"=HYPERLINK(""https://stackoverflow.com/a/23923482"", ""23923482"")",0.5248052480524806
"=HYPERLINK(""https://stackoverflow.com/a/23935464"", ""23935464"")",0.413131313131313
"=HYPERLINK(""https://stackoverflow.com/a/23975488"", ""23975488"")",0.683261183261183
"=HYPERLINK(""https://stackoverflow.com/a/23998976"", ""23998976"")",0.3916782891678287
"=HYPERLINK(""https://stackoverflow.com/a/24148437"", ""24148437"")",0.3420378904249871
"=HYPERLINK(""https://stackoverflow.com/a/24163148"", ""24163148"")",0.5105657805044304
"=HYPERLINK(""https://stackoverflow.com/a/24250446"", ""24250446"")",0.3572489601901367
"=HYPERLINK(""https://stackoverflow.com/a/24319622"", ""24319622"")",0.37494949494949487
"=HYPERLINK(""https://stackoverflow.com/a/24549443"", ""24549443"")",0.29494949494949496
"=HYPERLINK(""https://stackoverflow.com/a/24578840"", ""24578840"")",0.29377857284834047
"=HYPERLINK(""https://stackoverflow.com/a/24703334"", ""24703334"")",0.5639307649357899
"=HYPERLINK(""https://stackoverflow.com/a/24743362"", ""24743362"")",0.38786639400136297
"=HYPERLINK(""https://stackoverflow.com/a/24751612"", ""24751612"")",0.4664082687338497
"=HYPERLINK(""https://stackoverflow.com/a/24781554"", ""24781554"")",0.5862775217613917
"=HYPERLINK(""https://stackoverflow.com/a/24989584"", ""24989584"")",0.3189097781756687
"=HYPERLINK(""https://stackoverflow.com/a/25066429"", ""25066429"")",0.28188131313131304
"=HYPERLINK(""https://stackoverflow.com/a/25115463"", ""25115463"")",0.6507936507936505
"=HYPERLINK(""https://stackoverflow.com/a/25121536"", ""25121536"")",0.4550989345509891
"=HYPERLINK(""https://stackoverflow.com/a/25146212"", ""25146212"")",0.6455351056578043
"=HYPERLINK(""https://stackoverflow.com/a/25147977"", ""25147977"")",0.27889498273410523
"=HYPERLINK(""https://stackoverflow.com/a/25186750"", ""25186750"")",0.5590643274853808
"=HYPERLINK(""https://stackoverflow.com/a/25232257"", ""25232257"")",0.2673774432946587
"=HYPERLINK(""https://stackoverflow.com/a/25302713"", ""25302713"")",0.7290715372907154
"=HYPERLINK(""https://stackoverflow.com/a/25623527"", ""25623527"")",0.39913376645010856
"=HYPERLINK(""https://stackoverflow.com/a/25728954"", ""25728954"")",0.43993439934399353
"=HYPERLINK(""https://stackoverflow.com/a/25732576"", ""25732576"")",0.5735735735735731
"=HYPERLINK(""https://stackoverflow.com/a/25736216"", ""25736216"")",0.262222222222222
"=HYPERLINK(""https://stackoverflow.com/a/25811084"", ""25811084"")",0.3939547450185748
"=HYPERLINK(""https://stackoverflow.com/a/26032244"", ""26032244"")",0.19519519519519507
"=HYPERLINK(""https://stackoverflow.com/a/26158856"", ""26158856"")",0.46798493408662867
"=HYPERLINK(""https://stackoverflow.com/a/26167098"", ""26167098"")",0.2881562881562882
"=HYPERLINK(""https://stackoverflow.com/a/26202196"", ""26202196"")",0.2680237489397797
"=HYPERLINK(""https://stackoverflow.com/a/26268215"", ""26268215"")",0.6522222222222217
"=HYPERLINK(""https://stackoverflow.com/a/26546286"", ""26546286"")",0.6135265700483096
"=HYPERLINK(""https://stackoverflow.com/a/26548701"", ""26548701"")",0.28771340610131524
"=HYPERLINK(""https://stackoverflow.com/a/26592640"", ""26592640"")",0.5780504430811173
"=HYPERLINK(""https://stackoverflow.com/a/26756802"", ""26756802"")",0.47485380116959125
"=HYPERLINK(""https://stackoverflow.com/a/26778286"", ""26778286"")",0.6798493408662895
"=HYPERLINK(""https://stackoverflow.com/a/26843751"", ""26843751"")",0.11507936507936507
"=HYPERLINK(""https://stackoverflow.com/a/27049796"", ""27049796"")",0.5274170274170272
"=HYPERLINK(""https://stackoverflow.com/a/27052641"", ""27052641"")",0.3376068376068375
"=HYPERLINK(""https://stackoverflow.com/a/27132362"", ""27132362"")",0.36846728151075947
"=HYPERLINK(""https://stackoverflow.com/a/27322397"", ""27322397"")",0.4604772557792693
"=HYPERLINK(""https://stackoverflow.com/a/27370649"", ""27370649"")",0.5098934550989345
"=HYPERLINK(""https://stackoverflow.com/a/27411592"", ""27411592"")",0.22222222222222215
"=HYPERLINK(""https://stackoverflow.com/a/27440979"", ""27440979"")",0.5049808429118775
"=HYPERLINK(""https://stackoverflow.com/a/27535856"", ""27535856"")",0.5671589310829813
"=HYPERLINK(""https://stackoverflow.com/a/27786876"", ""27786876"")",0.6490514905149047
"=HYPERLINK(""https://stackoverflow.com/a/27814501"", ""27814501"")",0.7313131313131312
"=HYPERLINK(""https://stackoverflow.com/a/27936204"", ""27936204"")",0.23193994549848312
"=HYPERLINK(""https://stackoverflow.com/a/27950445"", ""27950445"")",0.4965585054080632
"=HYPERLINK(""https://stackoverflow.com/a/28028909"", ""28028909"")",0.7427701674277019
"=HYPERLINK(""https://stackoverflow.com/a/28222898"", ""28222898"")",0.8222222222222215
"=HYPERLINK(""https://stackoverflow.com/a/28227043"", ""28227043"")",0.22222222222222204
"=HYPERLINK(""https://stackoverflow.com/a/28438455"", ""28438455"")",0.5537139349294047
"=HYPERLINK(""https://stackoverflow.com/a/28487009"", ""28487009"")",0.3639545056867896
"=HYPERLINK(""https://stackoverflow.com/a/28600682"", ""28600682"")",0.20048309178743967
"=HYPERLINK(""https://stackoverflow.com/a/28615839"", ""28615839"")",0.4133986928104574
"=HYPERLINK(""https://stackoverflow.com/a/28631753"", ""28631753"")",0.70048309178744
"=HYPERLINK(""https://stackoverflow.com/a/28656603"", ""28656603"")",0.16959064327485365
"=HYPERLINK(""https://stackoverflow.com/a/28672823"", ""28672823"")",0.16816816816816801
"=HYPERLINK(""https://stackoverflow.com/a/28696082"", ""28696082"")",0.5339105339105337
"=HYPERLINK(""https://stackoverflow.com/a/28886691"", ""28886691"")",0.4204729510851966
"=HYPERLINK(""https://stackoverflow.com/a/28920967"", ""28920967"")",0.1695906432748536
"=HYPERLINK(""https://stackoverflow.com/a/29123932"", ""29123932"")",0.37643908969210166
"=HYPERLINK(""https://stackoverflow.com/a/29171902"", ""29171902"")",0.6742770167427702
"=HYPERLINK(""https://stackoverflow.com/a/29361839"", ""29361839"")",0.34327485380117
"=HYPERLINK(""https://stackoverflow.com/a/29540479"", ""29540479"")",0.4673027231166769
"=HYPERLINK(""https://stackoverflow.com/a/29617324"", ""29617324"")",0.45059592464436704
"=HYPERLINK(""https://stackoverflow.com/a/29692713"", ""29692713"")",0.36507936507936517
"=HYPERLINK(""https://stackoverflow.com/a/29840787"", ""29840787"")",0.4703425229741015
"=HYPERLINK(""https://stackoverflow.com/a/29974343"", ""29974343"")",0.371011149557862
"=HYPERLINK(""https://stackoverflow.com/a/30077096"", ""30077096"")",0.7676767676767677
"=HYPERLINK(""https://stackoverflow.com/a/30133007"", ""30133007"")",0.7874396135265705
"=HYPERLINK(""https://stackoverflow.com/a/30341054"", ""30341054"")",0.5983284169124882
"=HYPERLINK(""https://stackoverflow.com/a/30451947"", ""30451947"")",0.43843843843843816
"=HYPERLINK(""https://stackoverflow.com/a/30536592"", ""30536592"")",0.3722222222222219
"=HYPERLINK(""https://stackoverflow.com/a/30562961"", ""30562961"")",0.1929464132853964
"=HYPERLINK(""https://stackoverflow.com/a/30647949"", ""30647949"")",0.43108298171589277
"=HYPERLINK(""https://stackoverflow.com/a/30655398"", ""30655398"")",0.8917137476459502
"=HYPERLINK(""https://stackoverflow.com/a/30672815"", ""30672815"")",0.45490920283164055
"=HYPERLINK(""https://stackoverflow.com/a/30869850"", ""30869850"")",0.44337606837606847
"=HYPERLINK(""https://stackoverflow.com/a/31037561"", ""31037561"")",0.28104575163398693
"=HYPERLINK(""https://stackoverflow.com/a/31049712"", ""31049712"")",0.6440972222222228
"=HYPERLINK(""https://stackoverflow.com/a/31074874"", ""31074874"")",0.32936507936507925
"=HYPERLINK(""https://stackoverflow.com/a/31119582"", ""31119582"")",0.34949494949494947
"=HYPERLINK(""https://stackoverflow.com/a/31313588"", ""31313588"")",0.29219306770327197
"=HYPERLINK(""https://stackoverflow.com/a/31449814"", ""31449814"")",0.23568117242410636
"=HYPERLINK(""https://stackoverflow.com/a/31458141"", ""31458141"")",0.8832391713747638
"=HYPERLINK(""https://stackoverflow.com/a/31669995"", ""31669995"")",0.31013431013431014
"=HYPERLINK(""https://stackoverflow.com/a/31793317"", ""31793317"")",0.4970313825275662
"=HYPERLINK(""https://stackoverflow.com/a/31913087"", ""31913087"")",0.33124477861319945
"=HYPERLINK(""https://stackoverflow.com/a/31931570"", ""31931570"")",0.30691277596815053
"=HYPERLINK(""https://stackoverflow.com/a/32142219"", ""32142219"")",0.3303303303303301
"=HYPERLINK(""https://stackoverflow.com/a/32190580"", ""32190580"")",0.29456264775413715
"=HYPERLINK(""https://stackoverflow.com/a/32204242"", ""32204242"")",0.48642676767676746
"=HYPERLINK(""https://stackoverflow.com/a/32332675"", ""32332675"")",0.6552930883639556
"=HYPERLINK(""https://stackoverflow.com/a/32474137"", ""32474137"")",0.5056867891513568
"=HYPERLINK(""https://stackoverflow.com/a/32516465"", ""32516465"")",0.33251633986928103
"=HYPERLINK(""https://stackoverflow.com/a/32524269"", ""32524269"")",0.3107831078310784
"=HYPERLINK(""https://stackoverflow.com/a/32624913"", ""32624913"")",0.4434611602753199
"=HYPERLINK(""https://stackoverflow.com/a/32656721"", ""32656721"")",0.5020235467255338
"=HYPERLINK(""https://stackoverflow.com/a/32979849"", ""32979849"")",0.4173441734417342
"=HYPERLINK(""https://stackoverflow.com/a/33007478"", ""33007478"")",0.5135608048993882
"=HYPERLINK(""https://stackoverflow.com/a/33017839"", ""33017839"")",0.24924924924924907
"=HYPERLINK(""https://stackoverflow.com/a/33225156"", ""33225156"")",0.40925464117484023
"=HYPERLINK(""https://stackoverflow.com/a/33232319"", ""33232319"")",0.6034376918354821
"=HYPERLINK(""https://stackoverflow.com/a/33422145"", ""33422145"")",0.6440972222222227
"=HYPERLINK(""https://stackoverflow.com/a/33468924"", ""33468924"")",0.4057786275759509
"=HYPERLINK(""https://stackoverflow.com/a/33581549"", ""33581549"")",0.5422222222222219
"=HYPERLINK(""https://stackoverflow.com/a/33639513"", ""33639513"")",0.8315972222222232
"=HYPERLINK(""https://stackoverflow.com/a/33639777"", ""33639777"")",0.737847222222223
"=HYPERLINK(""https://stackoverflow.com/a/33649960"", ""33649960"")",0.450568678915136
"=HYPERLINK(""https://stackoverflow.com/a/33833684"", ""33833684"")",0.42002442002442003
"=HYPERLINK(""https://stackoverflow.com/a/34009080"", ""34009080"")",0.6918354818907307
"=HYPERLINK(""https://stackoverflow.com/a/34011783"", ""34011783"")",0.47983995075407815
"=HYPERLINK(""https://stackoverflow.com/a/34496377"", ""34496377"")",0.37476459510357824
"=HYPERLINK(""https://stackoverflow.com/a/34570835"", ""34570835"")",0.5066533599467729
"=HYPERLINK(""https://stackoverflow.com/a/34621056"", ""34621056"")",0.5337800111669454
"=HYPERLINK(""https://stackoverflow.com/a/34684745"", ""34684745"")",0.6006006006006002
"=HYPERLINK(""https://stackoverflow.com/a/35164291"", ""35164291"")",0.3241900218644406
"=HYPERLINK(""https://stackoverflow.com/a/35344500"", ""35344500"")",0.3845598845598843
"=HYPERLINK(""https://stackoverflow.com/a/35433688"", ""35433688"")",0.7137476459510351
"=HYPERLINK(""https://stackoverflow.com/a/35439892"", ""35439892"")",0.31727172717271707
"=HYPERLINK(""https://stackoverflow.com/a/35606984"", ""35606984"")",0.5209006363191391
"=HYPERLINK(""https://stackoverflow.com/a/35832691"", ""35832691"")",0.3799403430275916
"=HYPERLINK(""https://stackoverflow.com/a/35922950"", ""35922950"")",0.6119281045751634
"=HYPERLINK(""https://stackoverflow.com/a/36216830"", ""36216830"")",0.543830262423227
"=HYPERLINK(""https://stackoverflow.com/a/36225658"", ""36225658"")",0.20842911877394638
"=HYPERLINK(""https://stackoverflow.com/a/36346087"", ""36346087"")",0.36976320582878003
"=HYPERLINK(""https://stackoverflow.com/a/36430598"", ""36430598"")",0.6762099522835713
"=HYPERLINK(""https://stackoverflow.com/a/36468720"", ""36468720"")",0.7826617826617827
"=HYPERLINK(""https://stackoverflow.com/a/36548414"", ""36548414"")",0.48429118773946367
"=HYPERLINK(""https://stackoverflow.com/a/36565260"", ""36565260"")",0.6597222222222227
"=HYPERLINK(""https://stackoverflow.com/a/36633123"", ""36633123"")",0.31238615664845204
"=HYPERLINK(""https://stackoverflow.com/a/36909004"", ""36909004"")",0.5214348206474199
"=HYPERLINK(""https://stackoverflow.com/a/36950243"", ""36950243"")",0.597912829957029
"=HYPERLINK(""https://stackoverflow.com/a/37077215"", ""37077215"")",0.2817704768423452
"=HYPERLINK(""https://stackoverflow.com/a/37234921"", ""37234921"")",0.3243498817966904
"=HYPERLINK(""https://stackoverflow.com/a/37388198"", ""37388198"")",0.548752834467121
"=HYPERLINK(""https://stackoverflow.com/a/37465690"", ""37465690"")",0.6432748538011704
"=HYPERLINK(""https://stackoverflow.com/a/37508846"", ""37508846"")",0.5866290018832384
"=HYPERLINK(""https://stackoverflow.com/a/38286739"", ""38286739"")",0.43650793650793634
"=HYPERLINK(""https://stackoverflow.com/a/38434649"", ""38434649"")",0.24547803617571032
"=HYPERLINK(""https://stackoverflow.com/a/38823177"", ""38823177"")",0.3873165618448639
"=HYPERLINK(""https://stackoverflow.com/a/38901004"", ""38901004"")",0.32468123861566517
"=HYPERLINK(""https://stackoverflow.com/a/38992083"", ""38992083"")",0.23630672926447568
"=HYPERLINK(""https://stackoverflow.com/a/39110466"", ""39110466"")",0.31676767676767664
"=HYPERLINK(""https://stackoverflow.com/a/39167383"", ""39167383"")",0.34198270126413827
"=HYPERLINK(""https://stackoverflow.com/a/39241207"", ""39241207"")",0.11695906432748546
"=HYPERLINK(""https://stackoverflow.com/a/39297518"", ""39297518"")",0.5404040404040401
"=HYPERLINK(""https://stackoverflow.com/a/39348574"", ""39348574"")",0.36865079365079373
"=HYPERLINK(""https://stackoverflow.com/a/39578756"", ""39578756"")",0.2685931899641579
"=HYPERLINK(""https://stackoverflow.com/a/39718080"", ""39718080"")",0.34245343609505463
"=HYPERLINK(""https://stackoverflow.com/a/39725377"", ""39725377"")",0.5622222222222216
"=HYPERLINK(""https://stackoverflow.com/a/39791939"", ""39791939"")",0.28952991452991456
"=HYPERLINK(""https://stackoverflow.com/a/39948462"", ""39948462"")",0.5144300144300142
"=HYPERLINK(""https://stackoverflow.com/a/40071810"", ""40071810"")",0.38660578386605776
"=HYPERLINK(""https://stackoverflow.com/a/40417756"", ""40417756"")",0.6039016115352002
"=HYPERLINK(""https://stackoverflow.com/a/40489105"", ""40489105"")",0.38757655293088433
"=HYPERLINK(""https://stackoverflow.com/a/40528933"", ""40528933"")",0.5951951951951946
"=HYPERLINK(""https://stackoverflow.com/a/40657638"", ""40657638"")",0.4318030605455754
"=HYPERLINK(""https://stackoverflow.com/a/41049182"", ""41049182"")",0.4550989345509893
"=HYPERLINK(""https://stackoverflow.com/a/41146014"", ""41146014"")",0.29365079365079355
"=HYPERLINK(""https://stackoverflow.com/a/41228021"", ""41228021"")",0.49365079365079373
"=HYPERLINK(""https://stackoverflow.com/a/41580964"", ""41580964"")",0.4622222222222228
"=HYPERLINK(""https://stackoverflow.com/a/41591013"", ""41591013"")",0.753472222222223
"=HYPERLINK(""https://stackoverflow.com/a/41631808"", ""41631808"")",0.23784722222222235
"=HYPERLINK(""https://stackoverflow.com/a/41772241"", ""41772241"")",0.6395450568678924
"=HYPERLINK(""https://stackoverflow.com/a/41820018"", ""41820018"")",0.40972222222222254
"=HYPERLINK(""https://stackoverflow.com/a/42059219"", ""42059219"")",0.3641290958364127
"=HYPERLINK(""https://stackoverflow.com/a/42090637"", ""42090637"")",0.22837606837606855
"=HYPERLINK(""https://stackoverflow.com/a/42113856"", ""42113856"")",0.45103578154425583
"=HYPERLINK(""https://stackoverflow.com/a/42395572"", ""42395572"")",0.36390600045630817
"=HYPERLINK(""https://stackoverflow.com/a/42530842"", ""42530842"")",0.5148358585858582
"=HYPERLINK(""https://stackoverflow.com/a/42638421"", ""42638421"")",0.8479890933878653
"=HYPERLINK(""https://stackoverflow.com/a/42783612"", ""42783612"")",0.5384277558190594
"=HYPERLINK(""https://stackoverflow.com/a/42823880"", ""42823880"")",0.426601784266018
"=HYPERLINK(""https://stackoverflow.com/a/42862884"", ""42862884"")",0.6353204589980401
"=HYPERLINK(""https://stackoverflow.com/a/42940523"", ""42940523"")",0.36235568266073526
"=HYPERLINK(""https://stackoverflow.com/a/43116689"", ""43116689"")",0.6116959064327492
"=HYPERLINK(""https://stackoverflow.com/a/43157480"", ""43157480"")",0.4722222222222219
"=HYPERLINK(""https://stackoverflow.com/a/43216699"", ""43216699"")",0.33697632058287824
"=HYPERLINK(""https://stackoverflow.com/a/43281136"", ""43281136"")",0.5546085858585856
"=HYPERLINK(""https://stackoverflow.com/a/43332833"", ""43332833"")",0.4499145299145305
"=HYPERLINK(""https://stackoverflow.com/a/43350213"", ""43350213"")",0.5371828521434826
"=HYPERLINK(""https://stackoverflow.com/a/43365923"", ""43365923"")",0.4841869577385945
"=HYPERLINK(""https://stackoverflow.com/a/43368289"", ""43368289"")",0.3875765529308841
"=HYPERLINK(""https://stackoverflow.com/a/43379332"", ""43379332"")",0.41339869281045755
"=HYPERLINK(""https://stackoverflow.com/a/43595327"", ""43595327"")",0.26633986928104564
"=HYPERLINK(""https://stackoverflow.com/a/43908905"", ""43908905"")",0.15700483091787445
"=HYPERLINK(""https://stackoverflow.com/a/44243840"", ""44243840"")",0.3452991452991456
"=HYPERLINK(""https://stackoverflow.com/a/44377962"", ""44377962"")",0.47702991452991467
"=HYPERLINK(""https://stackoverflow.com/a/44446511"", ""44446511"")",0.24407096171802048
"=HYPERLINK(""https://stackoverflow.com/a/44710352"", ""44710352"")",0.3934695795160913
"=HYPERLINK(""https://stackoverflow.com/a/44889233"", ""44889233"")",0.5920852359208523
"=HYPERLINK(""https://stackoverflow.com/a/44904068"", ""44904068"")",0.5322222222222218
"=HYPERLINK(""https://stackoverflow.com/a/45028639"", ""45028639"")",0.43594253884491385
"=HYPERLINK(""https://stackoverflow.com/a/45104780"", ""45104780"")",0.3898868928809047
"=HYPERLINK(""https://stackoverflow.com/a/45331571"", ""45331571"")",0.44173441734417296
"=HYPERLINK(""https://stackoverflow.com/a/45476085"", ""45476085"")",0.4462041226747108
"=HYPERLINK(""https://stackoverflow.com/a/45735159"", ""45735159"")",0.7153729071537291
"=HYPERLINK(""https://stackoverflow.com/a/45953865"", ""45953865"")",0.2481962481962481
"=HYPERLINK(""https://stackoverflow.com/a/46061075"", ""46061075"")",0.5358753587535876
"=HYPERLINK(""https://stackoverflow.com/a/46070695"", ""46070695"")",0.4522222222222219
"=HYPERLINK(""https://stackoverflow.com/a/46107344"", ""46107344"")",0.3726781492738941
"=HYPERLINK(""https://stackoverflow.com/a/46204313"", ""46204313"")",0.49159491594915955
"=HYPERLINK(""https://stackoverflow.com/a/46279599"", ""46279599"")",0.5463601532567051
"=HYPERLINK(""https://stackoverflow.com/a/46334185"", ""46334185"")",0.5144757433489835
"=HYPERLINK(""https://stackoverflow.com/a/46498282"", ""46498282"")",0.24400440044004396
"=HYPERLINK(""https://stackoverflow.com/a/46523292"", ""46523292"")",0.3161819537658466
"=HYPERLINK(""https://stackoverflow.com/a/46680443"", ""46680443"")",0.33869949494949475
"=HYPERLINK(""https://stackoverflow.com/a/46748097"", ""46748097"")",0.5144300144300141
"=HYPERLINK(""https://stackoverflow.com/a/46883066"", ""46883066"")",0.37563131313131304
"=HYPERLINK(""https://stackoverflow.com/a/46933283"", ""46933283"")",0.585858585858586
"=HYPERLINK(""https://stackoverflow.com/a/47000680"", ""47000680"")",0.427433948606587
"=HYPERLINK(""https://stackoverflow.com/a/47009373"", ""47009373"")",0.41349739000745733
"=HYPERLINK(""https://stackoverflow.com/a/47064222"", ""47064222"")",0.7222222222222218
"=HYPERLINK(""https://stackoverflow.com/a/47206474"", ""47206474"")",0.5790061418202118
"=HYPERLINK(""https://stackoverflow.com/a/47415106"", ""47415106"")",0.8832391713747638
"=HYPERLINK(""https://stackoverflow.com/a/47529144"", ""47529144"")",0.11507936507936507
"=HYPERLINK(""https://stackoverflow.com/a/47548806"", ""47548806"")",0.2831978319783196
"=HYPERLINK(""https://stackoverflow.com/a/47599711"", ""47599711"")",0.6124661246612463
"=HYPERLINK(""https://stackoverflow.com/a/47819625"", ""47819625"")",0.5522222222222217
"=HYPERLINK(""https://stackoverflow.com/a/47857792"", ""47857792"")",0.4114114114114111
"=HYPERLINK(""https://stackoverflow.com/a/47933439"", ""47933439"")",0.3526570048309176
"=HYPERLINK(""https://stackoverflow.com/a/48002996"", ""48002996"")",0.3154425612052728
"=HYPERLINK(""https://stackoverflow.com/a/48201211"", ""48201211"")",0.35199321458863475
"=HYPERLINK(""https://stackoverflow.com/a/48306675"", ""48306675"")",0.26570048309178756
"=HYPERLINK(""https://stackoverflow.com/a/48324911"", ""48324911"")",0.3852991452991458
"=HYPERLINK(""https://stackoverflow.com/a/48347889"", ""48347889"")",0.5144136579904834
"=HYPERLINK(""https://stackoverflow.com/a/48510321"", ""48510321"")",0.4077975868899691
"=HYPERLINK(""https://stackoverflow.com/a/48529617"", ""48529617"")",0.5922222222222218
"=HYPERLINK(""https://stackoverflow.com/a/48559177"", ""48559177"")",0.5524361259655378
"=HYPERLINK(""https://stackoverflow.com/a/48728936"", ""48728936"")",0.44404040404040396
"=HYPERLINK(""https://stackoverflow.com/a/48823398"", ""48823398"")",0.498538011695906
"=HYPERLINK(""https://stackoverflow.com/a/48900580"", ""48900580"")",0.18585858585858586
"=HYPERLINK(""https://stackoverflow.com/a/49048203"", ""49048203"")",0.7451580020387364
"=HYPERLINK(""https://stackoverflow.com/a/49059818"", ""49059818"")",0.5187338501291983
"=HYPERLINK(""https://stackoverflow.com/a/49188835"", ""49188835"")",0.33211233211233204
"=HYPERLINK(""https://stackoverflow.com/a/49229559"", ""49229559"")",0.7222222222222223
"=HYPERLINK(""https://stackoverflow.com/a/49262615"", ""49262615"")",0.6374764595103574
"=HYPERLINK(""https://stackoverflow.com/a/49265692"", ""49265692"")",0.5149051490514901
"=HYPERLINK(""https://stackoverflow.com/a/49284492"", ""49284492"")",0.16959064327485365
"=HYPERLINK(""https://stackoverflow.com/a/49287767"", ""49287767"")",0.6748538011695915
"=HYPERLINK(""https://stackoverflow.com/a/49326529"", ""49326529"")",0.3411738351254481
"=HYPERLINK(""https://stackoverflow.com/a/49423754"", ""49423754"")",0.53578154425612
"=HYPERLINK(""https://stackoverflow.com/a/49637439"", ""49637439"")",0.1909722222222223
"=HYPERLINK(""https://stackoverflow.com/a/50232430"", ""50232430"")",0.5071059431524544
"=HYPERLINK(""https://stackoverflow.com/a/50239551"", ""50239551"")",0.2696905766526019
"=HYPERLINK(""https://stackoverflow.com/a/50268142"", ""50268142"")",0.6767676767676768
"=HYPERLINK(""https://stackoverflow.com/a/50273492"", ""50273492"")",0.37394636015325666
"=HYPERLINK(""https://stackoverflow.com/a/50298641"", ""50298641"")",0.41702741702741664
"=HYPERLINK(""https://stackoverflow.com/a/50298793"", ""50298793"")",0.8319783197831974
"=HYPERLINK(""https://stackoverflow.com/a/50314266"", ""50314266"")",0.3911972914742999
"=HYPERLINK(""https://stackoverflow.com/a/50451267"", ""50451267"")",0.3017676767676767
"=HYPERLINK(""https://stackoverflow.com/a/50513419"", ""50513419"")",0.6552930883639554
"=HYPERLINK(""https://stackoverflow.com/a/50588363"", ""50588363"")",0.7087087087087081
"=HYPERLINK(""https://stackoverflow.com/a/50826074"", ""50826074"")",0.22222222222222235
"=HYPERLINK(""https://stackoverflow.com/a/50862071"", ""50862071"")",0.4695906432748544
"=HYPERLINK(""https://stackoverflow.com/a/50907389"", ""50907389"")",0.8156288156288156
"=HYPERLINK(""https://stackoverflow.com/a/51001395"", ""51001395"")",0.5149051490514901
"=HYPERLINK(""https://stackoverflow.com/a/51145371"", ""51145371"")",0.3036175710594314
"=HYPERLINK(""https://stackoverflow.com/a/51207126"", ""51207126"")",0.406432748538012
"=HYPERLINK(""https://stackoverflow.com/a/51350197"", ""51350197"")",0.8040404040404042
"=HYPERLINK(""https://stackoverflow.com/a/51402867"", ""51402867"")",0.11695906432748529
"=HYPERLINK(""https://stackoverflow.com/a/51535878"", ""51535878"")",0.30828779599271433
"=HYPERLINK(""https://stackoverflow.com/a/51569549"", ""51569549"")",0.3453749315818281
"=HYPERLINK(""https://stackoverflow.com/a/51615179"", ""51615179"")",0.6789529914529916
"=HYPERLINK(""https://stackoverflow.com/a/51651376"", ""51651376"")",0.8386605783866057
"=HYPERLINK(""https://stackoverflow.com/a/51685342"", ""51685342"")",0.6947496947496947
"=HYPERLINK(""https://stackoverflow.com/a/51686116"", ""51686116"")",0.28874106922887405
"=HYPERLINK(""https://stackoverflow.com/a/51815580"", ""51815580"")",0.34166940879675334
"=HYPERLINK(""https://stackoverflow.com/a/51925395"", ""51925395"")",0.30079365079365095
"=HYPERLINK(""https://stackoverflow.com/a/51995839"", ""51995839"")",0.2897068847989091
"=HYPERLINK(""https://stackoverflow.com/a/52117002"", ""52117002"")",0.3284169124877093
"=HYPERLINK(""https://stackoverflow.com/a/52615670"", ""52615670"")",0.38585858585858585
"=HYPERLINK(""https://stackoverflow.com/a/52644933"", ""52644933"")",0.5305226174791388
"=HYPERLINK(""https://stackoverflow.com/a/52668400"", ""52668400"")",0.48790487904879054
"=HYPERLINK(""https://stackoverflow.com/a/52925361"", ""52925361"")",0.7669030732860521
"=HYPERLINK(""https://stackoverflow.com/a/53409503"", ""53409503"")",0.5481890730509517
"=HYPERLINK(""https://stackoverflow.com/a/53441369"", ""53441369"")",0.22222222222222218
"=HYPERLINK(""https://stackoverflow.com/a/53837757"", ""53837757"")",0.35325670498084294
"=HYPERLINK(""https://stackoverflow.com/a/54119751"", ""54119751"")",0.3101701049583785
"=HYPERLINK(""https://stackoverflow.com/a/54143307"", ""54143307"")",0.28815628815628813
"=HYPERLINK(""https://stackoverflow.com/a/54511997"", ""54511997"")",0.785858585858586
"=HYPERLINK(""https://stackoverflow.com/a/54523549"", ""54523549"")",0.5187338501291984
"=HYPERLINK(""https://stackoverflow.com/a/54560039"", ""54560039"")",0.5236928104575164
"=HYPERLINK(""https://stackoverflow.com/a/54884377"", ""54884377"")",0.37970253718285235
"=HYPERLINK(""https://stackoverflow.com/a/55053690"", ""55053690"")",0.5858585858585854
"=HYPERLINK(""https://stackoverflow.com/a/55064367"", ""55064367"")",0.30663780663780643
"=HYPERLINK(""https://stackoverflow.com/a/55118067"", ""55118067"")",0.5048309178743964
"=HYPERLINK(""https://stackoverflow.com/a/55226940"", ""55226940"")",0.7953929539295389
"=HYPERLINK(""https://stackoverflow.com/a/55452753"", ""55452753"")",0.2906432748538015
"=HYPERLINK(""https://stackoverflow.com/a/55512767"", ""55512767"")",0.4605943152454776
"=HYPERLINK(""https://stackoverflow.com/a/55531612"", ""55531612"")",0.5019055995309297
"=HYPERLINK(""https://stackoverflow.com/a/55685819"", ""55685819"")",0.6440972222222227
"=HYPERLINK(""https://stackoverflow.com/a/55795730"", ""55795730"")",0.3870870870870867
"=HYPERLINK(""https://stackoverflow.com/a/55823891"", ""55823891"")",0.38575605680868835
"=HYPERLINK(""https://stackoverflow.com/a/55851832"", ""55851832"")",0.3294886582083811
"=HYPERLINK(""https://stackoverflow.com/a/56046628"", ""56046628"")",0.2856025039123633
"=HYPERLINK(""https://stackoverflow.com/a/56085304"", ""56085304"")",0.7576552930883651
"=HYPERLINK(""https://stackoverflow.com/a/56095629"", ""56095629"")",0.7844342037890413
"=HYPERLINK(""https://stackoverflow.com/a/56149031"", ""56149031"")",0.3382016036655211
"=HYPERLINK(""https://stackoverflow.com/a/56160872"", ""56160872"")",0.4256120527306966
"=HYPERLINK(""https://stackoverflow.com/a/56169771"", ""56169771"")",0.631671041119861
"=HYPERLINK(""https://stackoverflow.com/a/56232111"", ""56232111"")",0.22222222222222215
"=HYPERLINK(""https://stackoverflow.com/a/56270750"", ""56270750"")",0.3690112130479104
"=HYPERLINK(""https://stackoverflow.com/a/56331611"", ""56331611"")",0.31524547803617536
"=HYPERLINK(""https://stackoverflow.com/a/56565535"", ""56565535"")",0.324527697726545
"=HYPERLINK(""https://stackoverflow.com/a/56661145"", ""56661145"")",0.3845838458384585
"=HYPERLINK(""https://stackoverflow.com/a/56683892"", ""56683892"")",0.8386605783866057
"=HYPERLINK(""https://stackoverflow.com/a/56755714"", ""56755714"")",0.3645512425549395
"=HYPERLINK(""https://stackoverflow.com/a/56807265"", ""56807265"")",0.30222222222222206
"=HYPERLINK(""https://stackoverflow.com/a/56840712"", ""56840712"")",0.3102904040404039
"=HYPERLINK(""https://stackoverflow.com/a/56954436"", ""56954436"")",0.3519932145886346
"=HYPERLINK(""https://stackoverflow.com/a/57027397"", ""57027397"")",0.6374764595103574
"=HYPERLINK(""https://stackoverflow.com/a/57094377"", ""57094377"")",0.5908858166922676
"=HYPERLINK(""https://stackoverflow.com/a/57152233"", ""57152233"")",0.6192071468453373
"=HYPERLINK(""https://stackoverflow.com/a/57256603"", ""57256603"")",0.5316144874155926
"=HYPERLINK(""https://stackoverflow.com/a/57261399"", ""57261399"")",0.4086629001883235
"=HYPERLINK(""https://stackoverflow.com/a/57354521"", ""57354521"")",0.26879756468797555
"=HYPERLINK(""https://stackoverflow.com/a/57388324"", ""57388324"")",0.43650793650793623
"=HYPERLINK(""https://stackoverflow.com/a/57426020"", ""57426020"")",0.49216087252897034
"=HYPERLINK(""https://stackoverflow.com/a/57468904"", ""57468904"")",0.3696876600102401
"=HYPERLINK(""https://stackoverflow.com/a/57531976"", ""57531976"")",0.33729071537290706
"=HYPERLINK(""https://stackoverflow.com/a/57562433"", ""57562433"")",0.6035781544256116
"=HYPERLINK(""https://stackoverflow.com/a/57649825"", ""57649825"")",0.6816816816816811
"=HYPERLINK(""https://stackoverflow.com/a/57677944"", ""57677944"")",0.35882016036655207
"=HYPERLINK(""https://stackoverflow.com/a/57728780"", ""57728780"")",0.34399343993439935
"=HYPERLINK(""https://stackoverflow.com/a/57734267"", ""57734267"")",0.31978319783197806
"=HYPERLINK(""https://stackoverflow.com/a/57741462"", ""57741462"")",0.2966604244694136
"=HYPERLINK(""https://stackoverflow.com/a/57755816"", ""57755816"")",0.4040404040404038
"=HYPERLINK(""https://stackoverflow.com/a/57760679"", ""57760679"")",0.29612522453169104
"=HYPERLINK(""https://stackoverflow.com/a/57781519"", ""57781519"")",0.3878663940013632
"=HYPERLINK(""https://stackoverflow.com/a/57843034"", ""57843034"")",0.4202087994034305
"=HYPERLINK(""https://stackoverflow.com/a/57968691"", ""57968691"")",0.21374764595103568
"=HYPERLINK(""https://stackoverflow.com/a/58000861"", ""58000861"")",0.34417344173441716
"=HYPERLINK(""https://stackoverflow.com/a/58200921"", ""58200921"")",0.46897546897546877
"=HYPERLINK(""https://stackoverflow.com/a/58299013"", ""58299013"")",0.44256120527306947
"=HYPERLINK(""https://stackoverflow.com/a/58391195"", ""58391195"")",0.5735735735735731
"=HYPERLINK(""https://stackoverflow.com/a/58398768"", ""58398768"")",0.409722222222222
"=HYPERLINK(""https://stackoverflow.com/a/58407915"", ""58407915"")",0.5251538183134272
"=HYPERLINK(""https://stackoverflow.com/a/58662786"", ""58662786"")",0.8578154425612047
"=HYPERLINK(""https://stackoverflow.com/a/58751090"", ""58751090"")",0.2585858585858586
"=HYPERLINK(""https://stackoverflow.com/a/58886343"", ""58886343"")",0.4213172448466565
"=HYPERLINK(""https://stackoverflow.com/a/58981881"", ""58981881"")",0.4228301249577846
"=HYPERLINK(""https://stackoverflow.com/a/58991105"", ""58991105"")",0.47567844342037835
"=HYPERLINK(""https://stackoverflow.com/a/59078189"", ""59078189"")",0.4949494949494949
"=HYPERLINK(""https://stackoverflow.com/a/59143435"", ""59143435"")",0.3324706694271914
"=HYPERLINK(""https://stackoverflow.com/a/59324224"", ""59324224"")",0.4412943871706757
"=HYPERLINK(""https://stackoverflow.com/a/59337479"", ""59337479"")",0.434820647419073
"=HYPERLINK(""https://stackoverflow.com/a/59364144"", ""59364144"")",0.5011695906432755
"=HYPERLINK(""https://stackoverflow.com/a/59456760"", ""59456760"")",0.5574991901522521
"=HYPERLINK(""https://stackoverflow.com/a/59512302"", ""59512302"")",0.24527943827687615
"=HYPERLINK(""https://stackoverflow.com/a/59727528"", ""59727528"")",0.39227767508728706
"=HYPERLINK(""https://stackoverflow.com/a/59731429"", ""59731429"")",0.47006083893691974
"=HYPERLINK(""https://stackoverflow.com/a/59796052"", ""59796052"")",0.6722222222222216
"=HYPERLINK(""https://stackoverflow.com/a/59893655"", ""59893655"")",0.21972845663618706
"=HYPERLINK(""https://stackoverflow.com/a/59938325"", ""59938325"")",0.32936507936507925
"=HYPERLINK(""https://stackoverflow.com/a/60044429"", ""60044429"")",0.2565230137789506
"=HYPERLINK(""https://stackoverflow.com/a/60097809"", ""60097809"")",0.280683760683761
"=HYPERLINK(""https://stackoverflow.com/a/60121754"", ""60121754"")",0.347831978319783
"=HYPERLINK(""https://stackoverflow.com/a/60302444"", ""60302444"")",0.35920852359208516
"=HYPERLINK(""https://stackoverflow.com/a/60307910"", ""60307910"")",0.45598845598845567
"=HYPERLINK(""https://stackoverflow.com/a/60328029"", ""60328029"")",0.22222222222222218
"=HYPERLINK(""https://stackoverflow.com/a/60382575"", ""60382575"")",0.8104575163398694
"=HYPERLINK(""https://stackoverflow.com/a/60393575"", ""60393575"")",0.3161448741559238
"=HYPERLINK(""https://stackoverflow.com/a/60421411"", ""60421411"")",0.34566188935120995
"=HYPERLINK(""https://stackoverflow.com/a/60549230"", ""60549230"")",0.4425612052730696
"=HYPERLINK(""https://stackoverflow.com/a/60609605"", ""60609605"")",0.4510045100451007
"=HYPERLINK(""https://stackoverflow.com/a/60614488"", ""60614488"")",0.7222222222222227
"=HYPERLINK(""https://stackoverflow.com/a/60615331"", ""60615331"")",0.4649000464900044
"=HYPERLINK(""https://stackoverflow.com/a/60666129"", ""60666129"")",0.7642069550466508
"=HYPERLINK(""https://stackoverflow.com/a/60696383"", ""60696383"")",0.19519519519519507
"=HYPERLINK(""https://stackoverflow.com/a/60699732"", ""60699732"")",0.46071594607159433
"=HYPERLINK(""https://stackoverflow.com/a/60853703"", ""60853703"")",0.38398692810457513
"=HYPERLINK(""https://stackoverflow.com/a/60868547"", ""60868547"")",0.6222222222222222
"=HYPERLINK(""https://stackoverflow.com/a/60912496"", ""60912496"")",0.5900793650793652
"=HYPERLINK(""https://stackoverflow.com/a/60929686"", ""60929686"")",0.4084291187739464
"=HYPERLINK(""https://stackoverflow.com/a/61049073"", ""61049073"")",0.4585858585858585
"=HYPERLINK(""https://stackoverflow.com/a/61079380"", ""61079380"")",0.8660578386605783
"=HYPERLINK(""https://stackoverflow.com/a/61101398"", ""61101398"")",0.26720492118416
"=HYPERLINK(""https://stackoverflow.com/a/61148818"", ""61148818"")",0.3161501159603629
"=HYPERLINK(""https://stackoverflow.com/a/61196202"", ""61196202"")",0.6404914529914532
"=HYPERLINK(""https://stackoverflow.com/a/61249724"", ""61249724"")",0.9788426509738001
"=HYPERLINK(""https://stackoverflow.com/a/61319400"", ""61319400"")",0.2936507936507938
"=HYPERLINK(""https://stackoverflow.com/a/61355708"", ""61355708"")",0.2868376068376071
"=HYPERLINK(""https://stackoverflow.com/a/61364968"", ""61364968"")",0.3592085235920852
"=HYPERLINK(""https://stackoverflow.com/a/61369736"", ""61369736"")",0.7466124661246608
"=HYPERLINK(""https://stackoverflow.com/a/61391821"", ""61391821"")",0.7378472222222228
"=HYPERLINK(""https://stackoverflow.com/a/61429183"", ""61429183"")",0.4553510565780501
"=HYPERLINK(""https://stackoverflow.com/a/61489133"", ""61489133"")",0.3713934929404544
"=HYPERLINK(""https://stackoverflow.com/a/61489317"", ""61489317"")",0.22222222222222193
"=HYPERLINK(""https://stackoverflow.com/a/61516547"", ""61516547"")",0.4773768613974799
"=HYPERLINK(""https://stackoverflow.com/a/61550128"", ""61550128"")",0.37586343003749767
"=HYPERLINK(""https://stackoverflow.com/a/61667397"", ""61667397"")",0.26204523107177985
"=HYPERLINK(""https://stackoverflow.com/a/61690245"", ""61690245"")",0.28623360202307574
"=HYPERLINK(""https://stackoverflow.com/a/61820094"", ""61820094"")",0.22222222222222232
"=HYPERLINK(""https://stackoverflow.com/a/61869693"", ""61869693"")",0.7181238615664852
"=HYPERLINK(""https://stackoverflow.com/a/61902580"", ""61902580"")",0.34559884559884546
"=HYPERLINK(""https://stackoverflow.com/a/61937070"", ""61937070"")",0.3945459820133451
"=HYPERLINK(""https://stackoverflow.com/a/62080471"", ""62080471"")",0.3929539295392951
"=HYPERLINK(""https://stackoverflow.com/a/62090087"", ""62090087"")",0.3791989664082686
"=HYPERLINK(""https://stackoverflow.com/a/62170489"", ""62170489"")",0.4992305324715297
"=HYPERLINK(""https://stackoverflow.com/a/62302352"", ""62302352"")",0.49900793650793607
"=HYPERLINK(""https://stackoverflow.com/a/62379964"", ""62379964"")",0.6468797564687974
"=HYPERLINK(""https://stackoverflow.com/a/62405772"", ""62405772"")",0.6001024065540187
"=HYPERLINK(""https://stackoverflow.com/a/62492519"", ""62492519"")",0.4040404040404038
"=HYPERLINK(""https://stackoverflow.com/a/62547269"", ""62547269"")",0.815972222222223
"=HYPERLINK(""https://stackoverflow.com/a/62548255"", ""62548255"")",0.6118326118326115
"=HYPERLINK(""https://stackoverflow.com/a/62665332"", ""62665332"")",0.8197831978319778
"=HYPERLINK(""https://stackoverflow.com/a/62666755"", ""62666755"")",0.42720837180670984
"=HYPERLINK(""https://stackoverflow.com/a/62666888"", ""62666888"")",0.4819624819624817
"=HYPERLINK(""https://stackoverflow.com/a/62682542"", ""62682542"")",0.4912095639943736
"=HYPERLINK(""https://stackoverflow.com/a/62694002"", ""62694002"")",0.3542976939203355
"=HYPERLINK(""https://stackoverflow.com/a/62940317"", ""62940317"")",0.509107468123862
"=HYPERLINK(""https://stackoverflow.com/a/62999679"", ""62999679"")",0.5850540806293023
"=HYPERLINK(""https://stackoverflow.com/a/63070057"", ""63070057"")",0.35781544256120495
"=HYPERLINK(""https://stackoverflow.com/a/63116139"", ""63116139"")",0.2818248712288447
"=HYPERLINK(""https://stackoverflow.com/a/63179203"", ""63179203"")",0.42664211172498484
"=HYPERLINK(""https://stackoverflow.com/a/63209701"", ""63209701"")",0.3960632818248714
"=HYPERLINK(""https://stackoverflow.com/a/63241139"", ""63241139"")",0.44140030441400296
"=HYPERLINK(""https://stackoverflow.com/a/63246629"", ""63246629"")",0.30361757105943127
"=HYPERLINK(""https://stackoverflow.com/a/63275523"", ""63275523"")",0.5509893455098935
"=HYPERLINK(""https://stackoverflow.com/a/63317973"", ""63317973"")",0.39956212370005456
"=HYPERLINK(""https://stackoverflow.com/a/63371856"", ""63371856"")",0.2737113691177295
"=HYPERLINK(""https://stackoverflow.com/a/63449277"", ""63449277"")",0.48401467505241097
"=HYPERLINK(""https://stackoverflow.com/a/63475028"", ""63475028"")",0.39313131313131305
"=HYPERLINK(""https://stackoverflow.com/a/63483412"", ""63483412"")",0.67891513560805
"=HYPERLINK(""https://stackoverflow.com/a/63498520"", ""63498520"")",0.3435036867531144
"=HYPERLINK(""https://stackoverflow.com/a/63618676"", ""63618676"")",0.35105657805044277
"=HYPERLINK(""https://stackoverflow.com/a/63627671"", ""63627671"")",0.42451229855810063
"=HYPERLINK(""https://stackoverflow.com/a/63671100"", ""63671100"")",0.36203011976757987
"=HYPERLINK(""https://stackoverflow.com/a/63714328"", ""63714328"")",0.40568996415770636
"=HYPERLINK(""https://stackoverflow.com/a/63889581"", ""63889581"")",0.4584426946631676
"=HYPERLINK(""https://stackoverflow.com/a/63951940"", ""63951940"")",0.2891678289167827
"=HYPERLINK(""https://stackoverflow.com/a/64122280"", ""64122280"")",0.3757936507936509
"=HYPERLINK(""https://stackoverflow.com/a/64172475"", ""64172475"")",0.3741209563994374
"=HYPERLINK(""https://stackoverflow.com/a/64202504"", ""64202504"")",0.3292332923329235
"=HYPERLINK(""https://stackoverflow.com/a/64377044"", ""64377044"")",0.3675710594315242
"=HYPERLINK(""https://stackoverflow.com/a/64431872"", ""64431872"")",0.23520923520923506
"=HYPERLINK(""https://stackoverflow.com/a/64434726"", ""64434726"")",0.3807588075880756
"=HYPERLINK(""https://stackoverflow.com/a/64440348"", ""64440348"")",0.31518251103088646
"=HYPERLINK(""https://stackoverflow.com/a/64623018"", ""64623018"")",0.3866057838660578
"=HYPERLINK(""https://stackoverflow.com/a/64707708"", ""64707708"")",0.2222222222222222
"=HYPERLINK(""https://stackoverflow.com/a/64804395"", ""64804395"")",0.22222222222222218
"=HYPERLINK(""https://stackoverflow.com/a/64828855"", ""64828855"")",0.32896379525593034
"=HYPERLINK(""https://stackoverflow.com/a/65143229"", ""65143229"")",0.33294886582083805
"=HYPERLINK(""https://stackoverflow.com/a/65169788"", ""65169788"")",0.8315972222222232
"=HYPERLINK(""https://stackoverflow.com/a/65310727"", ""65310727"")",0.4664082687338496
"=HYPERLINK(""https://stackoverflow.com/a/65347892"", ""65347892"")",0.4533780011166942
"=HYPERLINK(""https://stackoverflow.com/a/65351545"", ""65351545"")",0.44855016679497034
"=HYPERLINK(""https://stackoverflow.com/a/65355812"", ""65355812"")",0.16816816816816801
"=HYPERLINK(""https://stackoverflow.com/a/65420587"", ""65420587"")",0.34976381187102107
"=HYPERLINK(""https://stackoverflow.com/a/65453008"", ""65453008"")",0.26331811263318106
"=HYPERLINK(""https://stackoverflow.com/a/65485661"", ""65485661"")",0.3378001116694582
"=HYPERLINK(""https://stackoverflow.com/a/65498569"", ""65498569"")",0.5719154737559641
"=HYPERLINK(""https://stackoverflow.com/a/65651055"", ""65651055"")",0.6978319783197827
"=HYPERLINK(""https://stackoverflow.com/a/65687459"", ""65687459"")",0.7122222222222216
"=HYPERLINK(""https://stackoverflow.com/a/65699303"", ""65699303"")",0.44367550941945366
"=HYPERLINK(""https://stackoverflow.com/a/65700891"", ""65700891"")",0.41339869281045744
"=HYPERLINK(""https://stackoverflow.com/a/66122956"", ""66122956"")",0.3631618195376587
"=HYPERLINK(""https://stackoverflow.com/a/66279881"", ""66279881"")",0.28026971562591635
"=HYPERLINK(""https://stackoverflow.com/a/66306813"", ""66306813"")",0.26077643908969195
"=HYPERLINK(""https://stackoverflow.com/a/66348546"", ""66348546"")",0.6897546897546893
"=HYPERLINK(""https://stackoverflow.com/a/66359386"", ""66359386"")",0.24961948249619478
"=HYPERLINK(""https://stackoverflow.com/a/66510969"", ""66510969"")",0.41119860017497833
"=HYPERLINK(""https://stackoverflow.com/a/66685784"", ""66685784"")",0.5046035577009031
"=HYPERLINK(""https://stackoverflow.com/a/66696660"", ""66696660"")",0.8249619482496194
"=HYPERLINK(""https://stackoverflow.com/a/66786010"", ""66786010"")",0.38735983690112147
"=HYPERLINK(""https://stackoverflow.com/a/66790503"", ""66790503"")",0.595103578154425
"=HYPERLINK(""https://stackoverflow.com/a/66856640"", ""66856640"")",0.4198966408268732
"=HYPERLINK(""https://stackoverflow.com/a/66916776"", ""66916776"")",0.4980842911877395
"=HYPERLINK(""https://stackoverflow.com/a/67006361"", ""67006361"")",0.2735467255334805
"=HYPERLINK(""https://stackoverflow.com/a/67166906"", ""67166906"")",0.3121717403498038
"=HYPERLINK(""https://stackoverflow.com/a/67470649"", ""67470649"")",0.29365079365079344
"=HYPERLINK(""https://stackoverflow.com/a/67515376"", ""67515376"")",0.2985581000848178
"=HYPERLINK(""https://stackoverflow.com/a/67519907"", ""67519907"")",0.6075433231396538
"=HYPERLINK(""https://stackoverflow.com/a/67558719"", ""67558719"")",0.7295751633986929
"=HYPERLINK(""https://stackoverflow.com/a/67567800"", ""67567800"")",0.3003078645396023
"=HYPERLINK(""https://stackoverflow.com/a/67640454"", ""67640454"")",0.4949494949494949
"=HYPERLINK(""https://stackoverflow.com/a/67666416"", ""67666416"")",0.483850129198966
"=HYPERLINK(""https://stackoverflow.com/a/67693144"", ""67693144"")",0.24924924924924904
