link,Correlation
"=HYPERLINK(""https://stackoverflow.com/a/520282"", ""520282"")",0.48741559238796817
"=HYPERLINK(""https://stackoverflow.com/a/1079939"", ""1079939"")",0.5034722222222224
"=HYPERLINK(""https://stackoverflow.com/a/1906531"", ""1906531"")",0.5383986928104575
"=HYPERLINK(""https://stackoverflow.com/a/2557643"", ""2557643"")",0.2691639007428481
"=HYPERLINK(""https://stackoverflow.com/a/2590814"", ""2590814"")",0.22900955253896427
"=HYPERLINK(""https://stackoverflow.com/a/2840618"", ""2840618"")",0.7521761392729124
"=HYPERLINK(""https://stackoverflow.com/a/3102364"", ""3102364"")",0.3030732860520094
"=HYPERLINK(""https://stackoverflow.com/a/3266646"", ""3266646"")",0.42637447135717
"=HYPERLINK(""https://stackoverflow.com/a/3319688"", ""3319688"")",0.2585858585858586
"=HYPERLINK(""https://stackoverflow.com/a/3919540"", ""3919540"")",0.7099271402550098
"=HYPERLINK(""https://stackoverflow.com/a/3929517"", ""3929517"")",0.2855133614627284
"=HYPERLINK(""https://stackoverflow.com/a/4326645"", ""4326645"")",0.32549678141617655
"=HYPERLINK(""https://stackoverflow.com/a/4339550"", ""4339550"")",0.5951035781544252
"=HYPERLINK(""https://stackoverflow.com/a/4512051"", ""4512051"")",0.46152703505644704
"=HYPERLINK(""https://stackoverflow.com/a/4540846"", ""4540846"")",0.2973075464543039
"=HYPERLINK(""https://stackoverflow.com/a/4685433"", ""4685433"")",0.6477541371158394
"=HYPERLINK(""https://stackoverflow.com/a/4817062"", ""4817062"")",0.6531614487415593
"=HYPERLINK(""https://stackoverflow.com/a/5235028"", ""5235028"")",0.29914529914529914
"=HYPERLINK(""https://stackoverflow.com/a/5439915"", ""5439915"")",0.3665063509680603
"=HYPERLINK(""https://stackoverflow.com/a/5732986"", ""5732986"")",0.7265954000647888
"=HYPERLINK(""https://stackoverflow.com/a/6114145"", ""6114145"")",0.6622222222222217
"=HYPERLINK(""https://stackoverflow.com/a/6628775"", ""6628775"")",0.6815245478036169
"=HYPERLINK(""https://stackoverflow.com/a/6742359"", ""6742359"")",0.5129198966408265
"=HYPERLINK(""https://stackoverflow.com/a/7129910"", ""7129910"")",0.7186077643908964
"=HYPERLINK(""https://stackoverflow.com/a/7379498"", ""7379498"")",0.5524974515800206
"=HYPERLINK(""https://stackoverflow.com/a/7603089"", ""7603089"")",0.3424753867791841
"=HYPERLINK(""https://stackoverflow.com/a/7675886"", ""7675886"")",0.7025371828521445
"=HYPERLINK(""https://stackoverflow.com/a/7689766"", ""7689766"")",0.5780504430811174
"=HYPERLINK(""https://stackoverflow.com/a/8332980"", ""8332980"")",0.3769566333076725
"=HYPERLINK(""https://stackoverflow.com/a/8738026"", ""8738026"")",0.2572076449627474
"=HYPERLINK(""https://stackoverflow.com/a/8746133"", ""8746133"")",0.6175710594315241
"=HYPERLINK(""https://stackoverflow.com/a/8794689"", ""8794689"")",0.571915473755964
"=HYPERLINK(""https://stackoverflow.com/a/8965168"", ""8965168"")",0.4626802374893983
"=HYPERLINK(""https://stackoverflow.com/a/9313773"", ""9313773"")",0.4417344173441731
"=HYPERLINK(""https://stackoverflow.com/a/9317198"", ""9317198"")",0.2458349731077002
"=HYPERLINK(""https://stackoverflow.com/a/9524116"", ""9524116"")",0.47496947496947495
"=HYPERLINK(""https://stackoverflow.com/a/9849965"", ""9849965"")",0.32516339869281047
"=HYPERLINK(""https://stackoverflow.com/a/9910674"", ""9910674"")",0.4775413711583926
"=HYPERLINK(""https://stackoverflow.com/a/9927116"", ""9927116"")",0.40075056962873595
"=HYPERLINK(""https://stackoverflow.com/a/10258626"", ""10258626"")",0.6112382405288581
"=HYPERLINK(""https://stackoverflow.com/a/10286368"", ""10286368"")",0.7222222222222217
"=HYPERLINK(""https://stackoverflow.com/a/10386901"", ""10386901"")",0.3303303303303304
"=HYPERLINK(""https://stackoverflow.com/a/10935473"", ""10935473"")",0.5363815142576209
"=HYPERLINK(""https://stackoverflow.com/a/11012159"", ""11012159"")",0.4057084607543325
"=HYPERLINK(""https://stackoverflow.com/a/11148772"", ""11148772"")",0.372222222222222
"=HYPERLINK(""https://stackoverflow.com/a/11366612"", ""11366612"")",0.3815142576204525
"=HYPERLINK(""https://stackoverflow.com/a/11436871"", ""11436871"")",0.4741907261592306
"=HYPERLINK(""https://stackoverflow.com/a/11976741"", ""11976741"")",0.49745158002038764
"=HYPERLINK(""https://stackoverflow.com/a/11993801"", ""11993801"")",0.5341488277268096
"=HYPERLINK(""https://stackoverflow.com/a/12208962"", ""12208962"")",0.47546897546897526
"=HYPERLINK(""https://stackoverflow.com/a/12433606"", ""12433606"")",0.3264567499095187
"=HYPERLINK(""https://stackoverflow.com/a/12732279"", ""12732279"")",0.5383986928104574
"=HYPERLINK(""https://stackoverflow.com/a/13124387"", ""13124387"")",0.2986839913376647
"=HYPERLINK(""https://stackoverflow.com/a/13393436"", ""13393436"")",0.3824432166973604
"=HYPERLINK(""https://stackoverflow.com/a/13596527"", ""13596527"")",0.3479707252162342
"=HYPERLINK(""https://stackoverflow.com/a/13847402"", ""13847402"")",0.5289706884798905
"=HYPERLINK(""https://stackoverflow.com/a/13906404"", ""13906404"")",0.2020609318996416
"=HYPERLINK(""https://stackoverflow.com/a/14739378"", ""14739378"")",0.5876068376068377
"=HYPERLINK(""https://stackoverflow.com/a/14741632"", ""14741632"")",0.7439613526570051
"=HYPERLINK(""https://stackoverflow.com/a/14861555"", ""14861555"")",0.607936507936508
"=HYPERLINK(""https://stackoverflow.com/a/14899490"", ""14899490"")",0.6829365079365081
"=HYPERLINK(""https://stackoverflow.com/a/15081073"", ""15081073"")",0.7187739463601532
"=HYPERLINK(""https://stackoverflow.com/a/15888779"", ""15888779"")",0.4472222222222228
"=HYPERLINK(""https://stackoverflow.com/a/16072664"", ""16072664"")",0.49051490514905116
"=HYPERLINK(""https://stackoverflow.com/a/16585710"", ""16585710"")",0.3598369011213049
"=HYPERLINK(""https://stackoverflow.com/a/16595144"", ""16595144"")",0.5214348206474198
"=HYPERLINK(""https://stackoverflow.com/a/17062336"", ""17062336"")",0.8277268093781859
"=HYPERLINK(""https://stackoverflow.com/a/17064550"", ""17064550"")",0.7313131313131314
"=HYPERLINK(""https://stackoverflow.com/a/17104732"", ""17104732"")",0.3908268733850126
"=HYPERLINK(""https://stackoverflow.com/a/17316739"", ""17316739"")",0.5779269202087995
"=HYPERLINK(""https://stackoverflow.com/a/17443017"", ""17443017"")",0.6597222222222227
"=HYPERLINK(""https://stackoverflow.com/a/17519409"", ""17519409"")",0.34611602753195697
"=HYPERLINK(""https://stackoverflow.com/a/17791789"", ""17791789"")",0.4182021217197095
"=HYPERLINK(""https://stackoverflow.com/a/18162934"", ""18162934"")",0.32248607446496647
"=HYPERLINK(""https://stackoverflow.com/a/18523376"", ""18523376"")",0.4439881359799223
"=HYPERLINK(""https://stackoverflow.com/a/18630938"", ""18630938"")",0.789151356080491
"=HYPERLINK(""https://stackoverflow.com/a/18771802"", ""18771802"")",0.6642111724984654
"=HYPERLINK(""https://stackoverflow.com/a/19818820"", ""19818820"")",0.45173041894353416
"=HYPERLINK(""https://stackoverflow.com/a/19960129"", ""19960129"")",0.6570048309178748
"=HYPERLINK(""https://stackoverflow.com/a/19983058"", ""19983058"")",0.6322222222222217
"=HYPERLINK(""https://stackoverflow.com/a/20381021"", ""20381021"")",0.4325543255432556
"=HYPERLINK(""https://stackoverflow.com/a/20894418"", ""20894418"")",0.45674990951863914
"=HYPERLINK(""https://stackoverflow.com/a/21229242"", ""21229242"")",0.4664082687338498
"=HYPERLINK(""https://stackoverflow.com/a/21238003"", ""21238003"")",0.5496558505408066
"=HYPERLINK(""https://stackoverflow.com/a/21428212"", ""21428212"")",0.6293368467281504
"=HYPERLINK(""https://stackoverflow.com/a/21533012"", ""21533012"")",0.32624906785980634
"=HYPERLINK(""https://stackoverflow.com/a/21912552"", ""21912552"")",0.6222222222222222
"=HYPERLINK(""https://stackoverflow.com/a/21974537"", ""21974537"")",0.7466124661246608
"=HYPERLINK(""https://stackoverflow.com/a/22070221"", ""22070221"")",0.4341710131183819
"=HYPERLINK(""https://stackoverflow.com/a/22210141"", ""22210141"")",0.369461486025903
"=HYPERLINK(""https://stackoverflow.com/a/23261757"", ""23261757"")",0.4910192147034249
"=HYPERLINK(""https://stackoverflow.com/a/23432140"", ""23432140"")",0.5642417661961634
"=HYPERLINK(""https://stackoverflow.com/a/23501440"", ""23501440"")",0.4300144300144298
"=HYPERLINK(""https://stackoverflow.com/a/24672066"", ""24672066"")",0.32458442694663203
"=HYPERLINK(""https://stackoverflow.com/a/24842726"", ""24842726"")",0.44401954535797794
"=HYPERLINK(""https://stackoverflow.com/a/24865130"", ""24865130"")",0.6796085858585855
"=HYPERLINK(""https://stackoverflow.com/a/24982496"", ""24982496"")",0.7754137115839244
"=HYPERLINK(""https://stackoverflow.com/a/25074297"", ""25074297"")",0.5514905149051487
"=HYPERLINK(""https://stackoverflow.com/a/25315879"", ""25315879"")",0.38763575605680844
"=HYPERLINK(""https://stackoverflow.com/a/25393334"", ""25393334"")",0.4250524109014676
"=HYPERLINK(""https://stackoverflow.com/a/25669960"", ""25669960"")",0.4949494949494949
"=HYPERLINK(""https://stackoverflow.com/a/26965421"", ""26965421"")",0.32360471070148455
"=HYPERLINK(""https://stackoverflow.com/a/27384542"", ""27384542"")",0.6276276276276272
"=HYPERLINK(""https://stackoverflow.com/a/27409270"", ""27409270"")",0.4481837606837608
"=HYPERLINK(""https://stackoverflow.com/a/27442089"", ""27442089"")",0.3462823725981619
"=HYPERLINK(""https://stackoverflow.com/a/27982193"", ""27982193"")",0.2950070323488043
"=HYPERLINK(""https://stackoverflow.com/a/28481307"", ""28481307"")",0.820647419072617
"=HYPERLINK(""https://stackoverflow.com/a/28552373"", ""28552373"")",0.37658463832960504
"=HYPERLINK(""https://stackoverflow.com/a/29354899"", ""29354899"")",0.24349881796690315
"=HYPERLINK(""https://stackoverflow.com/a/29528670"", ""29528670"")",0.3694614860259028
"=HYPERLINK(""https://stackoverflow.com/a/29663729"", ""29663729"")",0.49340866290018787
"=HYPERLINK(""https://stackoverflow.com/a/31116825"", ""31116825"")",0.432222222222222
"=HYPERLINK(""https://stackoverflow.com/a/31125675"", ""31125675"")",0.5284952849528496
"=HYPERLINK(""https://stackoverflow.com/a/31950968"", ""31950968"")",0.40964515687080416
"=HYPERLINK(""https://stackoverflow.com/a/31984082"", ""31984082"")",0.7710027100270999
"=HYPERLINK(""https://stackoverflow.com/a/32234272"", ""32234272"")",0.4911043974488083
"=HYPERLINK(""https://stackoverflow.com/a/34414027"", ""34414027"")",0.38827388273882746
"=HYPERLINK(""https://stackoverflow.com/a/34863085"", ""34863085"")",0.7668376068376075
"=HYPERLINK(""https://stackoverflow.com/a/35594219"", ""35594219"")",0.4079365079365081
"=HYPERLINK(""https://stackoverflow.com/a/36427966"", ""36427966"")",0.6391318432134767
"=HYPERLINK(""https://stackoverflow.com/a/37197689"", ""37197689"")",0.4154995331465919
"=HYPERLINK(""https://stackoverflow.com/a/38200956"", ""38200956"")",0.2730696798493408
"=HYPERLINK(""https://stackoverflow.com/a/38360153"", ""38360153"")",0.470313825275658
"=HYPERLINK(""https://stackoverflow.com/a/39253861"", ""39253861"")",0.8048309178743951
"=HYPERLINK(""https://stackoverflow.com/a/39787151"", ""39787151"")",0.685380116959065
"=HYPERLINK(""https://stackoverflow.com/a/40265400"", ""40265400"")",0.22222222222222227
"=HYPERLINK(""https://stackoverflow.com/a/40421131"", ""40421131"")",0.36613366133661346
"=HYPERLINK(""https://stackoverflow.com/a/41805850"", ""41805850"")",0.5336976320582884
"=HYPERLINK(""https://stackoverflow.com/a/41854184"", ""41854184"")",0.24232272473478486
"=HYPERLINK(""https://stackoverflow.com/a/42884899"", ""42884899"")",0.57034508911642
"=HYPERLINK(""https://stackoverflow.com/a/43037888"", ""43037888"")",0.4001363326516697
"=HYPERLINK(""https://stackoverflow.com/a/44498580"", ""44498580"")",0.4860992504032636
"=HYPERLINK(""https://stackoverflow.com/a/44848088"", ""44848088"")",0.5068072024593759
"=HYPERLINK(""https://stackoverflow.com/a/45842993"", ""45842993"")",0.23784722222222232
"=HYPERLINK(""https://stackoverflow.com/a/46633663"", ""46633663"")",0.5249745158002042
"=HYPERLINK(""https://stackoverflow.com/a/46710515"", ""46710515"")",0.47546897546897526
"=HYPERLINK(""https://stackoverflow.com/a/46838917"", ""46838917"")",0.5983690112130481
"=HYPERLINK(""https://stackoverflow.com/a/49134467"", ""49134467"")",0.5039901780233272
"=HYPERLINK(""https://stackoverflow.com/a/49405250"", ""49405250"")",0.4770299145299147
"=HYPERLINK(""https://stackoverflow.com/a/50469979"", ""50469979"")",0.33271945979128303
"=HYPERLINK(""https://stackoverflow.com/a/50697238"", ""50697238"")",0.4874155923879682
"=HYPERLINK(""https://stackoverflow.com/a/52087461"", ""52087461"")",0.35660957400087834
"=HYPERLINK(""https://stackoverflow.com/a/52378335"", ""52378335"")",0.3506625891946995
"=HYPERLINK(""https://stackoverflow.com/a/52644033"", ""52644033"")",0.3940972222222226
"=HYPERLINK(""https://stackoverflow.com/a/52997625"", ""52997625"")",0.6022222222222219
"=HYPERLINK(""https://stackoverflow.com/a/53827448"", ""53827448"")",0.18975468975468965
"=HYPERLINK(""https://stackoverflow.com/a/54008450"", ""54008450"")",0.4793650793650793
"=HYPERLINK(""https://stackoverflow.com/a/54893231"", ""54893231"")",0.5263459335624282
"=HYPERLINK(""https://stackoverflow.com/a/55068526"", ""55068526"")",0.49344863731656197
"=HYPERLINK(""https://stackoverflow.com/a/55223945"", ""55223945"")",0.4289449112978523
"=HYPERLINK(""https://stackoverflow.com/a/55585691"", ""55585691"")",0.5496781416176876
"=HYPERLINK(""https://stackoverflow.com/a/56940535"", ""56940535"")",0.5227148330596603
"=HYPERLINK(""https://stackoverflow.com/a/57328677"", ""57328677"")",0.2864424057084608
"=HYPERLINK(""https://stackoverflow.com/a/57863771"", ""57863771"")",0.3864932694501479
"=HYPERLINK(""https://stackoverflow.com/a/58296146"", ""58296146"")",0.6532567049808424
"=HYPERLINK(""https://stackoverflow.com/a/58811597"", ""58811597"")",0.5570952014370028
"=HYPERLINK(""https://stackoverflow.com/a/59784677"", ""59784677"")",0.5459472776545943
"=HYPERLINK(""https://stackoverflow.com/a/63642217"", ""63642217"")",0.2748538011695908
"=HYPERLINK(""https://stackoverflow.com/a/63722622"", ""63722622"")",0.4045426642111726
"=HYPERLINK(""https://stackoverflow.com/a/67733724"", ""67733724"")",0.6378066378066375
