"link","Correlation","score","view_count"
"=HYPERLINK(""https://stackoverflow.com/q/216511"", ""216511"")",0.3694614860259029,"0","1383"
"=HYPERLINK(""https://stackoverflow.com/q/589664"", ""589664"")",0.5577926920208801,"1","2087"
"=HYPERLINK(""https://stackoverflow.com/q/781973"", ""781973"")",0.852359208523592,"4","1055"
"=HYPERLINK(""https://stackoverflow.com/q/921207"", ""921207"")",0.3740294511378846,"0","1749"
"=HYPERLINK(""https://stackoverflow.com/q/1372801"", ""1372801"")",0.2660366552119129,"0","6754"
"=HYPERLINK(""https://stackoverflow.com/q/1531678"", ""1531678"")",0.5331133113311328,"12","25243"
"=HYPERLINK(""https://stackoverflow.com/q/1873280"", ""1873280"")",0.5611483967188668,"2","5549"
"=HYPERLINK(""https://stackoverflow.com/q/2008502"", ""2008502"")",0.3600373482726423,"3","2826"
"=HYPERLINK(""https://stackoverflow.com/q/2371115"", ""2371115"")",0.2763494211396783,"0","677"
"=HYPERLINK(""https://stackoverflow.com/q/2462804"", ""2462804"")",0.3246318607764389,"1","3178"
"=HYPERLINK(""https://stackoverflow.com/q/2567466"", ""2567466"")",0.8760683760683761,"1","1865"
"=HYPERLINK(""https://stackoverflow.com/q/2592828"", ""2592828"")",0.6144377910844974,"0","558"
"=HYPERLINK(""https://stackoverflow.com/q/2745452"", ""2745452"")",0.3858106127235417,"2","6752"
"=HYPERLINK(""https://stackoverflow.com/q/2766813"", ""2766813"")",0.4405149051490513,"1","964"
"=HYPERLINK(""https://stackoverflow.com/q/2812487"", ""2812487"")",0.7184054283290934,"0","473"
"=HYPERLINK(""https://stackoverflow.com/q/3067208"", ""3067208"")",0.5070048309178736,"1","6001"
"=HYPERLINK(""https://stackoverflow.com/q/3577213"", ""3577213"")",0.3919639196391964,"1","199"
"=HYPERLINK(""https://stackoverflow.com/q/3806254"", ""3806254"")",0.4994296144193471,"1","799"
"=HYPERLINK(""https://stackoverflow.com/q/3974601"", ""3974601"")",0.387020428500249,"3","2351"
"=HYPERLINK(""https://stackoverflow.com/q/4005544"", ""4005544"")",0.5371393492940455,"0","2289"
"=HYPERLINK(""https://stackoverflow.com/q/4015630"", ""4015630"")",0.697792254795512,"0","306"
"=HYPERLINK(""https://stackoverflow.com/q/4021602"", ""4021602"")",0.4874396135265693,"0","896"
"=HYPERLINK(""https://stackoverflow.com/q/4323825"", ""4323825"")",0.4431524547803613,"1","833"
"=HYPERLINK(""https://stackoverflow.com/q/4338965"", ""4338965"")",0.657287157287157,"0","822"
"=HYPERLINK(""https://stackoverflow.com/q/4377870"", ""4377870"")",0.7401375316684763,"2","1079"
"=HYPERLINK(""https://stackoverflow.com/q/4392616"", ""4392616"")",0.7299145299145307,"13","16152"
"=HYPERLINK(""https://stackoverflow.com/q/4413631"", ""4413631"")",0.6684247538677912,"4","2914"
"=HYPERLINK(""https://stackoverflow.com/q/4453112"", ""4453112"")",0.3103279490944691,"2","1650"
"=HYPERLINK(""https://stackoverflow.com/q/4536991"", ""4536991"")",0.429335192933519,"1","1629"
"=HYPERLINK(""https://stackoverflow.com/q/5018961"", ""5018961"")",0.423803249890206,"2","5371"
"=HYPERLINK(""https://stackoverflow.com/q/5083920"", ""5083920"")",0.3413711583924351,"1","471"
"=HYPERLINK(""https://stackoverflow.com/q/5447588"", ""5447588"")",0.550222222222222,"0","2062"
"=HYPERLINK(""https://stackoverflow.com/q/5732802"", ""5732802"")",0.5995309293462331,"10","7729"
"=HYPERLINK(""https://stackoverflow.com/q/6035386"", ""6035386"")",0.6137115839243499,"0","168"
"=HYPERLINK(""https://stackoverflow.com/q/6126258"", ""6126258"")",0.4169124877089482,"0","3093"
"=HYPERLINK(""https://stackoverflow.com/q/6359153"", ""6359153"")",0.4629054520358872,"1","1150"
"=HYPERLINK(""https://stackoverflow.com/q/6535232"", ""6535232"")",0.6801169590643281,"0","744"
"=HYPERLINK(""https://stackoverflow.com/q/6562750"", ""6562750"")",0.6680660509375868,"0","1249"
"=HYPERLINK(""https://stackoverflow.com/q/6782051"", ""6782051"")",0.5645458736745044,"1","3046"
"=HYPERLINK(""https://stackoverflow.com/q/6987673"", ""6987673"")",0.5096473719228208,"0","1391"
"=HYPERLINK(""https://stackoverflow.com/q/7048854"", ""7048854"")",0.295954941116231,"2","1722"
"=HYPERLINK(""https://stackoverflow.com/q/7197197"", ""7197197"")",0.576844070961718,"2","8140"
"=HYPERLINK(""https://stackoverflow.com/q/7210187"", ""7210187"")",0.3414690841469081,"1","615"
"=HYPERLINK(""https://stackoverflow.com/q/7347531"", ""7347531"")",0.3039342844790315,"0","961"
"=HYPERLINK(""https://stackoverflow.com/q/7430970"", ""7430970"")",0.34207910952097,"1","1874"
"=HYPERLINK(""https://stackoverflow.com/q/7659184"", ""7659184"")",0.4749694749694749,"2","1181"
"=HYPERLINK(""https://stackoverflow.com/q/7815948"", ""7815948"")",0.5530890298332156,"1","1369"
"=HYPERLINK(""https://stackoverflow.com/q/8020410"", ""8020410"")",0.3516122407065109,"2","2303"
"=HYPERLINK(""https://stackoverflow.com/q/8034434"", ""8034434"")",0.3984517304189439,"0","1900"
"=HYPERLINK(""https://stackoverflow.com/q/8114388"", ""8114388"")",0.4213372664700102,"0","4464"
"=HYPERLINK(""https://stackoverflow.com/q/8295840"", ""8295840"")",0.5259764884338263,"0","1442"
"=HYPERLINK(""https://stackoverflow.com/q/8522884"", ""8522884"")",0.4720119614989258,"0","3221"
"=HYPERLINK(""https://stackoverflow.com/q/8731857"", ""8731857"")",0.2517166042446943,"4","3597"
"=HYPERLINK(""https://stackoverflow.com/q/8737955"", ""8737955"")",0.3570048309178739,"2","435"
"=HYPERLINK(""https://stackoverflow.com/q/8745798"", ""8745798"")",0.4274853801169594,"2","5768"
"=HYPERLINK(""https://stackoverflow.com/q/8794429"", ""8794429"")",0.6488150200061559,"1","4334"
"=HYPERLINK(""https://stackoverflow.com/q/8999197"", ""8999197"")",0.864288642886429,"1","525"
"=HYPERLINK(""https://stackoverflow.com/q/9010448"", ""9010448"")",0.2700233694497558,"2","778"
"=HYPERLINK(""https://stackoverflow.com/q/9032044"", ""9032044"")",0.3158182813355226,"1","948"
"=HYPERLINK(""https://stackoverflow.com/q/9169643"", ""9169643"")",0.7490913811007271,"17","3134"
"=HYPERLINK(""https://stackoverflow.com/q/9302713"", ""9302713"")",0.6908569085690859,"2","892"
"=HYPERLINK(""https://stackoverflow.com/q/9333359"", ""9333359"")",0.5517491390248326,"2","2720"
"=HYPERLINK(""https://stackoverflow.com/q/9417253"", ""9417253"")",0.3432748538011694,"4","2923"
"=HYPERLINK(""https://stackoverflow.com/q/9427541"", ""9427541"")",0.5539529914529916,"0","6577"
"=HYPERLINK(""https://stackoverflow.com/q/9577099"", ""9577099"")",0.3202867383512544,"1","2526"
"=HYPERLINK(""https://stackoverflow.com/q/9619341"", ""9619341"")",0.2938985228002569,"1","392"
"=HYPERLINK(""https://stackoverflow.com/q/9649485"", ""9649485"")",0.4204783029932182,"2","2536"
"=HYPERLINK(""https://stackoverflow.com/q/9780718"", ""9780718"")",0.2739973701512164,"0","566"
"=HYPERLINK(""https://stackoverflow.com/q/9858833"", ""9858833"")",0.4797410192147031,"2","5877"
"=HYPERLINK(""https://stackoverflow.com/q/9909243"", ""9909243"")",0.4087087087087085,"1","543"
"=HYPERLINK(""https://stackoverflow.com/q/9924435"", ""9924435"")",0.7025177887246848,"1","1518"
"=HYPERLINK(""https://stackoverflow.com/q/9993461"", ""9993461"")",0.4131769960915687,"0","128"
"=HYPERLINK(""https://stackoverflow.com/q/10113615"", ""10113615"")",0.3816816816816814,"5","3361"
"=HYPERLINK(""https://stackoverflow.com/q/10206615"", ""10206615"")",0.268168168168168,"0","636"
"=HYPERLINK(""https://stackoverflow.com/q/10242159"", ""10242159"")",0.4000647878198903,"0","2067"
"=HYPERLINK(""https://stackoverflow.com/q/10286234"", ""10286234"")",0.3754586819316012,"0","1158"
"=HYPERLINK(""https://stackoverflow.com/q/10354284"", ""10354284"")",0.2503912363067293,"2","13707"
"=HYPERLINK(""https://stackoverflow.com/q/10388390"", ""10388390"")",0.2494949494949493,"0","659"
"=HYPERLINK(""https://stackoverflow.com/q/10916256"", ""10916256"")",0.5375631313131309,"1","1639"
"=HYPERLINK(""https://stackoverflow.com/q/10984301"", ""10984301"")",0.7244603600915143,"5","4715"
"=HYPERLINK(""https://stackoverflow.com/q/11204614"", ""11204614"")",0.4795512124502352,"4","8898"
"=HYPERLINK(""https://stackoverflow.com/q/11250064"", ""11250064"")",0.4478859390363819,"1","781"
"=HYPERLINK(""https://stackoverflow.com/q/11259356"", ""11259356"")",0.4258150365934794,"1","2453"
"=HYPERLINK(""https://stackoverflow.com/q/11273438"", ""11273438"")",0.380904856952761,"1","163"
"=HYPERLINK(""https://stackoverflow.com/q/11290917"", ""11290917"")",0.4213103681188789,"0","2635"
"=HYPERLINK(""https://stackoverflow.com/q/11445793"", ""11445793"")",0.5419896640826869,"0","413"
"=HYPERLINK(""https://stackoverflow.com/q/11447494"", ""11447494"")",0.3897479954180984,"2","6129"
"=HYPERLINK(""https://stackoverflow.com/q/11551507"", ""11551507"")",0.2684471837014209,"1","285"
"=HYPERLINK(""https://stackoverflow.com/q/11615198"", ""11615198"")",0.6495085790438121,"1","201"
"=HYPERLINK(""https://stackoverflow.com/q/11649073"", ""11649073"")",0.3863020448386298,"6","8190"
"=HYPERLINK(""https://stackoverflow.com/q/11662805"", ""11662805"")",0.3772037720377205,"0","115"
"=HYPERLINK(""https://stackoverflow.com/q/11976234"", ""11976234"")",0.7208371806709758,"2","16920"
"=HYPERLINK(""https://stackoverflow.com/q/11993758"", ""11993758"")",0.4657380723663146,"0","1273"
"=HYPERLINK(""https://stackoverflow.com/q/12044206"", ""12044206"")",0.3801169590643273,"0","1590"
"=HYPERLINK(""https://stackoverflow.com/q/12161967"", ""12161967"")",0.7279958942776494,"1","395"
"=HYPERLINK(""https://stackoverflow.com/q/12172063"", ""12172063"")",0.5199634953228378,"0","1842"
"=HYPERLINK(""https://stackoverflow.com/q/12219097"", ""12219097"")",0.4372014177839423,"0","314"
"=HYPERLINK(""https://stackoverflow.com/q/12393683"", ""12393683"")",0.4492492492492489,"1","466"
"=HYPERLINK(""https://stackoverflow.com/q/12456222"", ""12456222"")",0.5623861566484522,"0","1735"
"=HYPERLINK(""https://stackoverflow.com/q/12726219"", ""12726219"")",0.6978319783197828,"0","81"
"=HYPERLINK(""https://stackoverflow.com/q/12840494"", ""12840494"")",0.5426642111724987,"3","1668"
"=HYPERLINK(""https://stackoverflow.com/q/12854524"", ""12854524"")",0.4539602574867054,"1","369"
"=HYPERLINK(""https://stackoverflow.com/q/12940122"", ""12940122"")",0.3325475404683327,"4","2020"
"=HYPERLINK(""https://stackoverflow.com/q/13065359"", ""13065359"")",0.4883029253784346,"1","1889"
"=HYPERLINK(""https://stackoverflow.com/q/13197416"", ""13197416"")",0.4432166973603439,"0","940"
"=HYPERLINK(""https://stackoverflow.com/q/13267664"", ""13267664"")",0.5151092515109249,"1","122"
"=HYPERLINK(""https://stackoverflow.com/q/13393253"", ""13393253"")",0.6695906432748544,"0","392"
"=HYPERLINK(""https://stackoverflow.com/q/13478992"", ""13478992"")",0.6853094705443702,"2","179"
"=HYPERLINK(""https://stackoverflow.com/q/13589645"", ""13589645"")",0.5533910533910531,"0","1015"
"=HYPERLINK(""https://stackoverflow.com/q/13604343"", ""13604343"")",0.3582856304124467,"1","5560"
"=HYPERLINK(""https://stackoverflow.com/q/13683313"", ""13683313"")",0.3991945036721157,"2","1381"
"=HYPERLINK(""https://stackoverflow.com/q/13688700"", ""13688700"")",0.5773859501819193,"0","670"
"=HYPERLINK(""https://stackoverflow.com/q/13700943"", ""13700943"")",0.59500328731098,"6","18152"
"=HYPERLINK(""https://stackoverflow.com/q/13783420"", ""13783420"")",0.5578108555104498,"3","1619"
"=HYPERLINK(""https://stackoverflow.com/q/13879360"", ""13879360"")",0.3934550989345509,"2","3076"
"=HYPERLINK(""https://stackoverflow.com/q/13954996"", ""13954996"")",0.3034030340303404,"1","793"
"=HYPERLINK(""https://stackoverflow.com/q/13957261"", ""13957261"")",0.4294000362515862,"2","1066"
"=HYPERLINK(""https://stackoverflow.com/q/14601011"", ""14601011"")",0.5943152454780357,"0","2260"
"=HYPERLINK(""https://stackoverflow.com/q/14764667"", ""14764667"")",0.6494739543238388,"0","1135"
"=HYPERLINK(""https://stackoverflow.com/q/14860363"", ""14860363"")",0.3801169590643273,"0","371"
"=HYPERLINK(""https://stackoverflow.com/q/14890086"", ""14890086"")",0.7912829957028853,"2","1845"
"=HYPERLINK(""https://stackoverflow.com/q/14973525"", ""14973525"")",0.8851933973885185,"2","1020"
"=HYPERLINK(""https://stackoverflow.com/q/15479549"", ""15479549"")",0.4747889573351581,"1","616"
"=HYPERLINK(""https://stackoverflow.com/q/15631598"", ""15631598"")",0.5267204921184155,"0","571"
"=HYPERLINK(""https://stackoverflow.com/q/15821772"", ""15821772"")",0.2610033856571254,"0","755"
"=HYPERLINK(""https://stackoverflow.com/q/15830460"", ""15830460"")",0.4090734332948863,"5","11290"
"=HYPERLINK(""https://stackoverflow.com/q/15875771"", ""15875771"")",0.474773242630385,"1","310"
"=HYPERLINK(""https://stackoverflow.com/q/15879864"", ""15879864"")",0.4490263459335623,"1","1677"
"=HYPERLINK(""https://stackoverflow.com/q/16031406"", ""16031406"")",0.6164727355692443,"1","554"
"=HYPERLINK(""https://stackoverflow.com/q/16072169"", ""16072169"")",0.613351254480287,"0","2434"
"=HYPERLINK(""https://stackoverflow.com/q/16087271"", ""16087271"")",0.1907652685798381,"0","604"
"=HYPERLINK(""https://stackoverflow.com/q/16186129"", ""16186129"")",0.5225137674117267,"9","53958"
"=HYPERLINK(""https://stackoverflow.com/q/16191021"", ""16191021"")",0.7182644385810616,"0","355"
"=HYPERLINK(""https://stackoverflow.com/q/16278661"", ""16278661"")",0.8760683760683761,"0","370"
"=HYPERLINK(""https://stackoverflow.com/q/16335027"", ""16335027"")",0.5731837606837609,"0","542"
"=HYPERLINK(""https://stackoverflow.com/q/16412758"", ""16412758"")",0.5442561205273065,"1","1478"
"=HYPERLINK(""https://stackoverflow.com/q/16559823"", ""16559823"")",0.5125448028673828,"0","342"
"=HYPERLINK(""https://stackoverflow.com/q/16568912"", ""16568912"")",0.3793386732388584,"1","406"
"=HYPERLINK(""https://stackoverflow.com/q/16793967"", ""16793967"")",0.5154914529914532,"2","1095"
"=HYPERLINK(""https://stackoverflow.com/q/16850234"", ""16850234"")",0.5158392434988179,"2","3149"
"=HYPERLINK(""https://stackoverflow.com/q/17071923"", ""17071923"")",0.4054283290924517,"0","1212"
"=HYPERLINK(""https://stackoverflow.com/q/17119207"", ""17119207"")",0.4483091787439607,"0","808"
"=HYPERLINK(""https://stackoverflow.com/q/17297673"", ""17297673"")",0.5893108298171584,"0","178"
"=HYPERLINK(""https://stackoverflow.com/q/17300220"", ""17300220"")",0.6679497049012059,"1","843"
"=HYPERLINK(""https://stackoverflow.com/q/17358111"", ""17358111"")",0.4493189964157708,"0","559"
"=HYPERLINK(""https://stackoverflow.com/q/17669373"", ""17669373"")",0.6933760683760686,"1","315"
"=HYPERLINK(""https://stackoverflow.com/q/17757971"", ""17757971"")",0.6600807308264294,"0","1732"
"=HYPERLINK(""https://stackoverflow.com/q/17801790"", ""17801790"")",0.554019457245263,"0","707"
"=HYPERLINK(""https://stackoverflow.com/q/17985116"", ""17985116"")",0.4436755094194538,"1","268"
"=HYPERLINK(""https://stackoverflow.com/q/18087346"", ""18087346"")",0.7014848950332813,"0","189"
"=HYPERLINK(""https://stackoverflow.com/q/18102800"", ""18102800"")",0.4257105943152451,"0","375"
"=HYPERLINK(""https://stackoverflow.com/q/18355078"", ""18355078"")",0.8222222222222224,"0","754"
"=HYPERLINK(""https://stackoverflow.com/q/18612271"", ""18612271"")",0.3539587491683299,"0","2259"
"=HYPERLINK(""https://stackoverflow.com/q/18666685"", ""18666685"")",0.5978165169924287,"3","3072"
"=HYPERLINK(""https://stackoverflow.com/q/18756473"", ""18756473"")",0.6886945254292202,"0","98"
"=HYPERLINK(""https://stackoverflow.com/q/18771505"", ""18771505"")",0.4979954180985108,"1","2953"
"=HYPERLINK(""https://stackoverflow.com/q/18858782"", ""18858782"")",0.4680053547523423,"0","492"
"=HYPERLINK(""https://stackoverflow.com/q/18902876"", ""18902876"")",0.5954941116231433,"0","309"
"=HYPERLINK(""https://stackoverflow.com/q/19049855"", ""19049855"")",0.7736928104575164,"3","3445"
"=HYPERLINK(""https://stackoverflow.com/q/19200702"", ""19200702"")",0.3120109546165887,"1","455"
"=HYPERLINK(""https://stackoverflow.com/q/19205499"", ""19205499"")",0.4048309178743955,"1","2764"
"=HYPERLINK(""https://stackoverflow.com/q/19230999"", ""19230999"")",0.3754991778247589,"1","172"
"=HYPERLINK(""https://stackoverflow.com/q/19318177"", ""19318177"")",0.8952991452991456,"2","287"
"=HYPERLINK(""https://stackoverflow.com/q/19545357"", ""19545357"")",0.533506268914829,"1","215"
"=HYPERLINK(""https://stackoverflow.com/q/19712313"", ""19712313"")",0.6722222222222223,"1","445"
"=HYPERLINK(""https://stackoverflow.com/q/19804776"", ""19804776"")",0.4257936507936509,"0","370"
"=HYPERLINK(""https://stackoverflow.com/q/20112981"", ""20112981"")",0.4551767676767673,"0","275"
"=HYPERLINK(""https://stackoverflow.com/q/20121206"", ""20121206"")",0.3650793650793648,"4","1370"
"=HYPERLINK(""https://stackoverflow.com/q/20286868"", ""20286868"")",0.7170675830469645,"0","362"
"=HYPERLINK(""https://stackoverflow.com/q/20409642"", ""20409642"")",0.233571528653496,"2","1504"
"=HYPERLINK(""https://stackoverflow.com/q/20521780"", ""20521780"")",0.3967505241090147,"0","539"
"=HYPERLINK(""https://stackoverflow.com/q/20610530"", ""20610530"")",0.3329488658208379,"1","107"
"=HYPERLINK(""https://stackoverflow.com/q/20638949"", ""20638949"")",0.3193096008629991,"1","392"
"=HYPERLINK(""https://stackoverflow.com/q/20703996"", ""20703996"")",0.2447525515116504,"2","4483"
"=HYPERLINK(""https://stackoverflow.com/q/20713768"", ""20713768"")",0.5983155166828644,"0","507"
"=HYPERLINK(""https://stackoverflow.com/q/20755712"", ""20755712"")",0.4280269715625915,"0","880"
"=HYPERLINK(""https://stackoverflow.com/q/20863292"", ""20863292"")",0.3923405654174886,"2","926"
"=HYPERLINK(""https://stackoverflow.com/q/20877409"", ""20877409"")",0.5689964157706097,"1","1988"
"=HYPERLINK(""https://stackoverflow.com/q/21062038"", ""21062038"")",0.41371158392435,"0","1181"
"=HYPERLINK(""https://stackoverflow.com/q/21178560"", ""21178560"")",0.3661910938175529,"1","3995"
"=HYPERLINK(""https://stackoverflow.com/q/21226382"", ""21226382"")",0.4493690366266544,"2","5295"
"=HYPERLINK(""https://stackoverflow.com/q/21227943"", ""21227943"")",0.7669030732860521,"1","2347"
"=HYPERLINK(""https://stackoverflow.com/q/21242369"", ""21242369"")",0.3375215570337518,"0","1097"
"=HYPERLINK(""https://stackoverflow.com/q/21279527"", ""21279527"")",0.4163011695906432,"1","404"
"=HYPERLINK(""https://stackoverflow.com/q/21289810"", ""21289810"")",0.4909202831640505,"1","330"
"=HYPERLINK(""https://stackoverflow.com/q/21433146"", ""21433146"")",0.709235209235209,"0","2270"
"=HYPERLINK(""https://stackoverflow.com/q/21466139"", ""21466139"")",0.4435962680237493,"1","575"
"=HYPERLINK(""https://stackoverflow.com/q/21471542"", ""21471542"")",0.499429614419347,"0","1495"
"=HYPERLINK(""https://stackoverflow.com/q/21489147"", ""21489147"")",0.3289984029203739,"0","2635"
"=HYPERLINK(""https://stackoverflow.com/q/21669790"", ""21669790"")",0.9040404040404036,"0","1254"
"=HYPERLINK(""https://stackoverflow.com/q/21896105"", ""21896105"")",0.7507936507936509,"1","1490"
"=HYPERLINK(""https://stackoverflow.com/q/21899009"", ""21899009"")",0.546060303181743,"0","409"
"=HYPERLINK(""https://stackoverflow.com/q/21900396"", ""21900396"")",0.3133113311331131,"1","2004"
"=HYPERLINK(""https://stackoverflow.com/q/21970963"", ""21970963"")",0.4234900510653286,"0","466"
"=HYPERLINK(""https://stackoverflow.com/q/22422862"", ""22422862"")",0.3036554469779225,"0","2510"
"=HYPERLINK(""https://stackoverflow.com/q/22546427"", ""22546427"")",0.4940343027591353,"0","1867"
"=HYPERLINK(""https://stackoverflow.com/q/22656973"", ""22656973"")",0.3070930709307093,"1","534"
"=HYPERLINK(""https://stackoverflow.com/q/22775219"", ""22775219"")",0.4640255009107473,"0","1271"
"=HYPERLINK(""https://stackoverflow.com/q/23112235"", ""23112235"")",0.4820133449376271,"2","1681"
"=HYPERLINK(""https://stackoverflow.com/q/23216497"", ""23216497"")",0.4872824631860771,"1","731"
"=HYPERLINK(""https://stackoverflow.com/q/23289146"", ""23289146"")",0.5547159249930024,"3","2702"
"=HYPERLINK(""https://stackoverflow.com/q/23340322"", ""23340322"")",0.6489323199420919,"1","559"
"=HYPERLINK(""https://stackoverflow.com/q/23344373"", ""23344373"")",0.6257936507936508,"3","1413"
"=HYPERLINK(""https://stackoverflow.com/q/23391088"", ""23391088"")",0.3710242398766992,"1","1605"
"=HYPERLINK(""https://stackoverflow.com/q/23502436"", ""23502436"")",0.5011695906432754,"0","44"
"=HYPERLINK(""https://stackoverflow.com/q/23645207"", ""23645207"")",0.3957463724905586,"2","1824"
"=HYPERLINK(""https://stackoverflow.com/q/23881175"", ""23881175"")",0.5586277521761385,"2","337"
"=HYPERLINK(""https://stackoverflow.com/q/23950663"", ""23950663"")",0.4339486065870431,"0","645"
"=HYPERLINK(""https://stackoverflow.com/q/24012064"", ""24012064"")",0.635683760683761,"2","3452"
"=HYPERLINK(""https://stackoverflow.com/q/24279291"", ""24279291"")",0.453733476241515,"0","314"
"=HYPERLINK(""https://stackoverflow.com/q/24326577"", ""24326577"")",0.5018191995521964,"0","1111"
"=HYPERLINK(""https://stackoverflow.com/q/24338730"", ""24338730"")",0.6174318030605452,"0","124"
"=HYPERLINK(""https://stackoverflow.com/q/24339900"", ""24339900"")",0.7441621760328456,"2","4791"
"=HYPERLINK(""https://stackoverflow.com/q/24365142"", ""24365142"")",0.5778627575950719,"0","358"
"=HYPERLINK(""https://stackoverflow.com/q/24527115"", ""24527115"")",0.4460715946071591,"1","853"
"=HYPERLINK(""https://stackoverflow.com/q/24550863"", ""24550863"")",0.530977982590885,"1","1761"
"=HYPERLINK(""https://stackoverflow.com/q/24654599"", ""24654599"")",0.449808429118774,"0","148"
"=HYPERLINK(""https://stackoverflow.com/q/24878515"", ""24878515"")",0.4380116959064331,"0","542"
"=HYPERLINK(""https://stackoverflow.com/q/24982321"", ""24982321"")",0.501380922031018,"6","7407"
"=HYPERLINK(""https://stackoverflow.com/q/25054839"", ""25054839"")",0.6214317083882296,"0","238"
"=HYPERLINK(""https://stackoverflow.com/q/25300595"", ""25300595"")",0.4732860520094564,"1","329"
"=HYPERLINK(""https://stackoverflow.com/q/25377059"", ""25377059"")",0.4807449494949492,"4","9791"
"=HYPERLINK(""https://stackoverflow.com/q/25740929"", ""25740929"")",0.3771977524016676,"1","5751"
"=HYPERLINK(""https://stackoverflow.com/q/25801563"", ""25801563"")",0.3168168168168166,"1","1210"
"=HYPERLINK(""https://stackoverflow.com/q/26040537"", ""26040537"")",0.5861736953591378,"0","577"
"=HYPERLINK(""https://stackoverflow.com/q/26139365"", ""26139365"")",0.4962747003563336,"2","137"
"=HYPERLINK(""https://stackoverflow.com/q/26201964"", ""26201964"")",0.3586540063301686,"0","517"
"=HYPERLINK(""https://stackoverflow.com/q/26239326"", ""26239326"")",0.6234198270126408,"0","455"
"=HYPERLINK(""https://stackoverflow.com/q/26382942"", ""26382942"")",0.5544697792254795,"1","1594"
"=HYPERLINK(""https://stackoverflow.com/q/26747971"", ""26747971"")",0.6886253842775576,"3","2869"
"=HYPERLINK(""https://stackoverflow.com/q/26798356"", ""26798356"")",0.4806114839671889,"2","72"
"=HYPERLINK(""https://stackoverflow.com/q/26865747"", ""26865747"")",0.508969210174029,"0","746"
"=HYPERLINK(""https://stackoverflow.com/q/27353969"", ""27353969"")",0.4439203354297695,"0","152"
"=HYPERLINK(""https://stackoverflow.com/q/27406679"", ""27406679"")",0.2527565733672606,"0","166"
"=HYPERLINK(""https://stackoverflow.com/q/27441774"", ""27441774"")",0.5073286052009457,"2","1081"
"=HYPERLINK(""https://stackoverflow.com/q/27725064"", ""27725064"")",0.309779825908858,"0","92"
"=HYPERLINK(""https://stackoverflow.com/q/28411289"", ""28411289"")",0.5962317309385459,"0","437"
"=HYPERLINK(""https://stackoverflow.com/q/28426614"", ""28426614"")",0.7749860413176991,"1","441"
"=HYPERLINK(""https://stackoverflow.com/q/28430305"", ""28430305"")",0.4808429118773942,"0","223"
"=HYPERLINK(""https://stackoverflow.com/q/28580457"", ""28580457"")",0.6211141889812251,"1","3240"
"=HYPERLINK(""https://stackoverflow.com/q/28811517"", ""28811517"")",0.4090199750312114,"1","415"
"=HYPERLINK(""https://stackoverflow.com/q/28964906"", ""28964906"")",0.2725180802103881,"1","254"
"=HYPERLINK(""https://stackoverflow.com/q/28983651"", ""28983651"")",0.3787107718405432,"2","2045"
"=HYPERLINK(""https://stackoverflow.com/q/29170411"", ""29170411"")",0.4470544369873232,"0","1273"
"=HYPERLINK(""https://stackoverflow.com/q/29263928"", ""29263928"")",0.4029802397149338,"1","1241"
"=HYPERLINK(""https://stackoverflow.com/q/29288770"", ""29288770"")",0.294620412267471,"0","1050"
"=HYPERLINK(""https://stackoverflow.com/q/29436093"", ""29436093"")",0.4607764390896918,"0","629"
"=HYPERLINK(""https://stackoverflow.com/q/29792259"", ""29792259"")",0.4265023778642455,"0","311"
"=HYPERLINK(""https://stackoverflow.com/q/30025049"", ""30025049"")",0.4906785980611485,"1","2098"
"=HYPERLINK(""https://stackoverflow.com/q/30206700"", ""30206700"")",0.2567676767676767,"1","338"
"=HYPERLINK(""https://stackoverflow.com/q/30575857"", ""30575857"")",0.4067859806114842,"0","377"
"=HYPERLINK(""https://stackoverflow.com/q/30965104"", ""30965104"")",0.3780011166945838,"1","437"
"=HYPERLINK(""https://stackoverflow.com/q/31260005"", ""31260005"")",0.4705443698732292,"1","2686"
"=HYPERLINK(""https://stackoverflow.com/q/31348816"", ""31348816"")",0.3026570048309175,"1","169"
"=HYPERLINK(""https://stackoverflow.com/q/31431399"", ""31431399"")",0.4154040404040402,"1","1728"
"=HYPERLINK(""https://stackoverflow.com/q/31780347"", ""31780347"")",0.665260196905766,"1","947"
"=HYPERLINK(""https://stackoverflow.com/q/31949988"", ""31949988"")",0.7260390161153526,"1","277"
"=HYPERLINK(""https://stackoverflow.com/q/32124311"", ""32124311"")",0.8244949494949492,"0","138"
"=HYPERLINK(""https://stackoverflow.com/q/32175486"", ""32175486"")",0.506807202459376,"1","152"
"=HYPERLINK(""https://stackoverflow.com/q/32202317"", ""32202317"")",0.5949159491594916,"2","3376"
"=HYPERLINK(""https://stackoverflow.com/q/32208303"", ""32208303"")",0.3419561468341953,"0","895"
"=HYPERLINK(""https://stackoverflow.com/q/32213787"", ""32213787"")",0.5650793650793652,"0","110"
"=HYPERLINK(""https://stackoverflow.com/q/32521401"", ""32521401"")",0.4111623143881203,"2","13221"
"=HYPERLINK(""https://stackoverflow.com/q/32630481"", ""32630481"")",0.3420378904249869,"1","838"
"=HYPERLINK(""https://stackoverflow.com/q/32758618"", ""32758618"")",0.4467120181405901,"1","1073"
"=HYPERLINK(""https://stackoverflow.com/q/32882884"", ""32882884"")",0.4601784266017847,"1","1907"
"=HYPERLINK(""https://stackoverflow.com/q/32940944"", ""32940944"")",0.3735735735735733,"4","325"
"=HYPERLINK(""https://stackoverflow.com/q/33087020"", ""33087020"")",0.3990032248607449,"0","697"
"=HYPERLINK(""https://stackoverflow.com/q/33133410"", ""33133410"")",0.5655293088363953,"0","51"
"=HYPERLINK(""https://stackoverflow.com/q/33392005"", ""33392005"")",0.589004229142637,"2","1068"
"=HYPERLINK(""https://stackoverflow.com/q/33421741"", ""33421741"")",0.3823207443897097,"1","199"
"=HYPERLINK(""https://stackoverflow.com/q/33494703"", ""33494703"")",0.4585858585858584,"0","84"
"=HYPERLINK(""https://stackoverflow.com/q/33546852"", ""33546852"")",0.4700098328416917,"3","968"
"=HYPERLINK(""https://stackoverflow.com/q/33616877"", ""33616877"")",0.4288642886428866,"1","845"
"=HYPERLINK(""https://stackoverflow.com/q/33686243"", ""33686243"")",0.5292505822715439,"0","95"
"=HYPERLINK(""https://stackoverflow.com/q/33856513"", ""33856513"")",0.4099145299145304,"2","807"
"=HYPERLINK(""https://stackoverflow.com/q/33875044"", ""33875044"")",0.7222222222222219,"2","761"
"=HYPERLINK(""https://stackoverflow.com/q/33889233"", ""33889233"")",0.2899840292037415,"0","511"
"=HYPERLINK(""https://stackoverflow.com/q/34059974"", ""34059974"")",0.4431524547803613,"2","1496"
"=HYPERLINK(""https://stackoverflow.com/q/34579238"", ""34579238"")",0.4381985535831693,"1","165"
"=HYPERLINK(""https://stackoverflow.com/q/34617779"", ""34617779"")",0.364147181439188,"1","716"
"=HYPERLINK(""https://stackoverflow.com/q/34703564"", ""34703564"")",0.3556267046128306,"1","787"
"=HYPERLINK(""https://stackoverflow.com/q/34746147"", ""34746147"")",0.6933760683760684,"1","500"
"=HYPERLINK(""https://stackoverflow.com/q/34748172"", ""34748172"")",0.4722222222222221,"1","938"
"=HYPERLINK(""https://stackoverflow.com/q/34760713"", ""34760713"")",0.6318163181631816,"2","92"
"=HYPERLINK(""https://stackoverflow.com/q/34849099"", ""34849099"")",0.6115664845173048,"0","323"
"=HYPERLINK(""https://stackoverflow.com/q/34850759"", ""34850759"")",0.3656256639048229,"0","179"
"=HYPERLINK(""https://stackoverflow.com/q/34920717"", ""34920717"")",0.3820582877959929,"16","1151"
"=HYPERLINK(""https://stackoverflow.com/q/34956220"", ""34956220"")",0.3000432338953739,"0","49"
"=HYPERLINK(""https://stackoverflow.com/q/35453445"", ""35453445"")",0.5140774258421316,"0","177"
"=HYPERLINK(""https://stackoverflow.com/q/35478812"", ""35478812"")",0.5472222222222223,"0","118"
"=HYPERLINK(""https://stackoverflow.com/q/35593683"", ""35593683"")",0.30092917935504,"0","680"
"=HYPERLINK(""https://stackoverflow.com/q/35599831"", ""35599831"")",0.3355723481668063,"0","640"
"=HYPERLINK(""https://stackoverflow.com/q/35639931"", ""35639931"")",0.5779534475186647,"1","640"
"=HYPERLINK(""https://stackoverflow.com/q/35646165"", ""35646165"")",0.4739000745712157,"0","77"
"=HYPERLINK(""https://stackoverflow.com/q/35781359"", ""35781359"")",0.4655957161981254,"0","546"
"=HYPERLINK(""https://stackoverflow.com/q/35807143"", ""35807143"")",0.1919802867383514,"0","69"
"=HYPERLINK(""https://stackoverflow.com/q/36273363"", ""36273363"")",0.4693813131313129,"0","624"
"=HYPERLINK(""https://stackoverflow.com/q/36407320"", ""36407320"")",0.6002038735983688,"0","127"
"=HYPERLINK(""https://stackoverflow.com/q/36452463"", ""36452463"")",0.6585429769392034,"0","511"
"=HYPERLINK(""https://stackoverflow.com/q/36629693"", ""36629693"")",0.535199321458864,"0","2638"
"=HYPERLINK(""https://stackoverflow.com/q/36849686"", ""36849686"")",0.8252372975991061,"0","120"
"=HYPERLINK(""https://stackoverflow.com/q/37169220"", ""37169220"")",0.3845598845598843,"2","2728"
"=HYPERLINK(""https://stackoverflow.com/q/37726996"", ""37726996"")",0.4188446588929096,"0","949"
"=HYPERLINK(""https://stackoverflow.com/q/37745745"", ""37745745"")",0.8628793064111332,"0","704"
"=HYPERLINK(""https://stackoverflow.com/q/37745935"", ""37745935"")",0.5596455351056573,"0","211"
"=HYPERLINK(""https://stackoverflow.com/q/37877073"", ""37877073"")",0.5488553880513677,"0","627"
"=HYPERLINK(""https://stackoverflow.com/q/38401297"", ""38401297"")",0.4739000745712157,"2","110"
"=HYPERLINK(""https://stackoverflow.com/q/38563353"", ""38563353"")",0.3986928104575163,"0","444"
"=HYPERLINK(""https://stackoverflow.com/q/38912955"", ""38912955"")",0.3571619812583667,"0","31"
"=HYPERLINK(""https://stackoverflow.com/q/38918374"", ""38918374"")",0.2942066580198875,"0","865"
"=HYPERLINK(""https://stackoverflow.com/q/39346061"", ""39346061"")",0.5682076236820768,"0","262"
"=HYPERLINK(""https://stackoverflow.com/q/39986005"", ""39986005"")",0.5803682896379532,"1","686"
"=HYPERLINK(""https://stackoverflow.com/q/40023014"", ""40023014"")",0.6330330330330325,"0","86"
"=HYPERLINK(""https://stackoverflow.com/q/40114652"", ""40114652"")",0.504430811179277,"0","671"
"=HYPERLINK(""https://stackoverflow.com/q/40241509"", ""40241509"")",0.6209563994374117,"5","4963"
"=HYPERLINK(""https://stackoverflow.com/q/40642721"", ""40642721"")",0.4776439089692098,"2","1054"
"=HYPERLINK(""https://stackoverflow.com/q/40652487"", ""40652487"")",0.3218532185321854,"0","443"
"=HYPERLINK(""https://stackoverflow.com/q/40934492"", ""40934492"")",0.2952700811642874,"0","793"
"=HYPERLINK(""https://stackoverflow.com/q/41014435"", ""41014435"")",0.313131313131313,"0","437"
"=HYPERLINK(""https://stackoverflow.com/q/41033935"", ""41033935"")",0.411147303655447,"0","138"
"=HYPERLINK(""https://stackoverflow.com/q/41291836"", ""41291836"")",0.4501082791937368,"4","3393"
"=HYPERLINK(""https://stackoverflow.com/q/41813426"", ""41813426"")",0.5516682863621646,"0","223"
"=HYPERLINK(""https://stackoverflow.com/q/41853377"", ""41853377"")",0.5056098443720592,"0","1089"
"=HYPERLINK(""https://stackoverflow.com/q/41985052"", ""41985052"")",0.4507936507936509,"1","954"
"=HYPERLINK(""https://stackoverflow.com/q/42002601"", ""42002601"")",0.4681681681681677,"0","142"
"=HYPERLINK(""https://stackoverflow.com/q/42006785"", ""42006785"")",0.3405428329092454,"0","363"
"=HYPERLINK(""https://stackoverflow.com/q/42432195"", ""42432195"")",0.4604772557792695,"0","201"
"=HYPERLINK(""https://stackoverflow.com/q/42623994"", ""42623994"")",0.3446712018140592,"0","742"
"=HYPERLINK(""https://stackoverflow.com/q/42675314"", ""42675314"")",0.8000432338953739,"2","91"
"=HYPERLINK(""https://stackoverflow.com/q/42788744"", ""42788744"")",0.7966166858900414,"0","611"
"=HYPERLINK(""https://stackoverflow.com/q/42884680"", ""42884680"")",0.7287157287157283,"0","83"
"=HYPERLINK(""https://stackoverflow.com/q/42943203"", ""42943203"")",0.3456399437412094,"0","525"
"=HYPERLINK(""https://stackoverflow.com/q/43178066"", ""43178066"")",0.472700233694498,"0","72"
"=HYPERLINK(""https://stackoverflow.com/q/43246635"", ""43246635"")",0.5629512238070087,"0","470"
"=HYPERLINK(""https://stackoverflow.com/q/43619844"", ""43619844"")",0.4760037348272642,"0","427"
"=HYPERLINK(""https://stackoverflow.com/q/43625573"", ""43625573"")",0.589478859390364,"0","87"
"=HYPERLINK(""https://stackoverflow.com/q/43735662"", ""43735662"")",0.7521623419827009,"2","314"
"=HYPERLINK(""https://stackoverflow.com/q/43869943"", ""43869943"")",0.4518061975689095,"0","261"
"=HYPERLINK(""https://stackoverflow.com/q/43907804"", ""43907804"")",0.5313825275657342,"0","40"
"=HYPERLINK(""https://stackoverflow.com/q/44110038"", ""44110038"")",0.6874120956399432,"1","794"
"=HYPERLINK(""https://stackoverflow.com/q/44128408"", ""44128408"")",0.4436507936507937,"0","189"
"=HYPERLINK(""https://stackoverflow.com/q/44237555"", ""44237555"")",0.4209192906261309,"0","286"
"=HYPERLINK(""https://stackoverflow.com/q/44315990"", ""44315990"")",0.3103681188787572,"0","147"
"=HYPERLINK(""https://stackoverflow.com/q/44366011"", ""44366011"")",0.3264567499095187,"1","525"
"=HYPERLINK(""https://stackoverflow.com/q/44497529"", ""44497529"")",0.7741702741702738,"1","206"
"=HYPERLINK(""https://stackoverflow.com/q/44541096"", ""44541096"")",0.7352092352092349,"0","78"
"=HYPERLINK(""https://stackoverflow.com/q/44633911"", ""44633911"")",0.5242356450410144,"0","793"
"=HYPERLINK(""https://stackoverflow.com/q/44815319"", ""44815319"")",0.4920966992096695,"0","405"
"=HYPERLINK(""https://stackoverflow.com/q/44916200"", ""44916200"")",0.4005217146080089,"0","110"
"=HYPERLINK(""https://stackoverflow.com/q/45011133"", ""45011133"")",0.3257936507936509,"0","981"
"=HYPERLINK(""https://stackoverflow.com/q/45336023"", ""45336023"")",0.3533697632058288,"0","61"
"=HYPERLINK(""https://stackoverflow.com/q/45603560"", ""45603560"")",0.4100675260896256,"0","167"
"=HYPERLINK(""https://stackoverflow.com/q/45610314"", ""45610314"")",0.3447518664909966,"1","2319"
"=HYPERLINK(""https://stackoverflow.com/q/45687719"", ""45687719"")",0.3262856513599824,"1","537"
"=HYPERLINK(""https://stackoverflow.com/q/46114220"", ""46114220"")",0.3966903073286053,"0","269"
"=HYPERLINK(""https://stackoverflow.com/q/46214859"", ""46214859"")",0.4683956916099769,"0","37"
"=HYPERLINK(""https://stackoverflow.com/q/46449611"", ""46449611"")",0.3571703191080351,"0","94"
"=HYPERLINK(""https://stackoverflow.com/q/46601227"", ""46601227"")",0.383035530909838,"0","128"
"=HYPERLINK(""https://stackoverflow.com/q/46629988"", ""46629988"")",0.6306191687871083,"1","379"
"=HYPERLINK(""https://stackoverflow.com/q/46660766"", ""46660766"")",0.5157004830917867,"1","754"
"=HYPERLINK(""https://stackoverflow.com/q/46700821"", ""46700821"")",0.3131313131313131,"0","284"
"=HYPERLINK(""https://stackoverflow.com/q/46744257"", ""46744257"")",0.6710411198600184,"0","139"
"=HYPERLINK(""https://stackoverflow.com/q/46771848"", ""46771848"")",0.279474130619169,"0","100"
"=HYPERLINK(""https://stackoverflow.com/q/46773245"", ""46773245"")",0.4143404488232072,"0","1401"
"=HYPERLINK(""https://stackoverflow.com/q/46851343"", ""46851343"")",0.2187620146097654,"0","852"
"=HYPERLINK(""https://stackoverflow.com/q/47279765"", ""47279765"")",0.4690307328605202,"0","278"
"=HYPERLINK(""https://stackoverflow.com/q/47688993"", ""47688993"")",0.31865551152209,"0","202"
"=HYPERLINK(""https://stackoverflow.com/q/48035934"", ""48035934"")",0.2030834662413611,"0","856"
"=HYPERLINK(""https://stackoverflow.com/q/48337398"", ""48337398"")",0.4695906432748541,"0","387"
"=HYPERLINK(""https://stackoverflow.com/q/48520584"", ""48520584"")",0.5136795086543825,"0","69"
"=HYPERLINK(""https://stackoverflow.com/q/48644034"", ""48644034"")",0.2825335062689148,"0","294"
"=HYPERLINK(""https://stackoverflow.com/q/48705674"", ""48705674"")",0.3939547450185748,"0","656"
"=HYPERLINK(""https://stackoverflow.com/q/48965837"", ""48965837"")",0.3932545796952577,"1","312"
"=HYPERLINK(""https://stackoverflow.com/q/49035873"", ""49035873"")",0.6543551862111419,"0","496"
"=HYPERLINK(""https://stackoverflow.com/q/49376580"", ""49376580"")",0.378472222222222,"0","1152"
"=HYPERLINK(""https://stackoverflow.com/q/50416624"", ""50416624"")",0.3180205415499533,"1","134"
"=HYPERLINK(""https://stackoverflow.com/q/50509027"", ""50509027"")",0.4949494949494947,"1","147"
"=HYPERLINK(""https://stackoverflow.com/q/51257349"", ""51257349"")",0.4158981115502853,"0","670"
"=HYPERLINK(""https://stackoverflow.com/q/51263574"", ""51263574"")",0.5498817966903073,"0","328"
"=HYPERLINK(""https://stackoverflow.com/q/51315685"", ""51315685"")",0.7583924349881799,"0","253"
"=HYPERLINK(""https://stackoverflow.com/q/51687566"", ""51687566"")",0.4052009456264776,"0","410"
"=HYPERLINK(""https://stackoverflow.com/q/52011758"", ""52011758"")",0.6946631671041125,"0","115"
"=HYPERLINK(""https://stackoverflow.com/q/52164335"", ""52164335"")",0.4145299145299148,"0","99"
"=HYPERLINK(""https://stackoverflow.com/q/52534996"", ""52534996"")",0.3213346482577253,"0","354"
"=HYPERLINK(""https://stackoverflow.com/q/52586645"", ""52586645"")",0.3778642455685257,"2","265"
"=HYPERLINK(""https://stackoverflow.com/q/52614755"", ""52614755"")",0.2018140589569163,"1","285"
"=HYPERLINK(""https://stackoverflow.com/q/53045397"", ""53045397"")",0.5727757277572777,"0","136"
"=HYPERLINK(""https://stackoverflow.com/q/53408622"", ""53408622"")",0.4182708544410672,"2","989"
"=HYPERLINK(""https://stackoverflow.com/q/53755624"", ""53755624"")",0.3882738827388275,"0","120"
"=HYPERLINK(""https://stackoverflow.com/q/53829793"", ""53829793"")",0.7164082687338496,"0","193"
"=HYPERLINK(""https://stackoverflow.com/q/54189567"", ""54189567"")",0.4249249249249245,"0","313"
"=HYPERLINK(""https://stackoverflow.com/q/54553205"", ""54553205"")",0.2665260196905766,"0","514"
"=HYPERLINK(""https://stackoverflow.com/q/54628591"", ""54628591"")",0.3650793650793651,"0","623"
"=HYPERLINK(""https://stackoverflow.com/q/54868798"", ""54868798"")",0.5924349881796691,"1","185"
"=HYPERLINK(""https://stackoverflow.com/q/55046970"", ""55046970"")",0.8296047725577931,"1","70"
"=HYPERLINK(""https://stackoverflow.com/q/55213084"", ""55213084"")",0.5791354055019653,"1","91"
"=HYPERLINK(""https://stackoverflow.com/q/55443739"", ""55443739"")",0.2905010273431326,"0","59"
"=HYPERLINK(""https://stackoverflow.com/q/55471101"", ""55471101"")",0.4125987912598789,"3","377"
"=HYPERLINK(""https://stackoverflow.com/q/55869603"", ""55869603"")",0.3314372392870685,"0","581"
"=HYPERLINK(""https://stackoverflow.com/q/55939390"", ""55939390"")",0.4009456264775414,"0","88"
"=HYPERLINK(""https://stackoverflow.com/q/55956627"", ""55956627"")",0.3092934623277633,"0","80"
"=HYPERLINK(""https://stackoverflow.com/q/55959792"", ""55959792"")",0.489692101740294,"0","46"
"=HYPERLINK(""https://stackoverflow.com/q/56280891"", ""56280891"")",0.6971176197117614,"0","53"
"=HYPERLINK(""https://stackoverflow.com/q/57117637"", ""57117637"")",0.3884491351509823,"1","85"
"=HYPERLINK(""https://stackoverflow.com/q/57249707"", ""57249707"")",0.4949494949494951,"0","32"
"=HYPERLINK(""https://stackoverflow.com/q/57354211"", ""57354211"")",0.2921017402945113,"1","139"
"=HYPERLINK(""https://stackoverflow.com/q/57848273"", ""57848273"")",0.3484172509029108,"0","78"
"=HYPERLINK(""https://stackoverflow.com/q/57874212"", ""57874212"")",0.3131313131313129,"0","108"
"=HYPERLINK(""https://stackoverflow.com/q/57989900"", ""57989900"")",0.4329845540607871,"0","77"
"=HYPERLINK(""https://stackoverflow.com/q/58237668"", ""58237668"")",0.6367060434857048,"1","205"
"=HYPERLINK(""https://stackoverflow.com/q/58534845"", ""58534845"")",0.5119949494949492,"1","272"
"=HYPERLINK(""https://stackoverflow.com/q/58574488"", ""58574488"")",0.4550466497031387,"1","135"
"=HYPERLINK(""https://stackoverflow.com/q/58689313"", ""58689313"")",0.8453378001116688,"0","47"
"=HYPERLINK(""https://stackoverflow.com/q/59224125"", ""59224125"")",0.6320160366552119,"0","240"
"=HYPERLINK(""https://stackoverflow.com/q/59253202"", ""59253202"")",0.687871077184055,"0","623"
"=HYPERLINK(""https://stackoverflow.com/q/59630280"", ""59630280"")",0.2624661246612464,"0","418"
"=HYPERLINK(""https://stackoverflow.com/q/59634660"", ""59634660"")",0.4253884491351511,"0","115"
"=HYPERLINK(""https://stackoverflow.com/q/59733627"", ""59733627"")",0.5250942848854079,"0","250"
"=HYPERLINK(""https://stackoverflow.com/q/60045725"", ""60045725"")",0.3124477861319964,"1","230"
"=HYPERLINK(""https://stackoverflow.com/q/60272944"", ""60272944"")",0.5916803503010393,"0","364"
"=HYPERLINK(""https://stackoverflow.com/q/60801953"", ""60801953"")",0.3229875283446709,"0","33"
"=HYPERLINK(""https://stackoverflow.com/q/60857529"", ""60857529"")",0.718866517524236,"0","43"
"=HYPERLINK(""https://stackoverflow.com/q/61065007"", ""61065007"")",0.4657865786578656,"0","3649"
"=HYPERLINK(""https://stackoverflow.com/q/61309820"", ""61309820"")",0.4580176767676763,"0","56"
"=HYPERLINK(""https://stackoverflow.com/q/61668245"", ""61668245"")",0.5772710821570756,"0","137"
"=HYPERLINK(""https://stackoverflow.com/q/61703624"", ""61703624"")",0.9021385402138534,"0","87"
"=HYPERLINK(""https://stackoverflow.com/q/61713625"", ""61713625"")",0.431579874878844,"1","387"
"=HYPERLINK(""https://stackoverflow.com/q/62080254"", ""62080254"")",0.9247538677918417,"3","180"
"=HYPERLINK(""https://stackoverflow.com/q/62280959"", ""62280959"")",0.4496274700356339,"0","251"
"=HYPERLINK(""https://stackoverflow.com/q/62860991"", ""62860991"")",0.4089310829817158,"0","57"
"=HYPERLINK(""https://stackoverflow.com/q/62994597"", ""62994597"")",0.6477541371158393,"0","35"
"=HYPERLINK(""https://stackoverflow.com/q/63860409"", ""63860409"")",0.45535105657805,"0","11"
"=HYPERLINK(""https://stackoverflow.com/q/63872091"", ""63872091"")",0.4262524489224736,"0","33"
"=HYPERLINK(""https://stackoverflow.com/q/63996356"", ""63996356"")",0.6713240186294076,"0","23"
"=HYPERLINK(""https://stackoverflow.com/q/64051032"", ""64051032"")",0.3368467281510757,"0","25"
"=HYPERLINK(""https://stackoverflow.com/q/64103118"", ""64103118"")",0.2648661454631605,"0","49"
"=HYPERLINK(""https://stackoverflow.com/q/64552131"", ""64552131"")",0.3276767676767675,"0","48"
"=HYPERLINK(""https://stackoverflow.com/q/64555084"", ""64555084"")",0.2821024617431802,"0","32"
"=HYPERLINK(""https://stackoverflow.com/q/64595141"", ""64595141"")",0.3278923253150057,"1","28"
"=HYPERLINK(""https://stackoverflow.com/q/65306969"", ""65306969"")",0.4019097222222226,"1","378"
"=HYPERLINK(""https://stackoverflow.com/q/65395724"", ""65395724"")",0.2955674816139933,"0","129"
"=HYPERLINK(""https://stackoverflow.com/q/65729127"", ""65729127"")",0.7968828557063851,"0","66"
"=HYPERLINK(""https://stackoverflow.com/q/65873642"", ""65873642"")",0.2929914529914532,"0","32"
"=HYPERLINK(""https://stackoverflow.com/q/65907448"", ""65907448"")",0.4401954535797752,"0","84"
"=HYPERLINK(""https://stackoverflow.com/q/66349492"", ""66349492"")",0.3741209563994371,"0","36"
"=HYPERLINK(""https://stackoverflow.com/q/66411382"", ""66411382"")",0.4684628237259814,"0","16"
"=HYPERLINK(""https://stackoverflow.com/q/66656136"", ""66656136"")",0.3219006788138621,"0","12"
"=HYPERLINK(""https://stackoverflow.com/q/66674106"", ""66674106"")",0.5508512544802872,"0","28"
"=HYPERLINK(""https://stackoverflow.com/q/66746567"", ""66746567"")",0.3769667477696679,"0","181"
"=HYPERLINK(""https://stackoverflow.com/q/66809420"", ""66809420"")",0.4485380116959068,"0","45"
"=HYPERLINK(""https://stackoverflow.com/q/66893277"", ""66893277"")",0.3877394636015325,"0","22"
"=HYPERLINK(""https://stackoverflow.com/q/66964991"", ""66964991"")",0.6060060060060054,"0","11"
"=HYPERLINK(""https://stackoverflow.com/q/67331816"", ""67331816"")",0.2506313131313131,"0","15"
"=HYPERLINK(""https://stackoverflow.com/q/67474200"", ""67474200"")",0.3213475866537095,"0","29"
"=HYPERLINK(""https://stackoverflow.com/q/67497625"", ""67497625"")",0.5071872571872569,"0","7"
"=HYPERLINK(""https://stackoverflow.com/q/67551584"", ""67551584"")",0.357606837606838,"0","16"
