link,Correlation
"=HYPERLINK(""https://stackoverflow.com/a/1237753"", ""1237753"")",0.18773946360153257
"=HYPERLINK(""https://stackoverflow.com/a/2811533"", ""2811533"")",0.4266275085658349
"=HYPERLINK(""https://stackoverflow.com/a/5139364"", ""5139364"")",0.30509515039901786
"=HYPERLINK(""https://stackoverflow.com/a/8950057"", ""8950057"")",0.33302554632194525
"=HYPERLINK(""https://stackoverflow.com/a/11165621"", ""11165621"")",0.3239171374764592
"=HYPERLINK(""https://stackoverflow.com/a/12651010"", ""12651010"")",0.2387968078575814
"=HYPERLINK(""https://stackoverflow.com/a/14028360"", ""14028360"")",0.5176068376068383
"=HYPERLINK(""https://stackoverflow.com/a/19516898"", ""19516898"")",0.3131313131313132
"=HYPERLINK(""https://stackoverflow.com/a/20994162"", ""20994162"")",0.25371828521434836
"=HYPERLINK(""https://stackoverflow.com/a/22186649"", ""22186649"")",0.3547523427041499
"=HYPERLINK(""https://stackoverflow.com/a/24599523"", ""24599523"")",0.4385683760683762
"=HYPERLINK(""https://stackoverflow.com/a/24888859"", ""24888859"")",0.6787439613526576
"=HYPERLINK(""https://stackoverflow.com/a/26409018"", ""26409018"")",0.5189255189255189
"=HYPERLINK(""https://stackoverflow.com/a/29143813"", ""29143813"")",0.434820647419073
"=HYPERLINK(""https://stackoverflow.com/a/31030313"", ""31030313"")",0.2894158981115502
"=HYPERLINK(""https://stackoverflow.com/a/32252450"", ""32252450"")",0.6185355862775209
"=HYPERLINK(""https://stackoverflow.com/a/32717351"", ""32717351"")",0.30828779599271416
"=HYPERLINK(""https://stackoverflow.com/a/34005305"", ""34005305"")",0.3688020267824828
"=HYPERLINK(""https://stackoverflow.com/a/34005413"", ""34005413"")",0.3710771840542836
"=HYPERLINK(""https://stackoverflow.com/a/37401434"", ""37401434"")",0.34564791491743596
"=HYPERLINK(""https://stackoverflow.com/a/37859033"", ""37859033"")",0.414882772680938
"=HYPERLINK(""https://stackoverflow.com/a/38181141"", ""38181141"")",0.503977418527072
"=HYPERLINK(""https://stackoverflow.com/a/39769251"", ""39769251"")",0.6486928104575164
"=HYPERLINK(""https://stackoverflow.com/a/40420361"", ""40420361"")",0.6876600102406544
"=HYPERLINK(""https://stackoverflow.com/a/40534688"", ""40534688"")",0.4478859390363819
"=HYPERLINK(""https://stackoverflow.com/a/40775237"", ""40775237"")",0.5247626379266102
"=HYPERLINK(""https://stackoverflow.com/a/40793202"", ""40793202"")",0.3423146009751091
"=HYPERLINK(""https://stackoverflow.com/a/40866746"", ""40866746"")",0.6868239921337272
"=HYPERLINK(""https://stackoverflow.com/a/42828582"", ""42828582"")",0.5383986928104576
"=HYPERLINK(""https://stackoverflow.com/a/42845376"", ""42845376"")",0.3557727108215707
"=HYPERLINK(""https://stackoverflow.com/a/42869923"", ""42869923"")",0.5022222222222229
"=HYPERLINK(""https://stackoverflow.com/a/44268292"", ""44268292"")",0.5122222222222219
"=HYPERLINK(""https://stackoverflow.com/a/44337406"", ""44337406"")",0.33239171374764565
"=HYPERLINK(""https://stackoverflow.com/a/44879590"", ""44879590"")",0.22957516339869283
"=HYPERLINK(""https://stackoverflow.com/a/44975068"", ""44975068"")",0.4001363326516698
"=HYPERLINK(""https://stackoverflow.com/a/45152554"", ""45152554"")",0.16767676767676767
"=HYPERLINK(""https://stackoverflow.com/a/45191505"", ""45191505"")",0.15079365079365076
"=HYPERLINK(""https://stackoverflow.com/a/46675538"", ""46675538"")",0.604710701484894
"=HYPERLINK(""https://stackoverflow.com/a/46891611"", ""46891611"")",0.6197632058287803
"=HYPERLINK(""https://stackoverflow.com/a/47179410"", ""47179410"")",0.3313131313131314
"=HYPERLINK(""https://stackoverflow.com/a/47295222"", ""47295222"")",0.1948249619482496
"=HYPERLINK(""https://stackoverflow.com/a/48177559"", ""48177559"")",0.4237847222222226
"=HYPERLINK(""https://stackoverflow.com/a/48504558"", ""48504558"")",0.43255432554325546
"=HYPERLINK(""https://stackoverflow.com/a/48754612"", ""48754612"")",0.3675710594315242
"=HYPERLINK(""https://stackoverflow.com/a/49057684"", ""49057684"")",0.5289232531500571
"=HYPERLINK(""https://stackoverflow.com/a/49633592"", ""49633592"")",0.7299827543729974
"=HYPERLINK(""https://stackoverflow.com/a/50286225"", ""50286225"")",0.5105657805044304
"=HYPERLINK(""https://stackoverflow.com/a/50948110"", ""50948110"")",0.39901780233271955
"=HYPERLINK(""https://stackoverflow.com/a/51212680"", ""51212680"")",0.222222222222222
"=HYPERLINK(""https://stackoverflow.com/a/51317522"", ""51317522"")",0.18354818907305095
"=HYPERLINK(""https://stackoverflow.com/a/52607780"", ""52607780"")",0.35762189595794824
"=HYPERLINK(""https://stackoverflow.com/a/53705330"", ""53705330"")",0.23449216087252883
"=HYPERLINK(""https://stackoverflow.com/a/54196417"", ""54196417"")",0.3189203354297695
"=HYPERLINK(""https://stackoverflow.com/a/54449818"", ""54449818"")",0.40972222222222265
"=HYPERLINK(""https://stackoverflow.com/a/54835902"", ""54835902"")",0.6314529914529924
"=HYPERLINK(""https://stackoverflow.com/a/55249062"", ""55249062"")",0.38351254480286695
"=HYPERLINK(""https://stackoverflow.com/a/55374526"", ""55374526"")",0.6395450568678925
"=HYPERLINK(""https://stackoverflow.com/a/55403569"", ""55403569"")",0.7025371828521446
"=HYPERLINK(""https://stackoverflow.com/a/55404217"", ""55404217"")",0.585858585858586
"=HYPERLINK(""https://stackoverflow.com/a/55582055"", ""55582055"")",0.3019768234492157
"=HYPERLINK(""https://stackoverflow.com/a/55592423"", ""55592423"")",0.32166973603437693
"=HYPERLINK(""https://stackoverflow.com/a/55733315"", ""55733315"")",0.8093781855249749
"=HYPERLINK(""https://stackoverflow.com/a/55758463"", ""55758463"")",0.7791452991453004
"=HYPERLINK(""https://stackoverflow.com/a/56120986"", ""56120986"")",0.29142637447135716
"=HYPERLINK(""https://stackoverflow.com/a/56149853"", ""56149853"")",0.6817966903073287
"=HYPERLINK(""https://stackoverflow.com/a/57001027"", ""57001027"")",0.1909722222222223
"=HYPERLINK(""https://stackoverflow.com/a/57207682"", ""57207682"")",0.06432748538011691
"=HYPERLINK(""https://stackoverflow.com/a/57571269"", ""57571269"")",0.46879756468797557
"=HYPERLINK(""https://stackoverflow.com/a/57796799"", ""57796799"")",0.6617826617826618
"=HYPERLINK(""https://stackoverflow.com/a/58190557"", ""58190557"")",0.7521761392729122
"=HYPERLINK(""https://stackoverflow.com/a/58233815"", ""58233815"")",0.43018682399213426
"=HYPERLINK(""https://stackoverflow.com/a/58446643"", ""58446643"")",0.42020879940343064
"=HYPERLINK(""https://stackoverflow.com/a/58489859"", ""58489859"")",0.47222222222222215
"=HYPERLINK(""https://stackoverflow.com/a/58552581"", ""58552581"")",0.2767676767676768
"=HYPERLINK(""https://stackoverflow.com/a/58833805"", ""58833805"")",0.4258696386355962
"=HYPERLINK(""https://stackoverflow.com/a/58866815"", ""58866815"")",0.3624436244362445
"=HYPERLINK(""https://stackoverflow.com/a/58929195"", ""58929195"")",0.30222222222222267
"=HYPERLINK(""https://stackoverflow.com/a/59178424"", ""59178424"")",0.39409722222222243
"=HYPERLINK(""https://stackoverflow.com/a/59427510"", ""59427510"")",0.433231396534149
"=HYPERLINK(""https://stackoverflow.com/a/59784800"", ""59784800"")",0.31640504770698685
"=HYPERLINK(""https://stackoverflow.com/a/60516671"", ""60516671"")",0.4274853801169593
"=HYPERLINK(""https://stackoverflow.com/a/61207537"", ""61207537"")",0.5011695906432756
"=HYPERLINK(""https://stackoverflow.com/a/61508720"", ""61508720"")",0.49051490514905116
"=HYPERLINK(""https://stackoverflow.com/a/61684997"", ""61684997"")",0.3437691835481891
"=HYPERLINK(""https://stackoverflow.com/a/62104842"", ""62104842"")",0.38199665831244783
"=HYPERLINK(""https://stackoverflow.com/a/62519200"", ""62519200"")",0.3186565820277325
"=HYPERLINK(""https://stackoverflow.com/a/62773205"", ""62773205"")",0.7487708947885946
"=HYPERLINK(""https://stackoverflow.com/a/63475735"", ""63475735"")",0.5150399017802335
"=HYPERLINK(""https://stackoverflow.com/a/64065674"", ""64065674"")",0.4359626802374899
"=HYPERLINK(""https://stackoverflow.com/a/64278229"", ""64278229"")",0.3443152454780358
"=HYPERLINK(""https://stackoverflow.com/a/64307542"", ""64307542"")",0.36901121304791046
"=HYPERLINK(""https://stackoverflow.com/a/64339005"", ""64339005"")",0.363318112633181
"=HYPERLINK(""https://stackoverflow.com/a/64782546"", ""64782546"")",0.6459510357815438
"=HYPERLINK(""https://stackoverflow.com/a/64964950"", ""64964950"")",0.324732682473268
"=HYPERLINK(""https://stackoverflow.com/a/65075830"", ""65075830"")",0.46865079365079354
"=HYPERLINK(""https://stackoverflow.com/a/65350853"", ""65350853"")",0.3964327485380115
"=HYPERLINK(""https://stackoverflow.com/a/65570427"", ""65570427"")",0.4433760683760686
"=HYPERLINK(""https://stackoverflow.com/a/65893712"", ""65893712"")",0.22904816078877502
"=HYPERLINK(""https://stackoverflow.com/a/65953426"", ""65953426"")",0.23497732426303838
"=HYPERLINK(""https://stackoverflow.com/a/66044354"", ""66044354"")",0.5951035781544249
"=HYPERLINK(""https://stackoverflow.com/a/66476069"", ""66476069"")",0.5628815628815629
"=HYPERLINK(""https://stackoverflow.com/a/66550892"", ""66550892"")",0.39310829817158904
"=HYPERLINK(""https://stackoverflow.com/a/66603843"", ""66603843"")",0.6291989664082681
"=HYPERLINK(""https://stackoverflow.com/a/66914691"", ""66914691"")",0.6649099692577944
"=HYPERLINK(""https://stackoverflow.com/a/67328750"", ""67328750"")",0.753472222222223
"=HYPERLINK(""https://stackoverflow.com/a/67361171"", ""67361171"")",0.7588075880758802
"=HYPERLINK(""https://stackoverflow.com/a/67385814"", ""67385814"")",0.6712018140589582
"=HYPERLINK(""https://stackoverflow.com/a/67517717"", ""67517717"")",0.48784722222222276
