"link","Correlation","score","view_count"
"=HYPERLINK(""https://stackoverflow.com/q/8657698"", ""8657698"")",0.3255432554325544,"0","654"
"=HYPERLINK(""https://stackoverflow.com/q/10215293"", ""10215293"")",0.3859501819199548,"2","2554"
"=HYPERLINK(""https://stackoverflow.com/q/14696179"", ""14696179"")",0.3440972222222225,"1","317"
"=HYPERLINK(""https://stackoverflow.com/q/15837890"", ""15837890"")",0.3216540404040403,"0","909"
"=HYPERLINK(""https://stackoverflow.com/q/17998546"", ""17998546"")",0.4934486373165621,"2","11332"
"=HYPERLINK(""https://stackoverflow.com/q/18741810"", ""18741810"")",0.3542976939203354,"1","1074"
"=HYPERLINK(""https://stackoverflow.com/q/22144402"", ""22144402"")",0.2961593756418157,"4","2238"
"=HYPERLINK(""https://stackoverflow.com/q/22224707"", ""22224707"")",0.4408192858437558,"1","818"
"=HYPERLINK(""https://stackoverflow.com/q/23840534"", ""23840534"")",0.4033245844269472,"1","1104"
"=HYPERLINK(""https://stackoverflow.com/q/24050819"", ""24050819"")",0.2733949301113482,"2","6465"
"=HYPERLINK(""https://stackoverflow.com/q/25729997"", ""25729997"")",0.8069679849340857,"1","4131"
"=HYPERLINK(""https://stackoverflow.com/q/26054154"", ""26054154"")",0.3730021182360873,"2","7919"
"=HYPERLINK(""https://stackoverflow.com/q/26387079"", ""26387079"")",0.3988689288090483,"1","2659"
"=HYPERLINK(""https://stackoverflow.com/q/26642285"", ""26642285"")",0.2437938709125149,"0","924"
"=HYPERLINK(""https://stackoverflow.com/q/26659038"", ""26659038"")",0.4626068376068378,"4","4050"
"=HYPERLINK(""https://stackoverflow.com/q/26972753"", ""26972753"")",0.5542380324989014,"0","725"
"=HYPERLINK(""https://stackoverflow.com/q/27393958"", ""27393958"")",0.4145299145299146,"0","220"
"=HYPERLINK(""https://stackoverflow.com/q/28286324"", ""28286324"")",0.3009394233884034,"0","75"
"=HYPERLINK(""https://stackoverflow.com/q/28768058"", ""28768058"")",0.871572871572871,"0","705"
"=HYPERLINK(""https://stackoverflow.com/q/29010766"", ""29010766"")",0.409722222222222,"1","590"
"=HYPERLINK(""https://stackoverflow.com/q/29102830"", ""29102830"")",0.5894788593903643,"1","122"
"=HYPERLINK(""https://stackoverflow.com/q/29784214"", ""29784214"")",0.8639160332971405,"2","4574"
"=HYPERLINK(""https://stackoverflow.com/q/29845615"", ""29845615"")",0.7194597912829958,"0","181"
"=HYPERLINK(""https://stackoverflow.com/q/30580331"", ""30580331"")",0.3071278825995808,"0","435"
"=HYPERLINK(""https://stackoverflow.com/q/31734930"", ""31734930"")",0.4105339105339102,"0","1139"
"=HYPERLINK(""https://stackoverflow.com/q/31901475"", ""31901475"")",0.3252756573367265,"0","130"
"=HYPERLINK(""https://stackoverflow.com/q/32660990"", ""32660990"")",0.4277558190601667,"1","21"
"=HYPERLINK(""https://stackoverflow.com/q/32690352"", ""32690352"")",0.5305226174791386,"0","2157"
"=HYPERLINK(""https://stackoverflow.com/q/32836229"", ""32836229"")",0.5988455988455985,"1","1781"
"=HYPERLINK(""https://stackoverflow.com/q/33563981"", ""33563981"")",0.3038548752834468,"0","553"
"=HYPERLINK(""https://stackoverflow.com/q/34227535"", ""34227535"")",0.2834938985228002,"0","5391"
"=HYPERLINK(""https://stackoverflow.com/q/34344024"", ""34344024"")",0.357191547375596,"3","3848"
"=HYPERLINK(""https://stackoverflow.com/q/34359653"", ""34359653"")",0.4342037890424982,"3","663"
"=HYPERLINK(""https://stackoverflow.com/q/34919924"", ""34919924"")",0.1814391879644735,"0","401"
"=HYPERLINK(""https://stackoverflow.com/q/34988498"", ""34988498"")",0.4105878731917513,"0","128"
"=HYPERLINK(""https://stackoverflow.com/q/35442040"", ""35442040"")",0.6465465465465459,"0","2486"
"=HYPERLINK(""https://stackoverflow.com/q/35764295"", ""35764295"")",0.3567868660216947,"0","307"
"=HYPERLINK(""https://stackoverflow.com/q/35776480"", ""35776480"")",0.3083149374540104,"1","1012"
"=HYPERLINK(""https://stackoverflow.com/q/36018003"", ""36018003"")",0.3946048937023664,"0","676"
"=HYPERLINK(""https://stackoverflow.com/q/36300757"", ""36300757"")",0.510683760683761,"2","92"
"=HYPERLINK(""https://stackoverflow.com/q/36434257"", ""36434257"")",0.3736081497275531,"0","78"
"=HYPERLINK(""https://stackoverflow.com/q/36483548"", ""36483548"")",0.2452636968765999,"0","98"
"=HYPERLINK(""https://stackoverflow.com/q/36622711"", ""36622711"")",0.2562647754137115,"0","1247"
"=HYPERLINK(""https://stackoverflow.com/q/36634879"", ""36634879"")",0.3277702601112616,"5","2571"
"=HYPERLINK(""https://stackoverflow.com/q/36728362"", ""36728362"")",0.6025748670584934,"2","2085"
"=HYPERLINK(""https://stackoverflow.com/q/36777443"", ""36777443"")",0.2885939036381517,"2","887"
"=HYPERLINK(""https://stackoverflow.com/q/36988592"", ""36988592"")",0.2929769392033544,"2","5160"
"=HYPERLINK(""https://stackoverflow.com/q/37593074"", ""37593074"")",0.3014077425842131,"1","877"
"=HYPERLINK(""https://stackoverflow.com/q/38014979"", ""38014979"")",0.8154425612052726,"1","4550"
"=HYPERLINK(""https://stackoverflow.com/q/38172437"", ""38172437"")",0.747084100675261,"0","1385"
"=HYPERLINK(""https://stackoverflow.com/q/38381023"", ""38381023"")",0.4009456264775415,"0","1007"
"=HYPERLINK(""https://stackoverflow.com/q/38991146"", ""38991146"")",0.3091787439613523,"0","3688"
"=HYPERLINK(""https://stackoverflow.com/q/39073189"", ""39073189"")",0.6369687660010231,"6","1997"
"=HYPERLINK(""https://stackoverflow.com/q/39245754"", ""39245754"")",0.2776068376068377,"1","86"
"=HYPERLINK(""https://stackoverflow.com/q/39376617"", ""39376617"")",0.6119281045751634,"0","4323"
"=HYPERLINK(""https://stackoverflow.com/q/39471301"", ""39471301"")",0.2810457516339868,"0","176"
"=HYPERLINK(""https://stackoverflow.com/q/39726344"", ""39726344"")",0.3719548425430778,"1","1057"
"=HYPERLINK(""https://stackoverflow.com/q/39799841"", ""39799841"")",0.3599227569815806,"0","4813"
"=HYPERLINK(""https://stackoverflow.com/q/40164982"", ""40164982"")",0.510882016036655,"0","210"
"=HYPERLINK(""https://stackoverflow.com/q/40173763"", ""40173763"")",0.871260683760684,"0","661"
"=HYPERLINK(""https://stackoverflow.com/q/40412190"", ""40412190"")",0.3684672815107595,"1","777"
"=HYPERLINK(""https://stackoverflow.com/q/40543292"", ""40543292"")",0.356609574000878,"1","201"
"=HYPERLINK(""https://stackoverflow.com/q/40660939"", ""40660939"")",0.3025546321945214,"0","389"
"=HYPERLINK(""https://stackoverflow.com/q/40717678"", ""40717678"")",0.4512837762080953,"0","2000"
"=HYPERLINK(""https://stackoverflow.com/q/40775236"", ""40775236"")",0.8059660645867531,"0","638"
"=HYPERLINK(""https://stackoverflow.com/q/40789223"", ""40789223"")",0.4915949159491594,"0","481"
"=HYPERLINK(""https://stackoverflow.com/q/40861460"", ""40861460"")",0.4756158873805931,"1","663"
"=HYPERLINK(""https://stackoverflow.com/q/40976707"", ""40976707"")",0.3635696462644943,"0","1014"
"=HYPERLINK(""https://stackoverflow.com/q/41152636"", ""41152636"")",0.2850964737192282,"0","732"
"=HYPERLINK(""https://stackoverflow.com/q/41447692"", ""41447692"")",0.346066954200041,"3","2853"
"=HYPERLINK(""https://stackoverflow.com/q/41528570"", ""41528570"")",0.6992864424057088,"0","145"
"=HYPERLINK(""https://stackoverflow.com/q/41912304"", ""41912304"")",0.4612892776158087,"0","2336"
"=HYPERLINK(""https://stackoverflow.com/q/42069297"", ""42069297"")",0.3680127766370064,"2","5341"
"=HYPERLINK(""https://stackoverflow.com/q/42072447"", ""42072447"")",0.3663463907366341,"1","163"
"=HYPERLINK(""https://stackoverflow.com/q/42217787"", ""42217787"")",0.3501112823146723,"0","2686"
"=HYPERLINK(""https://stackoverflow.com/q/42485510"", ""42485510"")",0.5010683760683763,"0","103"
"=HYPERLINK(""https://stackoverflow.com/q/42815753"", ""42815753"")",0.2793650793650793,"1","1102"
"=HYPERLINK(""https://stackoverflow.com/q/42839800"", ""42839800"")",0.8631062001227751,"0","1999"
"=HYPERLINK(""https://stackoverflow.com/q/42865931"", ""42865931"")",0.6615079365079366,"0","791"
"=HYPERLINK(""https://stackoverflow.com/q/42934122"", ""42934122"")",0.3861295069904341,"0","894"
"=HYPERLINK(""https://stackoverflow.com/q/42994647"", ""42994647"")",0.4365079365079366,"0","259"
"=HYPERLINK(""https://stackoverflow.com/q/43208710"", ""43208710"")",0.3791989664082683,"0","3829"
"=HYPERLINK(""https://stackoverflow.com/q/43228106"", ""43228106"")",0.6183261183261178,"0","596"
"=HYPERLINK(""https://stackoverflow.com/q/43284724"", ""43284724"")",0.3371415770609319,"4","2168"
"=HYPERLINK(""https://stackoverflow.com/q/43594973"", ""43594973"")",0.6236063052672043,"1","1008"
"=HYPERLINK(""https://stackoverflow.com/q/43779202"", ""43779202"")",0.5792067011579201,"0","44"
"=HYPERLINK(""https://stackoverflow.com/q/43828161"", ""43828161"")",0.3176996091568954,"0","260"
"=HYPERLINK(""https://stackoverflow.com/q/43943502"", ""43943502"")",0.5165260196905762,"0","2323"
"=HYPERLINK(""https://stackoverflow.com/q/44054390"", ""44054390"")",0.4009456264775414,"0","1095"
"=HYPERLINK(""https://stackoverflow.com/q/44137216"", ""44137216"")",0.4148451730418949,"0","479"
"=HYPERLINK(""https://stackoverflow.com/q/44266163"", ""44266163"")",0.5698292751189471,"1","2130"
"=HYPERLINK(""https://stackoverflow.com/q/44337432"", ""44337432"")",0.7518664909969247,"0","164"
"=HYPERLINK(""https://stackoverflow.com/q/44368613"", ""44368613"")",0.589789789789789,"1","80"
"=HYPERLINK(""https://stackoverflow.com/q/44433606"", ""44433606"")",0.5065595716198121,"1","780"
"=HYPERLINK(""https://stackoverflow.com/q/44498845"", ""44498845"")",0.483850129198966,"3","630"
"=HYPERLINK(""https://stackoverflow.com/q/44723420"", ""44723420"")",0.5923520923520919,"1","711"
"=HYPERLINK(""https://stackoverflow.com/q/44761258"", ""44761258"")",0.3615664845173046,"0","1074"
"=HYPERLINK(""https://stackoverflow.com/q/44857458"", ""44857458"")",0.3839243498817968,"0","667"
"=HYPERLINK(""https://stackoverflow.com/q/44905009"", ""44905009"")",0.4968123861566492,"1","349"
"=HYPERLINK(""https://stackoverflow.com/q/44990737"", ""44990737"")",0.3640907343329486,"2","694"
"=HYPERLINK(""https://stackoverflow.com/q/45028106"", ""45028106"")",0.5175242356450414,"3","6030"
"=HYPERLINK(""https://stackoverflow.com/q/45128144"", ""45128144"")",0.5079365079365072,"0","1348"
"=HYPERLINK(""https://stackoverflow.com/q/45148581"", ""45148581"")",0.2699750312109865,"0","51"
"=HYPERLINK(""https://stackoverflow.com/q/45356349"", ""45356349"")",0.5237297599106641,"1","203"
"=HYPERLINK(""https://stackoverflow.com/q/45420509"", ""45420509"")",0.4460415240702711,"0","789"
"=HYPERLINK(""https://stackoverflow.com/q/45619586"", ""45619586"")",0.3724685276409414,"1","251"
"=HYPERLINK(""https://stackoverflow.com/q/45717086"", ""45717086"")",0.3357357357357355,"0","1158"
"=HYPERLINK(""https://stackoverflow.com/q/45825782"", ""45825782"")",0.431452991452992,"0","86"
"=HYPERLINK(""https://stackoverflow.com/q/46003021"", ""46003021"")",0.621260683760684,"1","877"
"=HYPERLINK(""https://stackoverflow.com/q/46075773"", ""46075773"")",0.2859806114839674,"0","383"
"=HYPERLINK(""https://stackoverflow.com/q/46351880"", ""46351880"")",0.2599580712788261,"2","818"
"=HYPERLINK(""https://stackoverflow.com/q/46368703"", ""46368703"")",0.5050091074681242,"0","1485"
"=HYPERLINK(""https://stackoverflow.com/q/46450188"", ""46450188"")",0.3393770339377031,"0","1438"
"=HYPERLINK(""https://stackoverflow.com/q/46574384"", ""46574384"")",0.3000432338953738,"0","1566"
"=HYPERLINK(""https://stackoverflow.com/q/47020539"", ""47020539"")",0.4403430275913499,"1","328"
"=HYPERLINK(""https://stackoverflow.com/q/47029839"", ""47029839"")",0.4665831244778612,"1","1662"
"=HYPERLINK(""https://stackoverflow.com/q/47340392"", ""47340392"")",0.2961138478379857,"0","505"
"=HYPERLINK(""https://stackoverflow.com/q/47357075"", ""47357075"")",0.337141577060932,"1","785"
"=HYPERLINK(""https://stackoverflow.com/q/47406166"", ""47406166"")",0.5363815142576209,"0","168"
"=HYPERLINK(""https://stackoverflow.com/q/47819673"", ""47819673"")",0.2803617571059428,"2","807"
"=HYPERLINK(""https://stackoverflow.com/q/48009498"", ""48009498"")",0.58133824432167,"0","235"
"=HYPERLINK(""https://stackoverflow.com/q/48021976"", ""48021976"")",0.4634282523729755,"0","690"
"=HYPERLINK(""https://stackoverflow.com/q/48161531"", ""48161531"")",0.4741907261592308,"0","411"
"=HYPERLINK(""https://stackoverflow.com/q/48164927"", ""48164927"")",0.5545575515635391,"0","803"
"=HYPERLINK(""https://stackoverflow.com/q/48166305"", ""48166305"")",0.7443461160275326,"0","1416"
"=HYPERLINK(""https://stackoverflow.com/q/48444389"", ""48444389"")",0.7366452991452994,"0","81"
"=HYPERLINK(""https://stackoverflow.com/q/48576997"", ""48576997"")",0.4559884559884556,"0","165"
"=HYPERLINK(""https://stackoverflow.com/q/48607761"", ""48607761"")",0.4958378574013751,"0","789"
"=HYPERLINK(""https://stackoverflow.com/q/48621930"", ""48621930"")",0.7822222222222215,"1","1114"
"=HYPERLINK(""https://stackoverflow.com/q/48636139"", ""48636139"")",0.4468376068376071,"0","143"
"=HYPERLINK(""https://stackoverflow.com/q/48774802"", ""48774802"")",0.2798936041591101,"2","481"
"=HYPERLINK(""https://stackoverflow.com/q/48793347"", ""48793347"")",0.2622222222222222,"0","90"
"=HYPERLINK(""https://stackoverflow.com/q/48847171"", ""48847171"")",0.2436230004323389,"1","1999"
"=HYPERLINK(""https://stackoverflow.com/q/48897930"", ""48897930"")",0.3239921337266472,"0","617"
"=HYPERLINK(""https://stackoverflow.com/q/48921257"", ""48921257"")",0.575813382443217,"0","986"
"=HYPERLINK(""https://stackoverflow.com/q/48979623"", ""48979623"")",0.5891946992864426,"1","256"
"=HYPERLINK(""https://stackoverflow.com/q/49019274"", ""49019274"")",0.4755203752565232,"2","507"
"=HYPERLINK(""https://stackoverflow.com/q/49023626"", ""49023626"")",0.406271301976823,"3","2321"
"=HYPERLINK(""https://stackoverflow.com/q/49046364"", ""49046364"")",0.2921017402945111,"1","501"
"=HYPERLINK(""https://stackoverflow.com/q/49061055"", ""49061055"")",0.3993439934399344,"0","160"
"=HYPERLINK(""https://stackoverflow.com/q/49187193"", ""49187193"")",0.4558287795992721,"0","143"
"=HYPERLINK(""https://stackoverflow.com/q/49249178"", ""49249178"")",0.4302759134973903,"0","41"
"=HYPERLINK(""https://stackoverflow.com/q/49576885"", ""49576885"")",0.4841534097915898,"0","209"
"=HYPERLINK(""https://stackoverflow.com/q/49623048"", ""49623048"")",0.8622222222222213,"0","778"
"=HYPERLINK(""https://stackoverflow.com/q/49633591"", ""49633591"")",0.8602590320381719,"2","5568"
"=HYPERLINK(""https://stackoverflow.com/q/49735030"", ""49735030"")",0.4882320744389704,"0","107"
"=HYPERLINK(""https://stackoverflow.com/q/49771155"", ""49771155"")",0.4206758304696447,"1","99"
"=HYPERLINK(""https://stackoverflow.com/q/49861787"", ""49861787"")",0.3181710495143333,"1","562"
"=HYPERLINK(""https://stackoverflow.com/q/49871298"", ""49871298"")",0.5595848595848595,"0","542"
"=HYPERLINK(""https://stackoverflow.com/q/50106065"", ""50106065"")",0.5553071700612682,"2","346"
"=HYPERLINK(""https://stackoverflow.com/q/50248950"", ""50248950"")",0.2654914529914531,"1","710"
"=HYPERLINK(""https://stackoverflow.com/q/50265382"", ""50265382"")",0.5603259789306303,"1","836"
"=HYPERLINK(""https://stackoverflow.com/q/50559605"", ""50559605"")",0.3866517524235647,"1","364"
"=HYPERLINK(""https://stackoverflow.com/q/50587867"", ""50587867"")",0.3869819476226795,"0","330"
"=HYPERLINK(""https://stackoverflow.com/q/50599511"", ""50599511"")",0.6918354818907309,"0","631"
"=HYPERLINK(""https://stackoverflow.com/q/50694606"", ""50694606"")",0.3273317112733174,"1","177"
"=HYPERLINK(""https://stackoverflow.com/q/50750085"", ""50750085"")",0.656704980842912,"0","276"
"=HYPERLINK(""https://stackoverflow.com/q/50868349"", ""50868349"")",0.4426364234056545,"0","74"
"=HYPERLINK(""https://stackoverflow.com/q/51063342"", ""51063342"")",0.7047803617571051,"2","606"
"=HYPERLINK(""https://stackoverflow.com/q/51474743"", ""51474743"")",0.621260683760684,"0","332"
"=HYPERLINK(""https://stackoverflow.com/q/51489525"", ""51489525"")",0.2804138068238334,"0","149"
"=HYPERLINK(""https://stackoverflow.com/q/51584046"", ""51584046"")",0.3094705443698735,"0","796"
"=HYPERLINK(""https://stackoverflow.com/q/51628398"", ""51628398"")",0.3447518664909966,"0","54"
"=HYPERLINK(""https://stackoverflow.com/q/51671533"", ""51671533"")",0.3413711583924351,"0","109"
"=HYPERLINK(""https://stackoverflow.com/q/51684081"", ""51684081"")",0.6583668005354745,"0","89"
"=HYPERLINK(""https://stackoverflow.com/q/51761323"", ""51761323"")",0.6797867978679787,"0","74"
"=HYPERLINK(""https://stackoverflow.com/q/51920751"", ""51920751"")",0.4856952761144376,"1","1982"
"=HYPERLINK(""https://stackoverflow.com/q/52197433"", ""52197433"")",0.3376068376068377,"0","688"
"=HYPERLINK(""https://stackoverflow.com/q/52271480"", ""52271480"")",0.3058798097708603,"0","212"
"=HYPERLINK(""https://stackoverflow.com/q/52488987"", ""52488987"")",0.338438438438438,"1","262"
"=HYPERLINK(""https://stackoverflow.com/q/52605932"", ""52605932"")",0.8485958485958486,"0","722"
"=HYPERLINK(""https://stackoverflow.com/q/52650405"", ""52650405"")",0.5943152454780355,"1","53"
"=HYPERLINK(""https://stackoverflow.com/q/52772459"", ""52772459"")",0.356609574000878,"0","244"
"=HYPERLINK(""https://stackoverflow.com/q/52828536"", ""52828536"")",0.5237686139747993,"0","264"
"=HYPERLINK(""https://stackoverflow.com/q/52843834"", ""52843834"")",0.3958749168330003,"0","414"
"=HYPERLINK(""https://stackoverflow.com/q/52844961"", ""52844961"")",0.7203772037720377,"0","667"
"=HYPERLINK(""https://stackoverflow.com/q/53125963"", ""53125963"")",0.3475866537091032,"1","474"
"=HYPERLINK(""https://stackoverflow.com/q/53201278"", ""53201278"")",0.3166847629388346,"1","176"
"=HYPERLINK(""https://stackoverflow.com/q/53204837"", ""53204837"")",0.3170838823012732,"2","749"
"=HYPERLINK(""https://stackoverflow.com/q/53306961"", ""53306961"")",0.8074494949494945,"0","153"
"=HYPERLINK(""https://stackoverflow.com/q/53320662"", ""53320662"")",0.2843843843843842,"0","15"
"=HYPERLINK(""https://stackoverflow.com/q/53352556"", ""53352556"")",0.6752423564504105,"1","756"
"=HYPERLINK(""https://stackoverflow.com/q/53499551"", ""53499551"")",0.4336387127084798,"0","318"
"=HYPERLINK(""https://stackoverflow.com/q/53509493"", ""53509493"")",0.4707252162341979,"0","463"
"=HYPERLINK(""https://stackoverflow.com/q/53528921"", ""53528921"")",0.3953739731949847,"2","107"
"=HYPERLINK(""https://stackoverflow.com/q/53618806"", ""53618806"")",0.3380116959064331,"1","180"
"=HYPERLINK(""https://stackoverflow.com/q/53637002"", ""53637002"")",0.3030732860520095,"0","423"
"=HYPERLINK(""https://stackoverflow.com/q/53734944"", ""53734944"")",0.6717635066258922,"0","436"
"=HYPERLINK(""https://stackoverflow.com/q/53833186"", ""53833186"")",0.2915062868873492,"1","115"
"=HYPERLINK(""https://stackoverflow.com/q/53954246"", ""53954246"")",0.7310717797443467,"2","406"
"=HYPERLINK(""https://stackoverflow.com/q/54009174"", ""54009174"")",0.4879048790487905,"0","60"
"=HYPERLINK(""https://stackoverflow.com/q/54028521"", ""54028521"")",0.5487528344671208,"0","113"
"=HYPERLINK(""https://stackoverflow.com/q/54125818"", ""54125818"")",0.926570048309177,"1","407"
"=HYPERLINK(""https://stackoverflow.com/q/54150029"", ""54150029"")",0.3390539053905388,"2","401"
"=HYPERLINK(""https://stackoverflow.com/q/54154105"", ""54154105"")",0.3329914529914534,"0","871"
"=HYPERLINK(""https://stackoverflow.com/q/54154935"", ""54154935"")",0.3778642455685256,"0","445"
"=HYPERLINK(""https://stackoverflow.com/q/54181027"", ""54181027"")",0.5900793650793651,"0","51"
"=HYPERLINK(""https://stackoverflow.com/q/54190661"", ""54190661"")",0.3521087291579095,"0","236"
"=HYPERLINK(""https://stackoverflow.com/q/54351430"", ""54351430"")",0.5805284111473035,"1","612"
"=HYPERLINK(""https://stackoverflow.com/q/54438134"", ""54438134"")",0.4321278825995808,"0","1960"
"=HYPERLINK(""https://stackoverflow.com/q/54494397"", ""54494397"")",0.6332894158981108,"3","302"
"=HYPERLINK(""https://stackoverflow.com/q/54609420"", ""54609420"")",0.5158510310864883,"1","66"
"=HYPERLINK(""https://stackoverflow.com/q/54628426"", ""54628426"")",0.2071088720962774,"0","537"
"=HYPERLINK(""https://stackoverflow.com/q/54794217"", ""54794217"")",0.4262133530426208,"29","24650"
"=HYPERLINK(""https://stackoverflow.com/q/54842886"", ""54842886"")",0.6973603437691838,"1","715"
"=HYPERLINK(""https://stackoverflow.com/q/54867838"", ""54867838"")",0.4916833000665331,"1","669"
"=HYPERLINK(""https://stackoverflow.com/q/54929037"", ""54929037"")",0.346789696270665,"1","613"
"=HYPERLINK(""https://stackoverflow.com/q/55119590"", ""55119590"")",0.4053547523427039,"0","970"
"=HYPERLINK(""https://stackoverflow.com/q/55228407"", ""55228407"")",0.5422222222222229,"0","789"
"=HYPERLINK(""https://stackoverflow.com/q/55331949"", ""55331949"")",0.6448550166794969,"3","420"
"=HYPERLINK(""https://stackoverflow.com/q/55373419"", ""55373419"")",0.7583924349881799,"1","91"
"=HYPERLINK(""https://stackoverflow.com/q/55378084"", ""55378084"")",0.4590643274853807,"1","89"
"=HYPERLINK(""https://stackoverflow.com/q/55391333"", ""55391333"")",0.8598061148396727,"0","54"
"=HYPERLINK(""https://stackoverflow.com/q/55393336"", ""55393336"")",0.47375596455351,"0","82"
"=HYPERLINK(""https://stackoverflow.com/q/55395223"", ""55395223"")",0.3327749860413174,"2","648"
"=HYPERLINK(""https://stackoverflow.com/q/55397427"", ""55397427"")",0.5355862775217604,"0","52"
"=HYPERLINK(""https://stackoverflow.com/q/55475088"", ""55475088"")",0.357936507936508,"1","299"
"=HYPERLINK(""https://stackoverflow.com/q/55588877"", ""55588877"")",0.5538805136795084,"2","146"
"=HYPERLINK(""https://stackoverflow.com/q/55638980"", ""55638980"")",0.2981975815651376,"0","778"
"=HYPERLINK(""https://stackoverflow.com/q/55727140"", ""55727140"")",0.4764595103578149,"0","390"
"=HYPERLINK(""https://stackoverflow.com/q/55733170"", ""55733170"")",0.8634435962680249,"1","551"
"=HYPERLINK(""https://stackoverflow.com/q/55757593"", ""55757593"")",0.7571059431524538,"5","2207"
"=HYPERLINK(""https://stackoverflow.com/q/55785031"", ""55785031"")",0.656704980842912,"0","327"
"=HYPERLINK(""https://stackoverflow.com/q/55868794"", ""55868794"")",0.5178342314600973,"0","62"
"=HYPERLINK(""https://stackoverflow.com/q/55868931"", ""55868931"")",0.2893189964157706,"3","1390"
"=HYPERLINK(""https://stackoverflow.com/q/55870883"", ""55870883"")",0.3868928809048567,"1","236"
"=HYPERLINK(""https://stackoverflow.com/q/55938858"", ""55938858"")",0.3261183261183258,"1","231"
"=HYPERLINK(""https://stackoverflow.com/q/55999270"", ""55999270"")",0.5214025500910753,"0","114"
"=HYPERLINK(""https://stackoverflow.com/q/56037487"", ""56037487"")",0.5866290018832387,"0","288"
"=HYPERLINK(""https://stackoverflow.com/q/56100742"", ""56100742"")",0.4079929732103641,"1","83"
"=HYPERLINK(""https://stackoverflow.com/q/56136662"", ""56136662"")",0.7558760683760686,"1","93"
"=HYPERLINK(""https://stackoverflow.com/q/56139015"", ""56139015"")",0.8868376068376083,"0","76"
"=HYPERLINK(""https://stackoverflow.com/q/56159739"", ""56159739"")",0.6236063052672043,"1","1071"
"=HYPERLINK(""https://stackoverflow.com/q/56270820"", ""56270820"")",0.3646196478054888,"1","696"
"=HYPERLINK(""https://stackoverflow.com/q/56342753"", ""56342753"")",0.3097798259088578,"0","70"
"=HYPERLINK(""https://stackoverflow.com/q/56402931"", ""56402931"")",0.3455988455988452,"0","121"
"=HYPERLINK(""https://stackoverflow.com/q/56427408"", ""56427408"")",0.4085429769392033,"0","449"
"=HYPERLINK(""https://stackoverflow.com/q/56526304"", ""56526304"")",0.4906432748538017,"2","1663"
"=HYPERLINK(""https://stackoverflow.com/q/56556368"", ""56556368"")",0.2761144377910844,"0","118"
"=HYPERLINK(""https://stackoverflow.com/q/56576021"", ""56576021"")",0.4097222222222223,"0","307"
"=HYPERLINK(""https://stackoverflow.com/q/56701989"", ""56701989"")",0.7105943152454772,"0","384"
"=HYPERLINK(""https://stackoverflow.com/q/56790654"", ""56790654"")",0.5395653956539568,"0","286"
"=HYPERLINK(""https://stackoverflow.com/q/56898872"", ""56898872"")",0.6717635066258922,"1","1904"
"=HYPERLINK(""https://stackoverflow.com/q/56933571"", ""56933571"")",0.3264823119083208,"1","51"
"=HYPERLINK(""https://stackoverflow.com/q/56975402"", ""56975402"")",0.4198028673835129,"3","440"
"=HYPERLINK(""https://stackoverflow.com/q/57039506"", ""57039506"")",0.5388051367950861,"0","357"
"=HYPERLINK(""https://stackoverflow.com/q/57077828"", ""57077828"")",0.2456597222222225,"0","106"
"=HYPERLINK(""https://stackoverflow.com/q/57168328"", ""57168328"")",0.7941779417794179,"0","80"
"=HYPERLINK(""https://stackoverflow.com/q/57263538"", ""57263538"")",0.3669030732860521,"0","105"
"=HYPERLINK(""https://stackoverflow.com/q/57424117"", ""57424117"")",0.2853801169590647,"0","563"
"=HYPERLINK(""https://stackoverflow.com/q/57431633"", ""57431633"")",0.449755683025282,"0","62"
"=HYPERLINK(""https://stackoverflow.com/q/57542499"", ""57542499"")",0.3227376861397479,"0","73"
"=HYPERLINK(""https://stackoverflow.com/q/57555911"", ""57555911"")",0.4921337266470015,"0","143"
"=HYPERLINK(""https://stackoverflow.com/q/57636808"", ""57636808"")",0.5427041499330649,"7","602"
"=HYPERLINK(""https://stackoverflow.com/q/57736674"", ""57736674"")",0.5164652925846961,"0","63"
"=HYPERLINK(""https://stackoverflow.com/q/57794069"", ""57794069"")",0.7293650793650794,"0","73"
"=HYPERLINK(""https://stackoverflow.com/q/57819267"", ""57819267"")",0.4425612052730692,"0","980"
"=HYPERLINK(""https://stackoverflow.com/q/57864187"", ""57864187"")",0.4258304696449025,"0","577"
"=HYPERLINK(""https://stackoverflow.com/q/57889331"", ""57889331"")",0.8418541240627119,"0","146"
"=HYPERLINK(""https://stackoverflow.com/q/57974903"", ""57974903"")",0.4936507936507938,"0","265"
"=HYPERLINK(""https://stackoverflow.com/q/58005975"", ""58005975"")",0.600174978127735,"1","185"
"=HYPERLINK(""https://stackoverflow.com/q/58048642"", ""58048642"")",0.6383296047725583,"0","450"
"=HYPERLINK(""https://stackoverflow.com/q/58063667"", ""58063667"")",0.4257620452310723,"0","42"
"=HYPERLINK(""https://stackoverflow.com/q/58118435"", ""58118435"")",0.4049737622632896,"0","457"
"=HYPERLINK(""https://stackoverflow.com/q/58184553"", ""58184553"")",0.7222222222222232,"0","36"
"=HYPERLINK(""https://stackoverflow.com/q/58205308"", ""58205308"")",0.8604131769960909,"1","1219"
"=HYPERLINK(""https://stackoverflow.com/q/58263219"", ""58263219"")",0.4572554816457251,"0","85"
"=HYPERLINK(""https://stackoverflow.com/q/58385908"", ""58385908"")",0.9517304189435352,"1","470"
"=HYPERLINK(""https://stackoverflow.com/q/58397683"", ""58397683"")",0.5866290018832385,"0","35"
"=HYPERLINK(""https://stackoverflow.com/q/58423652"", ""58423652"")",0.3778950454412197,"1","86"
"=HYPERLINK(""https://stackoverflow.com/q/58612263"", ""58612263"")",0.5443698732289338,"0","558"
"=HYPERLINK(""https://stackoverflow.com/q/58675504"", ""58675504"")",0.4009456264775414,"1","82"
"=HYPERLINK(""https://stackoverflow.com/q/58801487"", ""58801487"")",0.5660336171141666,"0","158"
"=HYPERLINK(""https://stackoverflow.com/q/58925729"", ""58925729"")",0.6144874155923882,"0","832"
"=HYPERLINK(""https://stackoverflow.com/q/58953801"", ""58953801"")",0.3786578657865785,"0","198"
"=HYPERLINK(""https://stackoverflow.com/q/59044506"", ""59044506"")",0.4986041317699606,"0","76"
"=HYPERLINK(""https://stackoverflow.com/q/59184007"", ""59184007"")",0.7157287157287154,"1","598"
"=HYPERLINK(""https://stackoverflow.com/q/59184954"", ""59184954"")",0.5544697792254794,"0","312"
"=HYPERLINK(""https://stackoverflow.com/q/59190630"", ""59190630"")",0.6726039016115362,"0","303"
"=HYPERLINK(""https://stackoverflow.com/q/59393925"", ""59393925"")",0.4357357357357352,"0","146"
"=HYPERLINK(""https://stackoverflow.com/q/59405903"", ""59405903"")",0.33033033033033,"0","34"
"=HYPERLINK(""https://stackoverflow.com/q/59472388"", ""59472388"")",0.4467120181405899,"0","232"
"=HYPERLINK(""https://stackoverflow.com/q/59653885"", ""59653885"")",0.3054111303678027,"1","447"
"=HYPERLINK(""https://stackoverflow.com/q/59683832"", ""59683832"")",0.2404593042890916,"1","1156"
"=HYPERLINK(""https://stackoverflow.com/q/59736978"", ""59736978"")",0.465316144874156,"1","714"
"=HYPERLINK(""https://stackoverflow.com/q/59776520"", ""59776520"")",0.8363161819537663,"0","260"
"=HYPERLINK(""https://stackoverflow.com/q/59845629"", ""59845629"")",0.3922222222222218,"0","69"
"=HYPERLINK(""https://stackoverflow.com/q/60000042"", ""60000042"")",0.287833081950729,"0","67"
"=HYPERLINK(""https://stackoverflow.com/q/60202709"", ""60202709"")",0.352359208523592,"5","802"
"=HYPERLINK(""https://stackoverflow.com/q/60290145"", ""60290145"")",0.5366552119129437,"0","315"
"=HYPERLINK(""https://stackoverflow.com/q/60367681"", ""60367681"")",0.5542380324989015,"0","46"
"=HYPERLINK(""https://stackoverflow.com/q/60511836"", ""60511836"")",0.9277436946148588,"1","123"
"=HYPERLINK(""https://stackoverflow.com/q/60593723"", ""60593723"")",0.376584638329605,"0","170"
"=HYPERLINK(""https://stackoverflow.com/q/60654775"", ""60654775"")",0.427433948606587,"0","579"
"=HYPERLINK(""https://stackoverflow.com/q/60702681"", ""60702681"")",0.4426120273196738,"0","126"
"=HYPERLINK(""https://stackoverflow.com/q/60706927"", ""60706927"")",0.4249249249249244,"0","301"
"=HYPERLINK(""https://stackoverflow.com/q/60810427"", ""60810427"")",0.2523729759910662,"0","561"
"=HYPERLINK(""https://stackoverflow.com/q/60889803"", ""60889803"")",0.3231994209192906,"1","371"
"=HYPERLINK(""https://stackoverflow.com/q/60957932"", ""60957932"")",0.29953314659197,"1","230"
"=HYPERLINK(""https://stackoverflow.com/q/60970430"", ""60970430"")",0.3668376068376074,"1","782"
"=HYPERLINK(""https://stackoverflow.com/q/61006452"", ""61006452"")",0.3170838823012733,"0","111"
"=HYPERLINK(""https://stackoverflow.com/q/61038662"", ""61038662"")",0.5822222222222215,"0","24"
"=HYPERLINK(""https://stackoverflow.com/q/61094682"", ""61094682"")",0.2443216697360344,"0","39"
"=HYPERLINK(""https://stackoverflow.com/q/61097209"", ""61097209"")",0.5423490051065333,"0","196"
"=HYPERLINK(""https://stackoverflow.com/q/61147767"", ""61147767"")",0.6294387170675828,"0","56"
"=HYPERLINK(""https://stackoverflow.com/q/61197678"", ""61197678"")",0.3328941589811154,"0","69"
"=HYPERLINK(""https://stackoverflow.com/q/61219619"", ""61219619"")",0.2633671238322402,"0","88"
"=HYPERLINK(""https://stackoverflow.com/q/61350396"", ""61350396"")",0.5311331133113308,"1","35"
"=HYPERLINK(""https://stackoverflow.com/q/61375652"", ""61375652"")",0.5740137531668474,"1","536"
"=HYPERLINK(""https://stackoverflow.com/q/61451930"", ""61451930"")",0.4013753166847629,"0","47"
"=HYPERLINK(""https://stackoverflow.com/q/61501108"", ""61501108"")",0.5141141141141135,"0","131"
"=HYPERLINK(""https://stackoverflow.com/q/61519093"", ""61519093"")",0.5290404040404038,"1","58"
"=HYPERLINK(""https://stackoverflow.com/q/61635038"", ""61635038"")",0.8367260390161165,"0","75"
"=HYPERLINK(""https://stackoverflow.com/q/61650385"", ""61650385"")",0.5158392434988182,"1","24"
"=HYPERLINK(""https://stackoverflow.com/q/61700246"", ""61700246"")",0.2877959927140255,"0","285"
"=HYPERLINK(""https://stackoverflow.com/q/61779035"", ""61779035"")",0.2579365079365081,"3","69"
"=HYPERLINK(""https://stackoverflow.com/q/61849007"", ""61849007"")",0.4167676767676765,"1","105"
"=HYPERLINK(""https://stackoverflow.com/q/61915279"", ""61915279"")",0.3210090506450994,"0","143"
"=HYPERLINK(""https://stackoverflow.com/q/61983219"", ""61983219"")",0.2853801169590647,"0","27"
"=HYPERLINK(""https://stackoverflow.com/q/62018530"", ""62018530"")",0.5650793650793651,"1","201"
"=HYPERLINK(""https://stackoverflow.com/q/62068087"", ""62068087"")",0.4506990434142754,"0","212"
"=HYPERLINK(""https://stackoverflow.com/q/62068719"", ""62068719"")",0.4359626802374898,"0","105"
"=HYPERLINK(""https://stackoverflow.com/q/62073159"", ""62073159"")",0.7590643274853811,"1","248"
"=HYPERLINK(""https://stackoverflow.com/q/62127183"", ""62127183"")",0.4001363326516697,"0","53"
"=HYPERLINK(""https://stackoverflow.com/q/62186379"", ""62186379"")",0.7650793650793652,"0","286"
"=HYPERLINK(""https://stackoverflow.com/q/62243518"", ""62243518"")",0.3210594315245477,"2","100"
"=HYPERLINK(""https://stackoverflow.com/q/62293588"", ""62293588"")",0.3500631313131312,"0","78"
"=HYPERLINK(""https://stackoverflow.com/q/62319525"", ""62319525"")",0.2365079365079365,"0","23"
"=HYPERLINK(""https://stackoverflow.com/q/62442340"", ""62442340"")",0.6053391053391048,"0","369"
"=HYPERLINK(""https://stackoverflow.com/q/62448782"", ""62448782"")",0.5311844863731657,"0","31"
"=HYPERLINK(""https://stackoverflow.com/q/62457497"", ""62457497"")",0.3186852447302609,"0","20"
"=HYPERLINK(""https://stackoverflow.com/q/62464072"", ""62464072"")",0.6640826873385006,"1","1475"
"=HYPERLINK(""https://stackoverflow.com/q/62465959"", ""62465959"")",0.4397794741306197,"1","566"
"=HYPERLINK(""https://stackoverflow.com/q/62592457"", ""62592457"")",0.3592484612892776,"2","282"
"=HYPERLINK(""https://stackoverflow.com/q/62654766"", ""62654766"")",0.3729982754372997,"0","73"
"=HYPERLINK(""https://stackoverflow.com/q/62677317"", ""62677317"")",0.2171970965940813,"2","174"
"=HYPERLINK(""https://stackoverflow.com/q/62689868"", ""62689868"")",0.37833081950729,"0","1016"
"=HYPERLINK(""https://stackoverflow.com/q/62710887"", ""62710887"")",0.6576465764657647,"0","63"
"=HYPERLINK(""https://stackoverflow.com/q/62831882"", ""62831882"")",0.4722222222222212,"0","76"
"=HYPERLINK(""https://stackoverflow.com/q/62836461"", ""62836461"")",0.6091568955890558,"0","58"
"=HYPERLINK(""https://stackoverflow.com/q/62895329"", ""62895329"")",0.5226174791392177,"0","139"
"=HYPERLINK(""https://stackoverflow.com/q/63032644"", ""63032644"")",0.3936155637758595,"1","95"
"=HYPERLINK(""https://stackoverflow.com/q/63132834"", ""63132834"")",0.560177161563644,"0","72"
"=HYPERLINK(""https://stackoverflow.com/q/63158791"", ""63158791"")",0.494281045751634,"0","86"
"=HYPERLINK(""https://stackoverflow.com/q/63202649"", ""63202649"")",0.6233850129198959,"0","50"
"=HYPERLINK(""https://stackoverflow.com/q/63223113"", ""63223113"")",0.7960477255779275,"0","140"
"=HYPERLINK(""https://stackoverflow.com/q/63279472"", ""63279472"")",0.8269653052261737,"0","63"
"=HYPERLINK(""https://stackoverflow.com/q/63307187"", ""63307187"")",0.3124284077892325,"1","238"
"=HYPERLINK(""https://stackoverflow.com/q/63338615"", ""63338615"")",0.4744346116027536,"0","99"
"=HYPERLINK(""https://stackoverflow.com/q/63344669"", ""63344669"")",0.656704980842912,"0","25"
"=HYPERLINK(""https://stackoverflow.com/q/63381487"", ""63381487"")",0.5101969057665255,"0","58"
"=HYPERLINK(""https://stackoverflow.com/q/63385135"", ""63385135"")",0.6642111724984655,"0","114"
"=HYPERLINK(""https://stackoverflow.com/q/63421325"", ""63421325"")",0.564937454010302,"0","353"
"=HYPERLINK(""https://stackoverflow.com/q/63441661"", ""63441661"")",0.2797443461160274,"0","125"
"=HYPERLINK(""https://stackoverflow.com/q/63466602"", ""63466602"")",0.5959064327485388,"1","38"
"=HYPERLINK(""https://stackoverflow.com/q/63471547"", ""63471547"")",0.4722222222222227,"1","42"
"=HYPERLINK(""https://stackoverflow.com/q/63473153"", ""63473153"")",0.3420378904249869,"1","24"
"=HYPERLINK(""https://stackoverflow.com/q/63483829"", ""63483829"")",0.464775413711584,"0","244"
"=HYPERLINK(""https://stackoverflow.com/q/63574345"", ""63574345"")",0.3283197831978319,"0","151"
"=HYPERLINK(""https://stackoverflow.com/q/63591790"", ""63591790"")",0.5664845173041902,"0","43"
"=HYPERLINK(""https://stackoverflow.com/q/63910690"", ""63910690"")",0.3916033297140789,"0","69"
"=HYPERLINK(""https://stackoverflow.com/q/64012879"", ""64012879"")",0.6647000983284175,"0","267"
"=HYPERLINK(""https://stackoverflow.com/q/64025778"", ""64025778"")",0.3598061148396722,"0","22"
"=HYPERLINK(""https://stackoverflow.com/q/64028520"", ""64028520"")",0.4160683760683765,"0","65"
"=HYPERLINK(""https://stackoverflow.com/q/64045135"", ""64045135"")",0.4034302759134977,"0","63"
"=HYPERLINK(""https://stackoverflow.com/q/64059765"", ""64059765"")",0.3879680785758134,"0","451"
"=HYPERLINK(""https://stackoverflow.com/q/64191965"", ""64191965"")",0.796085858585858,"2","539"
"=HYPERLINK(""https://stackoverflow.com/q/64254537"", ""64254537"")",0.4583738257207652,"0","70"
"=HYPERLINK(""https://stackoverflow.com/q/64268622"", ""64268622"")",0.7324263038548766,"0","298"
"=HYPERLINK(""https://stackoverflow.com/q/64276891"", ""64276891"")",0.7528344671201826,"0","64"
"=HYPERLINK(""https://stackoverflow.com/q/64307069"", ""64307069"")",0.5186649099692573,"0","199"
"=HYPERLINK(""https://stackoverflow.com/q/64312459"", ""64312459"")",0.3732237630542716,"1","144"
"=HYPERLINK(""https://stackoverflow.com/q/64352216"", ""64352216"")",0.6705849426252439,"0","27"
"=HYPERLINK(""https://stackoverflow.com/q/64356862"", ""64356862"")",0.7481962481962476,"0","57"
"=HYPERLINK(""https://stackoverflow.com/q/64406055"", ""64406055"")",0.3954323838850396,"0","84"
"=HYPERLINK(""https://stackoverflow.com/q/64476718"", ""64476718"")",0.6584638329604777,"0","198"
"=HYPERLINK(""https://stackoverflow.com/q/64588043"", ""64588043"")",0.6643274853801179,"0","43"
"=HYPERLINK(""https://stackoverflow.com/q/64598802"", ""64598802"")",0.7853801169590654,"0","27"
"=HYPERLINK(""https://stackoverflow.com/q/64610590"", ""64610590"")",0.5846955697701973,"0","70"
"=HYPERLINK(""https://stackoverflow.com/q/64675050"", ""64675050"")",0.9151356080489956,"0","60"
"=HYPERLINK(""https://stackoverflow.com/q/64687184"", ""64687184"")",0.4422222222222218,"0","21"
"=HYPERLINK(""https://stackoverflow.com/q/64688768"", ""64688768"")",0.3948606587043068,"0","62"
"=HYPERLINK(""https://stackoverflow.com/q/64942866"", ""64942866"")",0.3816816816816815,"2","78"
"=HYPERLINK(""https://stackoverflow.com/q/64961731"", ""64961731"")",0.4266421117249849,"0","45"
"=HYPERLINK(""https://stackoverflow.com/q/65018043"", ""65018043"")",0.5091787439613518,"0","87"
"=HYPERLINK(""https://stackoverflow.com/q/65070644"", ""65070644"")",0.5959335624284076,"0","139"
"=HYPERLINK(""https://stackoverflow.com/q/65095348"", ""65095348"")",0.8450595924644357,"0","37"
"=HYPERLINK(""https://stackoverflow.com/q/65105547"", ""65105547"")",0.3830262423227244,"0","43"
"=HYPERLINK(""https://stackoverflow.com/q/65115349"", ""65115349"")",0.3423314123951069,"0","69"
"=HYPERLINK(""https://stackoverflow.com/q/65149435"", ""65149435"")",0.3382016036655211,"0","22"
"=HYPERLINK(""https://stackoverflow.com/q/65316678"", ""65316678"")",0.4946838730622516,"1","118"
"=HYPERLINK(""https://stackoverflow.com/q/65393643"", ""65393643"")",0.6290018832391708,"0","61"
"=HYPERLINK(""https://stackoverflow.com/q/65404235"", ""65404235"")",0.4167923579688283,"0","69"
"=HYPERLINK(""https://stackoverflow.com/q/65523813"", ""65523813"")",0.4511239563262685,"0","50"
"=HYPERLINK(""https://stackoverflow.com/q/65565423"", ""65565423"")",0.6198125836680047,"1","137"
"=HYPERLINK(""https://stackoverflow.com/q/65676173"", ""65676173"")",0.5642417661961634,"0","215"
"=HYPERLINK(""https://stackoverflow.com/q/65678735"", ""65678735"")",0.4634282523729756,"0","164"
"=HYPERLINK(""https://stackoverflow.com/q/65702892"", ""65702892"")",0.3877394636015327,"0","81"
"=HYPERLINK(""https://stackoverflow.com/q/65814119"", ""65814119"")",0.7177974434611608,"0","34"
"=HYPERLINK(""https://stackoverflow.com/q/65849994"", ""65849994"")",0.2909245122985583,"1","23"
"=HYPERLINK(""https://stackoverflow.com/q/65914479"", ""65914479"")",0.6197632058287803,"0","12"
"=HYPERLINK(""https://stackoverflow.com/q/65922013"", ""65922013"")",0.5504664970313833,"0","61"
"=HYPERLINK(""https://stackoverflow.com/q/66046258"", ""66046258"")",0.3569527611443777,"0","44"
"=HYPERLINK(""https://stackoverflow.com/q/66085710"", ""66085710"")",0.4870443566095736,"0","20"
"=HYPERLINK(""https://stackoverflow.com/q/66128841"", ""66128841"")",0.4124062713019763,"0","92"
"=HYPERLINK(""https://stackoverflow.com/q/66285185"", ""66285185"")",0.6466408268733843,"2","112"
"=HYPERLINK(""https://stackoverflow.com/q/66292889"", ""66292889"")",0.7676767676767666,"0","49"
"=HYPERLINK(""https://stackoverflow.com/q/66294914"", ""66294914"")",0.4464035824237329,"0","65"
"=HYPERLINK(""https://stackoverflow.com/q/66377042"", ""66377042"")",0.4827012641383896,"1","60"
"=HYPERLINK(""https://stackoverflow.com/q/66383688"", ""66383688"")",0.431524547803617,"0","19"
"=HYPERLINK(""https://stackoverflow.com/q/66410579"", ""66410579"")",0.3672603901611538,"0","81"
"=HYPERLINK(""https://stackoverflow.com/q/66433371"", ""66433371"")",0.7927743694614848,"0","9"
"=HYPERLINK(""https://stackoverflow.com/q/66531325"", ""66531325"")",0.6148602590320374,"0","16"
"=HYPERLINK(""https://stackoverflow.com/q/66600955"", ""66600955"")",0.6365868631062003,"0","41"
"=HYPERLINK(""https://stackoverflow.com/q/66646464"", ""66646464"")",0.2455458373825723,"0","14"
"=HYPERLINK(""https://stackoverflow.com/q/66663744"", ""66663744"")",0.3967188665175246,"0","114"
"=HYPERLINK(""https://stackoverflow.com/q/66670333"", ""66670333"")",0.5007032348804495,"1","88"
"=HYPERLINK(""https://stackoverflow.com/q/66689105"", ""66689105"")",0.2585491647045632,"0","128"
"=HYPERLINK(""https://stackoverflow.com/q/66766338"", ""66766338"")",0.5535105657805037,"1","32"
"=HYPERLINK(""https://stackoverflow.com/q/66770262"", ""66770262"")",0.2906184486373167,"0","18"
"=HYPERLINK(""https://stackoverflow.com/q/66784358"", ""66784358"")",0.3748939779474136,"0","30"
"=HYPERLINK(""https://stackoverflow.com/q/66842462"", ""66842462"")",0.9032038173142456,"0","70"
"=HYPERLINK(""https://stackoverflow.com/q/66854275"", ""66854275"")",0.3022784019975034,"0","80"
"=HYPERLINK(""https://stackoverflow.com/q/66886661"", ""66886661"")",0.7414529914529916,"0","59"
"=HYPERLINK(""https://stackoverflow.com/q/66898469"", ""66898469"")",0.4347970725216231,"0","76"
"=HYPERLINK(""https://stackoverflow.com/q/66934347"", ""66934347"")",0.4588634435962687,"0","78"
"=HYPERLINK(""https://stackoverflow.com/q/66952595"", ""66952595"")",0.4257620452310722,"0","12"
"=HYPERLINK(""https://stackoverflow.com/q/67008908"", ""67008908"")",0.7325670498084293,"0","19"
"=HYPERLINK(""https://stackoverflow.com/q/67199171"", ""67199171"")",0.2577870757787074,"0","33"
"=HYPERLINK(""https://stackoverflow.com/q/67213201"", ""67213201"")",0.7690136660724899,"1","109"
"=HYPERLINK(""https://stackoverflow.com/q/67225677"", ""67225677"")",0.5374931581828127,"0","20"
"=HYPERLINK(""https://stackoverflow.com/q/67292022"", ""67292022"")",0.3678743961352651,"0","31"
"=HYPERLINK(""https://stackoverflow.com/q/67328749"", ""67328749"")",0.8913398692810458,"0","54"
"=HYPERLINK(""https://stackoverflow.com/q/67361126"", ""67361126"")",0.3908101184758246,"0","34"
"=HYPERLINK(""https://stackoverflow.com/q/67389370"", ""67389370"")",0.338188608776844,"0","8"
"=HYPERLINK(""https://stackoverflow.com/q/67395533"", ""67395533"")",0.8202121719709653,"0","62"
"=HYPERLINK(""https://stackoverflow.com/q/67437019"", ""67437019"")",0.4722222222222225,"0","62"
"=HYPERLINK(""https://stackoverflow.com/q/67470011"", ""67470011"")",0.4359626802374901,"0","31"
"=HYPERLINK(""https://stackoverflow.com/q/67486574"", ""67486574"")",0.4848728246318604,"0","27"
"=HYPERLINK(""https://stackoverflow.com/q/67619721"", ""67619721"")",0.2989812840559112,"1","37"
"=HYPERLINK(""https://stackoverflow.com/q/67682251"", ""67682251"")",0.3047910295616718,"3","29"
"=HYPERLINK(""https://stackoverflow.com/q/67685773"", ""67685773"")",0.3917137476459509,"0","26"
"=HYPERLINK(""https://stackoverflow.com/q/67741004"", ""67741004"")",0.510683760683761,"0","14"
