link,Correlation
"=HYPERLINK(""https://stackoverflow.com/a/91422"", ""91422"")",0.43954505686789147
"=HYPERLINK(""https://stackoverflow.com/a/133116"", ""133116"")",0.6544256120527302
"=HYPERLINK(""https://stackoverflow.com/a/545482"", ""545482"")",0.4030340303403036
"=HYPERLINK(""https://stackoverflow.com/a/601641"", ""601641"")",0.4300144300144298
"=HYPERLINK(""https://stackoverflow.com/a/1092919"", ""1092919"")",0.707516339869281
"=HYPERLINK(""https://stackoverflow.com/a/1486161"", ""1486161"")",0.3843843843843846
"=HYPERLINK(""https://stackoverflow.com/a/2218988"", ""2218988"")",0.6281262812628126
"=HYPERLINK(""https://stackoverflow.com/a/3104770"", ""3104770"")",0.29222222222222216
"=HYPERLINK(""https://stackoverflow.com/a/4076298"", ""4076298"")",0.3650793650793651
"=HYPERLINK(""https://stackoverflow.com/a/4200617"", ""4200617"")",0.4174029451137883
"=HYPERLINK(""https://stackoverflow.com/a/4642364"", ""4642364"")",0.5031834052166773
"=HYPERLINK(""https://stackoverflow.com/a/4922936"", ""4922936"")",0.37658463832960504
"=HYPERLINK(""https://stackoverflow.com/a/5139318"", ""5139318"")",0.5536175710594312
"=HYPERLINK(""https://stackoverflow.com/a/5395251"", ""5395251"")",0.39529914529914545
"=HYPERLINK(""https://stackoverflow.com/a/5814204"", ""5814204"")",0.36566484517304215
"=HYPERLINK(""https://stackoverflow.com/a/6075289"", ""6075289"")",0.5408062930186829
"=HYPERLINK(""https://stackoverflow.com/a/6133880"", ""6133880"")",0.4312386156648455
"=HYPERLINK(""https://stackoverflow.com/a/6822962"", ""6822962"")",0.5443376068376069
"=HYPERLINK(""https://stackoverflow.com/a/6836769"", ""6836769"")",0.35066258919469945
"=HYPERLINK(""https://stackoverflow.com/a/6979621"", ""6979621"")",0.5943152454780357
"=HYPERLINK(""https://stackoverflow.com/a/7186632"", ""7186632"")",0.5983690112130482
"=HYPERLINK(""https://stackoverflow.com/a/7286706"", ""7286706"")",0.8922222222222217
"=HYPERLINK(""https://stackoverflow.com/a/7314010"", ""7314010"")",0.7378472222222227
"=HYPERLINK(""https://stackoverflow.com/a/7432081"", ""7432081"")",0.20048309178743967
"=HYPERLINK(""https://stackoverflow.com/a/7524981"", ""7524981"")",0.47370737073707353
"=HYPERLINK(""https://stackoverflow.com/a/8211509"", ""8211509"")",0.7157287157287154
"=HYPERLINK(""https://stackoverflow.com/a/8225936"", ""8225936"")",0.686823992133727
"=HYPERLINK(""https://stackoverflow.com/a/8799722"", ""8799722"")",0.5758807588075878
"=HYPERLINK(""https://stackoverflow.com/a/8968201"", ""8968201"")",0.7559645535105655
"=HYPERLINK(""https://stackoverflow.com/a/9227432"", ""9227432"")",0.44552319309600885
"=HYPERLINK(""https://stackoverflow.com/a/9265638"", ""9265638"")",0.39919450367211595
"=HYPERLINK(""https://stackoverflow.com/a/9475492"", ""9475492"")",0.6290018832391711
"=HYPERLINK(""https://stackoverflow.com/a/9485714"", ""9485714"")",0.5503472222222225
"=HYPERLINK(""https://stackoverflow.com/a/9846331"", ""9846331"")",0.11695906432748544
"=HYPERLINK(""https://stackoverflow.com/a/9944978"", ""9944978"")",0.7350935093509348
"=HYPERLINK(""https://stackoverflow.com/a/10176572"", ""10176572"")",0.5815972222222224
"=HYPERLINK(""https://stackoverflow.com/a/10388712"", ""10388712"")",0.3403034030340304
"=HYPERLINK(""https://stackoverflow.com/a/10610792"", ""10610792"")",0.5572373584482568
"=HYPERLINK(""https://stackoverflow.com/a/10662327"", ""10662327"")",0.65491452991453
"=HYPERLINK(""https://stackoverflow.com/a/11152092"", ""11152092"")",0.5537139349294047
"=HYPERLINK(""https://stackoverflow.com/a/11168467"", ""11168467"")",0.37810068985762507
"=HYPERLINK(""https://stackoverflow.com/a/11399540"", ""11399540"")",0.7522222222222219
"=HYPERLINK(""https://stackoverflow.com/a/11765694"", ""11765694"")",0.727108215707564
"=HYPERLINK(""https://stackoverflow.com/a/11953350"", ""11953350"")",0.41408268733850107
"=HYPERLINK(""https://stackoverflow.com/a/12173109"", ""12173109"")",0.3091787439613528
"=HYPERLINK(""https://stackoverflow.com/a/12503728"", ""12503728"")",0.4511261989438516
"=HYPERLINK(""https://stackoverflow.com/a/13061452"", ""13061452"")",0.5057273768613973
"=HYPERLINK(""https://stackoverflow.com/a/13387631"", ""13387631"")",0.28644240570846086
"=HYPERLINK(""https://stackoverflow.com/a/13416087"", ""13416087"")",0.26887136808293194
"=HYPERLINK(""https://stackoverflow.com/a/13490161"", ""13490161"")",0.5538011695906437
"=HYPERLINK(""https://stackoverflow.com/a/13698874"", ""13698874"")",0.6057838660578385
"=HYPERLINK(""https://stackoverflow.com/a/13763569"", ""13763569"")",0.7826617826617827
"=HYPERLINK(""https://stackoverflow.com/a/13799206"", ""13799206"")",0.5616717635066262
"=HYPERLINK(""https://stackoverflow.com/a/13879085"", ""13879085"")",0.5608048993875772
"=HYPERLINK(""https://stackoverflow.com/a/13951361"", ""13951361"")",0.5386779184247537
"=HYPERLINK(""https://stackoverflow.com/a/14041590"", ""14041590"")",0.8619281045751634
"=HYPERLINK(""https://stackoverflow.com/a/14489985"", ""14489985"")",0.7092352092352089
"=HYPERLINK(""https://stackoverflow.com/a/14616115"", ""14616115"")",0.8222222222222217
"=HYPERLINK(""https://stackoverflow.com/a/14770961"", ""14770961"")",0.5514905149051488
"=HYPERLINK(""https://stackoverflow.com/a/14844879"", ""14844879"")",0.35265700483091794
"=HYPERLINK(""https://stackoverflow.com/a/15122061"", ""15122061"")",0.6676447574334902
"=HYPERLINK(""https://stackoverflow.com/a/15229788"", ""15229788"")",0.27611443779108436
"=HYPERLINK(""https://stackoverflow.com/a/15477389"", ""15477389"")",0.42694663167104147
"=HYPERLINK(""https://stackoverflow.com/a/15741262"", ""15741262"")",0.4100675260896256
"=HYPERLINK(""https://stackoverflow.com/a/15855845"", ""15855845"")",0.26778296988577366
"=HYPERLINK(""https://stackoverflow.com/a/16667976"", ""16667976"")",0.7084607543323143
"=HYPERLINK(""https://stackoverflow.com/a/17019216"", ""17019216"")",0.4430811179277434
"=HYPERLINK(""https://stackoverflow.com/a/17074826"", ""17074826"")",0.11352657004830922
"=HYPERLINK(""https://stackoverflow.com/a/17195336"", ""17195336"")",0.6647000983284173
"=HYPERLINK(""https://stackoverflow.com/a/17234097"", ""17234097"")",0.48169744088111466
"=HYPERLINK(""https://stackoverflow.com/a/17287882"", ""17287882"")",0.28121098626716623
"=HYPERLINK(""https://stackoverflow.com/a/19790263"", ""19790263"")",0.31781045751633985
"=HYPERLINK(""https://stackoverflow.com/a/20043182"", ""20043182"")",0.6326456749909518
"=HYPERLINK(""https://stackoverflow.com/a/20290794"", ""20290794"")",0.4111623143881206
"=HYPERLINK(""https://stackoverflow.com/a/20748400"", ""20748400"")",0.465316144874156
"=HYPERLINK(""https://stackoverflow.com/a/21422542"", ""21422542"")",0.4681238615664848
"=HYPERLINK(""https://stackoverflow.com/a/21848390"", ""21848390"")",0.5380116959064332
"=HYPERLINK(""https://stackoverflow.com/a/22321201"", ""22321201"")",0.11695906432748528
"=HYPERLINK(""https://stackoverflow.com/a/22662966"", ""22662966"")",0.3512544802867386
"=HYPERLINK(""https://stackoverflow.com/a/23116100"", ""23116100"")",0.5220489119969192
"=HYPERLINK(""https://stackoverflow.com/a/23234985"", ""23234985"")",0.7494949494949495
"=HYPERLINK(""https://stackoverflow.com/a/23909223"", ""23909223"")",0.46037683568855614
"=HYPERLINK(""https://stackoverflow.com/a/24291916"", ""24291916"")",0.30876068376068383
"=HYPERLINK(""https://stackoverflow.com/a/24481132"", ""24481132"")",0.34148827726809383
"=HYPERLINK(""https://stackoverflow.com/a/24570165"", ""24570165"")",0.48692810457516333
"=HYPERLINK(""https://stackoverflow.com/a/24682696"", ""24682696"")",0.5671589310829815
"=HYPERLINK(""https://stackoverflow.com/a/25018789"", ""25018789"")",0.6744835287548853
"=HYPERLINK(""https://stackoverflow.com/a/25032882"", ""25032882"")",0.35747721113574743
"=HYPERLINK(""https://stackoverflow.com/a/25175476"", ""25175476"")",0.8322222222222218
"=HYPERLINK(""https://stackoverflow.com/a/25304630"", ""25304630"")",0.5407817790089259
"=HYPERLINK(""https://stackoverflow.com/a/25373710"", ""25373710"")",0.5128626163108917
"=HYPERLINK(""https://stackoverflow.com/a/25425912"", ""25425912"")",0.648538011695907
"=HYPERLINK(""https://stackoverflow.com/a/25738512"", ""25738512"")",0.7132401862940781
"=HYPERLINK(""https://stackoverflow.com/a/25974534"", ""25974534"")",0.3414690841469083
"=HYPERLINK(""https://stackoverflow.com/a/26508965"", ""26508965"")",0.650061675680804
"=HYPERLINK(""https://stackoverflow.com/a/26707513"", ""26707513"")",0.6781564172868523
"=HYPERLINK(""https://stackoverflow.com/a/26786534"", ""26786534"")",0.42222222222222183
"=HYPERLINK(""https://stackoverflow.com/a/27013913"", ""27013913"")",0.6126504338091235
"=HYPERLINK(""https://stackoverflow.com/a/27191334"", ""27191334"")",0.376068376068376
"=HYPERLINK(""https://stackoverflow.com/a/27549244"", ""27549244"")",0.5705071826443862
"=HYPERLINK(""https://stackoverflow.com/a/27615800"", ""27615800"")",0.8219860947133666
"=HYPERLINK(""https://stackoverflow.com/a/27692291"", ""27692291"")",0.29064327485380137
"=HYPERLINK(""https://stackoverflow.com/a/28135346"", ""28135346"")",0.8787107718405438
"=HYPERLINK(""https://stackoverflow.com/a/28416831"", ""28416831"")",0.43351929335192907
"=HYPERLINK(""https://stackoverflow.com/a/28432376"", ""28432376"")",0.4949494949494947
"=HYPERLINK(""https://stackoverflow.com/a/28813750"", ""28813750"")",0.5483091787439615
"=HYPERLINK(""https://stackoverflow.com/a/28886780"", ""28886780"")",0.5395653956539566
"=HYPERLINK(""https://stackoverflow.com/a/28907072"", ""28907072"")",0.6856368563685635
"=HYPERLINK(""https://stackoverflow.com/a/28970849"", ""28970849"")",0.31524547803617553
"=HYPERLINK(""https://stackoverflow.com/a/28976092"", ""28976092"")",0.5357357357357354
"=HYPERLINK(""https://stackoverflow.com/a/28997395"", ""28997395"")",0.5186139747995417
"=HYPERLINK(""https://stackoverflow.com/a/29547596"", ""29547596"")",0.3075880758807586
"=HYPERLINK(""https://stackoverflow.com/a/29565208"", ""29565208"")",0.5012138188608777
"=HYPERLINK(""https://stackoverflow.com/a/29750282"", ""29750282"")",0.7946360153256706
"=HYPERLINK(""https://stackoverflow.com/a/30110463"", ""30110463"")",0.7978036175710589
"=HYPERLINK(""https://stackoverflow.com/a/30278213"", ""30278213"")",0.48827726809378214
"=HYPERLINK(""https://stackoverflow.com/a/30905159"", ""30905159"")",0.5627461051189866
"=HYPERLINK(""https://stackoverflow.com/a/30911156"", ""30911156"")",0.880513679508654
"=HYPERLINK(""https://stackoverflow.com/a/31710540"", ""31710540"")",0.456758304696449
"=HYPERLINK(""https://stackoverflow.com/a/31846179"", ""31846179"")",0.4057665260196903
"=HYPERLINK(""https://stackoverflow.com/a/31856571"", ""31856571"")",0.6141916294879972
"=HYPERLINK(""https://stackoverflow.com/a/32231624"", ""32231624"")",0.41907261592300993
"=HYPERLINK(""https://stackoverflow.com/a/32583101"", ""32583101"")",0.5129198966408266
"=HYPERLINK(""https://stackoverflow.com/a/33387717"", ""33387717"")",0.611695906432749
"=HYPERLINK(""https://stackoverflow.com/a/33673145"", ""33673145"")",0.6191452991452996
"=HYPERLINK(""https://stackoverflow.com/a/34173016"", ""34173016"")",0.492347445835818
"=HYPERLINK(""https://stackoverflow.com/a/34173894"", ""34173894"")",0.3101343101343101
"=HYPERLINK(""https://stackoverflow.com/a/35327254"", ""35327254"")",0.35906432748538036
"=HYPERLINK(""https://stackoverflow.com/a/35335949"", ""35335949"")",0.44763205828779634
"=HYPERLINK(""https://stackoverflow.com/a/35744121"", ""35744121"")",0.5337800111669456
"=HYPERLINK(""https://stackoverflow.com/a/35817199"", ""35817199"")",0.6549399003224863
"=HYPERLINK(""https://stackoverflow.com/a/36072860"", ""36072860"")",0.7716727716727718
"=HYPERLINK(""https://stackoverflow.com/a/36506161"", ""36506161"")",0.2776715530061612
"=HYPERLINK(""https://stackoverflow.com/a/36700185"", ""36700185"")",0.3080947983995076
"=HYPERLINK(""https://stackoverflow.com/a/36772133"", ""36772133"")",0.3639545056867892
"=HYPERLINK(""https://stackoverflow.com/a/36836951"", ""36836951"")",0.3403034030340304
"=HYPERLINK(""https://stackoverflow.com/a/36987644"", ""36987644"")",0.8139177239523254
"=HYPERLINK(""https://stackoverflow.com/a/37052005"", ""37052005"")",0.4315245478036172
"=HYPERLINK(""https://stackoverflow.com/a/38118205"", ""38118205"")",0.7146845337800108
"=HYPERLINK(""https://stackoverflow.com/a/38227127"", ""38227127"")",0.40866290018832374
"=HYPERLINK(""https://stackoverflow.com/a/38416283"", ""38416283"")",0.39307649357900604
"=HYPERLINK(""https://stackoverflow.com/a/38546756"", ""38546756"")",0.49781277340332486
"=HYPERLINK(""https://stackoverflow.com/a/38569233"", ""38569233"")",0.45392953929539265
"=HYPERLINK(""https://stackoverflow.com/a/38611569"", ""38611569"")",0.3154174884944116
"=HYPERLINK(""https://stackoverflow.com/a/38744457"", ""38744457"")",0.3326873385012917
"=HYPERLINK(""https://stackoverflow.com/a/38774884"", ""38774884"")",0.48293650793650794
"=HYPERLINK(""https://stackoverflow.com/a/38913342"", ""38913342"")",0.7754137115839244
"=HYPERLINK(""https://stackoverflow.com/a/39019408"", ""39019408"")",0.6544256120527304
"=HYPERLINK(""https://stackoverflow.com/a/39323782"", ""39323782"")",0.4097222222222224
"=HYPERLINK(""https://stackoverflow.com/a/39458272"", ""39458272"")",0.5988455988455986
"=HYPERLINK(""https://stackoverflow.com/a/39550717"", ""39550717"")",0.5509893455098934
"=HYPERLINK(""https://stackoverflow.com/a/39764785"", ""39764785"")",0.6991674671789948
"=HYPERLINK(""https://stackoverflow.com/a/39931232"", ""39931232"")",0.5459927140255014
"=HYPERLINK(""https://stackoverflow.com/a/40178211"", ""40178211"")",0.749599743836055
"=HYPERLINK(""https://stackoverflow.com/a/40181300"", ""40181300"")",0.42338840298024
"=HYPERLINK(""https://stackoverflow.com/a/40855187"", ""40855187"")",0.32841691248770927
"=HYPERLINK(""https://stackoverflow.com/a/40890879"", ""40890879"")",0.21905766526019688
"=HYPERLINK(""https://stackoverflow.com/a/40929232"", ""40929232"")",0.6540928919681805
"=HYPERLINK(""https://stackoverflow.com/a/40929539"", ""40929539"")",0.7885939036381518
"=HYPERLINK(""https://stackoverflow.com/a/41240241"", ""41240241"")",0.5972222222222224
"=HYPERLINK(""https://stackoverflow.com/a/41528571"", ""41528571"")",0.4798909338786637
"=HYPERLINK(""https://stackoverflow.com/a/41663356"", ""41663356"")",0.4741306191687874
"=HYPERLINK(""https://stackoverflow.com/a/41824279"", ""41824279"")",0.5254292193067708
"=HYPERLINK(""https://stackoverflow.com/a/42223835"", ""42223835"")",0.5372907153729071
"=HYPERLINK(""https://stackoverflow.com/a/42241626"", ""42241626"")",0.3770894788593906
"=HYPERLINK(""https://stackoverflow.com/a/42356013"", ""42356013"")",0.36228736880202683
"=HYPERLINK(""https://stackoverflow.com/a/42461511"", ""42461511"")",0.47739463601532567
"=HYPERLINK(""https://stackoverflow.com/a/42811998"", ""42811998"")",0.7148692810457516
"=HYPERLINK(""https://stackoverflow.com/a/43086529"", ""43086529"")",0.6284722222222224
"=HYPERLINK(""https://stackoverflow.com/a/43492637"", ""43492637"")",0.4307328605200947
"=HYPERLINK(""https://stackoverflow.com/a/43498963"", ""43498963"")",0.4945626477541373
"=HYPERLINK(""https://stackoverflow.com/a/43668411"", ""43668411"")",0.8322222222222216
"=HYPERLINK(""https://stackoverflow.com/a/43693021"", ""43693021"")",0.5351056578050439
"=HYPERLINK(""https://stackoverflow.com/a/43753201"", ""43753201"")",0.41933760683760696
"=HYPERLINK(""https://stackoverflow.com/a/43810035"", ""43810035"")",0.6992864424057087
"=HYPERLINK(""https://stackoverflow.com/a/44040598"", ""44040598"")",0.2868773946360152
"=HYPERLINK(""https://stackoverflow.com/a/44088781"", ""44088781"")",0.40222222222222204
"=HYPERLINK(""https://stackoverflow.com/a/44379180"", ""44379180"")",0.49619482496194817
"=HYPERLINK(""https://stackoverflow.com/a/44583428"", ""44583428"")",0.500665335994677
"=HYPERLINK(""https://stackoverflow.com/a/45327646"", ""45327646"")",0.6837606837606838
"=HYPERLINK(""https://stackoverflow.com/a/45829206"", ""45829206"")",0.6116452991452993
"=HYPERLINK(""https://stackoverflow.com/a/45873779"", ""45873779"")",0.7589869281045751
"=HYPERLINK(""https://stackoverflow.com/a/46154332"", ""46154332"")",0.6989406257698937
"=HYPERLINK(""https://stackoverflow.com/a/46345869"", ""46345869"")",0.3995075407817791
"=HYPERLINK(""https://stackoverflow.com/a/46732261"", ""46732261"")",0.4435336976320586
"=HYPERLINK(""https://stackoverflow.com/a/46839044"", ""46839044"")",0.3920335429769393
"=HYPERLINK(""https://stackoverflow.com/a/46939800"", ""46939800"")",0.4684533780011165
"=HYPERLINK(""https://stackoverflow.com/a/47392188"", ""47392188"")",0.6398046398046398
"=HYPERLINK(""https://stackoverflow.com/a/47694815"", ""47694815"")",0.37476459510357785
"=HYPERLINK(""https://stackoverflow.com/a/47799946"", ""47799946"")",0.5951035781544253
"=HYPERLINK(""https://stackoverflow.com/a/48291986"", ""48291986"")",0.29714078899746654
"=HYPERLINK(""https://stackoverflow.com/a/48893739"", ""48893739"")",0.6605783866057837
"=HYPERLINK(""https://stackoverflow.com/a/49427457"", ""49427457"")",0.6678984971667894
"=HYPERLINK(""https://stackoverflow.com/a/49430781"", ""49430781"")",0.4699116861778601
"=HYPERLINK(""https://stackoverflow.com/a/51096507"", ""51096507"")",0.45016339869281036
"=HYPERLINK(""https://stackoverflow.com/a/51182556"", ""51182556"")",0.6056214317083877
"=HYPERLINK(""https://stackoverflow.com/a/51680489"", ""51680489"")",0.7232255667038279
"=HYPERLINK(""https://stackoverflow.com/a/51710565"", ""51710565"")",0.5356757589767303
"=HYPERLINK(""https://stackoverflow.com/a/51988843"", ""51988843"")",0.3455098934550989
"=HYPERLINK(""https://stackoverflow.com/a/52197714"", ""52197714"")",0.9274853801169598
"=HYPERLINK(""https://stackoverflow.com/a/52224116"", ""52224116"")",0.08708708708708705
"=HYPERLINK(""https://stackoverflow.com/a/52862655"", ""52862655"")",0.5531045751633986
"=HYPERLINK(""https://stackoverflow.com/a/53154934"", ""53154934"")",0.48396718866517535
"=HYPERLINK(""https://stackoverflow.com/a/53660008"", ""53660008"")",0.36381514257620473
"=HYPERLINK(""https://stackoverflow.com/a/53803946"", ""53803946"")",0.7313131313131312
"=HYPERLINK(""https://stackoverflow.com/a/54572527"", ""54572527"")",0.3675710594315243
"=HYPERLINK(""https://stackoverflow.com/a/54730741"", ""54730741"")",0.2287439613526568
"=HYPERLINK(""https://stackoverflow.com/a/54735883"", ""54735883"")",0.2975991066443326
"=HYPERLINK(""https://stackoverflow.com/a/54980282"", ""54980282"")",0.3638151425762046
"=HYPERLINK(""https://stackoverflow.com/a/55226323"", ""55226323"")",0.5344751866490995
"=HYPERLINK(""https://stackoverflow.com/a/55398208"", ""55398208"")",0.37871500801578517
"=HYPERLINK(""https://stackoverflow.com/a/55592931"", ""55592931"")",0.5827991452991454
"=HYPERLINK(""https://stackoverflow.com/a/55685379"", ""55685379"")",0.5628815628815629
"=HYPERLINK(""https://stackoverflow.com/a/55819974"", ""55819974"")",0.3877394636015326
"=HYPERLINK(""https://stackoverflow.com/a/56108077"", ""56108077"")",0.6436507936507936
"=HYPERLINK(""https://stackoverflow.com/a/56470360"", ""56470360"")",0.7574034588959969
"=HYPERLINK(""https://stackoverflow.com/a/56483619"", ""56483619"")",0.48966408268733824
"=HYPERLINK(""https://stackoverflow.com/a/57611986"", ""57611986"")",0.3766844647851511
"=HYPERLINK(""https://stackoverflow.com/a/57789436"", ""57789436"")",0.5166828636216395
"=HYPERLINK(""https://stackoverflow.com/a/57852175"", ""57852175"")",0.3780663780663778
"=HYPERLINK(""https://stackoverflow.com/a/58234572"", ""58234572"")",0.7583924349881797
"=HYPERLINK(""https://stackoverflow.com/a/58375369"", ""58375369"")",0.796616685890042
"=HYPERLINK(""https://stackoverflow.com/a/58478043"", ""58478043"")",0.24250861840360627
"=HYPERLINK(""https://stackoverflow.com/a/58767357"", ""58767357"")",0.2657004830917875
"=HYPERLINK(""https://stackoverflow.com/a/58780342"", ""58780342"")",0.37182852143482087
"=HYPERLINK(""https://stackoverflow.com/a/58840352"", ""58840352"")",0.3825275657336729
"=HYPERLINK(""https://stackoverflow.com/a/58866645"", ""58866645"")",0.4195906432748536
"=HYPERLINK(""https://stackoverflow.com/a/60253612"", ""60253612"")",0.8408662900188317
"=HYPERLINK(""https://stackoverflow.com/a/60409229"", ""60409229"")",0.6907360761265038
"=HYPERLINK(""https://stackoverflow.com/a/60850274"", ""60850274"")",0.47496947496947495
"=HYPERLINK(""https://stackoverflow.com/a/61158128"", ""61158128"")",0.4945113788487279
"=HYPERLINK(""https://stackoverflow.com/a/61410631"", ""61410631"")",0.47145299145299185
"=HYPERLINK(""https://stackoverflow.com/a/61612681"", ""61612681"")",0.7494595763078252
"=HYPERLINK(""https://stackoverflow.com/a/62512689"", ""62512689"")",0.41797693920335444
"=HYPERLINK(""https://stackoverflow.com/a/62892984"", ""62892984"")",0.6177918424753865
"=HYPERLINK(""https://stackoverflow.com/a/62980952"", ""62980952"")",0.2539053905390538
"=HYPERLINK(""https://stackoverflow.com/a/63141088"", ""63141088"")",0.48431899641577086
"=HYPERLINK(""https://stackoverflow.com/a/63456751"", ""63456751"")",0.5983690112130481
"=HYPERLINK(""https://stackoverflow.com/a/63474776"", ""63474776"")",0.49284077892325306
"=HYPERLINK(""https://stackoverflow.com/a/63756695"", ""63756695"")",0.2546897546897546
"=HYPERLINK(""https://stackoverflow.com/a/63916726"", ""63916726"")",0.30186823992133743
"=HYPERLINK(""https://stackoverflow.com/a/64108774"", ""64108774"")",0.796818996415771
"=HYPERLINK(""https://stackoverflow.com/a/64506337"", ""64506337"")",0.4842911877394636
"=HYPERLINK(""https://stackoverflow.com/a/65076364"", ""65076364"")",0.8757655293088373
"=HYPERLINK(""https://stackoverflow.com/a/66875228"", ""66875228"")",0.657287157287157
"=HYPERLINK(""https://stackoverflow.com/a/67672405"", ""67672405"")",0.5263696876600097
