"link","Correlation","score","view_count"
"=HYPERLINK(""https://stackoverflow.com/q/537225"", ""537225"")",0.5302304357745834,"2","1968"
"=HYPERLINK(""https://stackoverflow.com/q/801639"", ""801639"")",0.3061916878710774,"0","1965"
"=HYPERLINK(""https://stackoverflow.com/q/1226444"", ""1226444"")",0.4082687338501289,"0","735"
"=HYPERLINK(""https://stackoverflow.com/q/1889426"", ""1889426"")",0.4802553283565938,"0","5271"
"=HYPERLINK(""https://stackoverflow.com/q/2723615"", ""2723615"")",0.4194540561322566,"0","2663"
"=HYPERLINK(""https://stackoverflow.com/q/3139678"", ""3139678"")",0.4111623143881205,"0","2906"
"=HYPERLINK(""https://stackoverflow.com/q/3282252"", ""3282252"")",0.47525515116503,"1","6715"
"=HYPERLINK(""https://stackoverflow.com/q/3962731"", ""3962731"")",0.5972222222222222,"8","9193"
"=HYPERLINK(""https://stackoverflow.com/q/4099121"", ""4099121"")",0.5157004830917871,"1","3192"
"=HYPERLINK(""https://stackoverflow.com/q/4439844"", ""4439844"")",0.768234492160872,"2","7120"
"=HYPERLINK(""https://stackoverflow.com/q/4873293"", ""4873293"")",0.3247432306255835,"0","3083"
"=HYPERLINK(""https://stackoverflow.com/q/5284279"", ""5284279"")",0.5434459315912474,"1","1963"
"=HYPERLINK(""https://stackoverflow.com/q/5583522"", ""5583522"")",0.5245478036175707,"2","3781"
"=HYPERLINK(""https://stackoverflow.com/q/5809319"", ""5809319"")",0.5839243498817966,"3","1662"
"=HYPERLINK(""https://stackoverflow.com/q/5898590"", ""5898590"")",0.6461853558627746,"5","6930"
"=HYPERLINK(""https://stackoverflow.com/q/6043388"", ""6043388"")",0.5504394595303683,"3","2541"
"=HYPERLINK(""https://stackoverflow.com/q/6212074"", ""6212074"")",0.4817966903073287,"0","817"
"=HYPERLINK(""https://stackoverflow.com/q/6411881"", ""6411881"")",0.8842911877394637,"1","616"
"=HYPERLINK(""https://stackoverflow.com/q/7521340"", ""7521340"")",0.298535403589913,"1","3118"
"=HYPERLINK(""https://stackoverflow.com/q/7692157"", ""7692157"")",0.5340778923253148,"0","808"
"=HYPERLINK(""https://stackoverflow.com/q/7877396"", ""7877396"")",0.5009318996415771,"8","23563"
"=HYPERLINK(""https://stackoverflow.com/q/8065759"", ""8065759"")",0.465079365079365,"0","5382"
"=HYPERLINK(""https://stackoverflow.com/q/8115672"", ""8115672"")",0.5472222222222222,"1","5920"
"=HYPERLINK(""https://stackoverflow.com/q/8155831"", ""8155831"")",0.4235209235209233,"0","2380"
"=HYPERLINK(""https://stackoverflow.com/q/8316420"", ""8316420"")",0.2648843382631778,"2","5874"
"=HYPERLINK(""https://stackoverflow.com/q/8350707"", ""8350707"")",0.5169325496781412,"1","155"
"=HYPERLINK(""https://stackoverflow.com/q/8368389"", ""8368389"")",0.5178342314600973,"0","2890"
"=HYPERLINK(""https://stackoverflow.com/q/8444904"", ""8444904"")",0.2904524994077234,"0","860"
"=HYPERLINK(""https://stackoverflow.com/q/8485211"", ""8485211"")",0.4854835188823398,"1","1789"
"=HYPERLINK(""https://stackoverflow.com/q/8558566"", ""8558566"")",0.6413398692810458,"0","1788"
"=HYPERLINK(""https://stackoverflow.com/q/8562664"", ""8562664"")",0.3684301972026755,"1","599"
"=HYPERLINK(""https://stackoverflow.com/q/8841987"", ""8841987"")",0.561545689452666,"1","1486"
"=HYPERLINK(""https://stackoverflow.com/q/9024336"", ""9024336"")",0.4844070961718019,"1","1673"
"=HYPERLINK(""https://stackoverflow.com/q/9031613"", ""9031613"")",0.5483760683760687,"1","6250"
"=HYPERLINK(""https://stackoverflow.com/q/9213869"", ""9213869"")",0.6328182487122885,"1","3583"
"=HYPERLINK(""https://stackoverflow.com/q/9468065"", ""9468065"")",0.3631996658312446,"0","1007"
"=HYPERLINK(""https://stackoverflow.com/q/9561096"", ""9561096"")",0.3502499038831218,"1","9377"
"=HYPERLINK(""https://stackoverflow.com/q/9936236"", ""9936236"")",0.8326118326118322,"1","7747"
"=HYPERLINK(""https://stackoverflow.com/q/10136506"", ""10136506"")",0.4034302759134974,"0","2454"
"=HYPERLINK(""https://stackoverflow.com/q/10748691"", ""10748691"")",0.4470544369873231,"0","813"
"=HYPERLINK(""https://stackoverflow.com/q/10915904"", ""10915904"")",0.2587922096118819,"2","3185"
"=HYPERLINK(""https://stackoverflow.com/q/10928689"", ""10928689"")",0.5126413838988687,"0","3902"
"=HYPERLINK(""https://stackoverflow.com/q/10930561"", ""10930561"")",0.2960477255779272,"0","1210"
"=HYPERLINK(""https://stackoverflow.com/q/11046520"", ""11046520"")",0.5543255432554326,"4","11876"
"=HYPERLINK(""https://stackoverflow.com/q/11642621"", ""11642621"")",0.339086127547666,"1","3592"
"=HYPERLINK(""https://stackoverflow.com/q/11728483"", ""11728483"")",0.8366800535475231,"1","568"
"=HYPERLINK(""https://stackoverflow.com/q/12056329"", ""12056329"")",0.324527697726545,"0","2872"
"=HYPERLINK(""https://stackoverflow.com/q/12153806"", ""12153806"")",0.4036381514257623,"2","3306"
"=HYPERLINK(""https://stackoverflow.com/q/12183636"", ""12183636"")",0.4821044762171763,"1","4976"
"=HYPERLINK(""https://stackoverflow.com/q/12288373"", ""12288373"")",0.6465764657646578,"0","1464"
"=HYPERLINK(""https://stackoverflow.com/q/12504522"", ""12504522"")",0.3677446102819237,"0","6308"
"=HYPERLINK(""https://stackoverflow.com/q/12634268"", ""12634268"")",0.5892695305419614,"1","3755"
"=HYPERLINK(""https://stackoverflow.com/q/12698663"", ""12698663"")",0.2907153729071536,"1","359"
"=HYPERLINK(""https://stackoverflow.com/q/13150421"", ""13150421"")",0.4911877394636015,"1","1944"
"=HYPERLINK(""https://stackoverflow.com/q/13194345"", ""13194345"")",0.5425507643166776,"0","2113"
"=HYPERLINK(""https://stackoverflow.com/q/13283750"", ""13283750"")",0.7982590885816685,"0","279"
"=HYPERLINK(""https://stackoverflow.com/q/13319659"", ""13319659"")",0.8656648451730424,"0","2819"
"=HYPERLINK(""https://stackoverflow.com/q/13356098"", ""13356098"")",0.4584031267448351,"0","660"
"=HYPERLINK(""https://stackoverflow.com/q/13578359"", ""13578359"")",0.7966903073286052,"2","600"
"=HYPERLINK(""https://stackoverflow.com/q/13603141"", ""13603141"")",0.7583924349881797,"0","3136"
"=HYPERLINK(""https://stackoverflow.com/q/13609110"", ""13609110"")",0.3159722222222221,"2","1540"
"=HYPERLINK(""https://stackoverflow.com/q/13633678"", ""13633678"")",0.3032456763800047,"0","1773"
"=HYPERLINK(""https://stackoverflow.com/q/13648314"", ""13648314"")",0.3352286188107085,"1","5509"
"=HYPERLINK(""https://stackoverflow.com/q/13661777"", ""13661777"")",0.2019097222222224,"1","1188"
"=HYPERLINK(""https://stackoverflow.com/q/13877128"", ""13877128"")",0.8678915135608058,"0","103"
"=HYPERLINK(""https://stackoverflow.com/q/13954952"", ""13954952"")",0.5894949494949493,"1","1521"
"=HYPERLINK(""https://stackoverflow.com/q/14175025"", ""14175025"")",0.6917231464366402,"0","272"
"=HYPERLINK(""https://stackoverflow.com/q/14233414"", ""14233414"")",0.4467120181405896,"1","1008"
"=HYPERLINK(""https://stackoverflow.com/q/14294921"", ""14294921"")",0.5390161153519932,"0","2113"
"=HYPERLINK(""https://stackoverflow.com/q/14452588"", ""14452588"")",0.7794177941779419,"0","3701"
"=HYPERLINK(""https://stackoverflow.com/q/14534848"", ""14534848"")",0.8273358585858583,"3","1975"
"=HYPERLINK(""https://stackoverflow.com/q/14912475"", ""14912475"")",0.5933562428407788,"1","2239"
"=HYPERLINK(""https://stackoverflow.com/q/14925028"", ""14925028"")",0.7014465989535242,"0","68"
"=HYPERLINK(""https://stackoverflow.com/q/15219253"", ""15219253"")",0.374764595103578,"0","788"
"=HYPERLINK(""https://stackoverflow.com/q/15298651"", ""15298651"")",0.3249249249249248,"1","493"
"=HYPERLINK(""https://stackoverflow.com/q/15836230"", ""15836230"")",0.4732860520094563,"0","2152"
"=HYPERLINK(""https://stackoverflow.com/q/15935181"", ""15935181"")",0.3690112130479104,"1","22"
"=HYPERLINK(""https://stackoverflow.com/q/15952628"", ""15952628"")",0.3354752342704148,"1","5010"
"=HYPERLINK(""https://stackoverflow.com/q/16080959"", ""16080959"")",0.6394757433489832,"0","2771"
"=HYPERLINK(""https://stackoverflow.com/q/16295120"", ""16295120"")",0.460415240702715,"0","978"
"=HYPERLINK(""https://stackoverflow.com/q/16552747"", ""16552747"")",0.3000665335994676,"3","1020"
"=HYPERLINK(""https://stackoverflow.com/q/16671136"", ""16671136"")",0.91540404040404,"1","5621"
"=HYPERLINK(""https://stackoverflow.com/q/16913557"", ""16913557"")",0.6169590643274858,"2","7523"
"=HYPERLINK(""https://stackoverflow.com/q/17626580"", ""17626580"")",0.3788290737719775,"1","784"
"=HYPERLINK(""https://stackoverflow.com/q/17784633"", ""17784633"")",0.2597893063009343,"1","1835"
"=HYPERLINK(""https://stackoverflow.com/q/18068824"", ""18068824"")",0.4517055048969943,"1","3423"
"=HYPERLINK(""https://stackoverflow.com/q/18114177"", ""18114177"")",0.3792222222222222,"0","1215"
"=HYPERLINK(""https://stackoverflow.com/q/18246509"", ""18246509"")",0.5681202266568116,"0","17436"
"=HYPERLINK(""https://stackoverflow.com/q/18357556"", ""18357556"")",0.493158182813355,"1","2934"
"=HYPERLINK(""https://stackoverflow.com/q/18371860"", ""18371860"")",0.4271402550091078,"0","1997"
"=HYPERLINK(""https://stackoverflow.com/q/18430372"", ""18430372"")",0.3440404040404039,"0","1027"
"=HYPERLINK(""https://stackoverflow.com/q/18440385"", ""18440385"")",0.3709102688694528,"0","1819"
"=HYPERLINK(""https://stackoverflow.com/q/18673810"", ""18673810"")",0.5288478000342407,"0","875"
"=HYPERLINK(""https://stackoverflow.com/q/19089842"", ""19089842"")",0.4918467956010617,"0","607"
"=HYPERLINK(""https://stackoverflow.com/q/19395733"", ""19395733"")",0.7945299145299152,"1","1399"
"=HYPERLINK(""https://stackoverflow.com/q/19985472"", ""19985472"")",0.3808760683760684,"0","983"
"=HYPERLINK(""https://stackoverflow.com/q/20128962"", ""20128962"")",0.5422791212264899,"5","3144"
"=HYPERLINK(""https://stackoverflow.com/q/20149018"", ""20149018"")",0.4539053905390537,"1","4299"
"=HYPERLINK(""https://stackoverflow.com/q/20166884"", ""20166884"")",0.1972222222222221,"1","3215"
"=HYPERLINK(""https://stackoverflow.com/q/20215404"", ""20215404"")",0.3618526123659592,"0","6124"
"=HYPERLINK(""https://stackoverflow.com/q/20348516"", ""20348516"")",0.6655719759168031,"2","4961"
"=HYPERLINK(""https://stackoverflow.com/q/20501834"", ""20501834"")",0.2991452991452991,"0","3579"
"=HYPERLINK(""https://stackoverflow.com/q/20581465"", ""20581465"")",0.9120956399437408,"0","3430"
"=HYPERLINK(""https://stackoverflow.com/q/20594978"", ""20594978"")",0.9578298981284062,"0","599"
"=HYPERLINK(""https://stackoverflow.com/q/20676117"", ""20676117"")",0.5135176300357929,"1","523"
"=HYPERLINK(""https://stackoverflow.com/q/20883516"", ""20883516"")",0.5858585858585855,"1","5383"
"=HYPERLINK(""https://stackoverflow.com/q/20891534"", ""20891534"")",0.4685276409414338,"1","786"
"=HYPERLINK(""https://stackoverflow.com/q/21188353"", ""21188353"")",0.6905001678415574,"1","2497"
"=HYPERLINK(""https://stackoverflow.com/q/21417475"", ""21417475"")",0.4776844070961716,"1","4601"
"=HYPERLINK(""https://stackoverflow.com/q/21570464"", ""21570464"")",0.3819855358316897,"3","8148"
"=HYPERLINK(""https://stackoverflow.com/q/21639810"", ""21639810"")",0.2062039155860666,"0","2314"
"=HYPERLINK(""https://stackoverflow.com/q/21887675"", ""21887675"")",0.4744346116027533,"0","381"
"=HYPERLINK(""https://stackoverflow.com/q/22352688"", ""22352688"")",0.6908569085690857,"1","1481"
"=HYPERLINK(""https://stackoverflow.com/q/22380551"", ""22380551"")",0.6432748538011701,"1","90"
"=HYPERLINK(""https://stackoverflow.com/q/22507366"", ""22507366"")",0.6443327749860408,"0","311"
"=HYPERLINK(""https://stackoverflow.com/q/22680956"", ""22680956"")",0.5316684762938834,"0","2961"
"=HYPERLINK(""https://stackoverflow.com/q/22825128"", ""22825128"")",0.2894622534966552,"0","2466"
"=HYPERLINK(""https://stackoverflow.com/q/23259420"", ""23259420"")",0.3754137115839245,"0","340"
"=HYPERLINK(""https://stackoverflow.com/q/23545886"", ""23545886"")",0.6908569085690858,"0","205"
"=HYPERLINK(""https://stackoverflow.com/q/23632484"", ""23632484"")",0.4664618535586273,"1","1494"
"=HYPERLINK(""https://stackoverflow.com/q/24409589"", ""24409589"")",0.5284019975031216,"0","38"
"=HYPERLINK(""https://stackoverflow.com/q/24466864"", ""24466864"")",0.4845173041894355,"0","1826"
"=HYPERLINK(""https://stackoverflow.com/q/24698413"", ""24698413"")",0.4103410341034101,"0","17445"
"=HYPERLINK(""https://stackoverflow.com/q/24889245"", ""24889245"")",0.7589869281045751,"0","1220"
"=HYPERLINK(""https://stackoverflow.com/q/24894783"", ""24894783"")",0.7532567049808432,"0","190"
"=HYPERLINK(""https://stackoverflow.com/q/25210939"", ""25210939"")",0.6186281418839555,"0","1116"
"=HYPERLINK(""https://stackoverflow.com/q/25250554"", ""25250554"")",0.5316684762938834,"0","709"
"=HYPERLINK(""https://stackoverflow.com/q/25316751"", ""25316751"")",0.492383512544803,"0","277"
"=HYPERLINK(""https://stackoverflow.com/q/25349529"", ""25349529"")",0.6734095573145708,"1","788"
"=HYPERLINK(""https://stackoverflow.com/q/25357869"", ""25357869"")",0.5951951951951948,"0","1032"
"=HYPERLINK(""https://stackoverflow.com/q/25447618"", ""25447618"")",0.4618535586277519,"0","214"
"=HYPERLINK(""https://stackoverflow.com/q/25503235"", ""25503235"")",0.4860744649662857,"1","3522"
"=HYPERLINK(""https://stackoverflow.com/q/25845050"", ""25845050"")",0.6255371393492941,"0","1261"
"=HYPERLINK(""https://stackoverflow.com/q/25861185"", ""25861185"")",0.3838988689288089,"0","37"
"=HYPERLINK(""https://stackoverflow.com/q/26063734"", ""26063734"")",0.341691248770895,"0","1109"
"=HYPERLINK(""https://stackoverflow.com/q/26070840"", ""26070840"")",0.417937898950557,"1","239"
"=HYPERLINK(""https://stackoverflow.com/q/26072098"", ""26072098"")",0.3317112733171128,"1","2217"
"=HYPERLINK(""https://stackoverflow.com/q/26488541"", ""26488541"")",0.2370005473453748,"0","80"
"=HYPERLINK(""https://stackoverflow.com/q/26513996"", ""26513996"")",0.5537139349294047,"0","676"
"=HYPERLINK(""https://stackoverflow.com/q/26525952"", ""26525952"")",0.8627752176139265,"1","1960"
"=HYPERLINK(""https://stackoverflow.com/q/26549642"", ""26549642"")",0.4202087994034303,"0","548"
"=HYPERLINK(""https://stackoverflow.com/q/26550615"", ""26550615"")",0.4988179669030734,"0","2946"
"=HYPERLINK(""https://stackoverflow.com/q/26577451"", ""26577451"")",0.6652991452991458,"0","767"
"=HYPERLINK(""https://stackoverflow.com/q/26605998"", ""26605998"")",0.6678743961352651,"1","235"
"=HYPERLINK(""https://stackoverflow.com/q/26610586"", ""26610586"")",0.6636015325670499,"0","1286"
"=HYPERLINK(""https://stackoverflow.com/q/26618629"", ""26618629"")",0.4514712340799295,"0","1617"
"=HYPERLINK(""https://stackoverflow.com/q/26753377"", ""26753377"")",0.285934133579563,"0","4078"
"=HYPERLINK(""https://stackoverflow.com/q/27108518"", ""27108518"")",0.4302759134973901,"2","2136"
"=HYPERLINK(""https://stackoverflow.com/q/27248213"", ""27248213"")",0.5237489397794745,"1","99"
"=HYPERLINK(""https://stackoverflow.com/q/27273509"", ""27273509"")",0.3822222222222221,"3","4597"
"=HYPERLINK(""https://stackoverflow.com/q/27364109"", ""27364109"")",0.3117744610281925,"2","1570"
"=HYPERLINK(""https://stackoverflow.com/q/27434873"", ""27434873"")",0.5464543041334851,"1","953"
"=HYPERLINK(""https://stackoverflow.com/q/27452599"", ""27452599"")",0.578779599271403,"0","245"
"=HYPERLINK(""https://stackoverflow.com/q/27474212"", ""27474212"")",0.7485380116959062,"0","2409"
"=HYPERLINK(""https://stackoverflow.com/q/27573689"", ""27573689"")",0.5474817377931561,"3","2548"
"=HYPERLINK(""https://stackoverflow.com/q/27700699"", ""27700699"")",0.683261183261183,"0","133"
"=HYPERLINK(""https://stackoverflow.com/q/27885393"", ""27885393"")",0.2785858585858585,"1","55"
"=HYPERLINK(""https://stackoverflow.com/q/28155055"", ""28155055"")",0.4211428081898401,"0","1232"
"=HYPERLINK(""https://stackoverflow.com/q/28191745"", ""28191745"")",0.6140891353460672,"0","2516"
"=HYPERLINK(""https://stackoverflow.com/q/28263323"", ""28263323"")",0.9494949494949488,"0","1522"
"=HYPERLINK(""https://stackoverflow.com/q/28269461"", ""28269461"")",0.4969177567283117,"0","214"
"=HYPERLINK(""https://stackoverflow.com/q/28689293"", ""28689293"")",0.3329092451229858,"1","62"
"=HYPERLINK(""https://stackoverflow.com/q/28854550"", ""28854550"")",0.573946360153257,"0","308"
"=HYPERLINK(""https://stackoverflow.com/q/28898773"", ""28898773"")",0.4118465513814351,"0","706"
"=HYPERLINK(""https://stackoverflow.com/q/29185968"", ""29185968"")",0.3106466595212577,"0","427"
"=HYPERLINK(""https://stackoverflow.com/q/29498221"", ""29498221"")",0.6674372014177843,"1","3074"
"=HYPERLINK(""https://stackoverflow.com/q/29667494"", ""29667494"")",0.4393122915062867,"0","255"
"=HYPERLINK(""https://stackoverflow.com/q/29737504"", ""29737504"")",0.4463601532567047,"1","101"
"=HYPERLINK(""https://stackoverflow.com/q/29799344"", ""29799344"")",0.3689288090485695,"0","520"
"=HYPERLINK(""https://stackoverflow.com/q/30155484"", ""30155484"")",0.7640632264063224,"1","10400"
"=HYPERLINK(""https://stackoverflow.com/q/30176530"", ""30176530"")",0.4825315005727375,"0","1520"
"=HYPERLINK(""https://stackoverflow.com/q/30369283"", ""30369283"")",0.7318112633181125,"0","281"
"=HYPERLINK(""https://stackoverflow.com/q/30500251"", ""30500251"")",0.7325670498084292,"3","13302"
"=HYPERLINK(""https://stackoverflow.com/q/30503219"", ""30503219"")",0.273030536309982,"1","556"
"=HYPERLINK(""https://stackoverflow.com/q/30663211"", ""30663211"")",0.7506313131313129,"1","70"
"=HYPERLINK(""https://stackoverflow.com/q/30756499"", ""30756499"")",0.3767411726595403,"1","1776"
"=HYPERLINK(""https://stackoverflow.com/q/30817882"", ""30817882"")",0.3859390363815143,"1","1494"
"=HYPERLINK(""https://stackoverflow.com/q/30874341"", ""30874341"")",0.4424506072140655,"0","82"
"=HYPERLINK(""https://stackoverflow.com/q/31067406"", ""31067406"")",0.4620412267471089,"0","119"
"=HYPERLINK(""https://stackoverflow.com/q/31292900"", ""31292900"")",0.3779599271402553,"1","1018"
"=HYPERLINK(""https://stackoverflow.com/q/31424713"", ""31424713"")",0.4368207623682079,"0","932"
"=HYPERLINK(""https://stackoverflow.com/q/31465617"", ""31465617"")",0.3686507936507937,"0","50"
"=HYPERLINK(""https://stackoverflow.com/q/31647111"", ""31647111"")",0.569527611443779,"0","263"
"=HYPERLINK(""https://stackoverflow.com/q/31657186"", ""31657186"")",0.7032717849044385,"0","366"
"=HYPERLINK(""https://stackoverflow.com/q/31828055"", ""31828055"")",0.4272052346797532,"0","821"
"=HYPERLINK(""https://stackoverflow.com/q/31843348"", ""31843348"")",0.683091787439613,"0","97"
"=HYPERLINK(""https://stackoverflow.com/q/32267087"", ""32267087"")",0.5621431708388227,"2","1496"
"=HYPERLINK(""https://stackoverflow.com/q/32452131"", ""32452131"")",0.4798909338786636,"1","11575"
"=HYPERLINK(""https://stackoverflow.com/q/32480555"", ""32480555"")",0.5370910268869458,"3","9021"
"=HYPERLINK(""https://stackoverflow.com/q/32566383"", ""32566383"")",0.517788724685276,"1","4116"
"=HYPERLINK(""https://stackoverflow.com/q/32624386"", ""32624386"")",0.5198875918720276,"3","12834"
"=HYPERLINK(""https://stackoverflow.com/q/32892754"", ""32892754"")",0.522867383512545,"1","572"
"=HYPERLINK(""https://stackoverflow.com/q/32900656"", ""32900656"")",0.3825720764496276,"2","3197"
"=HYPERLINK(""https://stackoverflow.com/q/32904466"", ""32904466"")",0.4040404040404038,"0","790"
"=HYPERLINK(""https://stackoverflow.com/q/32912413"", ""32912413"")",0.6585429769392035,"0","1557"
"=HYPERLINK(""https://stackoverflow.com/q/32989259"", ""32989259"")",0.4172940908053841,"1","63"
"=HYPERLINK(""https://stackoverflow.com/q/33010911"", ""33010911"")",0.501082791937365,"1","858"
"=HYPERLINK(""https://stackoverflow.com/q/33030647"", ""33030647"")",0.2951085195983158,"0","1891"
"=HYPERLINK(""https://stackoverflow.com/q/33149839"", ""33149839"")",0.568168168168168,"2","6964"
"=HYPERLINK(""https://stackoverflow.com/q/33246154"", ""33246154"")",0.3942338840298026,"1","6731"
"=HYPERLINK(""https://stackoverflow.com/q/33305089"", ""33305089"")",0.4788957335158564,"0","216"
"=HYPERLINK(""https://stackoverflow.com/q/33328333"", ""33328333"")",0.271301976823449,"0","1290"
"=HYPERLINK(""https://stackoverflow.com/q/33418012"", ""33418012"")",0.4155923879680787,"0","1200"
"=HYPERLINK(""https://stackoverflow.com/q/33554724"", ""33554724"")",0.4036738351254481,"1","768"
"=HYPERLINK(""https://stackoverflow.com/q/33749805"", ""33749805"")",0.4518061975689095,"0","859"
"=HYPERLINK(""https://stackoverflow.com/q/33930685"", ""33930685"")",0.853094705443699,"0","594"
"=HYPERLINK(""https://stackoverflow.com/q/34083300"", ""34083300"")",0.2742584213172448,"2","561"
"=HYPERLINK(""https://stackoverflow.com/q/34155522"", ""34155522"")",0.4734785036292572,"2","615"
"=HYPERLINK(""https://stackoverflow.com/q/34341952"", ""34341952"")",0.4318030605455754,"4","19676"
"=HYPERLINK(""https://stackoverflow.com/q/34425807"", ""34425807"")",0.3772855133614627,"0","383"
"=HYPERLINK(""https://stackoverflow.com/q/34443624"", ""34443624"")",0.3579365079365079,"2","2253"
"=HYPERLINK(""https://stackoverflow.com/q/34547967"", ""34547967"")",0.8123861566484523,"1","242"
"=HYPERLINK(""https://stackoverflow.com/q/34589707"", ""34589707"")",0.7069867651585103,"0","59"
"=HYPERLINK(""https://stackoverflow.com/q/34626840"", ""34626840"")",0.5327582665845145,"1","402"
"=HYPERLINK(""https://stackoverflow.com/q/35003714"", ""35003714"")",0.8472222222222224,"1","3284"
"=HYPERLINK(""https://stackoverflow.com/q/35658651"", ""35658651"")",0.4739000745712156,"0","470"
"=HYPERLINK(""https://stackoverflow.com/q/35675213"", ""35675213"")",0.8690307328605202,"0","650"
"=HYPERLINK(""https://stackoverflow.com/q/35788416"", ""35788416"")",0.3730021182360872,"0","940"
"=HYPERLINK(""https://stackoverflow.com/q/35870448"", ""35870448"")",0.9041499330655952,"1","56"
"=HYPERLINK(""https://stackoverflow.com/q/35900760"", ""35900760"")",0.5310457516339868,"0","1283"
"=HYPERLINK(""https://stackoverflow.com/q/35947671"", ""35947671"")",0.5068072024593763,"0","3072"
"=HYPERLINK(""https://stackoverflow.com/q/36085392"", ""36085392"")",0.2092352092352091,"1","97"
"=HYPERLINK(""https://stackoverflow.com/q/36141792"", ""36141792"")",0.7170887519963491,"0","1022"
"=HYPERLINK(""https://stackoverflow.com/q/36183266"", ""36183266"")",0.5081840939726557,"0","270"
"=HYPERLINK(""https://stackoverflow.com/q/36215382"", ""36215382"")",0.2557792692020882,"0","83"
"=HYPERLINK(""https://stackoverflow.com/q/36281137"", ""36281137"")",0.295751633986928,"0","2371"
"=HYPERLINK(""https://stackoverflow.com/q/36319383"", ""36319383"")",0.2798591098302913,"1","719"
"=HYPERLINK(""https://stackoverflow.com/q/36747317"", ""36747317"")",0.3991008349389852,"0","189"
"=HYPERLINK(""https://stackoverflow.com/q/36857164"", ""36857164"")",0.3357815442561204,"1","309"
"=HYPERLINK(""https://stackoverflow.com/q/36891185"", ""36891185"")",0.3483760683760685,"0","1153"
"=HYPERLINK(""https://stackoverflow.com/q/37071096"", ""37071096"")",0.843498817966903,"0","729"
"=HYPERLINK(""https://stackoverflow.com/q/37308994"", ""37308994"")",0.600129198966408,"1","1822"
"=HYPERLINK(""https://stackoverflow.com/q/37416292"", ""37416292"")",0.9101416853094708,"0","863"
"=HYPERLINK(""https://stackoverflow.com/q/37462063"", ""37462063"")",0.6432748538011699,"0","1073"
"=HYPERLINK(""https://stackoverflow.com/q/37654992"", ""37654992"")",0.6525500910746818,"0","76"
"=HYPERLINK(""https://stackoverflow.com/q/37840656"", ""37840656"")",0.4700558444059313,"0","54"
"=HYPERLINK(""https://stackoverflow.com/q/37951207"", ""37951207"")",0.5640236079035154,"0","2911"
"=HYPERLINK(""https://stackoverflow.com/q/38227747"", ""38227747"")",0.5537139349294046,"1","375"
"=HYPERLINK(""https://stackoverflow.com/q/38253179"", ""38253179"")",0.5126878541512686,"1","964"
"=HYPERLINK(""https://stackoverflow.com/q/38646802"", ""38646802"")",0.3874320124320122,"0","2698"
"=HYPERLINK(""https://stackoverflow.com/q/39042294"", ""39042294"")",0.4029451137884872,"0","974"
"=HYPERLINK(""https://stackoverflow.com/q/39206966"", ""39206966"")",0.7359000337723743,"1","1405"
"=HYPERLINK(""https://stackoverflow.com/q/39239516"", ""39239516"")",0.5427774105897042,"1","2803"
"=HYPERLINK(""https://stackoverflow.com/q/39246358"", ""39246358"")",0.4214008669860823,"0","693"
"=HYPERLINK(""https://stackoverflow.com/q/39253735"", ""39253735"")",0.5932243544183847,"1","2817"
"=HYPERLINK(""https://stackoverflow.com/q/39265254"", ""39265254"")",0.406432748538012,"1","2118"
"=HYPERLINK(""https://stackoverflow.com/q/39274196"", ""39274196"")",0.607983811626196,"0","830"
"=HYPERLINK(""https://stackoverflow.com/q/39276518"", ""39276518"")",0.5959064327485384,"1","1099"
"=HYPERLINK(""https://stackoverflow.com/q/39528445"", ""39528445"")",0.6488433826317784,"1","704"
"=HYPERLINK(""https://stackoverflow.com/q/39627633"", ""39627633"")",0.6068376068376068,"0","788"
"=HYPERLINK(""https://stackoverflow.com/q/39657948"", ""39657948"")",0.2618654333223214,"0","281"
"=HYPERLINK(""https://stackoverflow.com/q/39770235"", ""39770235"")",0.5361319966583121,"2","727"
"=HYPERLINK(""https://stackoverflow.com/q/39837786"", ""39837786"")",0.4619129438717066,"0","42"
"=HYPERLINK(""https://stackoverflow.com/q/39877118"", ""39877118"")",0.7341982701264135,"0","551"
"=HYPERLINK(""https://stackoverflow.com/q/39932427"", ""39932427"")",0.5820838139177236,"0","2716"
"=HYPERLINK(""https://stackoverflow.com/q/39965697"", ""39965697"")",0.2696037683568854,"5","9751"
"=HYPERLINK(""https://stackoverflow.com/q/40067750"", ""40067750"")",0.5581000848176425,"1","1510"
"=HYPERLINK(""https://stackoverflow.com/q/40099019"", ""40099019"")",0.3993439934399344,"0","2153"
"=HYPERLINK(""https://stackoverflow.com/q/40165500"", ""40165500"")",0.2852739246181869,"1","3525"
"=HYPERLINK(""https://stackoverflow.com/q/40226437"", ""40226437"")",0.4001142530705512,"0","242"
"=HYPERLINK(""https://stackoverflow.com/q/40247925"", ""40247925"")",0.2933684672815106,"0","2116"
"=HYPERLINK(""https://stackoverflow.com/q/40286638"", ""40286638"")",0.4067240672406725,"0","44"
"=HYPERLINK(""https://stackoverflow.com/q/40339267"", ""40339267"")",0.4658931082981714,"0","4797"
"=HYPERLINK(""https://stackoverflow.com/q/40373675"", ""40373675"")",0.3510626582975443,"0","684"
"=HYPERLINK(""https://stackoverflow.com/q/40461087"", ""40461087"")",0.3621639131843217,"0","591"
"=HYPERLINK(""https://stackoverflow.com/q/40621106"", ""40621106"")",0.8414993306559567,"2","496"
"=HYPERLINK(""https://stackoverflow.com/q/40631582"", ""40631582"")",0.9065595716198122,"1","599"
"=HYPERLINK(""https://stackoverflow.com/q/40635055"", ""40635055"")",0.5421214665547154,"0","101"
"=HYPERLINK(""https://stackoverflow.com/q/40637942"", ""40637942"")",0.3744713571703191,"0","1036"
"=HYPERLINK(""https://stackoverflow.com/q/40651884"", ""40651884"")",0.4678969627066511,"0","1214"
"=HYPERLINK(""https://stackoverflow.com/q/40690574"", ""40690574"")",0.5577926920208801,"0","2151"
"=HYPERLINK(""https://stackoverflow.com/q/40832732"", ""40832732"")",0.615351993214589,"0","868"
"=HYPERLINK(""https://stackoverflow.com/q/40842538"", ""40842538"")",0.3924349881796691,"4","3080"
"=HYPERLINK(""https://stackoverflow.com/q/41006117"", ""41006117"")",0.531382527565734,"0","632"
"=HYPERLINK(""https://stackoverflow.com/q/41032609"", ""41032609"")",0.713172448466566,"0","184"
"=HYPERLINK(""https://stackoverflow.com/q/41193528"", ""41193528"")",0.4339569160997732,"2","1278"
"=HYPERLINK(""https://stackoverflow.com/q/41348833"", ""41348833"")",0.6069709223955327,"0","734"
"=HYPERLINK(""https://stackoverflow.com/q/41351244"", ""41351244"")",0.2997091332169865,"0","310"
"=HYPERLINK(""https://stackoverflow.com/q/41426259"", ""41426259"")",0.6274700356333015,"0","731"
"=HYPERLINK(""https://stackoverflow.com/q/41540613"", ""41540613"")",0.5359345968041621,"0","312"
"=HYPERLINK(""https://stackoverflow.com/q/41559449"", ""41559449"")",0.3607612650433806,"1","833"
"=HYPERLINK(""https://stackoverflow.com/q/41644343"", ""41644343"")",0.361462728551336,"1","655"
"=HYPERLINK(""https://stackoverflow.com/q/41905482"", ""41905482"")",0.3961352657004827,"1","530"
"=HYPERLINK(""https://stackoverflow.com/q/41984603"", ""41984603"")",0.4438846907360758,"1","267"
"=HYPERLINK(""https://stackoverflow.com/q/42020377"", ""42020377"")",0.4664082687338498,"0","2354"
"=HYPERLINK(""https://stackoverflow.com/q/42258328"", ""42258328"")",0.5371158392434988,"0","107"
"=HYPERLINK(""https://stackoverflow.com/q/42295539"", ""42295539"")",0.4363280156731035,"0","215"
"=HYPERLINK(""https://stackoverflow.com/q/42593616"", ""42593616"")",0.5910005027652085,"0","50"
"=HYPERLINK(""https://stackoverflow.com/q/42672268"", ""42672268"")",0.2876560771297614,"1","1438"
"=HYPERLINK(""https://stackoverflow.com/q/42805311"", ""42805311"")",0.6352657004830912,"0","45"
"=HYPERLINK(""https://stackoverflow.com/q/42838348"", ""42838348"")",0.5141685309470545,"0","6161"
"=HYPERLINK(""https://stackoverflow.com/q/42895113"", ""42895113"")",0.3140766416329675,"0","40"
"=HYPERLINK(""https://stackoverflow.com/q/42907322"", ""42907322"")",0.5313825275657339,"1","1105"
"=HYPERLINK(""https://stackoverflow.com/q/42945806"", ""42945806"")",0.2927511894766302,"0","213"
"=HYPERLINK(""https://stackoverflow.com/q/42975473"", ""42975473"")",0.4346116027531959,"0","1235"
"=HYPERLINK(""https://stackoverflow.com/q/43050605"", ""43050605"")",0.3961352657004828,"0","84"
"=HYPERLINK(""https://stackoverflow.com/q/43094400"", ""43094400"")",0.7461516932549672,"0","1202"
"=HYPERLINK(""https://stackoverflow.com/q/43130416"", ""43130416"")",0.3847916115957353,"2","102"
"=HYPERLINK(""https://stackoverflow.com/q/43209594"", ""43209594"")",0.8094798399507542,"1","528"
"=HYPERLINK(""https://stackoverflow.com/q/43256226"", ""43256226"")",0.5532081377151802,"0","520"
"=HYPERLINK(""https://stackoverflow.com/q/43355133"", ""43355133"")",0.509816207184628,"0","2380"
"=HYPERLINK(""https://stackoverflow.com/q/43428623"", ""43428623"")",0.5539529914529916,"0","27"
"=HYPERLINK(""https://stackoverflow.com/q/43486251"", ""43486251"")",0.4513288504642972,"0","311"
"=HYPERLINK(""https://stackoverflow.com/q/43491263"", ""43491263"")",0.5923879680785761,"1","1386"
"=HYPERLINK(""https://stackoverflow.com/q/43533037"", ""43533037"")",0.4776101532567048,"1","221"
"=HYPERLINK(""https://stackoverflow.com/q/43553722"", ""43553722"")",0.4314272431427241,"0","1188"
"=HYPERLINK(""https://stackoverflow.com/q/43603375"", ""43603375"")",0.764657646576466,"0","432"
"=HYPERLINK(""https://stackoverflow.com/q/43622216"", ""43622216"")",0.4272083718067097,"0","1306"
"=HYPERLINK(""https://stackoverflow.com/q/43711904"", ""43711904"")",0.2897897897897897,"0","107"
"=HYPERLINK(""https://stackoverflow.com/q/43765141"", ""43765141"")",0.4011994949494948,"2","1000"
"=HYPERLINK(""https://stackoverflow.com/q/43912865"", ""43912865"")",0.3097798259088579,"0","4515"
"=HYPERLINK(""https://stackoverflow.com/q/43991353"", ""43991353"")",0.4077232883203033,"2","698"
"=HYPERLINK(""https://stackoverflow.com/q/44176813"", ""44176813"")",0.4679849340866286,"0","277"
"=HYPERLINK(""https://stackoverflow.com/q/44230682"", ""44230682"")",0.7343329488658207,"0","61"
"=HYPERLINK(""https://stackoverflow.com/q/44265310"", ""44265310"")",0.5972222222222221,"0","99"
"=HYPERLINK(""https://stackoverflow.com/q/44405858"", ""44405858"")",0.3769183548189073,"1","812"
"=HYPERLINK(""https://stackoverflow.com/q/44810402"", ""44810402"")",0.5691609977324269,"0","80"
"=HYPERLINK(""https://stackoverflow.com/q/44852365"", ""44852365"")",0.7890424987199173,"0","270"
"=HYPERLINK(""https://stackoverflow.com/q/44895596"", ""44895596"")",0.4315245478036176,"1","761"
"=HYPERLINK(""https://stackoverflow.com/q/45088916"", ""45088916"")",0.3294310946806328,"0","52"
"=HYPERLINK(""https://stackoverflow.com/q/45097183"", ""45097183"")",0.3251633986928104,"4","657"
"=HYPERLINK(""https://stackoverflow.com/q/45155110"", ""45155110"")",0.7599106644332771,"1","217"
"=HYPERLINK(""https://stackoverflow.com/q/45243535"", ""45243535"")",0.4764357053682899,"0","1682"
"=HYPERLINK(""https://stackoverflow.com/q/45586707"", ""45586707"")",0.2942066580198875,"0","4105"
"=HYPERLINK(""https://stackoverflow.com/q/45590066"", ""45590066"")",0.2011548064918853,"0","231"
"=HYPERLINK(""https://stackoverflow.com/q/45680300"", ""45680300"")",0.416252072968491,"0","221"
"=HYPERLINK(""https://stackoverflow.com/q/45923967"", ""45923967"")",0.497031382527566,"0","803"
"=HYPERLINK(""https://stackoverflow.com/q/46078810"", ""46078810"")",0.4198028673835127,"0","3048"
"=HYPERLINK(""https://stackoverflow.com/q/46080479"", ""46080479"")",0.7953354297693922,"0","416"
"=HYPERLINK(""https://stackoverflow.com/q/46323656"", ""46323656"")",0.4949494949494946,"1","921"
"=HYPERLINK(""https://stackoverflow.com/q/46446757"", ""46446757"")",0.4438846907360757,"1","915"
"=HYPERLINK(""https://stackoverflow.com/q/46461759"", ""46461759"")",0.8710771840542838,"0","407"
"=HYPERLINK(""https://stackoverflow.com/q/46597460"", ""46597460"")",0.4990951863916033,"0","1238"
"=HYPERLINK(""https://stackoverflow.com/q/46636237"", ""46636237"")",0.3121876201460975,"0","10778"
"=HYPERLINK(""https://stackoverflow.com/q/46735387"", ""46735387"")",0.3036175710594313,"0","32"
"=HYPERLINK(""https://stackoverflow.com/q/46814519"", ""46814519"")",0.320683760683761,"6","886"
"=HYPERLINK(""https://stackoverflow.com/q/46909288"", ""46909288"")",0.402153018069973,"0","895"
"=HYPERLINK(""https://stackoverflow.com/q/46933121"", ""46933121"")",0.2795235161224073,"0","747"
"=HYPERLINK(""https://stackoverflow.com/q/47100706"", ""47100706"")",0.8479890933878658,"0","86"
"=HYPERLINK(""https://stackoverflow.com/q/47307583"", ""47307583"")",0.3780011166945837,"0","24"
"=HYPERLINK(""https://stackoverflow.com/q/47342028"", ""47342028"")",0.4700098328416914,"1","1143"
"=HYPERLINK(""https://stackoverflow.com/q/47451130"", ""47451130"")",0.5175242356450411,"3","72"
"=HYPERLINK(""https://stackoverflow.com/q/47569245"", ""47569245"")",0.6976580383870402,"1","257"
"=HYPERLINK(""https://stackoverflow.com/q/47622535"", ""47622535"")",0.5034722222222219,"0","49"
"=HYPERLINK(""https://stackoverflow.com/q/47715838"", ""47715838"")",0.4687596183441059,"1","124"
"=HYPERLINK(""https://stackoverflow.com/q/47772835"", ""47772835"")",0.4788957335158564,"0","410"
"=HYPERLINK(""https://stackoverflow.com/q/47871930"", ""47871930"")",0.5171530977982588,"0","3872"
"=HYPERLINK(""https://stackoverflow.com/q/47898670"", ""47898670"")",0.7289336316181957,"0","1164"
"=HYPERLINK(""https://stackoverflow.com/q/47899450"", ""47899450"")",0.6238615664845176,"0","427"
"=HYPERLINK(""https://stackoverflow.com/q/47969656"", ""47969656"")",0.6443675509419451,"1","180"
"=HYPERLINK(""https://stackoverflow.com/q/47992343"", ""47992343"")",0.4230418943533702,"2","919"
"=HYPERLINK(""https://stackoverflow.com/q/48081186"", ""48081186"")",0.218189964157706,"0","62"
"=HYPERLINK(""https://stackoverflow.com/q/48449687"", ""48449687"")",0.5168168168168165,"0","639"
"=HYPERLINK(""https://stackoverflow.com/q/48548111"", ""48548111"")",0.3828870421668205,"0","245"
"=HYPERLINK(""https://stackoverflow.com/q/48601226"", ""48601226"")",0.359806114839672,"1","2993"
"=HYPERLINK(""https://stackoverflow.com/q/48656957"", ""48656957"")",0.3330767256864254,"0","583"
"=HYPERLINK(""https://stackoverflow.com/q/48672445"", ""48672445"")",0.4933592484612896,"1","2616"
"=HYPERLINK(""https://stackoverflow.com/q/48930327"", ""48930327"")",0.5687568756875684,"1","1252"
"=HYPERLINK(""https://stackoverflow.com/q/49059460"", ""49059460"")",0.6546546546546542,"1","910"
"=HYPERLINK(""https://stackoverflow.com/q/49153180"", ""49153180"")",0.4805248052480526,"1","589"
"=HYPERLINK(""https://stackoverflow.com/q/49365423"", ""49365423"")",0.3933452168746287,"0","759"
"=HYPERLINK(""https://stackoverflow.com/q/49488728"", ""49488728"")",0.4609765474817376,"4","822"
"=HYPERLINK(""https://stackoverflow.com/q/49550965"", ""49550965"")",0.3046398046398046,"1","1064"
"=HYPERLINK(""https://stackoverflow.com/q/49644461"", ""49644461"")",0.6204258150365933,"0","451"
"=HYPERLINK(""https://stackoverflow.com/q/49670623"", ""49670623"")",0.3675326581535298,"1","1297"
"=HYPERLINK(""https://stackoverflow.com/q/49772542"", ""49772542"")",0.6451471234079926,"0","152"
"=HYPERLINK(""https://stackoverflow.com/q/49775122"", ""49775122"")",0.4433760683760685,"0","41"
"=HYPERLINK(""https://stackoverflow.com/q/49789307"", ""49789307"")",0.7513829619092782,"1","55"
"=HYPERLINK(""https://stackoverflow.com/q/49999195"", ""49999195"")",0.5463328941589808,"0","501"
"=HYPERLINK(""https://stackoverflow.com/q/50023589"", ""50023589"")",0.5877983246404301,"0","49"
"=HYPERLINK(""https://stackoverflow.com/q/50069904"", ""50069904"")",0.3794387170675831,"0","49"
"=HYPERLINK(""https://stackoverflow.com/q/50310849"", ""50310849"")",0.8307328605200947,"1","76"
"=HYPERLINK(""https://stackoverflow.com/q/50349861"", ""50349861"")",0.4978978978978977,"2","913"
"=HYPERLINK(""https://stackoverflow.com/q/50386684"", ""50386684"")",0.3349234744583583,"0","244"
"=HYPERLINK(""https://stackoverflow.com/q/50401599"", ""50401599"")",0.4613903331407669,"0","860"
"=HYPERLINK(""https://stackoverflow.com/q/50506887"", ""50506887"")",0.5870430691277597,"0","94"
"=HYPERLINK(""https://stackoverflow.com/q/50544112"", ""50544112"")",0.5019055995309296,"0","34"
"=HYPERLINK(""https://stackoverflow.com/q/50689407"", ""50689407"")",0.2933519293351928,"0","264"
"=HYPERLINK(""https://stackoverflow.com/q/50707973"", ""50707973"")",0.4106025039123633,"1","163"
"=HYPERLINK(""https://stackoverflow.com/q/50949227"", ""50949227"")",0.3357357357357357,"0","302"
"=HYPERLINK(""https://stackoverflow.com/q/51067103"", ""51067103"")",0.3942338840298025,"0","500"
"=HYPERLINK(""https://stackoverflow.com/q/51299225"", ""51299225"")",0.6115351993214594,"0","393"
"=HYPERLINK(""https://stackoverflow.com/q/51301635"", ""51301635"")",0.7261592300962386,"0","84"
"=HYPERLINK(""https://stackoverflow.com/q/51399650"", ""51399650"")",0.4525429219306773,"1","190"
"=HYPERLINK(""https://stackoverflow.com/q/51436080"", ""51436080"")",0.4026345933562428,"0","701"
"=HYPERLINK(""https://stackoverflow.com/q/51637140"", ""51637140"")",0.3494949494949493,"1","1091"
"=HYPERLINK(""https://stackoverflow.com/q/51652025"", ""51652025"")",0.4148451730418946,"0","2053"
"=HYPERLINK(""https://stackoverflow.com/q/51653586"", ""51653586"")",0.3475234270414992,"2","1114"
"=HYPERLINK(""https://stackoverflow.com/q/51657499"", ""51657499"")",0.2911877394636015,"0","26"
"=HYPERLINK(""https://stackoverflow.com/q/51702775"", ""51702775"")",0.4412228391253683,"1","907"
"=HYPERLINK(""https://stackoverflow.com/q/51746033"", ""51746033"")",0.425762045231072,"0","566"
"=HYPERLINK(""https://stackoverflow.com/q/51899308"", ""51899308"")",0.6519251925192517,"3","966"
"=HYPERLINK(""https://stackoverflow.com/q/51926907"", ""51926907"")",0.3953929539295391,"0","2627"
"=HYPERLINK(""https://stackoverflow.com/q/52057491"", ""52057491"")",0.6382527565733677,"0","219"
"=HYPERLINK(""https://stackoverflow.com/q/52321460"", ""52321460"")",0.5448028673835128,"1","1168"
"=HYPERLINK(""https://stackoverflow.com/q/52387353"", ""52387353"")",0.6944772399317849,"1","2655"
"=HYPERLINK(""https://stackoverflow.com/q/52475476"", ""52475476"")",0.3290770609318996,"1","90"
"=HYPERLINK(""https://stackoverflow.com/q/52552253"", ""52552253"")",0.4851980007689347,"0","757"
"=HYPERLINK(""https://stackoverflow.com/q/52591874"", ""52591874"")",0.8662900188323912,"0","74"
"=HYPERLINK(""https://stackoverflow.com/q/52719174"", ""52719174"")",0.7576204523107181,"0","411"
"=HYPERLINK(""https://stackoverflow.com/q/52755639"", ""52755639"")",0.6873385012919898,"0","312"
"=HYPERLINK(""https://stackoverflow.com/q/52764554"", ""52764554"")",0.4440593106104373,"1","980"
"=HYPERLINK(""https://stackoverflow.com/q/52772128"", ""52772128"")",0.5186077643908966,"2","1927"
"=HYPERLINK(""https://stackoverflow.com/q/52876886"", ""52876886"")",0.5733672603901614,"0","832"
"=HYPERLINK(""https://stackoverflow.com/q/52904376"", ""52904376"")",0.4057665260196904,"1","1154"
"=HYPERLINK(""https://stackoverflow.com/q/52974192"", ""52974192"")",0.5764657646576467,"0","18"
"=HYPERLINK(""https://stackoverflow.com/q/53084672"", ""53084672"")",0.6238615664845176,"0","46"
"=HYPERLINK(""https://stackoverflow.com/q/53192185"", ""53192185"")",0.3629529394076078,"1","80"
"=HYPERLINK(""https://stackoverflow.com/q/53392193"", ""53392193"")",0.4116420174440651,"0","230"
"=HYPERLINK(""https://stackoverflow.com/q/53433986"", ""53433986"")",0.4546316038853353,"0","2507"
"=HYPERLINK(""https://stackoverflow.com/q/53450955"", ""53450955"")",0.6408268733850127,"1","58"
"=HYPERLINK(""https://stackoverflow.com/q/53492458"", ""53492458"")",0.5441838426913057,"1","341"
"=HYPERLINK(""https://stackoverflow.com/q/53533510"", ""53533510"")",0.5186823992133729,"0","35"
"=HYPERLINK(""https://stackoverflow.com/q/53538222"", ""53538222"")",0.5046490004648998,"0","161"
"=HYPERLINK(""https://stackoverflow.com/q/53554648"", ""53554648"")",0.376276276276276,"0","1621"
"=HYPERLINK(""https://stackoverflow.com/q/53596045"", ""53596045"")",0.2849959448499596,"0","227"
"=HYPERLINK(""https://stackoverflow.com/q/53604193"", ""53604193"")",0.2000492732200047,"0","161"
"=HYPERLINK(""https://stackoverflow.com/q/53606198"", ""53606198"")",0.7019270192701927,"0","137"
"=HYPERLINK(""https://stackoverflow.com/q/53721273"", ""53721273"")",0.3557234816680658,"0","703"
"=HYPERLINK(""https://stackoverflow.com/q/53941021"", ""53941021"")",0.5219933892702768,"1","501"
"=HYPERLINK(""https://stackoverflow.com/q/53958938"", ""53958938"")",0.4291187739463598,"1","60"
"=HYPERLINK(""https://stackoverflow.com/q/54066592"", ""54066592"")",0.5722222222222223,"1","627"
"=HYPERLINK(""https://stackoverflow.com/q/54076171"", ""54076171"")",0.6870870870870867,"0","756"
"=HYPERLINK(""https://stackoverflow.com/q/54428209"", ""54428209"")",0.553256704980843,"0","36"
"=HYPERLINK(""https://stackoverflow.com/q/54586201"", ""54586201"")",0.77991452991453,"0","383"
"=HYPERLINK(""https://stackoverflow.com/q/54600336"", ""54600336"")",0.4497556830252817,"0","177"
"=HYPERLINK(""https://stackoverflow.com/q/54639927"", ""54639927"")",0.300934207910952,"0","1715"
"=HYPERLINK(""https://stackoverflow.com/q/54658224"", ""54658224"")",0.4187202766969303,"0","59"
"=HYPERLINK(""https://stackoverflow.com/q/54869751"", ""54869751"")",0.515839243498818,"0","51"
"=HYPERLINK(""https://stackoverflow.com/q/54937175"", ""54937175"")",0.3842691305377874,"1","799"
"=HYPERLINK(""https://stackoverflow.com/q/55089256"", ""55089256"")",0.4523107177974436,"0","135"
"=HYPERLINK(""https://stackoverflow.com/q/55128859"", ""55128859"")",0.4204040404040403,"0","302"
"=HYPERLINK(""https://stackoverflow.com/q/55166420"", ""55166420"")",0.6714529914529919,"0","69"
"=HYPERLINK(""https://stackoverflow.com/q/55168898"", ""55168898"")",0.4161280393967373,"1","3224"
"=HYPERLINK(""https://stackoverflow.com/q/55297157"", ""55297157"")",0.4583845838458385,"0","124"
"=HYPERLINK(""https://stackoverflow.com/q/55468927"", ""55468927"")",0.2292976939203355,"0","184"
"=HYPERLINK(""https://stackoverflow.com/q/55501274"", ""55501274"")",0.3487386866936263,"0","27"
"=HYPERLINK(""https://stackoverflow.com/q/55515894"", ""55515894"")",0.5536589220799751,"0","89"
"=HYPERLINK(""https://stackoverflow.com/q/55595248"", ""55595248"")",0.3976068376068379,"0","40"
"=HYPERLINK(""https://stackoverflow.com/q/55612120"", ""55612120"")",0.4094562647754139,"0","225"
"=HYPERLINK(""https://stackoverflow.com/q/55613355"", ""55613355"")",0.398451730418944,"0","21"
"=HYPERLINK(""https://stackoverflow.com/q/55644204"", ""55644204"")",0.3574681238615667,"2","158"
"=HYPERLINK(""https://stackoverflow.com/q/55766407"", ""55766407"")",0.5463601532567051,"2","93"
"=HYPERLINK(""https://stackoverflow.com/q/55846657"", ""55846657"")",0.4067240672406725,"0","57"
"=HYPERLINK(""https://stackoverflow.com/q/55907937"", ""55907937"")",0.4487415592387969,"0","72"
"=HYPERLINK(""https://stackoverflow.com/q/55925034"", ""55925034"")",0.6774109014675053,"0","55"
"=HYPERLINK(""https://stackoverflow.com/q/55930930"", ""55930930"")",0.4481636448163643,"1","74"
"=HYPERLINK(""https://stackoverflow.com/q/55962986"", ""55962986"")",0.3550269794075543,"0","249"
"=HYPERLINK(""https://stackoverflow.com/q/56013535"", ""56013535"")",0.492840778923253,"0","93"
"=HYPERLINK(""https://stackoverflow.com/q/56021983"", ""56021983"")",0.6198515325670497,"1","135"
"=HYPERLINK(""https://stackoverflow.com/q/56188875"", ""56188875"")",0.3455406078724464,"0","788"
"=HYPERLINK(""https://stackoverflow.com/q/56204386"", ""56204386"")",0.532348804500703,"0","93"
"=HYPERLINK(""https://stackoverflow.com/q/56212937"", ""56212937"")",0.3430143014301429,"0","43"
"=HYPERLINK(""https://stackoverflow.com/q/56213535"", ""56213535"")",0.4480949121606203,"0","52"
"=HYPERLINK(""https://stackoverflow.com/q/56218580"", ""56218580"")",0.3535997732426301,"0","988"
"=HYPERLINK(""https://stackoverflow.com/q/56265533"", ""56265533"")",0.7120181405895699,"0","188"
"=HYPERLINK(""https://stackoverflow.com/q/56272579"", ""56272579"")",0.2579011122123114,"0","1498"
"=HYPERLINK(""https://stackoverflow.com/q/56299528"", ""56299528"")",0.5665335994677311,"0","180"
"=HYPERLINK(""https://stackoverflow.com/q/56332705"", ""56332705"")",0.4099435917617732,"1","223"
"=HYPERLINK(""https://stackoverflow.com/q/56374855"", ""56374855"")",0.3851338340073176,"0","895"
"=HYPERLINK(""https://stackoverflow.com/q/56494175"", ""56494175"")",0.4763842643975831,"0","51"
"=HYPERLINK(""https://stackoverflow.com/q/56539172"", ""56539172"")",0.4780361757105944,"0","227"
"=HYPERLINK(""https://stackoverflow.com/q/56557120"", ""56557120"")",0.5773859501819194,"1","82"
"=HYPERLINK(""https://stackoverflow.com/q/56564116"", ""56564116"")",0.4475274386484155,"0","89"
"=HYPERLINK(""https://stackoverflow.com/q/56716669"", ""56716669"")",0.5594315245478032,"0","359"
"=HYPERLINK(""https://stackoverflow.com/q/56796657"", ""56796657"")",0.3906432748538014,"0","14726"
"=HYPERLINK(""https://stackoverflow.com/q/56860662"", ""56860662"")",0.3249954685517492,"0","47"
"=HYPERLINK(""https://stackoverflow.com/q/56905491"", ""56905491"")",0.3709102688694529,"1","648"
"=HYPERLINK(""https://stackoverflow.com/q/56960330"", ""56960330"")",0.8061148396718869,"0","147"
"=HYPERLINK(""https://stackoverflow.com/q/57066486"", ""57066486"")",0.567176350662589,"0","207"
"=HYPERLINK(""https://stackoverflow.com/q/57146989"", ""57146989"")",0.3971493359248464,"1","325"
"=HYPERLINK(""https://stackoverflow.com/q/57205404"", ""57205404"")",0.4589980408620203,"0","45"
"=HYPERLINK(""https://stackoverflow.com/q/57223164"", ""57223164"")",0.3584089926502377,"0","129"
"=HYPERLINK(""https://stackoverflow.com/q/57296924"", ""57296924"")",0.5360683760683764,"0","36"
"=HYPERLINK(""https://stackoverflow.com/q/57303036"", ""57303036"")",0.4281045751633986,"0","263"
"=HYPERLINK(""https://stackoverflow.com/q/57307024"", ""57307024"")",0.3556808688387634,"0","49"
"=HYPERLINK(""https://stackoverflow.com/q/57365242"", ""57365242"")",0.5095525389643035,"0","37"
"=HYPERLINK(""https://stackoverflow.com/q/57386317"", ""57386317"")",0.4935790061418201,"0","312"
"=HYPERLINK(""https://stackoverflow.com/q/57410420"", ""57410420"")",0.2624232272473477,"0","54"
"=HYPERLINK(""https://stackoverflow.com/q/57417084"", ""57417084"")",0.6201814058956913,"2","479"
"=HYPERLINK(""https://stackoverflow.com/q/57485578"", ""57485578"")",0.5549592526336714,"1","386"
"=HYPERLINK(""https://stackoverflow.com/q/57703792"", ""57703792"")",0.3112395632626846,"0","235"
"=HYPERLINK(""https://stackoverflow.com/q/57790712"", ""57790712"")",0.6115351993214593,"1","51"
"=HYPERLINK(""https://stackoverflow.com/q/57811867"", ""57811867"")",0.2501633986928105,"0","297"
"=HYPERLINK(""https://stackoverflow.com/q/57831527"", ""57831527"")",0.5378848728246316,"0","48"
"=HYPERLINK(""https://stackoverflow.com/q/57851383"", ""57851383"")",0.4949494949494947,"1","73"
"=HYPERLINK(""https://stackoverflow.com/q/57860096"", ""57860096"")",0.3274853801169592,"0","182"
"=HYPERLINK(""https://stackoverflow.com/q/57910972"", ""57910972"")",0.5016339869281046,"0","50"
"=HYPERLINK(""https://stackoverflow.com/q/58008860"", ""58008860"")",0.5593262946204122,"0","524"
"=HYPERLINK(""https://stackoverflow.com/q/58044530"", ""58044530"")",0.7482496194824959,"0","139"
"=HYPERLINK(""https://stackoverflow.com/q/58085000"", ""58085000"")",0.9336846728151073,"0","48"
"=HYPERLINK(""https://stackoverflow.com/q/58256309"", ""58256309"")",0.6556899641577064,"0","150"
"=HYPERLINK(""https://stackoverflow.com/q/58416280"", ""58416280"")",0.4672815107597714,"1","1224"
"=HYPERLINK(""https://stackoverflow.com/q/58698632"", ""58698632"")",0.5380927923300804,"0","62"
"=HYPERLINK(""https://stackoverflow.com/q/58712399"", ""58712399"")",0.4869281045751633,"0","405"
"=HYPERLINK(""https://stackoverflow.com/q/58771537"", ""58771537"")",0.7819491846795599,"0","598"
"=HYPERLINK(""https://stackoverflow.com/q/58797543"", ""58797543"")",0.4459845984598459,"0","43"
"=HYPERLINK(""https://stackoverflow.com/q/58818157"", ""58818157"")",0.3464683018362148,"0","347"
"=HYPERLINK(""https://stackoverflow.com/q/58879457"", ""58879457"")",0.2855706385118149,"0","143"
"=HYPERLINK(""https://stackoverflow.com/q/58882623"", ""58882623"")",0.4624686287930637,"0","66"
"=HYPERLINK(""https://stackoverflow.com/q/58907116"", ""58907116"")",0.3164845173041896,"0","55"
"=HYPERLINK(""https://stackoverflow.com/q/59053431"", ""59053431"")",0.2459940130304632,"0","279"
"=HYPERLINK(""https://stackoverflow.com/q/59108948"", ""59108948"")",0.4333648765870196,"3","323"
"=HYPERLINK(""https://stackoverflow.com/q/59221301"", ""59221301"")",0.3681366191093817,"0","61"
"=HYPERLINK(""https://stackoverflow.com/q/59255265"", ""59255265"")",0.3749315818281333,"0","29"
"=HYPERLINK(""https://stackoverflow.com/q/59292210"", ""59292210"")",0.4505686789151358,"0","203"
"=HYPERLINK(""https://stackoverflow.com/q/59315392"", ""59315392"")",0.3047693920335431,"0","361"
"=HYPERLINK(""https://stackoverflow.com/q/59374066"", ""59374066"")",0.8991452991452998,"0","30"
"=HYPERLINK(""https://stackoverflow.com/q/59407108"", ""59407108"")",0.4125336409073434,"0","62"
"=HYPERLINK(""https://stackoverflow.com/q/59411207"", ""59411207"")",0.7436946148602587,"0","122"
"=HYPERLINK(""https://stackoverflow.com/q/59527840"", ""59527840"")",0.3817314246762097,"1","44"
"=HYPERLINK(""https://stackoverflow.com/q/59534065"", ""59534065"")",0.297321036451471,"2","481"
"=HYPERLINK(""https://stackoverflow.com/q/59591274"", ""59591274"")",0.4521202969674089,"3","284"
"=HYPERLINK(""https://stackoverflow.com/q/59625468"", ""59625468"")",0.6543830262423224,"0","112"
"=HYPERLINK(""https://stackoverflow.com/q/59640006"", ""59640006"")",0.3878663940013631,"0","127"
"=HYPERLINK(""https://stackoverflow.com/q/59648614"", ""59648614"")",0.2895299145299145,"0","46"
"=HYPERLINK(""https://stackoverflow.com/q/59847182"", ""59847182"")",0.5106181266590821,"1","1137"
"=HYPERLINK(""https://stackoverflow.com/q/59905354"", ""59905354"")",0.6191294387170674,"1","442"
"=HYPERLINK(""https://stackoverflow.com/q/60008482"", ""60008482"")",0.5757787075778705,"1","630"
"=HYPERLINK(""https://stackoverflow.com/q/60057278"", ""60057278"")",0.4818376068376069,"0","34"
"=HYPERLINK(""https://stackoverflow.com/q/60149462"", ""60149462"")",0.3171589310829816,"0","38"
"=HYPERLINK(""https://stackoverflow.com/q/60176105"", ""60176105"")",0.5171530977982587,"0","80"
"=HYPERLINK(""https://stackoverflow.com/q/60280048"", ""60280048"")",0.3626477541371158,"0","35"
"=HYPERLINK(""https://stackoverflow.com/q/60285545"", ""60285545"")",0.7542419266557192,"0","958"
"=HYPERLINK(""https://stackoverflow.com/q/60300879"", ""60300879"")",0.3621639131843214,"0","522"
"=HYPERLINK(""https://stackoverflow.com/q/60303007"", ""60303007"")",0.3446712018140592,"0","27"
"=HYPERLINK(""https://stackoverflow.com/q/60368117"", ""60368117"")",0.4261826182618261,"0","248"
"=HYPERLINK(""https://stackoverflow.com/q/60380206"", ""60380206"")",0.7835667600373483,"1","329"
"=HYPERLINK(""https://stackoverflow.com/q/60453222"", ""60453222"")",0.2970144659895354,"0","40"
"=HYPERLINK(""https://stackoverflow.com/q/60457195"", ""60457195"")",0.6045751633986928,"2","930"
"=HYPERLINK(""https://stackoverflow.com/q/60569362"", ""60569362"")",0.473022649116566,"1","54"
"=HYPERLINK(""https://stackoverflow.com/q/60632813"", ""60632813"")",0.4891905480140774,"1","25"
"=HYPERLINK(""https://stackoverflow.com/q/60705517"", ""60705517"")",0.3472222222222223,"1","25"
"=HYPERLINK(""https://stackoverflow.com/q/60753932"", ""60753932"")",0.325670498084291,"0","586"
"=HYPERLINK(""https://stackoverflow.com/q/60769225"", ""60769225"")",0.4284479031560743,"0","1500"
"=HYPERLINK(""https://stackoverflow.com/q/60826649"", ""60826649"")",0.4252297410192144,"0","169"
"=HYPERLINK(""https://stackoverflow.com/q/60875821"", ""60875821"")",0.4119455423803246,"0","2618"
"=HYPERLINK(""https://stackoverflow.com/q/60956843"", ""60956843"")",0.5759507117059702,"0","163"
"=HYPERLINK(""https://stackoverflow.com/q/60960212"", ""60960212"")",0.3083760683760685,"0","1313"
"=HYPERLINK(""https://stackoverflow.com/q/61113723"", ""61113723"")",0.3305345647914915,"2","172"
"=HYPERLINK(""https://stackoverflow.com/q/61132868"", ""61132868"")",0.7516339869281046,"0","42"
"=HYPERLINK(""https://stackoverflow.com/q/61164287"", ""61164287"")",0.4103410341034101,"0","248"
"=HYPERLINK(""https://stackoverflow.com/q/61249499"", ""61249499"")",0.4168787107718407,"2","55"
"=HYPERLINK(""https://stackoverflow.com/q/61256231"", ""61256231"")",0.34101482202748,"0","175"
"=HYPERLINK(""https://stackoverflow.com/q/61274707"", ""61274707"")",0.3845598845598841,"0","173"
"=HYPERLINK(""https://stackoverflow.com/q/61299032"", ""61299032"")",0.369343757403459,"1","1039"
"=HYPERLINK(""https://stackoverflow.com/q/61322511"", ""61322511"")",0.568478906714201,"0","73"
"=HYPERLINK(""https://stackoverflow.com/q/61331294"", ""61331294"")",0.4175574991901524,"0","234"
"=HYPERLINK(""https://stackoverflow.com/q/61348696"", ""61348696"")",0.7177974434611605,"0","67"
"=HYPERLINK(""https://stackoverflow.com/q/61358091"", ""61358091"")",0.503867791842475,"0","66"
"=HYPERLINK(""https://stackoverflow.com/q/61400572"", ""61400572"")",0.5653184565318453,"0","27"
"=HYPERLINK(""https://stackoverflow.com/q/61441890"", ""61441890"")",0.5371393492940455,"0","521"
"=HYPERLINK(""https://stackoverflow.com/q/61451844"", ""61451844"")",0.6264775413711585,"0","82"
"=HYPERLINK(""https://stackoverflow.com/q/61469252"", ""61469252"")",0.8164845173041897,"0","116"
"=HYPERLINK(""https://stackoverflow.com/q/61482979"", ""61482979"")",0.6349739000745713,"0","17"
"=HYPERLINK(""https://stackoverflow.com/q/61495648"", ""61495648"")",0.298981284055911,"0","33"
"=HYPERLINK(""https://stackoverflow.com/q/61614749"", ""61614749"")",0.3754137115839245,"0","84"
"=HYPERLINK(""https://stackoverflow.com/q/61688209"", ""61688209"")",0.4843843843843841,"1","49"
"=HYPERLINK(""https://stackoverflow.com/q/61713833"", ""61713833"")",0.5611343561134354,"0","26"
"=HYPERLINK(""https://stackoverflow.com/q/61769067"", ""61769067"")",0.5857426303854872,"0","148"
"=HYPERLINK(""https://stackoverflow.com/q/61779572"", ""61779572"")",0.3943533697632059,"0","25"
"=HYPERLINK(""https://stackoverflow.com/q/61789591"", ""61789591"")",0.2222222222222223,"0","25"
"=HYPERLINK(""https://stackoverflow.com/q/61796022"", ""61796022"")",0.5143059346881005,"0","54"
"=HYPERLINK(""https://stackoverflow.com/q/61816046"", ""61816046"")",0.4287713406101313,"0","612"
"=HYPERLINK(""https://stackoverflow.com/q/61826771"", ""61826771"")",0.3813131313131313,"0","118"
"=HYPERLINK(""https://stackoverflow.com/q/61834557"", ""61834557"")",0.365079365079365,"0","280"
"=HYPERLINK(""https://stackoverflow.com/q/61865593"", ""61865593"")",0.6312664154390775,"0","91"
"=HYPERLINK(""https://stackoverflow.com/q/61888907"", ""61888907"")",0.5989964157706094,"0","83"
"=HYPERLINK(""https://stackoverflow.com/q/61894175"", ""61894175"")",0.8958749168330002,"0","204"
"=HYPERLINK(""https://stackoverflow.com/q/61910107"", ""61910107"")",0.6140030441400305,"0","37"
"=HYPERLINK(""https://stackoverflow.com/q/61910874"", ""61910874"")",0.4491129785247432,"0","32"
"=HYPERLINK(""https://stackoverflow.com/q/61920557"", ""61920557"")",0.4367676767676766,"0","46"
"=HYPERLINK(""https://stackoverflow.com/q/61951053"", ""61951053"")",0.5148358585858583,"0","113"
"=HYPERLINK(""https://stackoverflow.com/q/61959189"", ""61959189"")",0.4636015325670499,"0","28"
"=HYPERLINK(""https://stackoverflow.com/q/61961348"", ""61961348"")",0.9357900614182016,"0","499"
"=HYPERLINK(""https://stackoverflow.com/q/62010681"", ""62010681"")",0.5107597716293365,"0","29"
"=HYPERLINK(""https://stackoverflow.com/q/62011193"", ""62011193"")",0.7976660092044712,"0","81"
"=HYPERLINK(""https://stackoverflow.com/q/62046979"", ""62046979"")",0.6014168530947057,"0","189"
"=HYPERLINK(""https://stackoverflow.com/q/62073668"", ""62073668"")",0.5850540806293021,"0","162"
"=HYPERLINK(""https://stackoverflow.com/q/62082654"", ""62082654"")",0.2714529914529917,"0","63"
"=HYPERLINK(""https://stackoverflow.com/q/62242069"", ""62242069"")",0.3222222222222221,"0","178"
"=HYPERLINK(""https://stackoverflow.com/q/62249979"", ""62249979"")",0.3661336613366134,"2","82"
"=HYPERLINK(""https://stackoverflow.com/q/62298796"", ""62298796"")",0.4529914529914532,"2","373"
"=HYPERLINK(""https://stackoverflow.com/q/62332787"", ""62332787"")",0.310088331008833,"0","135"
"=HYPERLINK(""https://stackoverflow.com/q/62349369"", ""62349369"")",0.4205164652925849,"0","1166"
"=HYPERLINK(""https://stackoverflow.com/q/62382529"", ""62382529"")",0.5605455755156352,"0","30"
"=HYPERLINK(""https://stackoverflow.com/q/62389745"", ""62389745"")",0.4435660957400086,"0","504"
"=HYPERLINK(""https://stackoverflow.com/q/62392548"", ""62392548"")",0.3830262423227245,"0","151"
"=HYPERLINK(""https://stackoverflow.com/q/62423158"", ""62423158"")",0.4896640826873382,"0","66"
"=HYPERLINK(""https://stackoverflow.com/q/62475682"", ""62475682"")",0.3533881415047333,"0","66"
"=HYPERLINK(""https://stackoverflow.com/q/62501762"", ""62501762"")",0.683261183261183,"0","262"
"=HYPERLINK(""https://stackoverflow.com/q/62510926"", ""62510926"")",0.5962870601274588,"0","28"
"=HYPERLINK(""https://stackoverflow.com/q/62587874"", ""62587874"")",0.5128626163108918,"0","277"
"=HYPERLINK(""https://stackoverflow.com/q/62593102"", ""62593102"")",0.3699145299145301,"0","167"
"=HYPERLINK(""https://stackoverflow.com/q/62665697"", ""62665697"")",0.5364745586708204,"0","39"
"=HYPERLINK(""https://stackoverflow.com/q/62783687"", ""62783687"")",0.5748732703110015,"0","29"
"=HYPERLINK(""https://stackoverflow.com/q/62793041"", ""62793041"")",0.5187046342825234,"1","31"
"=HYPERLINK(""https://stackoverflow.com/q/62890217"", ""62890217"")",0.3613351254480287,"0","17"
"=HYPERLINK(""https://stackoverflow.com/q/62913897"", ""62913897"")",0.4546546546546544,"0","1416"
"=HYPERLINK(""https://stackoverflow.com/q/62921488"", ""62921488"")",0.5118947663028263,"0","95"
"=HYPERLINK(""https://stackoverflow.com/q/63018230"", ""63018230"")",0.380324989020641,"0","21"
"=HYPERLINK(""https://stackoverflow.com/q/63188464"", ""63188464"")",0.4208365409289196,"0","16"
"=HYPERLINK(""https://stackoverflow.com/q/63214973"", ""63214973"")",0.5006313131313129,"0","88"
"=HYPERLINK(""https://stackoverflow.com/q/63226417"", ""63226417"")",0.3360683760683762,"0","48"
"=HYPERLINK(""https://stackoverflow.com/q/63266066"", ""63266066"")",0.5335429769392034,"0","87"
"=HYPERLINK(""https://stackoverflow.com/q/63298329"", ""63298329"")",0.4707252162341983,"1","59"
"=HYPERLINK(""https://stackoverflow.com/q/63355846"", ""63355846"")",0.360726377346876,"0","85"
"=HYPERLINK(""https://stackoverflow.com/q/63456486"", ""63456486"")",0.5328605200945626,"0","52"
"=HYPERLINK(""https://stackoverflow.com/q/63564682"", ""63564682"")",0.5793650793650791,"0","25"
"=HYPERLINK(""https://stackoverflow.com/q/63645121"", ""63645121"")",0.6365868631062002,"0","36"
"=HYPERLINK(""https://stackoverflow.com/q/63727383"", ""63727383"")",0.3049687010954617,"0","47"
"=HYPERLINK(""https://stackoverflow.com/q/63799771"", ""63799771"")",0.3206122043331345,"0","50"
"=HYPERLINK(""https://stackoverflow.com/q/63828272"", ""63828272"")",0.3139653414882773,"0","91"
"=HYPERLINK(""https://stackoverflow.com/q/63885021"", ""63885021"")",0.5407706093189967,"0","71"
"=HYPERLINK(""https://stackoverflow.com/q/63891206"", ""63891206"")",0.3275593008739077,"0","79"
"=HYPERLINK(""https://stackoverflow.com/q/63945584"", ""63945584"")",0.5264616237184812,"0","22"
"=HYPERLINK(""https://stackoverflow.com/q/63951503"", ""63951503"")",0.7900892582333024,"0","189"
"=HYPERLINK(""https://stackoverflow.com/q/63955128"", ""63955128"")",0.4542550764316674,"0","8"
"=HYPERLINK(""https://stackoverflow.com/q/63961211"", ""63961211"")",0.3249954685517491,"0","124"
"=HYPERLINK(""https://stackoverflow.com/q/64014867"", ""64014867"")",0.7079365079365081,"0","120"
"=HYPERLINK(""https://stackoverflow.com/q/64064625"", ""64064625"")",0.4562647754137116,"0","705"
"=HYPERLINK(""https://stackoverflow.com/q/64150411"", ""64150411"")",0.4929914529914533,"0","47"
"=HYPERLINK(""https://stackoverflow.com/q/64163585"", ""64163585"")",0.3955389304516483,"0","220"
"=HYPERLINK(""https://stackoverflow.com/q/64167893"", ""64167893"")",0.4529914529914531,"0","43"
"=HYPERLINK(""https://stackoverflow.com/q/64242592"", ""64242592"")",0.3652555144540347,"0","47"
"=HYPERLINK(""https://stackoverflow.com/q/64269882"", ""64269882"")",0.8663940013633257,"0","30"
"=HYPERLINK(""https://stackoverflow.com/q/64331617"", ""64331617"")",0.629407850964737,"0","181"
"=HYPERLINK(""https://stackoverflow.com/q/64394208"", ""64394208"")",0.7012641383898865,"0","21"
"=HYPERLINK(""https://stackoverflow.com/q/64436169"", ""64436169"")",0.3522861881070837,"1","464"
"=HYPERLINK(""https://stackoverflow.com/q/64476965"", ""64476965"")",0.3329092451229857,"0","49"
"=HYPERLINK(""https://stackoverflow.com/q/64573589"", ""64573589"")",0.3144412423951329,"0","1775"
"=HYPERLINK(""https://stackoverflow.com/q/64691406"", ""64691406"")",0.4430014430014428,"0","31"
"=HYPERLINK(""https://stackoverflow.com/q/64701704"", ""64701704"")",0.4385683760683761,"0","116"
"=HYPERLINK(""https://stackoverflow.com/q/64715185"", ""64715185"")",0.3330093942338842,"0","30"
"=HYPERLINK(""https://stackoverflow.com/q/64716445"", ""64716445"")",0.645951035781544,"0","51"
"=HYPERLINK(""https://stackoverflow.com/q/64793192"", ""64793192"")",0.5427041499330653,"1","25"
"=HYPERLINK(""https://stackoverflow.com/q/64819815"", ""64819815"")",0.4436244362443625,"0","45"
"=HYPERLINK(""https://stackoverflow.com/q/65058701"", ""65058701"")",0.331051791010723,"0","296"
"=HYPERLINK(""https://stackoverflow.com/q/65086170"", ""65086170"")",0.2720837180670976,"0","252"
"=HYPERLINK(""https://stackoverflow.com/q/65096242"", ""65096242"")",0.5177367340955733,"0","46"
"=HYPERLINK(""https://stackoverflow.com/q/65195095"", ""65195095"")",0.4239267676767674,"0","279"
"=HYPERLINK(""https://stackoverflow.com/q/65250172"", ""65250172"")",0.7108585858585857,"0","22"
"=HYPERLINK(""https://stackoverflow.com/q/65254861"", ""65254861"")",0.6378066378066376,"0","72"
"=HYPERLINK(""https://stackoverflow.com/q/65340622"", ""65340622"")",0.3629529394076079,"0","44"
"=HYPERLINK(""https://stackoverflow.com/q/65433513"", ""65433513"")",0.8695906432748545,"0","21"
"=HYPERLINK(""https://stackoverflow.com/q/65596524"", ""65596524"")",0.2853063343717549,"1","20"
"=HYPERLINK(""https://stackoverflow.com/q/65610759"", ""65610759"")",0.5137351373513735,"0","5"
"=HYPERLINK(""https://stackoverflow.com/q/65662653"", ""65662653"")",0.5665618448637318,"0","19"
"=HYPERLINK(""https://stackoverflow.com/q/65680459"", ""65680459"")",0.3219452139119729,"0","81"
"=HYPERLINK(""https://stackoverflow.com/q/65846810"", ""65846810"")",0.4506072140656155,"0","93"
"=HYPERLINK(""https://stackoverflow.com/q/65850507"", ""65850507"")",0.8902550091074685,"0","35"
"=HYPERLINK(""https://stackoverflow.com/q/65859662"", ""65859662"")",0.3594573382666218,"1","26"
"=HYPERLINK(""https://stackoverflow.com/q/65917330"", ""65917330"")",0.4222222222222223,"0","10"
"=HYPERLINK(""https://stackoverflow.com/q/65933965"", ""65933965"")",0.480882730305363,"0","45"
"=HYPERLINK(""https://stackoverflow.com/q/65940308"", ""65940308"")",0.740866290018832,"0","45"
"=HYPERLINK(""https://stackoverflow.com/q/65942705"", ""65942705"")",0.2624232272473477,"0","28"
"=HYPERLINK(""https://stackoverflow.com/q/65980884"", ""65980884"")",0.3638151425762047,"0","36"
"=HYPERLINK(""https://stackoverflow.com/q/65989646"", ""65989646"")",0.3959254791582896,"1","60"
"=HYPERLINK(""https://stackoverflow.com/q/66007150"", ""66007150"")",0.2107805746249681,"0","19"
"=HYPERLINK(""https://stackoverflow.com/q/66093854"", ""66093854"")",0.2811025311025311,"0","62"
"=HYPERLINK(""https://stackoverflow.com/q/66134340"", ""66134340"")",0.3699494949494948,"0","82"
"=HYPERLINK(""https://stackoverflow.com/q/66150266"", ""66150266"")",0.3742840778923252,"0","41"
"=HYPERLINK(""https://stackoverflow.com/q/66152397"", ""66152397"")",0.4389457717102766,"0","31"
"=HYPERLINK(""https://stackoverflow.com/q/66181404"", ""66181404"")",0.4806114839671888,"0","31"
"=HYPERLINK(""https://stackoverflow.com/q/66194293"", ""66194293"")",0.2447786131996658,"0","107"
"=HYPERLINK(""https://stackoverflow.com/q/66195582"", ""66195582"")",0.4650793650793651,"0","29"
"=HYPERLINK(""https://stackoverflow.com/q/66243701"", ""66243701"")",0.2067383512544802,"1","39"
"=HYPERLINK(""https://stackoverflow.com/q/66258091"", ""66258091"")",0.4111390987965291,"0","11"
"=HYPERLINK(""https://stackoverflow.com/q/66265663"", ""66265663"")",0.3916782891678287,"0","50"
"=HYPERLINK(""https://stackoverflow.com/q/66474980"", ""66474980"")",0.2818616119586994,"0","75"
"=HYPERLINK(""https://stackoverflow.com/q/66517178"", ""66517178"")",0.4382887042166821,"0","15"
"=HYPERLINK(""https://stackoverflow.com/q/66552469"", ""66552469"")",0.611757105943152,"0","17"
"=HYPERLINK(""https://stackoverflow.com/q/66569297"", ""66569297"")",0.4931581828133548,"0","16"
"=HYPERLINK(""https://stackoverflow.com/q/66794187"", ""66794187"")",0.490514905149051,"0","16"
"=HYPERLINK(""https://stackoverflow.com/q/66835412"", ""66835412"")",0.533091787439613,"0","22"
"=HYPERLINK(""https://stackoverflow.com/q/66876731"", ""66876731"")",0.481737793156478,"0","10"
"=HYPERLINK(""https://stackoverflow.com/q/66881955"", ""66881955"")",0.6420695504664975,"0","25"
"=HYPERLINK(""https://stackoverflow.com/q/66968187"", ""66968187"")",0.9657004830917864,"0","96"
"=HYPERLINK(""https://stackoverflow.com/q/66973871"", ""66973871"")",0.3967602099018935,"0","62"
"=HYPERLINK(""https://stackoverflow.com/q/66983622"", ""66983622"")",0.867571059431524,"1","24"
"=HYPERLINK(""https://stackoverflow.com/q/66984310"", ""66984310"")",0.956447843637137,"1","28"
"=HYPERLINK(""https://stackoverflow.com/q/66985516"", ""66985516"")",0.5481890730509517,"0","38"
"=HYPERLINK(""https://stackoverflow.com/q/67056806"", ""67056806"")",0.5094194540561319,"0","27"
"=HYPERLINK(""https://stackoverflow.com/q/67057546"", ""67057546"")",0.3885193397388516,"1","19"
"=HYPERLINK(""https://stackoverflow.com/q/67077365"", ""67077365"")",0.6340763255656874,"0","43"
"=HYPERLINK(""https://stackoverflow.com/q/67092265"", ""67092265"")",0.3563903796461937,"0","12"
"=HYPERLINK(""https://stackoverflow.com/q/67109436"", ""67109436"")",0.2670771034887131,"0","11"
"=HYPERLINK(""https://stackoverflow.com/q/67126815"", ""67126815"")",0.5423803249890203,"0","25"
"=HYPERLINK(""https://stackoverflow.com/q/67136463"", ""67136463"")",0.8455988455988452,"2","28"
"=HYPERLINK(""https://stackoverflow.com/q/67140671"", ""67140671"")",0.3804276531549255,"2","58"
"=HYPERLINK(""https://stackoverflow.com/q/67149913"", ""67149913"")",0.4222222222222219,"0","17"
"=HYPERLINK(""https://stackoverflow.com/q/67191252"", ""67191252"")",0.691505498672734,"0","25"
"=HYPERLINK(""https://stackoverflow.com/q/67238124"", ""67238124"")",0.5052991452991457,"1","43"
"=HYPERLINK(""https://stackoverflow.com/q/67305799"", ""67305799"")",0.3472222222222223,"0","38"
"=HYPERLINK(""https://stackoverflow.com/q/67340743"", ""67340743"")",0.4775413711583925,"1","34"
"=HYPERLINK(""https://stackoverflow.com/q/67370470"", ""67370470"")",0.5949936971006661,"0","35"
"=HYPERLINK(""https://stackoverflow.com/q/67384650"", ""67384650"")",0.6600600600600597,"0","44"
"=HYPERLINK(""https://stackoverflow.com/q/67504861"", ""67504861"")",0.3270126413838988,"0","20"
"=HYPERLINK(""https://stackoverflow.com/q/67558377"", ""67558377"")",0.443970623075101,"0","80"
"=HYPERLINK(""https://stackoverflow.com/q/67603136"", ""67603136"")",0.2678149273893955,"0","43"
"=HYPERLINK(""https://stackoverflow.com/q/67620197"", ""67620197"")",0.3762762762762761,"0","15"
"=HYPERLINK(""https://stackoverflow.com/q/67641925"", ""67641925"")",0.5489548954895487,"0","27"
"=HYPERLINK(""https://stackoverflow.com/q/67657654"", ""67657654"")",0.8084291187739464,"0","37"
"=HYPERLINK(""https://stackoverflow.com/q/67658588"", ""67658588"")",0.380324989020641,"0","28"
"=HYPERLINK(""https://stackoverflow.com/q/67707271"", ""67707271"")",0.6113974799541808,"0","10"
"=HYPERLINK(""https://stackoverflow.com/q/67717217"", ""67717217"")",0.4712340799297318,"0","7"
"=HYPERLINK(""https://stackoverflow.com/q/67737905"", ""67737905"")",0.6341034103410339,"0","18"
