link,Correlation
"=HYPERLINK(""https://stackoverflow.com/a/111512"", ""111512"")",0.5939036381514261
"=HYPERLINK(""https://stackoverflow.com/a/308333"", ""308333"")",0.5755156353958747
"=HYPERLINK(""https://stackoverflow.com/a/334720"", ""334720"")",0.30793650793650806
"=HYPERLINK(""https://stackoverflow.com/a/681656"", ""681656"")",0.3634964604493691
"=HYPERLINK(""https://stackoverflow.com/a/689338"", ""689338"")",0.4128634700558446
"=HYPERLINK(""https://stackoverflow.com/a/1027501"", ""1027501"")",0.4984653161448742
"=HYPERLINK(""https://stackoverflow.com/a/1136922"", ""1136922"")",0.32774986041317666
"=HYPERLINK(""https://stackoverflow.com/a/1154783"", ""1154783"")",0.37014209895565836
"=HYPERLINK(""https://stackoverflow.com/a/1182447"", ""1182447"")",0.7011695906432751
"=HYPERLINK(""https://stackoverflow.com/a/1209443"", ""1209443"")",0.5825163398692811
"=HYPERLINK(""https://stackoverflow.com/a/1238861"", ""1238861"")",0.5446977922547954
"=HYPERLINK(""https://stackoverflow.com/a/1260208"", ""1260208"")",0.4983512544802869
"=HYPERLINK(""https://stackoverflow.com/a/1300538"", ""1300538"")",0.3532045899804084
"=HYPERLINK(""https://stackoverflow.com/a/1324277"", ""1324277"")",0.5288259958071279
"=HYPERLINK(""https://stackoverflow.com/a/1394284"", ""1394284"")",0.49126136812969573
"=HYPERLINK(""https://stackoverflow.com/a/1412261"", ""1412261"")",0.49209283220373795
"=HYPERLINK(""https://stackoverflow.com/a/1413647"", ""1413647"")",0.49942961441934725
"=HYPERLINK(""https://stackoverflow.com/a/1445443"", ""1445443"")",0.6695906432748542
"=HYPERLINK(""https://stackoverflow.com/a/1460429"", ""1460429"")",0.3236047107014848
"=HYPERLINK(""https://stackoverflow.com/a/1466655"", ""1466655"")",0.5422222222222219
"=HYPERLINK(""https://stackoverflow.com/a/1472932"", ""1472932"")",0.5450568678915138
"=HYPERLINK(""https://stackoverflow.com/a/1543879"", ""1543879"")",0.6609014675052414
"=HYPERLINK(""https://stackoverflow.com/a/1594021"", ""1594021"")",0.42647754137115845
"=HYPERLINK(""https://stackoverflow.com/a/1607500"", ""1607500"")",0.25371828521434836
"=HYPERLINK(""https://stackoverflow.com/a/1610033"", ""1610033"")",0.3598369011213048
"=HYPERLINK(""https://stackoverflow.com/a/1643794"", ""1643794"")",0.6842475386779183
"=HYPERLINK(""https://stackoverflow.com/a/1710386"", ""1710386"")",0.6712383224011133
"=HYPERLINK(""https://stackoverflow.com/a/1714885"", ""1714885"")",0.5917874396135265
"=HYPERLINK(""https://stackoverflow.com/a/1927928"", ""1927928"")",0.49781277340332475
"=HYPERLINK(""https://stackoverflow.com/a/2019176"", ""2019176"")",0.4071933204881184
"=HYPERLINK(""https://stackoverflow.com/a/2021490"", ""2021490"")",0.37622632899840247
"=HYPERLINK(""https://stackoverflow.com/a/2049700"", ""2049700"")",0.5954210694844702
"=HYPERLINK(""https://stackoverflow.com/a/2101852"", ""2101852"")",0.5904856952761143
"=HYPERLINK(""https://stackoverflow.com/a/2111637"", ""2111637"")",0.4252991452991454
"=HYPERLINK(""https://stackoverflow.com/a/2185027"", ""2185027"")",0.6472222222222224
"=HYPERLINK(""https://stackoverflow.com/a/2208501"", ""2208501"")",0.4949494949494949
"=HYPERLINK(""https://stackoverflow.com/a/2555345"", ""2555345"")",0.23982785602503917
"=HYPERLINK(""https://stackoverflow.com/a/2584360"", ""2584360"")",0.35362153962836534
"=HYPERLINK(""https://stackoverflow.com/a/2607961"", ""2607961"")",0.5300616103675377
"=HYPERLINK(""https://stackoverflow.com/a/2958181"", ""2958181"")",0.3627547666009206
"=HYPERLINK(""https://stackoverflow.com/a/3145532"", ""3145532"")",0.6194824961948249
"=HYPERLINK(""https://stackoverflow.com/a/3504645"", ""3504645"")",0.6293368467281509
"=HYPERLINK(""https://stackoverflow.com/a/4003478"", ""4003478"")",0.4681238615664847
"=HYPERLINK(""https://stackoverflow.com/a/4879135"", ""4879135"")",0.3930764935790059
"=HYPERLINK(""https://stackoverflow.com/a/5084078"", ""5084078"")",0.29881796690307333
"=HYPERLINK(""https://stackoverflow.com/a/5232700"", ""5232700"")",0.43214588634435985
"=HYPERLINK(""https://stackoverflow.com/a/5492817"", ""5492817"")",0.3981016192071467
"=HYPERLINK(""https://stackoverflow.com/a/6150633"", ""6150633"")",0.7252897068847984
"=HYPERLINK(""https://stackoverflow.com/a/6362902"", ""6362902"")",0.3101343101343101
"=HYPERLINK(""https://stackoverflow.com/a/6845151"", ""6845151"")",0.7313131313131314
"=HYPERLINK(""https://stackoverflow.com/a/7686319"", ""7686319"")",0.5322222222222219
"=HYPERLINK(""https://stackoverflow.com/a/7687074"", ""7687074"")",0.6349646044936903
"=HYPERLINK(""https://stackoverflow.com/a/8213523"", ""8213523"")",0.4101740294511378
"=HYPERLINK(""https://stackoverflow.com/a/8214564"", ""8214564"")",0.7357357357357355
"=HYPERLINK(""https://stackoverflow.com/a/8646536"", ""8646536"")",0.44729775092312857
"=HYPERLINK(""https://stackoverflow.com/a/8666567"", ""8666567"")",0.5033282130056321
"=HYPERLINK(""https://stackoverflow.com/a/8891806"", ""8891806"")",0.5351056578050443
"=HYPERLINK(""https://stackoverflow.com/a/9049063"", ""9049063"")",0.8222222222222222
"=HYPERLINK(""https://stackoverflow.com/a/9186562"", ""9186562"")",0.5453354297693923
"=HYPERLINK(""https://stackoverflow.com/a/9268363"", ""9268363"")",0.3102904040404039
"=HYPERLINK(""https://stackoverflow.com/a/9602674"", ""9602674"")",0.9140826873385008
"=HYPERLINK(""https://stackoverflow.com/a/9757122"", ""9757122"")",0.39613526570048313
"=HYPERLINK(""https://stackoverflow.com/a/9794857"", ""9794857"")",0.3172090296100852
"=HYPERLINK(""https://stackoverflow.com/a/9905525"", ""9905525"")",0.559506704980843
"=HYPERLINK(""https://stackoverflow.com/a/10162581"", ""10162581"")",0.2741885143570538
"=HYPERLINK(""https://stackoverflow.com/a/10648847"", ""10648847"")",0.45659722222222215
"=HYPERLINK(""https://stackoverflow.com/a/10854185"", ""10854185"")",0.4107248960190138
"=HYPERLINK(""https://stackoverflow.com/a/11328483"", ""11328483"")",0.3722222222222223
"=HYPERLINK(""https://stackoverflow.com/a/11349565"", ""11349565"")",0.48493408662900167
"=HYPERLINK(""https://stackoverflow.com/a/11462869"", ""11462869"")",0.4141141141141141
"=HYPERLINK(""https://stackoverflow.com/a/11825659"", ""11825659"")",0.5468975468975468
"=HYPERLINK(""https://stackoverflow.com/a/11849029"", ""11849029"")",0.30292840128905707
"=HYPERLINK(""https://stackoverflow.com/a/12067211"", ""12067211"")",0.41935015955903704
"=HYPERLINK(""https://stackoverflow.com/a/12647518"", ""12647518"")",0.5889290979761426
"=HYPERLINK(""https://stackoverflow.com/a/12733827"", ""12733827"")",0.27950145849907165
"=HYPERLINK(""https://stackoverflow.com/a/13097050"", ""13097050"")",0.4731550580431178
"=HYPERLINK(""https://stackoverflow.com/a/13129485"", ""13129485"")",0.46612466124661234
"=HYPERLINK(""https://stackoverflow.com/a/13293079"", ""13293079"")",0.6095740008783482
"=HYPERLINK(""https://stackoverflow.com/a/13608484"", ""13608484"")",0.46332894158981114
"=HYPERLINK(""https://stackoverflow.com/a/13631508"", ""13631508"")",0.4820647419072618
"=HYPERLINK(""https://stackoverflow.com/a/13701742"", ""13701742"")",0.45550813971866627
"=HYPERLINK(""https://stackoverflow.com/a/14353563"", ""14353563"")",0.7031382527565736
"=HYPERLINK(""https://stackoverflow.com/a/14364093"", ""14364093"")",0.3878549765646544
"=HYPERLINK(""https://stackoverflow.com/a/14887600"", ""14887600"")",0.64932694501483
"=HYPERLINK(""https://stackoverflow.com/a/14946834"", ""14946834"")",0.5643274853801171
"=HYPERLINK(""https://stackoverflow.com/a/15066608"", ""15066608"")",0.84232666086452
"=HYPERLINK(""https://stackoverflow.com/a/15070230"", ""15070230"")",0.33655669321198317
"=HYPERLINK(""https://stackoverflow.com/a/15205503"", ""15205503"")",0.3155166828636217
"=HYPERLINK(""https://stackoverflow.com/a/15905062"", ""15905062"")",0.6153256704980844
"=HYPERLINK(""https://stackoverflow.com/a/16060453"", ""16060453"")",0.45725548164572544
"=HYPERLINK(""https://stackoverflow.com/a/16595084"", ""16595084"")",0.36451471234079924
"=HYPERLINK(""https://stackoverflow.com/a/17550418"", ""17550418"")",0.5046649703138254
"=HYPERLINK(""https://stackoverflow.com/a/17609140"", ""17609140"")",0.22222222222222224
"=HYPERLINK(""https://stackoverflow.com/a/17700205"", ""17700205"")",0.4830917874396137
"=HYPERLINK(""https://stackoverflow.com/a/18015556"", ""18015556"")",0.35011128231467215
"=HYPERLINK(""https://stackoverflow.com/a/18206356"", ""18206356"")",0.36164529914529925
"=HYPERLINK(""https://stackoverflow.com/a/18711212"", ""18711212"")",0.4239960581423993
"=HYPERLINK(""https://stackoverflow.com/a/19724431"", ""19724431"")",0.663940013633265
"=HYPERLINK(""https://stackoverflow.com/a/20066229"", ""20066229"")",0.7815442561205271
"=HYPERLINK(""https://stackoverflow.com/a/20086014"", ""20086014"")",0.40246662140755823
"=HYPERLINK(""https://stackoverflow.com/a/20140406"", ""20140406"")",0.3615664845173044
"=HYPERLINK(""https://stackoverflow.com/a/20480206"", ""20480206"")",0.32384670276623423
"=HYPERLINK(""https://stackoverflow.com/a/20762355"", ""20762355"")",0.3566095740008784
"=HYPERLINK(""https://stackoverflow.com/a/21258730"", ""21258730"")",0.4231460097510905
"=HYPERLINK(""https://stackoverflow.com/a/21632694"", ""21632694"")",0.46341940532081377
"=HYPERLINK(""https://stackoverflow.com/a/22021540"", ""22021540"")",0.6735900033772375
"=HYPERLINK(""https://stackoverflow.com/a/22405069"", ""22405069"")",0.3804500703234879
"=HYPERLINK(""https://stackoverflow.com/a/23486925"", ""23486925"")",0.409035409035409
"=HYPERLINK(""https://stackoverflow.com/a/24179358"", ""24179358"")",0.31583924349881803
"=HYPERLINK(""https://stackoverflow.com/a/24254616"", ""24254616"")",0.6416329674561911
"=HYPERLINK(""https://stackoverflow.com/a/24909041"", ""24909041"")",0.5419896640826872
"=HYPERLINK(""https://stackoverflow.com/a/26298716"", ""26298716"")",0.5375946469448847
"=HYPERLINK(""https://stackoverflow.com/a/26423972"", ""26423972"")",0.29249249249249254
"=HYPERLINK(""https://stackoverflow.com/a/26529701"", ""26529701"")",0.8832391713747643
"=HYPERLINK(""https://stackoverflow.com/a/26555395"", ""26555395"")",0.31352657004830903
"=HYPERLINK(""https://stackoverflow.com/a/26774636"", ""26774636"")",0.6114437791084496
"=HYPERLINK(""https://stackoverflow.com/a/26937051"", ""26937051"")",0.6119281045751632
"=HYPERLINK(""https://stackoverflow.com/a/26983627"", ""26983627"")",0.5179420665801988
"=HYPERLINK(""https://stackoverflow.com/a/27194455"", ""27194455"")",0.3631618195376587
"=HYPERLINK(""https://stackoverflow.com/a/27294827"", ""27294827"")",0.38183134274339486
"=HYPERLINK(""https://stackoverflow.com/a/28090228"", ""28090228"")",0.3538011695906432
"=HYPERLINK(""https://stackoverflow.com/a/28205455"", ""28205455"")",0.3718067097568483
"=HYPERLINK(""https://stackoverflow.com/a/29468756"", ""29468756"")",0.41058787319175133
"=HYPERLINK(""https://stackoverflow.com/a/29858463"", ""29858463"")",0.7490678598061149
"=HYPERLINK(""https://stackoverflow.com/a/30701938"", ""30701938"")",0.5009107468123862
"=HYPERLINK(""https://stackoverflow.com/a/31075242"", ""31075242"")",0.5514905149051489
"=HYPERLINK(""https://stackoverflow.com/a/31330733"", ""31330733"")",0.5831689677843526
"=HYPERLINK(""https://stackoverflow.com/a/31648969"", ""31648969"")",0.40664845173041897
"=HYPERLINK(""https://stackoverflow.com/a/31868828"", ""31868828"")",0.3319544233979242
"=HYPERLINK(""https://stackoverflow.com/a/32250815"", ""32250815"")",0.7571059431524549
"=HYPERLINK(""https://stackoverflow.com/a/32385517"", ""32385517"")",0.5095991246394109
"=HYPERLINK(""https://stackoverflow.com/a/32800656"", ""32800656"")",0.44627882599580715
"=HYPERLINK(""https://stackoverflow.com/a/32923208"", ""32923208"")",0.6369949494949491
"=HYPERLINK(""https://stackoverflow.com/a/32927275"", ""32927275"")",0.414404632645675
"=HYPERLINK(""https://stackoverflow.com/a/33129546"", ""33129546"")",0.6084497671324015
"=HYPERLINK(""https://stackoverflow.com/a/33296820"", ""33296820"")",0.38844913515098217
"=HYPERLINK(""https://stackoverflow.com/a/33639306"", ""33639306"")",0.3929539295392953
"=HYPERLINK(""https://stackoverflow.com/a/33668510"", ""33668510"")",0.276446686282752
"=HYPERLINK(""https://stackoverflow.com/a/33829099"", ""33829099"")",0.42181899641577075
"=HYPERLINK(""https://stackoverflow.com/a/33924772"", ""33924772"")",0.4674145299145301
"=HYPERLINK(""https://stackoverflow.com/a/34027016"", ""34027016"")",0.3020448386302045
"=HYPERLINK(""https://stackoverflow.com/a/34664302"", ""34664302"")",0.8984517304189438
"=HYPERLINK(""https://stackoverflow.com/a/34744747"", ""34744747"")",0.7222222222222221
"=HYPERLINK(""https://stackoverflow.com/a/34803611"", ""34803611"")",0.4475743348982787
"=HYPERLINK(""https://stackoverflow.com/a/35492738"", ""35492738"")",0.6487282463186075
"=HYPERLINK(""https://stackoverflow.com/a/35857104"", ""35857104"")",0.7126068376068375
"=HYPERLINK(""https://stackoverflow.com/a/37847916"", ""37847916"")",0.4133986928104574
"=HYPERLINK(""https://stackoverflow.com/a/38438924"", ""38438924"")",0.29222222222222205
"=HYPERLINK(""https://stackoverflow.com/a/39167150"", ""39167150"")",0.49118773946360156
"=HYPERLINK(""https://stackoverflow.com/a/39207681"", ""39207681"")",0.782222222222222
"=HYPERLINK(""https://stackoverflow.com/a/39379732"", ""39379732"")",0.5853801169590644
"=HYPERLINK(""https://stackoverflow.com/a/40081132"", ""40081132"")",0.2690972222222222
"=HYPERLINK(""https://stackoverflow.com/a/40739475"", ""40739475"")",0.34137115839243504
"=HYPERLINK(""https://stackoverflow.com/a/40798528"", ""40798528"")",0.7222222222222221
"=HYPERLINK(""https://stackoverflow.com/a/42231785"", ""42231785"")",0.41926200020557103
"=HYPERLINK(""https://stackoverflow.com/a/42256856"", ""42256856"")",0.3293303040138484
"=HYPERLINK(""https://stackoverflow.com/a/42813862"", ""42813862"")",0.2589194699286443
"=HYPERLINK(""https://stackoverflow.com/a/43117971"", ""43117971"")",0.5186649099692576
"=HYPERLINK(""https://stackoverflow.com/a/43585192"", ""43585192"")",0.6040404040404042
"=HYPERLINK(""https://stackoverflow.com/a/44147312"", ""44147312"")",0.3966903073286053
"=HYPERLINK(""https://stackoverflow.com/a/44192086"", ""44192086"")",0.24344863731656194
"=HYPERLINK(""https://stackoverflow.com/a/44512044"", ""44512044"")",0.47815889768396397
"=HYPERLINK(""https://stackoverflow.com/a/44803119"", ""44803119"")",0.8140589569161001
"=HYPERLINK(""https://stackoverflow.com/a/45715486"", ""45715486"")",0.31560743623000426
"=HYPERLINK(""https://stackoverflow.com/a/45870435"", ""45870435"")",0.2974101921470341
"=HYPERLINK(""https://stackoverflow.com/a/45883537"", ""45883537"")",0.6969057665260195
"=HYPERLINK(""https://stackoverflow.com/a/46115106"", ""46115106"")",0.41141141141141113
"=HYPERLINK(""https://stackoverflow.com/a/50488612"", ""50488612"")",0.23096857790735362
"=HYPERLINK(""https://stackoverflow.com/a/52119196"", ""52119196"")",0.22867383512544803
"=HYPERLINK(""https://stackoverflow.com/a/52682454"", ""52682454"")",0.30350301039956207
"=HYPERLINK(""https://stackoverflow.com/a/54240456"", ""54240456"")",0.8131313131313131
"=HYPERLINK(""https://stackoverflow.com/a/54486894"", ""54486894"")",0.23330869672333074
"=HYPERLINK(""https://stackoverflow.com/a/55449109"", ""55449109"")",0.37157287157287144
"=HYPERLINK(""https://stackoverflow.com/a/56381734"", ""56381734"")",0.36222222222222195
"=HYPERLINK(""https://stackoverflow.com/a/56705320"", ""56705320"")",0.2929769392033544
"=HYPERLINK(""https://stackoverflow.com/a/56991013"", ""56991013"")",0.5265700483091789
"=HYPERLINK(""https://stackoverflow.com/a/57568613"", ""57568613"")",0.5443698732289338
"=HYPERLINK(""https://stackoverflow.com/a/58062947"", ""58062947"")",0.37606837606837606
"=HYPERLINK(""https://stackoverflow.com/a/59289187"", ""59289187"")",0.6507936507936507
"=HYPERLINK(""https://stackoverflow.com/a/59480352"", ""59480352"")",0.45222222222222214
"=HYPERLINK(""https://stackoverflow.com/a/60161955"", ""60161955"")",0.4137115839243499
"=HYPERLINK(""https://stackoverflow.com/a/62053795"", ""62053795"")",0.2287157287157285
"=HYPERLINK(""https://stackoverflow.com/a/62686632"", ""62686632"")",0.3647964796479647
"=HYPERLINK(""https://stackoverflow.com/a/63487099"", ""63487099"")",0.5167676767676767
"=HYPERLINK(""https://stackoverflow.com/a/65429362"", ""65429362"")",0.18650793650793646
"=HYPERLINK(""https://stackoverflow.com/a/65605155"", ""65605155"")",0.5226174791392182
"=HYPERLINK(""https://stackoverflow.com/a/66454726"", ""66454726"")",0.5116959064327485
"=HYPERLINK(""https://stackoverflow.com/a/66666788"", ""66666788"")",0.38811007268951203
"=HYPERLINK(""https://stackoverflow.com/a/67013245"", ""67013245"")",0.2594562647754137
