"link","Correlation","score","view_count"
"=HYPERLINK(""https://stackoverflow.com/q/167716"", ""167716"")",0.457516339869281,"21","5540"
"=HYPERLINK(""https://stackoverflow.com/q/284821"", ""284821"")",0.7032348804500702,"3","10964"
"=HYPERLINK(""https://stackoverflow.com/q/285503"", ""285503"")",0.228210246174318,"8","7345"
"=HYPERLINK(""https://stackoverflow.com/q/306489"", ""306489"")",0.3922069082865409,"2","18649"
"=HYPERLINK(""https://stackoverflow.com/q/591693"", ""591693"")",0.5884872824631859,"3","6443"
"=HYPERLINK(""https://stackoverflow.com/q/633460"", ""633460"")",0.5388449135150983,"0","4066"
"=HYPERLINK(""https://stackoverflow.com/q/653061"", ""653061"")",0.4605943152454778,"4","4527"
"=HYPERLINK(""https://stackoverflow.com/q/681572"", ""681572"")",0.3343927213809434,"1","9035"
"=HYPERLINK(""https://stackoverflow.com/q/686817"", ""686817"")",0.4281628162816281,"1","1447"
"=HYPERLINK(""https://stackoverflow.com/q/724246"", ""724246"")",0.5287548855388049,"0","1514"
"=HYPERLINK(""https://stackoverflow.com/q/914803"", ""914803"")",0.3468422830124958,"1","1945"
"=HYPERLINK(""https://stackoverflow.com/q/966300"", ""966300"")",0.3388732099926833,"1","2055"
"=HYPERLINK(""https://stackoverflow.com/q/1027400"", ""1027400"")",0.420335429769392,"2","10933"
"=HYPERLINK(""https://stackoverflow.com/q/1073152"", ""1073152"")",0.5088671733622873,"1","1220"
"=HYPERLINK(""https://stackoverflow.com/q/1097863"", ""1097863"")",0.3194984868136618,"0","367"
"=HYPERLINK(""https://stackoverflow.com/q/1118361"", ""1118361"")",0.3848519800076893,"1","993"
"=HYPERLINK(""https://stackoverflow.com/q/1136725"", ""1136725"")",0.4314529914529916,"0","2070"
"=HYPERLINK(""https://stackoverflow.com/q/1152696"", ""1152696"")",0.7245263696876596,"0","1306"
"=HYPERLINK(""https://stackoverflow.com/q/1153310"", ""1153310"")",0.7073286052009456,"0","3775"
"=HYPERLINK(""https://stackoverflow.com/q/1204466"", ""1204466"")",0.9472222222222222,"0","2008"
"=HYPERLINK(""https://stackoverflow.com/q/1221631"", ""1221631"")",0.3797025371828523,"0","1033"
"=HYPERLINK(""https://stackoverflow.com/q/1238276"", ""1238276"")",0.8252991452991456,"1","4205"
"=HYPERLINK(""https://stackoverflow.com/q/1239290"", ""1239290"")",0.5452310717797445,"0","837"
"=HYPERLINK(""https://stackoverflow.com/q/1248404"", ""1248404"")",0.7895299145299146,"0","947"
"=HYPERLINK(""https://stackoverflow.com/q/1254948"", ""1254948"")",0.4468376068376071,"0","2050"
"=HYPERLINK(""https://stackoverflow.com/q/1259293"", ""1259293"")",0.4855810008481765,"0","1523"
"=HYPERLINK(""https://stackoverflow.com/q/1259651"", ""1259651"")",0.8151870463428249,"2","3956"
"=HYPERLINK(""https://stackoverflow.com/q/1295753"", ""1295753"")",0.5613526570048306,"1","2075"
"=HYPERLINK(""https://stackoverflow.com/q/1300192"", ""1300192"")",0.5455478573261481,"1","1988"
"=HYPERLINK(""https://stackoverflow.com/q/1315404"", ""1315404"")",0.4291187739463601,"0","4568"
"=HYPERLINK(""https://stackoverflow.com/q/1326747"", ""1326747"")",0.3149374540103016,"3","1838"
"=HYPERLINK(""https://stackoverflow.com/q/1357612"", ""1357612"")",0.6355063550635507,"0","5613"
"=HYPERLINK(""https://stackoverflow.com/q/1382635"", ""1382635"")",0.7043069127759681,"0","1190"
"=HYPERLINK(""https://stackoverflow.com/q/1388424"", ""1388424"")",0.5105657805044308,"1","2562"
"=HYPERLINK(""https://stackoverflow.com/q/1411942"", ""1411942"")",0.6434044882320743,"0","4614"
"=HYPERLINK(""https://stackoverflow.com/q/1438665"", ""1438665"")",0.513788487282463,"2","6172"
"=HYPERLINK(""https://stackoverflow.com/q/1439665"", ""1439665"")",0.8036175710594313,"1","536"
"=HYPERLINK(""https://stackoverflow.com/q/1456593"", ""1456593"")",0.4160683760683765,"0","545"
"=HYPERLINK(""https://stackoverflow.com/q/1466487"", ""1466487"")",0.4523477452347743,"0","12771"
"=HYPERLINK(""https://stackoverflow.com/q/1524735"", ""1524735"")",0.3326873385012919,"0","1423"
"=HYPERLINK(""https://stackoverflow.com/q/1536135"", ""1536135"")",0.5801767676767672,"0","1515"
"=HYPERLINK(""https://stackoverflow.com/q/1558640"", ""1558640"")",0.8585858585858582,"9","10495"
"=HYPERLINK(""https://stackoverflow.com/q/1559390"", ""1559390"")",0.8735983690112132,"1","7730"
"=HYPERLINK(""https://stackoverflow.com/q/1567252"", ""1567252"")",0.8541240627130192,"1","1362"
"=HYPERLINK(""https://stackoverflow.com/q/1577937"", ""1577937"")",0.3841940532081378,"1","1821"
"=HYPERLINK(""https://stackoverflow.com/q/1592940"", ""1592940"")",0.8910533910533908,"2","2062"
"=HYPERLINK(""https://stackoverflow.com/q/1610055"", ""1610055"")",0.3811626195732156,"5","14918"
"=HYPERLINK(""https://stackoverflow.com/q/1611787"", ""1611787"")",0.5628815628815629,"0","1391"
"=HYPERLINK(""https://stackoverflow.com/q/1642164"", ""1642164"")",0.7277572775727758,"0","957"
"=HYPERLINK(""https://stackoverflow.com/q/1701885"", ""1701885"")",0.7790735341755753,"0","2462"
"=HYPERLINK(""https://stackoverflow.com/q/1707207"", ""1707207"")",0.7017402945113786,"0","2380"
"=HYPERLINK(""https://stackoverflow.com/q/1713534"", ""1713534"")",0.7385950181919954,"0","1385"
"=HYPERLINK(""https://stackoverflow.com/q/1724847"", ""1724847"")",0.4532348804500704,"2","5077"
"=HYPERLINK(""https://stackoverflow.com/q/1743297"", ""1743297"")",0.2919896640826874,"1","4008"
"=HYPERLINK(""https://stackoverflow.com/q/1754858"", ""1754858"")",0.8535586277521756,"0","401"
"=HYPERLINK(""https://stackoverflow.com/q/1782063"", ""1782063"")",0.4914529914529917,"0","585"
"=HYPERLINK(""https://stackoverflow.com/q/1792998"", ""1792998"")",0.5293088363954509,"1","1922"
"=HYPERLINK(""https://stackoverflow.com/q/1824371"", ""1824371"")",0.5249940772328834,"3","980"
"=HYPERLINK(""https://stackoverflow.com/q/1848243"", ""1848243"")",0.5686789151356083,"7","9512"
"=HYPERLINK(""https://stackoverflow.com/q/1870958"", ""1870958"")",0.4078177900892582,"0","572"
"=HYPERLINK(""https://stackoverflow.com/q/1927655"", ""1927655"")",0.6025903203817312,"3","8847"
"=HYPERLINK(""https://stackoverflow.com/q/2021307"", ""2021307"")",0.400036251586007,"2","383"
"=HYPERLINK(""https://stackoverflow.com/q/2028595"", ""2028595"")",0.4908530714423265,"2","2828"
"=HYPERLINK(""https://stackoverflow.com/q/2046778"", ""2046778"")",0.5329914529914531,"3","6079"
"=HYPERLINK(""https://stackoverflow.com/q/2074096"", ""2074096"")",0.504101416853095,"0","8233"
"=HYPERLINK(""https://stackoverflow.com/q/2111050"", ""2111050"")",0.600271002710027,"0","175"
"=HYPERLINK(""https://stackoverflow.com/q/2148347"", ""2148347"")",0.3066378066378065,"1","304"
"=HYPERLINK(""https://stackoverflow.com/q/2150586"", ""2150586"")",0.4186957738595016,"2","8092"
"=HYPERLINK(""https://stackoverflow.com/q/2183208"", ""2183208"")",0.4230590423059041,"0","3164"
"=HYPERLINK(""https://stackoverflow.com/q/2287540"", ""2287540"")",0.6744835287548854,"0","1235"
"=HYPERLINK(""https://stackoverflow.com/q/2381737"", ""2381737"")",0.532748538011696,"3","900"
"=HYPERLINK(""https://stackoverflow.com/q/2437889"", ""2437889"")",0.4369873228933632,"0","460"
"=HYPERLINK(""https://stackoverflow.com/q/2443401"", ""2443401"")",0.5056867891513565,"0","2371"
"=HYPERLINK(""https://stackoverflow.com/q/2515284"", ""2515284"")",0.440576652601969,"0","260"
"=HYPERLINK(""https://stackoverflow.com/q/2541702"", ""2541702"")",0.5152685798381162,"0","3570"
"=HYPERLINK(""https://stackoverflow.com/q/2582998"", ""2582998"")",0.4094949494949494,"2","7310"
"=HYPERLINK(""https://stackoverflow.com/q/2601380"", ""2601380"")",0.4136579904841866,"1","1015"
"=HYPERLINK(""https://stackoverflow.com/q/2677080"", ""2677080"")",0.6187236799481697,"0","50"
"=HYPERLINK(""https://stackoverflow.com/q/2787061"", ""2787061"")",0.5085963561714137,"1","11732"
"=HYPERLINK(""https://stackoverflow.com/q/2787803"", ""2787803"")",0.6956735496558506,"0","1020"
"=HYPERLINK(""https://stackoverflow.com/q/2865222"", ""2865222"")",0.3698236982369824,"5","641"
"=HYPERLINK(""https://stackoverflow.com/q/2909702"", ""2909702"")",0.5124661246612466,"1","8495"
"=HYPERLINK(""https://stackoverflow.com/q/2919092"", ""2919092"")",0.6253842775581901,"0","618"
"=HYPERLINK(""https://stackoverflow.com/q/2944220"", ""2944220"")",0.4472222222222222,"1","2073"
"=HYPERLINK(""https://stackoverflow.com/q/2944605"", ""2944605"")",0.8552497451580022,"0","1809"
"=HYPERLINK(""https://stackoverflow.com/q/2956575"", ""2956575"")",0.4751866490996925,"2","4274"
"=HYPERLINK(""https://stackoverflow.com/q/2977202"", ""2977202"")",0.7335572348166804,"1","1032"
"=HYPERLINK(""https://stackoverflow.com/q/3139084"", ""3139084"")",0.6534148827726811,"1","3266"
"=HYPERLINK(""https://stackoverflow.com/q/3260069"", ""3260069"")",0.3861733423851549,"2","4568"
"=HYPERLINK(""https://stackoverflow.com/q/3301270"", ""3301270"")",0.5695906432748541,"0","148"
"=HYPERLINK(""https://stackoverflow.com/q/3347905"", ""3347905"")",0.3389886892880903,"0","1320"
"=HYPERLINK(""https://stackoverflow.com/q/3759476"", ""3759476"")",0.5762762762762762,"0","2687"
"=HYPERLINK(""https://stackoverflow.com/q/3760598"", ""3760598"")",0.4673027231166768,"1","7131"
"=HYPERLINK(""https://stackoverflow.com/q/3805316"", ""3805316"")",0.3859546165884194,"2","5993"
"=HYPERLINK(""https://stackoverflow.com/q/3843418"", ""3843418"")",0.2475386779184247,"1","6906"
"=HYPERLINK(""https://stackoverflow.com/q/3854240"", ""3854240"")",0.5132058287795994,"2","363"
"=HYPERLINK(""https://stackoverflow.com/q/3854415"", ""3854415"")",0.7314473144731447,"0","2704"
"=HYPERLINK(""https://stackoverflow.com/q/3855787"", ""3855787"")",0.5214348206474192,"5","4726"
"=HYPERLINK(""https://stackoverflow.com/q/3862277"", ""3862277"")",0.4040404040404039,"1","3260"
"=HYPERLINK(""https://stackoverflow.com/q/3889844"", ""3889844"")",0.3604710701484891,"0","656"
"=HYPERLINK(""https://stackoverflow.com/q/3918415"", ""3918415"")",0.6962706651287967,"1","946"
"=HYPERLINK(""https://stackoverflow.com/q/3937391"", ""3937391"")",0.4247538677918421,"0","3797"
"=HYPERLINK(""https://stackoverflow.com/q/3944962"", ""3944962"")",0.4588075880758807,"0","1393"
"=HYPERLINK(""https://stackoverflow.com/q/4000729"", ""4000729"")",0.3869949494949493,"1","1010"
"=HYPERLINK(""https://stackoverflow.com/q/4053210"", ""4053210"")",0.5404040404040401,"0","129"
"=HYPERLINK(""https://stackoverflow.com/q/4069696"", ""4069696"")",0.4958071278825996,"1","4387"
"=HYPERLINK(""https://stackoverflow.com/q/4075390"", ""4075390"")",0.3435611343561133,"0","849"
"=HYPERLINK(""https://stackoverflow.com/q/4191940"", ""4191940"")",0.5577926920208801,"0","184"
"=HYPERLINK(""https://stackoverflow.com/q/4192935"", ""4192935"")",0.2915062868873492,"2","1438"
"=HYPERLINK(""https://stackoverflow.com/q/4216654"", ""4216654"")",0.5734880450070323,"0","407"
"=HYPERLINK(""https://stackoverflow.com/q/4257518"", ""4257518"")",0.902222222222222,"1","5172"
"=HYPERLINK(""https://stackoverflow.com/q/4267444"", ""4267444"")",0.6384384384384382,"6","10263"
"=HYPERLINK(""https://stackoverflow.com/q/4275054"", ""4275054"")",0.8904914529914529,"0","484"
"=HYPERLINK(""https://stackoverflow.com/q/4279046"", ""4279046"")",0.4993840847499382,"0","640"
"=HYPERLINK(""https://stackoverflow.com/q/4302366"", ""4302366"")",0.462680237489398,"1","2027"
"=HYPERLINK(""https://stackoverflow.com/q/4405772"", ""4405772"")",0.4141041410414106,"5","6793"
"=HYPERLINK(""https://stackoverflow.com/q/4605082"", ""4605082"")",0.3505459216441877,"2","3550"
"=HYPERLINK(""https://stackoverflow.com/q/4607450"", ""4607450"")",0.2537782613952363,"0","788"
"=HYPERLINK(""https://stackoverflow.com/q/4705461"", ""4705461"")",0.5043380912398542,"5","968"
"=HYPERLINK(""https://stackoverflow.com/q/4745119"", ""4745119"")",0.6633986928104575,"0","292"
"=HYPERLINK(""https://stackoverflow.com/q/4759547"", ""4759547"")",0.6900793650793652,"0","2081"
"=HYPERLINK(""https://stackoverflow.com/q/4805752"", ""4805752"")",0.328416912487709,"0","1190"
"=HYPERLINK(""https://stackoverflow.com/q/4805878"", ""4805878"")",0.3679508654383024,"1","1150"
"=HYPERLINK(""https://stackoverflow.com/q/4878839"", ""4878839"")",0.4117383512544803,"1","1742"
"=HYPERLINK(""https://stackoverflow.com/q/4882843"", ""4882843"")",0.7174145299145299,"0","1390"
"=HYPERLINK(""https://stackoverflow.com/q/5149879"", ""5149879"")",0.2918098510882016,"0","308"
"=HYPERLINK(""https://stackoverflow.com/q/5459770"", ""5459770"")",0.5075248158821647,"3","3501"
"=HYPERLINK(""https://stackoverflow.com/q/5502265"", ""5502265"")",0.5645041014168535,"4","6916"
"=HYPERLINK(""https://stackoverflow.com/q/5655332"", ""5655332"")",0.1908124340556773,"6","23890"
"=HYPERLINK(""https://stackoverflow.com/q/5658842"", ""5658842"")",0.667949704901206,"3","6017"
"=HYPERLINK(""https://stackoverflow.com/q/5730482"", ""5730482"")",0.9349294045426644,"2","949"
"=HYPERLINK(""https://stackoverflow.com/q/5996352"", ""5996352"")",0.5935577271082156,"0","154"
"=HYPERLINK(""https://stackoverflow.com/q/6030531"", ""6030531"")",0.6122222222222219,"0","120"
"=HYPERLINK(""https://stackoverflow.com/q/6062563"", ""6062563"")",0.7059698321648613,"1","481"
"=HYPERLINK(""https://stackoverflow.com/q/6078575"", ""6078575"")",0.5989827856025042,"3","2996"
"=HYPERLINK(""https://stackoverflow.com/q/6095832"", ""6095832"")",0.6413398692810458,"0","1719"
"=HYPERLINK(""https://stackoverflow.com/q/6099275"", ""6099275"")",0.2417980786659417,"1","166"
"=HYPERLINK(""https://stackoverflow.com/q/6362884"", ""6362884"")",0.6758512544802869,"2","1591"
"=HYPERLINK(""https://stackoverflow.com/q/6390401"", ""6390401"")",0.4830917874396135,"1","1946"
"=HYPERLINK(""https://stackoverflow.com/q/6692754"", ""6692754"")",0.2816816816816816,"0","416"
"=HYPERLINK(""https://stackoverflow.com/q/6713899"", ""6713899"")",0.4467120181405897,"1","979"
"=HYPERLINK(""https://stackoverflow.com/q/6780578"", ""6780578"")",0.8474993840847497,"2","962"
"=HYPERLINK(""https://stackoverflow.com/q/6791937"", ""6791937"")",0.3665521191294386,"2","8899"
"=HYPERLINK(""https://stackoverflow.com/q/6817429"", ""6817429"")",0.4168530947054439,"2","241"
"=HYPERLINK(""https://stackoverflow.com/q/6957399"", ""6957399"")",0.4006788138620938,"1","514"
"=HYPERLINK(""https://stackoverflow.com/q/6958353"", ""6958353"")",0.6903073286052008,"1","3296"
"=HYPERLINK(""https://stackoverflow.com/q/7013134"", ""7013134"")",0.4955645767553753,"7","3342"
"=HYPERLINK(""https://stackoverflow.com/q/7312108"", ""7312108"")",0.3243498817966904,"0","1168"
"=HYPERLINK(""https://stackoverflow.com/q/7347915"", ""7347915"")",0.61371158392435,"0","871"
"=HYPERLINK(""https://stackoverflow.com/q/7401025"", ""7401025"")",0.3302554632194521,"5","2127"
"=HYPERLINK(""https://stackoverflow.com/q/7471160"", ""7471160"")",0.4597912829957031,"0","1441"
"=HYPERLINK(""https://stackoverflow.com/q/7671342"", ""7671342"")",0.4306479428430646,"1","980"
"=HYPERLINK(""https://stackoverflow.com/q/7682970"", ""7682970"")",0.8277268093781857,"0","82"
"=HYPERLINK(""https://stackoverflow.com/q/7684537"", ""7684537"")",0.3866581686849374,"1","438"
"=HYPERLINK(""https://stackoverflow.com/q/7685824"", ""7685824"")",0.5169590643274855,"3","3415"
"=HYPERLINK(""https://stackoverflow.com/q/7687021"", ""7687021"")",0.6130672926447577,"2","10001"
"=HYPERLINK(""https://stackoverflow.com/q/7804477"", ""7804477"")",0.2835719154737558,"0","381"
"=HYPERLINK(""https://stackoverflow.com/q/7850189"", ""7850189"")",0.5167007498295842,"3","9740"
"=HYPERLINK(""https://stackoverflow.com/q/7875389"", ""7875389"")",0.6345299145299146,"3","5810"
"=HYPERLINK(""https://stackoverflow.com/q/7966742"", ""7966742"")",0.3856571252693136,"4","2118"
"=HYPERLINK(""https://stackoverflow.com/q/8135654"", ""8135654"")",0.6500572737686139,"0","1619"
"=HYPERLINK(""https://stackoverflow.com/q/8148777"", ""8148777"")",0.5790061418202118,"3","1185"
"=HYPERLINK(""https://stackoverflow.com/q/8211393"", ""8211393"")",0.5985108820160365,"0","206"
"=HYPERLINK(""https://stackoverflow.com/q/8213618"", ""8213618"")",0.4005354752342703,"2","1295"
"=HYPERLINK(""https://stackoverflow.com/q/8310693"", ""8310693"")",0.6912487708947886,"2","190"
"=HYPERLINK(""https://stackoverflow.com/q/8543346"", ""8543346"")",0.637514576045311,"0","2882"
"=HYPERLINK(""https://stackoverflow.com/q/8644955"", ""8644955"")",0.4045207691178629,"3","2478"
"=HYPERLINK(""https://stackoverflow.com/q/8666242"", ""8666242"")",0.532045899804086,"1","281"
"=HYPERLINK(""https://stackoverflow.com/q/8891771"", ""8891771"")",0.6329365079365079,"0","643"
"=HYPERLINK(""https://stackoverflow.com/q/9058478"", ""9058478"")",0.8323917137476455,"0","4541"
"=HYPERLINK(""https://stackoverflow.com/q/9078562"", ""9078562"")",0.6643274853801173,"1","503"
"=HYPERLINK(""https://stackoverflow.com/q/9080740"", ""9080740"")",0.517524235645041,"4","5621"
"=HYPERLINK(""https://stackoverflow.com/q/9083135"", ""9083135"")",0.2900793650793651,"3","4532"
"=HYPERLINK(""https://stackoverflow.com/q/9185107"", ""9185107"")",0.4436244362443625,"1","3761"
"=HYPERLINK(""https://stackoverflow.com/q/9208911"", ""9208911"")",0.7584213172448466,"0","1841"
"=HYPERLINK(""https://stackoverflow.com/q/9209828"", ""9209828"")",0.5531045751633987,"0","571"
"=HYPERLINK(""https://stackoverflow.com/q/9266395"", ""9266395"")",0.6876600102406552,"3","4359"
"=HYPERLINK(""https://stackoverflow.com/q/9314408"", ""9314408"")",0.7981715893108295,"3","916"
"=HYPERLINK(""https://stackoverflow.com/q/9316573"", ""9316573"")",0.410314238460382,"1","1397"
"=HYPERLINK(""https://stackoverflow.com/q/9481780"", ""9481780"")",0.749067859806115,"2","732"
"=HYPERLINK(""https://stackoverflow.com/q/9491306"", ""9491306"")",0.5132058287795993,"0","588"
"=HYPERLINK(""https://stackoverflow.com/q/9587063"", ""9587063"")",0.5469454694546946,"0","488"
"=HYPERLINK(""https://stackoverflow.com/q/9597671"", ""9597671"")",0.4906785980611485,"0","1055"
"=HYPERLINK(""https://stackoverflow.com/q/9602545"", ""9602545"")",0.5592387968078577,"0","489"
"=HYPERLINK(""https://stackoverflow.com/q/9704098"", ""9704098"")",0.2867917586460632,"2","724"
"=HYPERLINK(""https://stackoverflow.com/q/9717749"", ""9717749"")",0.686823992133727,"0","1678"
"=HYPERLINK(""https://stackoverflow.com/q/9720693"", ""9720693"")",0.4906951286261629,"0","2849"
"=HYPERLINK(""https://stackoverflow.com/q/9756743"", ""9756743"")",0.7345173041894355,"0","2368"
"=HYPERLINK(""https://stackoverflow.com/q/9766853"", ""9766853"")",0.6539565395653959,"1","1505"
"=HYPERLINK(""https://stackoverflow.com/q/9799148"", ""9799148"")",0.6741452991452993,"0","829"
"=HYPERLINK(""https://stackoverflow.com/q/9802620"", ""9802620"")",0.4087768440709616,"0","1066"
"=HYPERLINK(""https://stackoverflow.com/q/9834227"", ""9834227"")",0.6074681238615668,"2","1421"
"=HYPERLINK(""https://stackoverflow.com/q/9896618"", ""9896618"")",0.3187739463601532,"2","3435"
"=HYPERLINK(""https://stackoverflow.com/q/9901056"", ""9901056"")",0.5662455458373828,"0","977"
"=HYPERLINK(""https://stackoverflow.com/q/9944581"", ""9944581"")",0.3707809805370779,"0","3203"
"=HYPERLINK(""https://stackoverflow.com/q/10241730"", ""10241730"")",0.6095942358740992,"4","5860"
"=HYPERLINK(""https://stackoverflow.com/q/10243447"", ""10243447"")",0.4989345509893452,"0","1128"
"=HYPERLINK(""https://stackoverflow.com/q/10328636"", ""10328636"")",0.5898692810457516,"0","640"
"=HYPERLINK(""https://stackoverflow.com/q/10335678"", ""10335678"")",0.6330330330330327,"0","1980"
"=HYPERLINK(""https://stackoverflow.com/q/10400631"", ""10400631"")",0.3395691609977322,"0","1014"
"=HYPERLINK(""https://stackoverflow.com/q/10599982"", ""10599982"")",0.5399194503672117,"1","945"
"=HYPERLINK(""https://stackoverflow.com/q/10616910"", ""10616910"")",0.6738351254480281,"2","89"
"=HYPERLINK(""https://stackoverflow.com/q/10648686"", ""10648686"")",0.5708708708708706,"1","13041"
"=HYPERLINK(""https://stackoverflow.com/q/10749499"", ""10749499"")",0.4241452991452991,"0","13677"
"=HYPERLINK(""https://stackoverflow.com/q/10750423"", ""10750423"")",0.4018629407850965,"1","426"
"=HYPERLINK(""https://stackoverflow.com/q/10796638"", ""10796638"")",0.6558505408062931,"1","376"
"=HYPERLINK(""https://stackoverflow.com/q/10813681"", ""10813681"")",0.544256120527307,"0","870"
"=HYPERLINK(""https://stackoverflow.com/q/10852950"", ""10852950"")",0.7580189889658709,"0","280"
"=HYPERLINK(""https://stackoverflow.com/q/10879875"", ""10879875"")",0.4925805284111472,"0","598"
"=HYPERLINK(""https://stackoverflow.com/q/10935640"", ""10935640"")",0.350271002710027,"0","670"
"=HYPERLINK(""https://stackoverflow.com/q/10978605"", ""10978605"")",0.3385323826500297,"0","235"
"=HYPERLINK(""https://stackoverflow.com/q/10997987"", ""10997987"")",0.8575813382443217,"0","995"
"=HYPERLINK(""https://stackoverflow.com/q/10999989"", ""10999989"")",0.6001749781277343,"0","857"
"=HYPERLINK(""https://stackoverflow.com/q/11135388"", ""11135388"")",0.4512298558100088,"0","109"
"=HYPERLINK(""https://stackoverflow.com/q/11155405"", ""11155405"")",0.6971176197117614,"1","165"
"=HYPERLINK(""https://stackoverflow.com/q/11326442"", ""11326442"")",0.7060931899641573,"1","5011"
"=HYPERLINK(""https://stackoverflow.com/q/11363860"", ""11363860"")",0.3086708203530633,"1","552"
"=HYPERLINK(""https://stackoverflow.com/q/11398487"", ""11398487"")",0.3801169590643276,"0","525"
"=HYPERLINK(""https://stackoverflow.com/q/11429211"", ""11429211"")",0.8137115839243498,"0","4973"
"=HYPERLINK(""https://stackoverflow.com/q/11529708"", ""11529708"")",0.4885538805136793,"0","656"
"=HYPERLINK(""https://stackoverflow.com/q/11560385"", ""11560385"")",0.4157706093189964,"1","629"
"=HYPERLINK(""https://stackoverflow.com/q/11582535"", ""11582535"")",0.4044726184187357,"0","255"
"=HYPERLINK(""https://stackoverflow.com/q/11612041"", ""11612041"")",0.4991452991452992,"1","5247"
"=HYPERLINK(""https://stackoverflow.com/q/11634520"", ""11634520"")",0.6437606837606841,"0","3805"
"=HYPERLINK(""https://stackoverflow.com/q/11835544"", ""11835544"")",0.5010543390105435,"0","1611"
"=HYPERLINK(""https://stackoverflow.com/q/11941992"", ""11941992"")",0.3266998341625207,"0","576"
"=HYPERLINK(""https://stackoverflow.com/q/12033435"", ""12033435"")",0.3329714078899746,"0","171"
"=HYPERLINK(""https://stackoverflow.com/q/12110016"", ""12110016"")",0.4129962644427069,"0","147"
"=HYPERLINK(""https://stackoverflow.com/q/12139385"", ""12139385"")",0.5409289196818063,"1","256"
"=HYPERLINK(""https://stackoverflow.com/q/12181911"", ""12181911"")",0.361397479954181,"0","462"
"=HYPERLINK(""https://stackoverflow.com/q/12196730"", ""12196730"")",0.4050477069867652,"0","896"
"=HYPERLINK(""https://stackoverflow.com/q/12338442"", ""12338442"")",0.3260284505959244,"1","661"
"=HYPERLINK(""https://stackoverflow.com/q/12377051"", ""12377051"")",0.2776593224354421,"0","171"
"=HYPERLINK(""https://stackoverflow.com/q/12383772"", ""12383772"")",0.4924300744162175,"1","134"
"=HYPERLINK(""https://stackoverflow.com/q/12470590"", ""12470590"")",0.6455351056578048,"1","397"
"=HYPERLINK(""https://stackoverflow.com/q/12507855"", ""12507855"")",0.4903073286052009,"1","2521"
"=HYPERLINK(""https://stackoverflow.com/q/12526742"", ""12526742"")",0.3284274728188806,"0","679"
"=HYPERLINK(""https://stackoverflow.com/q/12586089"", ""12586089"")",0.3867323885808175,"0","105"
"=HYPERLINK(""https://stackoverflow.com/q/12642781"", ""12642781"")",0.399071096820293,"1","798"
"=HYPERLINK(""https://stackoverflow.com/q/12785147"", ""12785147"")",0.5318813131313128,"1","779"
"=HYPERLINK(""https://stackoverflow.com/q/13020620"", ""13020620"")",0.3701746660795537,"3","3997"
"=HYPERLINK(""https://stackoverflow.com/q/13080622"", ""13080622"")",0.5380116959064329,"2","6936"
"=HYPERLINK(""https://stackoverflow.com/q/13083227"", ""13083227"")",0.4069797279958942,"0","630"
"=HYPERLINK(""https://stackoverflow.com/q/13120376"", ""13120376"")",0.4648692810457516,"0","68"
"=HYPERLINK(""https://stackoverflow.com/q/13251167"", ""13251167"")",0.4036738351254481,"0","689"
"=HYPERLINK(""https://stackoverflow.com/q/13278055"", ""13278055"")",0.7095201437002823,"0","3143"
"=HYPERLINK(""https://stackoverflow.com/q/13293538"", ""13293538"")",0.5211912943871706,"0","437"
"=HYPERLINK(""https://stackoverflow.com/q/13306729"", ""13306729"")",0.7552037525652303,"1","1381"
"=HYPERLINK(""https://stackoverflow.com/q/13373025"", ""13373025"")",0.5193397388519339,"2","4535"
"=HYPERLINK(""https://stackoverflow.com/q/13470320"", ""13470320"")",0.5605455755156351,"1","103"
"=HYPERLINK(""https://stackoverflow.com/q/13685287"", ""13685287"")",0.6925779534475186,"0","438"
"=HYPERLINK(""https://stackoverflow.com/q/13700555"", ""13700555"")",0.4478859390363817,"0","359"
"=HYPERLINK(""https://stackoverflow.com/q/13715584"", ""13715584"")",0.4962807996280798,"0","1291"
"=HYPERLINK(""https://stackoverflow.com/q/13794602"", ""13794602"")",0.5237297599106644,"1","1917"
"=HYPERLINK(""https://stackoverflow.com/q/13823506"", ""13823506"")",0.7743694614860256,"0","268"
"=HYPERLINK(""https://stackoverflow.com/q/14118174"", ""14118174"")",0.4783197831978317,"1","2805"
"=HYPERLINK(""https://stackoverflow.com/q/14130621"", ""14130621"")",0.5598510882016036,"1","1325"
"=HYPERLINK(""https://stackoverflow.com/q/14229660"", ""14229660"")",0.3599467731204256,"0","887"
"=HYPERLINK(""https://stackoverflow.com/q/14236698"", ""14236698"")",0.5909722222222226,"1","1436"
"=HYPERLINK(""https://stackoverflow.com/q/14315904"", ""14315904"")",0.5114114114114113,"0","4753"
"=HYPERLINK(""https://stackoverflow.com/q/14349456"", ""14349456"")",0.3134733981394376,"2","6428"
"=HYPERLINK(""https://stackoverflow.com/q/14363055"", ""14363055"")",0.4079100692302419,"3","1202"
"=HYPERLINK(""https://stackoverflow.com/q/14463416"", ""14463416"")",0.52975360297536,"1","1934"
"=HYPERLINK(""https://stackoverflow.com/q/14476830"", ""14476830"")",0.313131313131313,"1","1178"
"=HYPERLINK(""https://stackoverflow.com/q/14572333"", ""14572333"")",0.4741306191687875,"3","1896"
"=HYPERLINK(""https://stackoverflow.com/q/14582027"", ""14582027"")",0.6755094194540558,"1","492"
"=HYPERLINK(""https://stackoverflow.com/q/14686551"", ""14686551"")",0.3515856719142137,"0","197"
"=HYPERLINK(""https://stackoverflow.com/q/14733817"", ""14733817"")",0.5906432748538014,"0","2684"
"=HYPERLINK(""https://stackoverflow.com/q/14763850"", ""14763850"")",0.5035125448028673,"1","1787"
"=HYPERLINK(""https://stackoverflow.com/q/14769736"", ""14769736"")",0.5351993214588635,"0","1440"
"=HYPERLINK(""https://stackoverflow.com/q/14935540"", ""14935540"")",0.4480286738351252,"0","1370"
"=HYPERLINK(""https://stackoverflow.com/q/14946544"", ""14946544"")",0.671390429246252,"2","7588"
"=HYPERLINK(""https://stackoverflow.com/q/14978637"", ""14978637"")",0.5438302624232271,"0","1388"
"=HYPERLINK(""https://stackoverflow.com/q/14981482"", ""14981482"")",0.401169590643275,"1","421"
"=HYPERLINK(""https://stackoverflow.com/q/14993268"", ""14993268"")",0.6222222222222226,"0","1091"
"=HYPERLINK(""https://stackoverflow.com/q/15002677"", ""15002677"")",0.3125326643670952,"1","866"
"=HYPERLINK(""https://stackoverflow.com/q/15064185"", ""15064185"")",0.8622222222222226,"1","4857"
"=HYPERLINK(""https://stackoverflow.com/q/15065466"", ""15065466"")",0.3915135608048993,"2","827"
"=HYPERLINK(""https://stackoverflow.com/q/15069692"", ""15069692"")",0.5900793650793651,"0","303"
"=HYPERLINK(""https://stackoverflow.com/q/15155210"", ""15155210"")",0.5767928593413358,"1","606"
"=HYPERLINK(""https://stackoverflow.com/q/15155794"", ""15155794"")",0.5977162933684673,"1","562"
"=HYPERLINK(""https://stackoverflow.com/q/15293655"", ""15293655"")",0.3159124707881878,"2","879"
"=HYPERLINK(""https://stackoverflow.com/q/15445297"", ""15445297"")",0.5686507936507936,"3","3983"
"=HYPERLINK(""https://stackoverflow.com/q/15456698"", ""15456698"")",0.4921085858585857,"0","594"
"=HYPERLINK(""https://stackoverflow.com/q/15612653"", ""15612653"")",0.3541371158392435,"0","297"
"=HYPERLINK(""https://stackoverflow.com/q/15635656"", ""15635656"")",0.5717031910803536,"0","1031"
"=HYPERLINK(""https://stackoverflow.com/q/15659452"", ""15659452"")",0.5519602807738404,"0","225"
"=HYPERLINK(""https://stackoverflow.com/q/15741046"", ""15741046"")",0.4365079365079365,"1","196"
"=HYPERLINK(""https://stackoverflow.com/q/15787031"", ""15787031"")",0.4727355692448092,"0","489"
"=HYPERLINK(""https://stackoverflow.com/q/15816671"", ""15816671"")",0.2962201667237639,"0","196"
"=HYPERLINK(""https://stackoverflow.com/q/15841859"", ""15841859"")",0.6016688625384274,"1","703"
"=HYPERLINK(""https://stackoverflow.com/q/15903107"", ""15903107"")",0.401454085664612,"0","1739"
"=HYPERLINK(""https://stackoverflow.com/q/15937669"", ""15937669"")",0.313526570048309,"0","2302"
"=HYPERLINK(""https://stackoverflow.com/q/15947615"", ""15947615"")",0.4045426642111726,"0","1689"
"=HYPERLINK(""https://stackoverflow.com/q/16236612"", ""16236612"")",0.4676209952283571,"0","252"
"=HYPERLINK(""https://stackoverflow.com/q/16334171"", ""16334171"")",0.6004549808429118,"2","1075"
"=HYPERLINK(""https://stackoverflow.com/q/16338849"", ""16338849"")",0.5500524109014675,"1","1697"
"=HYPERLINK(""https://stackoverflow.com/q/16422570"", ""16422570"")",0.6021614319486662,"2","12859"
"=HYPERLINK(""https://stackoverflow.com/q/16437841"", ""16437841"")",0.6264138389886887,"0","493"
"=HYPERLINK(""https://stackoverflow.com/q/16594475"", ""16594475"")",0.3769183548189073,"0","808"
"=HYPERLINK(""https://stackoverflow.com/q/16794419"", ""16794419"")",0.5577271082157075,"0","605"
"=HYPERLINK(""https://stackoverflow.com/q/16883216"", ""16883216"")",0.531500572737686,"2","6941"
"=HYPERLINK(""https://stackoverflow.com/q/17154290"", ""17154290"")",0.757936507936508,"0","560"
"=HYPERLINK(""https://stackoverflow.com/q/17184283"", ""17184283"")",0.3590643274853801,"2","1616"
"=HYPERLINK(""https://stackoverflow.com/q/17242775"", ""17242775"")",0.6987322893363161,"1","312"
"=HYPERLINK(""https://stackoverflow.com/q/17298532"", ""17298532"")",0.472642390289449,"0","651"
"=HYPERLINK(""https://stackoverflow.com/q/17337957"", ""17337957"")",0.6607468123861567,"1","1175"
"=HYPERLINK(""https://stackoverflow.com/q/17546548"", ""17546548"")",0.5363815142576206,"0","1143"
"=HYPERLINK(""https://stackoverflow.com/q/17562397"", ""17562397"")",0.4768347683476836,"2","909"
"=HYPERLINK(""https://stackoverflow.com/q/17591346"", ""17591346"")",0.4440044004400439,"1","248"
"=HYPERLINK(""https://stackoverflow.com/q/17674932"", ""17674932"")",0.6679769392033543,"1","147"
"=HYPERLINK(""https://stackoverflow.com/q/17699851"", ""17699851"")",0.4655138143510236,"1","1638"
"=HYPERLINK(""https://stackoverflow.com/q/17854997"", ""17854997"")",0.6643274853801173,"0","372"
"=HYPERLINK(""https://stackoverflow.com/q/17964759"", ""17964759"")",0.67027417027417,"1","170"
"=HYPERLINK(""https://stackoverflow.com/q/17990586"", ""17990586"")",0.4033245844269468,"0","565"
"=HYPERLINK(""https://stackoverflow.com/q/17990691"", ""17990691"")",0.6593269305848362,"0","804"
"=HYPERLINK(""https://stackoverflow.com/q/18148448"", ""18148448"")",0.4157706093189963,"2","250"
"=HYPERLINK(""https://stackoverflow.com/q/18179579"", ""18179579"")",0.2978524743230625,"0","672"
"=HYPERLINK(""https://stackoverflow.com/q/18207301"", ""18207301"")",0.4946528910639841,"0","1278"
"=HYPERLINK(""https://stackoverflow.com/q/18228631"", ""18228631"")",0.410692288741069,"0","235"
"=HYPERLINK(""https://stackoverflow.com/q/18271377"", ""18271377"")",0.4921184159938485,"0","248"
"=HYPERLINK(""https://stackoverflow.com/q/18310721"", ""18310721"")",0.4014675052410901,"0","204"
"=HYPERLINK(""https://stackoverflow.com/q/18471255"", ""18471255"")",0.5087087087087085,"0","98"
"=HYPERLINK(""https://stackoverflow.com/q/18653506"", ""18653506"")",0.3330093942338841,"1","62"
"=HYPERLINK(""https://stackoverflow.com/q/18709947"", ""18709947"")",0.647982508447625,"0","298"
"=HYPERLINK(""https://stackoverflow.com/q/18717454"", ""18717454"")",0.5596455351056576,"3","2125"
"=HYPERLINK(""https://stackoverflow.com/q/18743868"", ""18743868"")",0.7153097798259087,"0","597"
"=HYPERLINK(""https://stackoverflow.com/q/18744206"", ""18744206"")",0.6015325670498085,"0","353"
"=HYPERLINK(""https://stackoverflow.com/q/18900436"", ""18900436"")",0.7354965585054082,"3","1932"
"=HYPERLINK(""https://stackoverflow.com/q/18915908"", ""18915908"")",0.513526570048309,"1","467"
"=HYPERLINK(""https://stackoverflow.com/q/18918971"", ""18918971"")",0.2777196044211749,"0","473"
"=HYPERLINK(""https://stackoverflow.com/q/19087268"", ""19087268"")",0.3796690307328605,"0","396"
"=HYPERLINK(""https://stackoverflow.com/q/19098724"", ""19098724"")",0.6863106200122775,"0","850"
"=HYPERLINK(""https://stackoverflow.com/q/19288682"", ""19288682"")",0.4478859390363819,"0","196"
"=HYPERLINK(""https://stackoverflow.com/q/19294834"", ""19294834"")",0.4634282523729756,"1","938"
"=HYPERLINK(""https://stackoverflow.com/q/19328486"", ""19328486"")",0.5083184789067143,"0","475"
"=HYPERLINK(""https://stackoverflow.com/q/19330942"", ""19330942"")",0.4082687338501291,"1","1233"
"=HYPERLINK(""https://stackoverflow.com/q/19451772"", ""19451772"")",0.3955925412236094,"0","1287"
"=HYPERLINK(""https://stackoverflow.com/q/19495030"", ""19495030"")",0.3966903073286052,"0","271"
"=HYPERLINK(""https://stackoverflow.com/q/19536980"", ""19536980"")",0.269392033542977,"1","932"
"=HYPERLINK(""https://stackoverflow.com/q/19544119"", ""19544119"")",0.4500703234880447,"0","786"
"=HYPERLINK(""https://stackoverflow.com/q/19562543"", ""19562543"")",0.923879680785758,"0","2296"
"=HYPERLINK(""https://stackoverflow.com/q/19626211"", ""19626211"")",0.3926767676767675,"1","684"
"=HYPERLINK(""https://stackoverflow.com/q/19722661"", ""19722661"")",0.4491026167968213,"1","2316"
"=HYPERLINK(""https://stackoverflow.com/q/19832231"", ""19832231"")",0.4087087087087085,"0","2101"
"=HYPERLINK(""https://stackoverflow.com/q/20004737"", ""20004737"")",0.5309293462327764,"0","989"
"=HYPERLINK(""https://stackoverflow.com/q/20006364"", ""20006364"")",0.6192071468453376,"0","208"
"=HYPERLINK(""https://stackoverflow.com/q/20041897"", ""20041897"")",0.3413357956294245,"0","1285"
"=HYPERLINK(""https://stackoverflow.com/q/20060928"", ""20060928"")",0.4346714779732372,"1","345"
"=HYPERLINK(""https://stackoverflow.com/q/20066024"", ""20066024"")",0.4722222222222223,"1","1231"
"=HYPERLINK(""https://stackoverflow.com/q/20081545"", ""20081545"")",0.6477541371158396,"1","1144"
"=HYPERLINK(""https://stackoverflow.com/q/20107877"", ""20107877"")",0.6041524070271501,"1","465"
"=HYPERLINK(""https://stackoverflow.com/q/20119229"", ""20119229"")",0.5058989258672302,"3","1172"
"=HYPERLINK(""https://stackoverflow.com/q/20213607"", ""20213607"")",0.3978978978978976,"0","657"
"=HYPERLINK(""https://stackoverflow.com/q/20269169"", ""20269169"")",0.6452588714368819,"0","432"
"=HYPERLINK(""https://stackoverflow.com/q/20407121"", ""20407121"")",0.3084291187739461,"0","1923"
"=HYPERLINK(""https://stackoverflow.com/q/20440880"", ""20440880"")",0.3992650237786423,"1","1035"
"=HYPERLINK(""https://stackoverflow.com/q/20521824"", ""20521824"")",0.6748538011695909,"0","5379"
"=HYPERLINK(""https://stackoverflow.com/q/20544597"", ""20544597"")",0.3817314246762098,"0","355"
"=HYPERLINK(""https://stackoverflow.com/q/20558873"", ""20558873"")",0.384439881359799,"0","1321"
"=HYPERLINK(""https://stackoverflow.com/q/20684672"", ""20684672"")",0.4664618535586276,"0","2148"
"=HYPERLINK(""https://stackoverflow.com/q/20741568"", ""20741568"")",0.4505959246443672,"0","192"
"=HYPERLINK(""https://stackoverflow.com/q/20817021"", ""20817021"")",0.4182449494949493,"1","527"
"=HYPERLINK(""https://stackoverflow.com/q/20946094"", ""20946094"")",0.5312601230968579,"0","905"
"=HYPERLINK(""https://stackoverflow.com/q/20992194"", ""20992194"")",0.3059326294620412,"1","1278"
"=HYPERLINK(""https://stackoverflow.com/q/21086626"", ""21086626"")",0.3349763811871024,"0","380"
"=HYPERLINK(""https://stackoverflow.com/q/21092356"", ""21092356"")",0.4130619168787114,"1","846"
"=HYPERLINK(""https://stackoverflow.com/q/21125209"", ""21125209"")",0.523260284505959,"1","143"
"=HYPERLINK(""https://stackoverflow.com/q/21135476"", ""21135476"")",0.4886156648451731,"0","622"
"=HYPERLINK(""https://stackoverflow.com/q/21250490"", ""21250490"")",0.6452991452991453,"2","178"
"=HYPERLINK(""https://stackoverflow.com/q/21277017"", ""21277017"")",0.6116027531956737,"0","756"
"=HYPERLINK(""https://stackoverflow.com/q/21301046"", ""21301046"")",0.4842148421484215,"0","138"
"=HYPERLINK(""https://stackoverflow.com/q/21515561"", ""21515561"")",0.5661136249371542,"0","1331"
"=HYPERLINK(""https://stackoverflow.com/q/21625377"", ""21625377"")",0.5813382443216699,"0","108"
"=HYPERLINK(""https://stackoverflow.com/q/21629072"", ""21629072"")",0.5665335994677311,"0","3573"
"=HYPERLINK(""https://stackoverflow.com/q/21649433"", ""21649433"")",0.4400440044004399,"0","259"
"=HYPERLINK(""https://stackoverflow.com/q/21749626"", ""21749626"")",0.591074681238616,"1","1717"
"=HYPERLINK(""https://stackoverflow.com/q/21789616"", ""21789616"")",0.7424780857616682,"2","746"
"=HYPERLINK(""https://stackoverflow.com/q/21823559"", ""21823559"")",0.5983155166828639,"2","219"
"=HYPERLINK(""https://stackoverflow.com/q/21993806"", ""21993806"")",0.3506625891946994,"3","380"
"=HYPERLINK(""https://stackoverflow.com/q/21997759"", ""21997759"")",0.2903156074362298,"0","1427"
"=HYPERLINK(""https://stackoverflow.com/q/22020386"", ""22020386"")",0.6705849426252445,"0","935"
"=HYPERLINK(""https://stackoverflow.com/q/22022457"", ""22022457"")",0.370199100834939,"2","925"
"=HYPERLINK(""https://stackoverflow.com/q/22169800"", ""22169800"")",0.5095150399017803,"1","992"
"=HYPERLINK(""https://stackoverflow.com/q/22196955"", ""22196955"")",0.630526720492118,"1","119"
"=HYPERLINK(""https://stackoverflow.com/q/22213660"", ""22213660"")",0.6807857581338245,"0","1470"
"=HYPERLINK(""https://stackoverflow.com/q/22324733"", ""22324733"")",0.3393301651957456,"0","400"
"=HYPERLINK(""https://stackoverflow.com/q/22349486"", ""22349486"")",0.261386713083841,"5","637"
"=HYPERLINK(""https://stackoverflow.com/q/22386596"", ""22386596"")",0.4070271503536388,"1","605"
"=HYPERLINK(""https://stackoverflow.com/q/22401001"", ""22401001"")",0.6517524235645044,"1","992"
"=HYPERLINK(""https://stackoverflow.com/q/22401314"", ""22401314"")",0.4934086629001886,"1","791"
"=HYPERLINK(""https://stackoverflow.com/q/22401546"", ""22401546"")",0.2767676767676768,"1","84"
"=HYPERLINK(""https://stackoverflow.com/q/22402048"", ""22402048"")",0.3831597222222223,"1","502"
"=HYPERLINK(""https://stackoverflow.com/q/22454278"", ""22454278"")",0.4371269015983056,"1","514"
"=HYPERLINK(""https://stackoverflow.com/q/22613106"", ""22613106"")",0.4479647964796478,"1","677"
"=HYPERLINK(""https://stackoverflow.com/q/22714019"", ""22714019"")",0.5059592464436753,"1","163"
"=HYPERLINK(""https://stackoverflow.com/q/22831902"", ""22831902"")",0.3361275476660092,"0","1112"
"=HYPERLINK(""https://stackoverflow.com/q/23041082"", ""23041082"")",0.3356242840778923,"0","154"
"=HYPERLINK(""https://stackoverflow.com/q/23113319"", ""23113319"")",0.6629438717067582,"0","102"
"=HYPERLINK(""https://stackoverflow.com/q/23344615"", ""23344615"")",0.394392033542977,"1","76"
"=HYPERLINK(""https://stackoverflow.com/q/23360850"", ""23360850"")",0.4111623143881207,"1","839"
"=HYPERLINK(""https://stackoverflow.com/q/23538654"", ""23538654"")",0.3041894353369764,"2","360"
"=HYPERLINK(""https://stackoverflow.com/q/23619344"", ""23619344"")",0.4573573573573571,"0","1335"
"=HYPERLINK(""https://stackoverflow.com/q/23897373"", ""23897373"")",0.2726880607315391,"0","1102"
"=HYPERLINK(""https://stackoverflow.com/q/23926638"", ""23926638"")",0.397265549778548,"0","1054"
"=HYPERLINK(""https://stackoverflow.com/q/24010759"", ""24010759"")",0.3626163108921728,"1","754"
"=HYPERLINK(""https://stackoverflow.com/q/24134256"", ""24134256"")",0.8388230127360559,"0","275"
"=HYPERLINK(""https://stackoverflow.com/q/24178965"", ""24178965"")",0.3775123246113006,"1","1569"
"=HYPERLINK(""https://stackoverflow.com/q/24266277"", ""24266277"")",0.4697792254795511,"1","459"
"=HYPERLINK(""https://stackoverflow.com/q/24357775"", ""24357775"")",0.6832274215289819,"0","1507"
"=HYPERLINK(""https://stackoverflow.com/q/24370165"", ""24370165"")",0.3376645010827919,"0","1482"
"=HYPERLINK(""https://stackoverflow.com/q/24445574"", ""24445574"")",0.3929539295392953,"0","335"
"=HYPERLINK(""https://stackoverflow.com/q/24488273"", ""24488273"")",0.4398813597992243,"0","450"
"=HYPERLINK(""https://stackoverflow.com/q/24507684"", ""24507684"")",0.3145705071826444,"0","1642"
"=HYPERLINK(""https://stackoverflow.com/q/24568764"", ""24568764"")",0.2757936507936507,"0","870"
"=HYPERLINK(""https://stackoverflow.com/q/24620094"", ""24620094"")",0.4029203741729407,"0","619"
"=HYPERLINK(""https://stackoverflow.com/q/24660600"", ""24660600"")",0.2610392277675089,"0","482"
"=HYPERLINK(""https://stackoverflow.com/q/24663626"", ""24663626"")",0.3833847057096727,"0","1549"
"=HYPERLINK(""https://stackoverflow.com/q/24698760"", ""24698760"")",0.2735467255334803,"0","609"
"=HYPERLINK(""https://stackoverflow.com/q/24796072"", ""24796072"")",0.2981715893108297,"0","393"
"=HYPERLINK(""https://stackoverflow.com/q/24888761"", ""24888761"")",0.4779040404040402,"0","855"
"=HYPERLINK(""https://stackoverflow.com/q/24994870"", ""24994870"")",0.436139747995418,"0","540"
"=HYPERLINK(""https://stackoverflow.com/q/25030083"", ""25030083"")",0.6260683760683762,"2","152"
"=HYPERLINK(""https://stackoverflow.com/q/25162727"", ""25162727"")",0.2913466461853557,"1","55"
"=HYPERLINK(""https://stackoverflow.com/q/25260753"", ""25260753"")",0.2822222222222221,"0","158"
"=HYPERLINK(""https://stackoverflow.com/q/25314115"", ""25314115"")",0.4753472222222224,"0","433"
"=HYPERLINK(""https://stackoverflow.com/q/25363142"", ""25363142"")",0.6033297140788997,"0","1847"
"=HYPERLINK(""https://stackoverflow.com/q/25513440"", ""25513440"")",0.417213277678394,"0","845"
"=HYPERLINK(""https://stackoverflow.com/q/25561466"", ""25561466"")",0.4052119129438717,"1","135"
"=HYPERLINK(""https://stackoverflow.com/q/25842688"", ""25842688"")",0.2153256704980842,"2","389"
"=HYPERLINK(""https://stackoverflow.com/q/25867570"", ""25867570"")",0.6156648451730419,"0","1409"
"=HYPERLINK(""https://stackoverflow.com/q/25916330"", ""25916330"")",0.533697632058288,"1","616"
"=HYPERLINK(""https://stackoverflow.com/q/25922151"", ""25922151"")",0.2818813131313131,"0","386"
"=HYPERLINK(""https://stackoverflow.com/q/25931531"", ""25931531"")",0.2970144659895353,"2","1777"
"=HYPERLINK(""https://stackoverflow.com/q/25938357"", ""25938357"")",0.7458361852612363,"0","126"
"=HYPERLINK(""https://stackoverflow.com/q/26020029"", ""26020029"")",0.4143404488232071,"0","1470"
"=HYPERLINK(""https://stackoverflow.com/q/26127620"", ""26127620"")",0.3958514650420656,"1","224"
"=HYPERLINK(""https://stackoverflow.com/q/26293313"", ""26293313"")",0.3984517304189437,"0","509"
"=HYPERLINK(""https://stackoverflow.com/q/26297447"", ""26297447"")",0.6391318432134762,"0","97"
"=HYPERLINK(""https://stackoverflow.com/q/26420843"", ""26420843"")",0.8360153256704981,"0","447"
"=HYPERLINK(""https://stackoverflow.com/q/26458409"", ""26458409"")",0.6517524235645044,"1","3071"
"=HYPERLINK(""https://stackoverflow.com/q/26473488"", ""26473488"")",0.512879661668589,"1","1310"
"=HYPERLINK(""https://stackoverflow.com/q/26529625"", ""26529625"")",0.8812083973374291,"2","2001"
"=HYPERLINK(""https://stackoverflow.com/q/26587871"", ""26587871"")",0.5274853801169593,"0","60"
"=HYPERLINK(""https://stackoverflow.com/q/26732843"", ""26732843"")",0.5908858166922681,"1","5893"
"=HYPERLINK(""https://stackoverflow.com/q/26774236"", ""26774236"")",0.6186507936507937,"0","611"
"=HYPERLINK(""https://stackoverflow.com/q/26779685"", ""26779685"")",0.3690366266543552,"2","835"
"=HYPERLINK(""https://stackoverflow.com/q/26839837"", ""26839837"")",0.7190576652601969,"2","1949"
"=HYPERLINK(""https://stackoverflow.com/q/26863704"", ""26863704"")",0.9024547803617566,"1","229"
"=HYPERLINK(""https://stackoverflow.com/q/26991498"", ""26991498"")",0.7541371158392435,"0","686"
"=HYPERLINK(""https://stackoverflow.com/q/27099767"", ""27099767"")",0.4698637316561846,"0","445"
"=HYPERLINK(""https://stackoverflow.com/q/27188208"", ""27188208"")",0.605339105339105,"0","124"
"=HYPERLINK(""https://stackoverflow.com/q/27214544"", ""27214544"")",0.3283998283998285,"1","765"
"=HYPERLINK(""https://stackoverflow.com/q/27456019"", ""27456019"")",0.4090734332948866,"2","654"
"=HYPERLINK(""https://stackoverflow.com/q/27518443"", ""27518443"")",0.5357357357357355,"1","342"
"=HYPERLINK(""https://stackoverflow.com/q/27692668"", ""27692668"")",0.4694546945469457,"0","48"
"=HYPERLINK(""https://stackoverflow.com/q/27785793"", ""27785793"")",0.2695305419612108,"0","1251"
"=HYPERLINK(""https://stackoverflow.com/q/27798965"", ""27798965"")",0.3509647371922819,"2","176"
"=HYPERLINK(""https://stackoverflow.com/q/27896327"", ""27896327"")",0.28194918467956,"0","623"
"=HYPERLINK(""https://stackoverflow.com/q/27931707"", ""27931707"")",0.6323604710701481,"1","75"
"=HYPERLINK(""https://stackoverflow.com/q/27967145"", ""27967145"")",0.5009107468123863,"0","1310"
"=HYPERLINK(""https://stackoverflow.com/q/27985902"", ""27985902"")",0.4832705264359943,"0","2408"
"=HYPERLINK(""https://stackoverflow.com/q/27985928"", ""27985928"")",0.5140510159965412,"0","148"
"=HYPERLINK(""https://stackoverflow.com/q/28050641"", ""28050641"")",0.3730021182360871,"1","2610"
"=HYPERLINK(""https://stackoverflow.com/q/28069239"", ""28069239"")",0.3623895862389585,"1","272"
"=HYPERLINK(""https://stackoverflow.com/q/28191876"", ""28191876"")",0.3976254480286739,"0","253"
"=HYPERLINK(""https://stackoverflow.com/q/28302122"", ""28302122"")",0.6606025039123634,"0","3173"
"=HYPERLINK(""https://stackoverflow.com/q/28337795"", ""28337795"")",0.5244892247411137,"0","1971"
"=HYPERLINK(""https://stackoverflow.com/q/28414967"", ""28414967"")",0.2546546546546546,"2","6797"
"=HYPERLINK(""https://stackoverflow.com/q/28428917"", ""28428917"")",0.5399562123700054,"0","1834"
"=HYPERLINK(""https://stackoverflow.com/q/28436610"", ""28436610"")",0.7658463832960479,"3","805"
"=HYPERLINK(""https://stackoverflow.com/q/28474480"", ""28474480"")",0.307864539602575,"2","5879"
"=HYPERLINK(""https://stackoverflow.com/q/28494429"", ""28494429"")",0.4829365079365079,"0","3867"
"=HYPERLINK(""https://stackoverflow.com/q/28563087"", ""28563087"")",0.3422522297240976,"3","797"
"=HYPERLINK(""https://stackoverflow.com/q/28563397"", ""28563397"")",0.6807857581338245,"0","1522"
"=HYPERLINK(""https://stackoverflow.com/q/28590675"", ""28590675"")",0.3356786866021696,"0","953"
"=HYPERLINK(""https://stackoverflow.com/q/28711760"", ""28711760"")",0.3902550091074682,"0","325"
"=HYPERLINK(""https://stackoverflow.com/q/28740557"", ""28740557"")",0.3692524072270906,"1","698"
"=HYPERLINK(""https://stackoverflow.com/q/28759347"", ""28759347"")",0.3087606837606839,"0","388"
"=HYPERLINK(""https://stackoverflow.com/q/28768100"", ""28768100"")",0.6372419850680717,"0","89"
"=HYPERLINK(""https://stackoverflow.com/q/28770891"", ""28770891"")",0.3689288090485693,"0","36"
"=HYPERLINK(""https://stackoverflow.com/q/28850157"", ""28850157"")",0.4026019690576652,"1","175"
"=HYPERLINK(""https://stackoverflow.com/q/28914396"", ""28914396"")",0.40415770609319,"1","1326"
"=HYPERLINK(""https://stackoverflow.com/q/28957452"", ""28957452"")",0.4365079365079366,"0","70"
"=HYPERLINK(""https://stackoverflow.com/q/29127251"", ""29127251"")",0.8615664845173046,"0","1561"
"=HYPERLINK(""https://stackoverflow.com/q/29137917"", ""29137917"")",0.4203789042498718,"1","800"
"=HYPERLINK(""https://stackoverflow.com/q/29210593"", ""29210593"")",0.4390363815142578,"0","330"
"=HYPERLINK(""https://stackoverflow.com/q/29259729"", ""29259729"")",0.4379656624554584,"0","235"
"=HYPERLINK(""https://stackoverflow.com/q/29291737"", ""29291737"")",0.4000572737686139,"0","59"
"=HYPERLINK(""https://stackoverflow.com/q/29341236"", ""29341236"")",0.5886344359626804,"2","1022"
"=HYPERLINK(""https://stackoverflow.com/q/29347334"", ""29347334"")",0.4652991452991455,"1","1262"
"=HYPERLINK(""https://stackoverflow.com/q/29356050"", ""29356050"")",0.392797915185975,"0","152"
"=HYPERLINK(""https://stackoverflow.com/q/29419787"", ""29419787"")",0.5068072024593764,"0","61"
"=HYPERLINK(""https://stackoverflow.com/q/29433884"", ""29433884"")",0.3329604772557794,"0","390"
"=HYPERLINK(""https://stackoverflow.com/q/29555020"", ""29555020"")",0.5940815187046342,"0","66"
"=HYPERLINK(""https://stackoverflow.com/q/29562869"", ""29562869"")",0.6933538619450859,"0","383"
"=HYPERLINK(""https://stackoverflow.com/q/29629359"", ""29629359"")",0.457516339869281,"1","146"
"=HYPERLINK(""https://stackoverflow.com/q/29649786"", ""29649786"")",0.3808938089380895,"1","645"
"=HYPERLINK(""https://stackoverflow.com/q/29852815"", ""29852815"")",0.3091787439613523,"0","1733"
"=HYPERLINK(""https://stackoverflow.com/q/29950577"", ""29950577"")",0.4365079365079365,"0","98"
"=HYPERLINK(""https://stackoverflow.com/q/29968033"", ""29968033"")",0.2499300307864539,"0","177"
"=HYPERLINK(""https://stackoverflow.com/q/30081638"", ""30081638"")",0.6008073082642873,"0","95"
"=HYPERLINK(""https://stackoverflow.com/q/30182960"", ""30182960"")",0.4710066630650097,"1","1185"
"=HYPERLINK(""https://stackoverflow.com/q/30192580"", ""30192580"")",0.4748173779315647,"0","182"
"=HYPERLINK(""https://stackoverflow.com/q/30459465"", ""30459465"")",0.832123212321232,"0","125"
"=HYPERLINK(""https://stackoverflow.com/q/30476935"", ""30476935"")",0.7364267676767674,"0","1190"
"=HYPERLINK(""https://stackoverflow.com/q/30482644"", ""30482644"")",0.6918354818907305,"0","889"
"=HYPERLINK(""https://stackoverflow.com/q/30498127"", ""30498127"")",0.4404690916318825,"0","307"
"=HYPERLINK(""https://stackoverflow.com/q/30564356"", ""30564356"")",0.596455351056578,"1","27"
"=HYPERLINK(""https://stackoverflow.com/q/30593310"", ""30593310"")",0.4135265700483089,"0","163"
"=HYPERLINK(""https://stackoverflow.com/q/30700220"", ""30700220"")",0.3552271483305964,"0","167"
"=HYPERLINK(""https://stackoverflow.com/q/30727607"", ""30727607"")",0.9293650793650792,"0","182"
"=HYPERLINK(""https://stackoverflow.com/q/30791910"", ""30791910"")",0.4962310327949096,"8","6462"
"=HYPERLINK(""https://stackoverflow.com/q/30967394"", ""30967394"")",0.4959064327485381,"0","74"
"=HYPERLINK(""https://stackoverflow.com/q/31046181"", ""31046181"")",0.4437965662455461,"4","1932"
"=HYPERLINK(""https://stackoverflow.com/q/31152635"", ""31152635"")",0.5026570048309176,"1","103"
"=HYPERLINK(""https://stackoverflow.com/q/31245470"", ""31245470"")",0.5753150057273767,"0","569"
"=HYPERLINK(""https://stackoverflow.com/q/31322360"", ""31322360"")",0.5543650793650795,"1","2603"
"=HYPERLINK(""https://stackoverflow.com/q/31485435"", ""31485435"")",0.6409285159285157,"0","906"
"=HYPERLINK(""https://stackoverflow.com/q/31606996"", ""31606996"")",0.6922683051715307,"0","1815"
"=HYPERLINK(""https://stackoverflow.com/q/31646955"", ""31646955"")",0.4188981224992306,"1","87"
"=HYPERLINK(""https://stackoverflow.com/q/31720348"", ""31720348"")",0.7106659818524226,"0","1113"
"=HYPERLINK(""https://stackoverflow.com/q/31758006"", ""31758006"")",0.2686989838414126,"0","475"
"=HYPERLINK(""https://stackoverflow.com/q/31804354"", ""31804354"")",0.3860447478194916,"1","62"
"=HYPERLINK(""https://stackoverflow.com/q/31833087"", ""31833087"")",0.3209984459984458,"0","113"
"=HYPERLINK(""https://stackoverflow.com/q/31863946"", ""31863946"")",0.260921044431981,"0","453"
"=HYPERLINK(""https://stackoverflow.com/q/31924535"", ""31924535"")",0.5452310717797443,"0","956"
"=HYPERLINK(""https://stackoverflow.com/q/31983791"", ""31983791"")",0.2098955658277692,"0","132"
"=HYPERLINK(""https://stackoverflow.com/q/31995917"", ""31995917"")",0.3030463109702413,"0","141"
"=HYPERLINK(""https://stackoverflow.com/q/32134100"", ""32134100"")",0.406271301976823,"0","297"
"=HYPERLINK(""https://stackoverflow.com/q/32247770"", ""32247770"")",0.4292193067703273,"0","1171"
"=HYPERLINK(""https://stackoverflow.com/q/32327601"", ""32327601"")",0.581669226830517,"0","26"
"=HYPERLINK(""https://stackoverflow.com/q/32346274"", ""32346274"")",0.3621539628365564,"1","1841"
"=HYPERLINK(""https://stackoverflow.com/q/32436109"", ""32436109"")",0.3707577870757785,"1","557"
"=HYPERLINK(""https://stackoverflow.com/q/32557854"", ""32557854"")",0.7801169590643278,"1","71"
"=HYPERLINK(""https://stackoverflow.com/q/32616584"", ""32616584"")",0.5337800111669455,"0","360"
"=HYPERLINK(""https://stackoverflow.com/q/33023959"", ""33023959"")",0.7510683760683761,"0","657"
"=HYPERLINK(""https://stackoverflow.com/q/33097200"", ""33097200"")",0.428723178245167,"1","117"
"=HYPERLINK(""https://stackoverflow.com/q/33117927"", ""33117927"")",0.654355186211142,"0","457"
"=HYPERLINK(""https://stackoverflow.com/q/33351524"", ""33351524"")",0.3710771840542835,"2","625"
"=HYPERLINK(""https://stackoverflow.com/q/33362826"", ""33362826"")",0.5700483091787437,"4","197"
"=HYPERLINK(""https://stackoverflow.com/q/33474565"", ""33474565"")",0.5597537083683176,"0","239"
"=HYPERLINK(""https://stackoverflow.com/q/33504976"", ""33504976"")",0.5829365079365079,"0","1856"
"=HYPERLINK(""https://stackoverflow.com/q/33644873"", ""33644873"")",0.6081282624906786,"0","72"
"=HYPERLINK(""https://stackoverflow.com/q/33699523"", ""33699523"")",0.5023778642455684,"0","57"
"=HYPERLINK(""https://stackoverflow.com/q/33823564"", ""33823564"")",0.7719959778783307,"0","3757"
"=HYPERLINK(""https://stackoverflow.com/q/34026242"", ""34026242"")",0.5463219452139119,"0","288"
"=HYPERLINK(""https://stackoverflow.com/q/34153443"", ""34153443"")",0.609156895589056,"1","158"
"=HYPERLINK(""https://stackoverflow.com/q/34155786"", ""34155786"")",0.368563685636856,"0","1889"
"=HYPERLINK(""https://stackoverflow.com/q/34389515"", ""34389515"")",0.6409073433294884,"0","306"
"=HYPERLINK(""https://stackoverflow.com/q/34412644"", ""34412644"")",0.5495418098510882,"0","166"
"=HYPERLINK(""https://stackoverflow.com/q/34787490"", ""34787490"")",0.2770525094284886,"1","635"
"=HYPERLINK(""https://stackoverflow.com/q/35125313"", ""35125313"")",0.3030411877394635,"1","80"
"=HYPERLINK(""https://stackoverflow.com/q/35287854"", ""35287854"")",0.4584031267448349,"0","55"
"=HYPERLINK(""https://stackoverflow.com/q/35492339"", ""35492339"")",0.5579365079365078,"0","1192"
"=HYPERLINK(""https://stackoverflow.com/q/35572289"", ""35572289"")",0.8313427433948607,"1","369"
"=HYPERLINK(""https://stackoverflow.com/q/35720650"", ""35720650"")",0.4256120527306968,"0","236"
"=HYPERLINK(""https://stackoverflow.com/q/35868758"", ""35868758"")",0.6842475386779181,"1","1703"
"=HYPERLINK(""https://stackoverflow.com/q/35894859"", ""35894859"")",0.6115664845173042,"2","230"
"=HYPERLINK(""https://stackoverflow.com/q/36308819"", ""36308819"")",0.6253842775581906,"0","58"
"=HYPERLINK(""https://stackoverflow.com/q/36543934"", ""36543934"")",0.7391713747645948,"0","940"
"=HYPERLINK(""https://stackoverflow.com/q/36694372"", ""36694372"")",0.3374295954941115,"1","686"
"=HYPERLINK(""https://stackoverflow.com/q/36835874"", ""36835874"")",0.5986656402360789,"0","324"
"=HYPERLINK(""https://stackoverflow.com/q/37137321"", ""37137321"")",0.5808228053126014,"1","161"
"=HYPERLINK(""https://stackoverflow.com/q/37292308"", ""37292308"")",0.5456264775413713,"0","1523"
"=HYPERLINK(""https://stackoverflow.com/q/37576116"", ""37576116"")",0.3953739731949847,"1","85"
"=HYPERLINK(""https://stackoverflow.com/q/37583482"", ""37583482"")",0.5200945626477542,"0","253"
"=HYPERLINK(""https://stackoverflow.com/q/37838679"", ""37838679"")",0.5474817377931563,"0","42"
"=HYPERLINK(""https://stackoverflow.com/q/37938694"", ""37938694"")",0.3189964157706093,"0","361"
"=HYPERLINK(""https://stackoverflow.com/q/38655598"", ""38655598"")",0.5327603388141504,"0","2381"
"=HYPERLINK(""https://stackoverflow.com/q/38713584"", ""38713584"")",0.6837606837606839,"1","716"
"=HYPERLINK(""https://stackoverflow.com/q/38718594"", ""38718594"")",0.369399641577061,"0","366"
"=HYPERLINK(""https://stackoverflow.com/q/38751968"", ""38751968"")",0.2592021914055812,"0","1074"
"=HYPERLINK(""https://stackoverflow.com/q/38774025"", ""38774025"")",0.3497390007457122,"1","160"
"=HYPERLINK(""https://stackoverflow.com/q/38956792"", ""38956792"")",0.3486813661910937,"0","80"
"=HYPERLINK(""https://stackoverflow.com/q/39106129"", ""39106129"")",0.3396718866517527,"0","390"
"=HYPERLINK(""https://stackoverflow.com/q/39198521"", ""39198521"")",0.6438438438438436,"0","55"
"=HYPERLINK(""https://stackoverflow.com/q/39296778"", ""39296778"")",0.2185321853218532,"0","1145"
"=HYPERLINK(""https://stackoverflow.com/q/39575361"", ""39575361"")",0.456010618126659,"0","534"
"=HYPERLINK(""https://stackoverflow.com/q/39654743"", ""39654743"")",0.3946360153256705,"0","168"
"=HYPERLINK(""https://stackoverflow.com/q/39833303"", ""39833303"")",0.7187739463601535,"1","665"
"=HYPERLINK(""https://stackoverflow.com/q/39924116"", ""39924116"")",0.4318030605455754,"0","99"
"=HYPERLINK(""https://stackoverflow.com/q/40150565"", ""40150565"")",0.5226174791392181,"0","126"
"=HYPERLINK(""https://stackoverflow.com/q/40240431"", ""40240431"")",0.3268733850129197,"1","93"
"=HYPERLINK(""https://stackoverflow.com/q/40253632"", ""40253632"")",0.4859584859584859,"0","176"
"=HYPERLINK(""https://stackoverflow.com/q/40417121"", ""40417121"")",0.7654748173779312,"0","359"
"=HYPERLINK(""https://stackoverflow.com/q/40766894"", ""40766894"")",0.3300347222222223,"0","199"
"=HYPERLINK(""https://stackoverflow.com/q/40885727"", ""40885727"")",0.4094143404488228,"1","108"
"=HYPERLINK(""https://stackoverflow.com/q/40971597"", ""40971597"")",0.5545007032348803,"1","826"
"=HYPERLINK(""https://stackoverflow.com/q/40990998"", ""40990998"")",0.7861757105943148,"1","265"
"=HYPERLINK(""https://stackoverflow.com/q/41011504"", ""41011504"")",0.5910921582563375,"0","123"
"=HYPERLINK(""https://stackoverflow.com/q/41041292"", ""41041292"")",0.5408062930186825,"1","212"
"=HYPERLINK(""https://stackoverflow.com/q/41246490"", ""41246490"")",0.4409722222222225,"0","678"
"=HYPERLINK(""https://stackoverflow.com/q/41619862"", ""41619862"")",0.3965341488277268,"0","479"
"=HYPERLINK(""https://stackoverflow.com/q/41754591"", ""41754591"")",0.3911642017444062,"0","372"
"=HYPERLINK(""https://stackoverflow.com/q/41923328"", ""41923328"")",0.5546964490263457,"0","406"
"=HYPERLINK(""https://stackoverflow.com/q/41954848"", ""41954848"")",0.4921184159938484,"1","219"
"=HYPERLINK(""https://stackoverflow.com/q/41975709"", ""41975709"")",0.3224860744649665,"0","546"
"=HYPERLINK(""https://stackoverflow.com/q/42050941"", ""42050941"")",0.7078098053707809,"1","111"
"=HYPERLINK(""https://stackoverflow.com/q/42089863"", ""42089863"")",0.4684533780011165,"0","262"
"=HYPERLINK(""https://stackoverflow.com/q/42231724"", ""42231724"")",0.5740227762388428,"0","1561"
"=HYPERLINK(""https://stackoverflow.com/q/42345394"", ""42345394"")",0.5186823992133727,"1","647"
"=HYPERLINK(""https://stackoverflow.com/q/42620647"", ""42620647"")",0.5355862775217612,"0","234"
"=HYPERLINK(""https://stackoverflow.com/q/43331032"", ""43331032"")",0.4459576307825333,"1","116"
"=HYPERLINK(""https://stackoverflow.com/q/43344775"", ""43344775"")",0.53530016145604,"1","285"
"=HYPERLINK(""https://stackoverflow.com/q/43490940"", ""43490940"")",0.404040404040404,"1","463"
"=HYPERLINK(""https://stackoverflow.com/q/43630350"", ""43630350"")",0.3713934929404543,"0","42"
"=HYPERLINK(""https://stackoverflow.com/q/43681551"", ""43681551"")",0.3060060060060059,"0","33"
"=HYPERLINK(""https://stackoverflow.com/q/43681894"", ""43681894"")",0.9474130619168792,"0","61"
"=HYPERLINK(""https://stackoverflow.com/q/43792466"", ""43792466"")",0.5263459335624283,"0","433"
"=HYPERLINK(""https://stackoverflow.com/q/43909587"", ""43909587"")",0.7429595494111618,"1","65"
"=HYPERLINK(""https://stackoverflow.com/q/44451795"", ""44451795"")",0.3422222222222227,"1","1564"
"=HYPERLINK(""https://stackoverflow.com/q/44794991"", ""44794991"")",0.6933468422830128,"0","475"
"=HYPERLINK(""https://stackoverflow.com/q/44798996"", ""44798996"")",0.4802867383512544,"0","1726"
"=HYPERLINK(""https://stackoverflow.com/q/44799727"", ""44799727"")",0.3819855358316898,"0","1063"
"=HYPERLINK(""https://stackoverflow.com/q/44968301"", ""44968301"")",0.5937637241985066,"0","139"
"=HYPERLINK(""https://stackoverflow.com/q/45035104"", ""45035104"")",0.3635265700483089,"1","227"
"=HYPERLINK(""https://stackoverflow.com/q/45055520"", ""45055520"")",0.5116112897463383,"0","566"
"=HYPERLINK(""https://stackoverflow.com/q/45130215"", ""45130215"")",0.3585858585858584,"1","89"
"=HYPERLINK(""https://stackoverflow.com/q/45220151"", ""45220151"")",0.5113788487282462,"2","216"
"=HYPERLINK(""https://stackoverflow.com/q/45719498"", ""45719498"")",0.3405428329092453,"2","150"
"=HYPERLINK(""https://stackoverflow.com/q/45791686"", ""45791686"")",0.4577991452991454,"0","382"
"=HYPERLINK(""https://stackoverflow.com/q/45812552"", ""45812552"")",0.4129438717067582,"1","401"
"=HYPERLINK(""https://stackoverflow.com/q/45868644"", ""45868644"")",0.7375805839969662,"0","151"
"=HYPERLINK(""https://stackoverflow.com/q/45941337"", ""45941337"")",0.2826249067859808,"0","132"
"=HYPERLINK(""https://stackoverflow.com/q/46046719"", ""46046719"")",0.5150793650793651,"0","279"
"=HYPERLINK(""https://stackoverflow.com/q/46048441"", ""46048441"")",0.3485108820160366,"0","403"
"=HYPERLINK(""https://stackoverflow.com/q/46050067"", ""46050067"")",0.3076725686425454,"0","310"
"=HYPERLINK(""https://stackoverflow.com/q/46113858"", ""46113858"")",0.4284077892325314,"0","301"
"=HYPERLINK(""https://stackoverflow.com/q/46197363"", ""46197363"")",0.4365079365079363,"1","208"
"=HYPERLINK(""https://stackoverflow.com/q/46217155"", ""46217155"")",0.4837606837606838,"0","322"
"=HYPERLINK(""https://stackoverflow.com/q/46273033"", ""46273033"")",0.599441157133465,"4","142"
"=HYPERLINK(""https://stackoverflow.com/q/46366215"", ""46366215"")",0.4104141041410417,"0","385"
"=HYPERLINK(""https://stackoverflow.com/q/46641803"", ""46641803"")",0.5232602845059591,"2","260"
"=HYPERLINK(""https://stackoverflow.com/q/46675508"", ""46675508"")",0.4690841469084142,"0","80"
"=HYPERLINK(""https://stackoverflow.com/q/46906796"", ""46906796"")",0.6514257620452312,"0","226"
"=HYPERLINK(""https://stackoverflow.com/q/48055050"", ""48055050"")",0.4983091787439611,"0","69"
"=HYPERLINK(""https://stackoverflow.com/q/48222304"", ""48222304"")",0.37833081950729,"0","149"
"=HYPERLINK(""https://stackoverflow.com/q/48601350"", ""48601350"")",0.457516339869281,"0","115"
"=HYPERLINK(""https://stackoverflow.com/q/48707389"", ""48707389"")",0.3527640941434045,"1","57"
"=HYPERLINK(""https://stackoverflow.com/q/49199506"", ""49199506"")",0.5472222222222225,"0","110"
"=HYPERLINK(""https://stackoverflow.com/q/49380202"", ""49380202"")",0.3971493359248464,"1","64"
"=HYPERLINK(""https://stackoverflow.com/q/49767146"", ""49767146"")",0.4213103681188789,"0","158"
"=HYPERLINK(""https://stackoverflow.com/q/50018931"", ""50018931"")",0.2937785728483402,"0","203"
"=HYPERLINK(""https://stackoverflow.com/q/50288686"", ""50288686"")",0.5046649703138254,"0","147"
"=HYPERLINK(""https://stackoverflow.com/q/50359689"", ""50359689"")",0.5274170274170272,"1","82"
"=HYPERLINK(""https://stackoverflow.com/q/51039594"", ""51039594"")",0.7878198898607065,"0","180"
"=HYPERLINK(""https://stackoverflow.com/q/51258653"", ""51258653"")",0.2528567955263797,"1","58"
"=HYPERLINK(""https://stackoverflow.com/q/51609965"", ""51609965"")",0.4719554132574411,"1","1159"
"=HYPERLINK(""https://stackoverflow.com/q/51991247"", ""51991247"")",0.4205164652925848,"0","55"
"=HYPERLINK(""https://stackoverflow.com/q/52237951"", ""52237951"")",0.5547857326148318,"0","360"
"=HYPERLINK(""https://stackoverflow.com/q/52295707"", ""52295707"")",0.4153256704980843,"1","21"
"=HYPERLINK(""https://stackoverflow.com/q/52311830"", ""52311830"")",0.6360420979986199,"1","1284"
"=HYPERLINK(""https://stackoverflow.com/q/52328901"", ""52328901"")",0.33547250534793,"0","61"
"=HYPERLINK(""https://stackoverflow.com/q/52996263"", ""52996263"")",0.4838501291989662,"0","75"
"=HYPERLINK(""https://stackoverflow.com/q/53042080"", ""53042080"")",0.2601230968577908,"0","113"
"=HYPERLINK(""https://stackoverflow.com/q/53088708"", ""53088708"")",0.4152407027150352,"0","41"
"=HYPERLINK(""https://stackoverflow.com/q/53191763"", ""53191763"")",0.3149374540103017,"0","109"
"=HYPERLINK(""https://stackoverflow.com/q/53331616"", ""53331616"")",0.5122009002606018,"0","44"
"=HYPERLINK(""https://stackoverflow.com/q/53513201"", ""53513201"")",0.7289336316181956,"0","201"
"=HYPERLINK(""https://stackoverflow.com/q/53536901"", ""53536901"")",0.4499145299145301,"0","1120"
"=HYPERLINK(""https://stackoverflow.com/q/53624687"", ""53624687"")",0.333065595716198,"1","61"
"=HYPERLINK(""https://stackoverflow.com/q/54119141"", ""54119141"")",0.6755094194540562,"0","362"
"=HYPERLINK(""https://stackoverflow.com/q/54237340"", ""54237340"")",0.6925779534475184,"0","1619"
"=HYPERLINK(""https://stackoverflow.com/q/54241639"", ""54241639"")",0.3376526069901716,"2","1194"
"=HYPERLINK(""https://stackoverflow.com/q/54395662"", ""54395662"")",0.6438438438438436,"0","844"
"=HYPERLINK(""https://stackoverflow.com/q/54408400"", ""54408400"")",0.3237259816207183,"0","389"
"=HYPERLINK(""https://stackoverflow.com/q/54486893"", ""54486893"")",0.2818248712288448,"0","109"
"=HYPERLINK(""https://stackoverflow.com/q/54804914"", ""54804914"")",0.6710411198600178,"0","61"
"=HYPERLINK(""https://stackoverflow.com/q/54845506"", ""54845506"")",0.8268733850129194,"0","244"
"=HYPERLINK(""https://stackoverflow.com/q/54888786"", ""54888786"")",0.4189435336976321,"0","109"
"=HYPERLINK(""https://stackoverflow.com/q/55021378"", ""55021378"")",0.6688625384277554,"0","69"
"=HYPERLINK(""https://stackoverflow.com/q/55153287"", ""55153287"")",0.3522938212675681,"0","424"
"=HYPERLINK(""https://stackoverflow.com/q/56042424"", ""56042424"")",0.3264350825326433,"0","60"
"=HYPERLINK(""https://stackoverflow.com/q/56125267"", ""56125267"")",0.6391963919639199,"0","28"
"=HYPERLINK(""https://stackoverflow.com/q/56459765"", ""56459765"")",0.2943871706758305,"1","245"
"=HYPERLINK(""https://stackoverflow.com/q/57144423"", ""57144423"")",0.3051963601532567,"0","421"
"=HYPERLINK(""https://stackoverflow.com/q/57164947"", ""57164947"")",0.4327485380116959,"1","72"
"=HYPERLINK(""https://stackoverflow.com/q/57227429"", ""57227429"")",0.7423564504101419,"0","237"
"=HYPERLINK(""https://stackoverflow.com/q/57246709"", ""57246709"")",0.5910005027652085,"0","229"
"=HYPERLINK(""https://stackoverflow.com/q/57396148"", ""57396148"")",0.3009305976006278,"0","64"
"=HYPERLINK(""https://stackoverflow.com/q/57457877"", ""57457877"")",0.2785136129506991,"1","108"
"=HYPERLINK(""https://stackoverflow.com/q/57476085"", ""57476085"")",0.4795512124502352,"0","383"
"=HYPERLINK(""https://stackoverflow.com/q/57524651"", ""57524651"")",0.4324049898462432,"2","194"
"=HYPERLINK(""https://stackoverflow.com/q/57566568"", ""57566568"")",0.5236240913811008,"0","307"
"=HYPERLINK(""https://stackoverflow.com/q/57671822"", ""57671822"")",0.3331993030424873,"0","70"
"=HYPERLINK(""https://stackoverflow.com/q/57776428"", ""57776428"")",0.3536655211912943,"0","137"
"=HYPERLINK(""https://stackoverflow.com/q/57865951"", ""57865951"")",0.4891905480140773,"0","58"
"=HYPERLINK(""https://stackoverflow.com/q/58288381"", ""58288381"")",0.6116027531956736,"0","40"
"=HYPERLINK(""https://stackoverflow.com/q/58411216"", ""58411216"")",0.7075778707577869,"0","122"
"=HYPERLINK(""https://stackoverflow.com/q/58448482"", ""58448482"")",0.779474130619169,"0","68"
"=HYPERLINK(""https://stackoverflow.com/q/58756497"", ""58756497"")",0.3990032248607446,"0","1281"
"=HYPERLINK(""https://stackoverflow.com/q/59144871"", ""59144871"")",0.4506035969450601,"0","178"
"=HYPERLINK(""https://stackoverflow.com/q/59156521"", ""59156521"")",0.5919405320813773,"0","94"
"=HYPERLINK(""https://stackoverflow.com/q/59315656"", ""59315656"")",0.3829365079365081,"2","86"
"=HYPERLINK(""https://stackoverflow.com/q/59394696"", ""59394696"")",0.6295122380700828,"1","351"
"=HYPERLINK(""https://stackoverflow.com/q/59407906"", ""59407906"")",0.4168530947054439,"0","80"
"=HYPERLINK(""https://stackoverflow.com/q/59623897"", ""59623897"")",0.5793650793650792,"1","167"
"=HYPERLINK(""https://stackoverflow.com/q/59646729"", ""59646729"")",0.5436881908086094,"0","43"
"=HYPERLINK(""https://stackoverflow.com/q/59677295"", ""59677295"")",0.4133579562942444,"0","100"
"=HYPERLINK(""https://stackoverflow.com/q/59739877"", ""59739877"")",0.3323917137476458,"0","958"
"=HYPERLINK(""https://stackoverflow.com/q/59793164"", ""59793164"")",0.5853801169590646,"0","167"
"=HYPERLINK(""https://stackoverflow.com/q/60035234"", ""60035234"")",0.876584638329605,"0","47"
"=HYPERLINK(""https://stackoverflow.com/q/60155086"", ""60155086"")",0.6486928104575163,"0","149"
"=HYPERLINK(""https://stackoverflow.com/q/60371064"", ""60371064"")",0.4353609083536092,"0","651"
"=HYPERLINK(""https://stackoverflow.com/q/60484675"", ""60484675"")",0.4860845549182073,"1","67"
"=HYPERLINK(""https://stackoverflow.com/q/60526390"", ""60526390"")",0.3907730958090671,"0","234"
"=HYPERLINK(""https://stackoverflow.com/q/60546475"", ""60546475"")",0.4084146908414689,"0","38"
"=HYPERLINK(""https://stackoverflow.com/q/60562356"", ""60562356"")",0.8444059310610439,"1","55"
"=HYPERLINK(""https://stackoverflow.com/q/60965026"", ""60965026"")",0.281923714759536,"1","57"
"=HYPERLINK(""https://stackoverflow.com/q/61109883"", ""61109883"")",0.7199180747567842,"0","116"
"=HYPERLINK(""https://stackoverflow.com/q/61194324"", ""61194324"")",0.4063377456879261,"1","396"
"=HYPERLINK(""https://stackoverflow.com/q/61225232"", ""61225232"")",0.30911877394636,"1","196"
"=HYPERLINK(""https://stackoverflow.com/q/61481100"", ""61481100"")",0.7950865438302621,"1","32"
"=HYPERLINK(""https://stackoverflow.com/q/61632323"", ""61632323"")",0.4483863020448385,"1","83"
"=HYPERLINK(""https://stackoverflow.com/q/61883685"", ""61883685"")",0.4875283446712019,"1","65"
"=HYPERLINK(""https://stackoverflow.com/q/61893122"", ""61893122"")",0.4277649473954323,"0","190"
"=HYPERLINK(""https://stackoverflow.com/q/61931360"", ""61931360"")",0.612222222222222,"1","59"
"=HYPERLINK(""https://stackoverflow.com/q/62074052"", ""62074052"")",0.5024990388312187,"1","19"
"=HYPERLINK(""https://stackoverflow.com/q/62195862"", ""62195862"")",0.7263205828779602,"0","68"
"=HYPERLINK(""https://stackoverflow.com/q/62217796"", ""62217796"")",0.4695906432748538,"0","34"
"=HYPERLINK(""https://stackoverflow.com/q/63916675"", ""63916675"")",0.6685890042291426,"0","62"
"=HYPERLINK(""https://stackoverflow.com/q/64177205"", ""64177205"")",0.6114839671886655,"1","106"
"=HYPERLINK(""https://stackoverflow.com/q/64207706"", ""64207706"")",0.5303303303303303,"0","84"
"=HYPERLINK(""https://stackoverflow.com/q/64442339"", ""64442339"")",0.4856952761144377,"0","86"
"=HYPERLINK(""https://stackoverflow.com/q/64554377"", ""64554377"")",0.7943376068376068,"1","49"
"=HYPERLINK(""https://stackoverflow.com/q/64584082"", ""64584082"")",0.443779108449767,"0","45"
"=HYPERLINK(""https://stackoverflow.com/q/64665393"", ""64665393"")",0.479031560743623,"1","47"
"=HYPERLINK(""https://stackoverflow.com/q/64697458"", ""64697458"")",0.7400087834870441,"1","34"
"=HYPERLINK(""https://stackoverflow.com/q/64741719"", ""64741719"")",0.5903003981179876,"3","71"
"=HYPERLINK(""https://stackoverflow.com/q/65128706"", ""65128706"")",0.5924145299145301,"1","56"
"=HYPERLINK(""https://stackoverflow.com/q/65705023"", ""65705023"")",0.3534175574991902,"1","25"
"=HYPERLINK(""https://stackoverflow.com/q/66047490"", ""66047490"")",0.6071594607159458,"0","50"
"=HYPERLINK(""https://stackoverflow.com/q/66338914"", ""66338914"")",0.5793650793650794,"3","42"
"=HYPERLINK(""https://stackoverflow.com/q/66476971"", ""66476971"")",0.6204523107177976,"0","37"
"=HYPERLINK(""https://stackoverflow.com/q/66871720"", ""66871720"")",0.3787107718405429,"1","46"
"=HYPERLINK(""https://stackoverflow.com/q/67087573"", ""67087573"")",0.853218532185322,"0","33"
"=HYPERLINK(""https://stackoverflow.com/q/67097720"", ""67097720"")",0.4848649628421245,"0","29"
"=HYPERLINK(""https://stackoverflow.com/q/67108028"", ""67108028"")",0.3224860744649665,"0","41"
"=HYPERLINK(""https://stackoverflow.com/q/67163785"", ""67163785"")",0.4820327770260115,"0","45"
"=HYPERLINK(""https://stackoverflow.com/q/67270222"", ""67270222"")",0.2971407889974665,"1","43"
"=HYPERLINK(""https://stackoverflow.com/q/67385522"", ""67385522"")",0.7936507936507936,"0","22"
"=HYPERLINK(""https://stackoverflow.com/q/67670017"", ""67670017"")",0.2691305377872542,"1","43"
