link,Correlation
"=HYPERLINK(""https://stackoverflow.com/a/56743"", ""56743"")",0.31313131313131287
"=HYPERLINK(""https://stackoverflow.com/a/966671"", ""966671"")",0.4186957738595016
"=HYPERLINK(""https://stackoverflow.com/a/1121313"", ""1121313"")",0.3722222222222218
"=HYPERLINK(""https://stackoverflow.com/a/1984782"", ""1984782"")",0.5587606837606839
"=HYPERLINK(""https://stackoverflow.com/a/2220496"", ""2220496"")",0.25518925518925517
"=HYPERLINK(""https://stackoverflow.com/a/2246102"", ""2246102"")",0.41194554238032494
"=HYPERLINK(""https://stackoverflow.com/a/2667973"", ""2667973"")",0.41113909879652927
"=HYPERLINK(""https://stackoverflow.com/a/4786621"", ""4786621"")",0.3634435962680238
"=HYPERLINK(""https://stackoverflow.com/a/5658758"", ""5658758"")",0.39400136332651653
"=HYPERLINK(""https://stackoverflow.com/a/6189430"", ""6189430"")",0.3279914529914531
"=HYPERLINK(""https://stackoverflow.com/a/6252620"", ""6252620"")",0.501380922031018
"=HYPERLINK(""https://stackoverflow.com/a/6313471"", ""6313471"")",0.552222222222222
"=HYPERLINK(""https://stackoverflow.com/a/6740110"", ""6740110"")",0.11507936507936507
"=HYPERLINK(""https://stackoverflow.com/a/9066209"", ""9066209"")",0.2657004830917875
"=HYPERLINK(""https://stackoverflow.com/a/9070803"", ""9070803"")",0.5071059431524546
"=HYPERLINK(""https://stackoverflow.com/a/9239417"", ""9239417"")",0.28815628815628813
"=HYPERLINK(""https://stackoverflow.com/a/9383745"", ""9383745"")",0.4416792357968827
"=HYPERLINK(""https://stackoverflow.com/a/9843818"", ""9843818"")",0.6253842775581903
"=HYPERLINK(""https://stackoverflow.com/a/9895552"", ""9895552"")",0.7352092352092349
"=HYPERLINK(""https://stackoverflow.com/a/10250659"", ""10250659"")",0.31769960915689544
"=HYPERLINK(""https://stackoverflow.com/a/10426248"", ""10426248"")",0.4213372664700101
"=HYPERLINK(""https://stackoverflow.com/a/10551904"", ""10551904"")",0.3626477541371159
"=HYPERLINK(""https://stackoverflow.com/a/11041284"", ""11041284"")",0.36928104575163395
"=HYPERLINK(""https://stackoverflow.com/a/11080496"", ""11080496"")",0.6507936507936504
"=HYPERLINK(""https://stackoverflow.com/a/12087521"", ""12087521"")",0.18650793650793648
"=HYPERLINK(""https://stackoverflow.com/a/12134342"", ""12134342"")",0.4142421723469103
"=HYPERLINK(""https://stackoverflow.com/a/12352044"", ""12352044"")",0.38705738705738707
"=HYPERLINK(""https://stackoverflow.com/a/12472763"", ""12472763"")",0.3416252072968491
"=HYPERLINK(""https://stackoverflow.com/a/12497647"", ""12497647"")",0.36432748538011706
"=HYPERLINK(""https://stackoverflow.com/a/12731738"", ""12731738"")",0.5653956539565396
"=HYPERLINK(""https://stackoverflow.com/a/12995124"", ""12995124"")",0.3188232955674816
"=HYPERLINK(""https://stackoverflow.com/a/13268081"", ""13268081"")",0.40404040404040414
"=HYPERLINK(""https://stackoverflow.com/a/13327644"", ""13327644"")",0.2843523997370152
"=HYPERLINK(""https://stackoverflow.com/a/13331966"", ""13331966"")",0.44949494949494934
"=HYPERLINK(""https://stackoverflow.com/a/13354952"", ""13354952"")",0.7710027100270999
"=HYPERLINK(""https://stackoverflow.com/a/13537537"", ""13537537"")",0.3303303303303301
"=HYPERLINK(""https://stackoverflow.com/a/14471719"", ""14471719"")",0.5079365079365079
"=HYPERLINK(""https://stackoverflow.com/a/15255862"", ""15255862"")",0.32960477255779286
"=HYPERLINK(""https://stackoverflow.com/a/15543377"", ""15543377"")",0.542222222222222
"=HYPERLINK(""https://stackoverflow.com/a/18832541"", ""18832541"")",0.4853801169590647
"=HYPERLINK(""https://stackoverflow.com/a/18866020"", ""18866020"")",0.41400304414003036
"=HYPERLINK(""https://stackoverflow.com/a/19118665"", ""19118665"")",0.4755334805003679
"=HYPERLINK(""https://stackoverflow.com/a/19417986"", ""19417986"")",0.3410341034103409
"=HYPERLINK(""https://stackoverflow.com/a/22685899"", ""22685899"")",0.7567844342037884
"=HYPERLINK(""https://stackoverflow.com/a/23419432"", ""23419432"")",0.2585858585858587
"=HYPERLINK(""https://stackoverflow.com/a/23508014"", ""23508014"")",0.43064794284306457
"=HYPERLINK(""https://stackoverflow.com/a/23763471"", ""23763471"")",0.4028320736686647
"=HYPERLINK(""https://stackoverflow.com/a/23935083"", ""23935083"")",0.2545547857326148
"=HYPERLINK(""https://stackoverflow.com/a/25058488"", ""25058488"")",0.36507936507936495
"=HYPERLINK(""https://stackoverflow.com/a/25063541"", ""25063541"")",0.5187739463601533
"=HYPERLINK(""https://stackoverflow.com/a/25155804"", ""25155804"")",0.4037838402843105
"=HYPERLINK(""https://stackoverflow.com/a/25645620"", ""25645620"")",0.4640358242373353
"=HYPERLINK(""https://stackoverflow.com/a/26140167"", ""26140167"")",0.27882599580712797
"=HYPERLINK(""https://stackoverflow.com/a/26227058"", ""26227058"")",0.4409722222222225
"=HYPERLINK(""https://stackoverflow.com/a/26535045"", ""26535045"")",0.3748538011695908
"=HYPERLINK(""https://stackoverflow.com/a/27127551"", ""27127551"")",0.24961948249619478
"=HYPERLINK(""https://stackoverflow.com/a/27832231"", ""27832231"")",0.5664845173041898
"=HYPERLINK(""https://stackoverflow.com/a/27856267"", ""27856267"")",0.46845337800111647
"=HYPERLINK(""https://stackoverflow.com/a/28267294"", ""28267294"")",0.4878472222222223
"=HYPERLINK(""https://stackoverflow.com/a/29361170"", ""29361170"")",0.5101969057665259
"=HYPERLINK(""https://stackoverflow.com/a/29906800"", ""29906800"")",0.42148421484214843
"=HYPERLINK(""https://stackoverflow.com/a/30701406"", ""30701406"")",0.39881359799224253
"=HYPERLINK(""https://stackoverflow.com/a/31323763"", ""31323763"")",0.34550989345509886
"=HYPERLINK(""https://stackoverflow.com/a/31539142"", ""31539142"")",0.4321347586653709
"=HYPERLINK(""https://stackoverflow.com/a/31814634"", ""31814634"")",0.47413061916878746
"=HYPERLINK(""https://stackoverflow.com/a/31882146"", ""31882146"")",0.3934929404542665
"=HYPERLINK(""https://stackoverflow.com/a/31950655"", ""31950655"")",0.5545007032348802
"=HYPERLINK(""https://stackoverflow.com/a/32206174"", ""32206174"")",0.2799145299145299
"=HYPERLINK(""https://stackoverflow.com/a/32476933"", ""32476933"")",0.35265700483091783
"=HYPERLINK(""https://stackoverflow.com/a/32905100"", ""32905100"")",0.2523729759910664
"=HYPERLINK(""https://stackoverflow.com/a/33501379"", ""33501379"")",0.22222222222222204
"=HYPERLINK(""https://stackoverflow.com/a/33608941"", ""33608941"")",0.535105657805044
"=HYPERLINK(""https://stackoverflow.com/a/35081526"", ""35081526"")",0.4271402550091077
"=HYPERLINK(""https://stackoverflow.com/a/35358288"", ""35358288"")",0.3271784904437969
"=HYPERLINK(""https://stackoverflow.com/a/36066469"", ""36066469"")",0.31953765846383314
"=HYPERLINK(""https://stackoverflow.com/a/37269765"", ""37269765"")",0.6290018832391711
"=HYPERLINK(""https://stackoverflow.com/a/37411038"", ""37411038"")",0.7975646879756468
"=HYPERLINK(""https://stackoverflow.com/a/38029117"", ""38029117"")",0.3091787439613526
"=HYPERLINK(""https://stackoverflow.com/a/38056646"", ""38056646"")",0.2892325315005728
"=HYPERLINK(""https://stackoverflow.com/a/39297631"", ""39297631"")",0.2690307328605201
"=HYPERLINK(""https://stackoverflow.com/a/40181338"", ""40181338"")",0.3605200945626478
"=HYPERLINK(""https://stackoverflow.com/a/40206081"", ""40206081"")",0.3142467620995226
"=HYPERLINK(""https://stackoverflow.com/a/40645918"", ""40645918"")",0.31644714623438025
"=HYPERLINK(""https://stackoverflow.com/a/42394054"", ""42394054"")",0.5422222222222219
"=HYPERLINK(""https://stackoverflow.com/a/42841829"", ""42841829"")",0.13526570048309186
"=HYPERLINK(""https://stackoverflow.com/a/44282809"", ""44282809"")",0.2646750524109015
"=HYPERLINK(""https://stackoverflow.com/a/45381701"", ""45381701"")",0.3563685636856367
"=HYPERLINK(""https://stackoverflow.com/a/45738161"", ""45738161"")",0.4348206474190729
"=HYPERLINK(""https://stackoverflow.com/a/46304345"", ""46304345"")",0.32406631275030257
"=HYPERLINK(""https://stackoverflow.com/a/46613370"", ""46613370"")",0.6931524547803614
"=HYPERLINK(""https://stackoverflow.com/a/47510417"", ""47510417"")",0.39349294045426647
"=HYPERLINK(""https://stackoverflow.com/a/47997235"", ""47997235"")",0.35875358753587544
"=HYPERLINK(""https://stackoverflow.com/a/48790824"", ""48790824"")",0.3052261747913921
"=HYPERLINK(""https://stackoverflow.com/a/49153397"", ""49153397"")",0.2314729160242573
"=HYPERLINK(""https://stackoverflow.com/a/49179030"", ""49179030"")",0.39400136332651653
"=HYPERLINK(""https://stackoverflow.com/a/50363394"", ""50363394"")",0.2690972222222222
"=HYPERLINK(""https://stackoverflow.com/a/50425906"", ""50425906"")",0.3921826965305225
"=HYPERLINK(""https://stackoverflow.com/a/50438131"", ""50438131"")",0.4848950332821298
"=HYPERLINK(""https://stackoverflow.com/a/50453664"", ""50453664"")",0.3378001116694581
"=HYPERLINK(""https://stackoverflow.com/a/50822285"", ""50822285"")",0.35222222222222194
"=HYPERLINK(""https://stackoverflow.com/a/51550471"", ""51550471"")",0.4283760683760686
"=HYPERLINK(""https://stackoverflow.com/a/53148819"", ""53148819"")",0.4845173041894356
"=HYPERLINK(""https://stackoverflow.com/a/54748733"", ""54748733"")",0.46148602590320376
"=HYPERLINK(""https://stackoverflow.com/a/55503675"", ""55503675"")",0.4140826873385008
"=HYPERLINK(""https://stackoverflow.com/a/56850543"", ""56850543"")",0.3563685636856367
"=HYPERLINK(""https://stackoverflow.com/a/57261694"", ""57261694"")",0.3061572402727636
"=HYPERLINK(""https://stackoverflow.com/a/57388669"", ""57388669"")",0.48526570048309137
"=HYPERLINK(""https://stackoverflow.com/a/57419420"", ""57419420"")",0.3685636856368562
"=HYPERLINK(""https://stackoverflow.com/a/57761534"", ""57761534"")",0.7261592300962386
"=HYPERLINK(""https://stackoverflow.com/a/58807877"", ""58807877"")",0.27719050974864906
"=HYPERLINK(""https://stackoverflow.com/a/59037213"", ""59037213"")",0.4133986928104575
"=HYPERLINK(""https://stackoverflow.com/a/59654495"", ""59654495"")",0.23527279318470187
"=HYPERLINK(""https://stackoverflow.com/a/61056785"", ""61056785"")",0.5249745158002039
"=HYPERLINK(""https://stackoverflow.com/a/62169356"", ""62169356"")",0.42647754137115856
"=HYPERLINK(""https://stackoverflow.com/a/62214001"", ""62214001"")",0.3104575163398692
"=HYPERLINK(""https://stackoverflow.com/a/62533005"", ""62533005"")",0.5079365079365079
"=HYPERLINK(""https://stackoverflow.com/a/65066954"", ""65066954"")",0.5322838238649324
"=HYPERLINK(""https://stackoverflow.com/a/65248820"", ""65248820"")",0.3106200122774709
"=HYPERLINK(""https://stackoverflow.com/a/65663094"", ""65663094"")",0.4312386156648457
"=HYPERLINK(""https://stackoverflow.com/a/67054562"", ""67054562"")",0.3685636856368563
"=HYPERLINK(""https://stackoverflow.com/a/67708250"", ""67708250"")",0.6006006006006004
