"link","Correlation","score","view_count"
"=HYPERLINK(""https://stackoverflow.com/q/598390"", ""598390"")",0.5848088273030536,"0","4891"
"=HYPERLINK(""https://stackoverflow.com/q/647198"", ""647198"")",0.390665719023928,"1","2098"
"=HYPERLINK(""https://stackoverflow.com/q/1121171"", ""1121171"")",0.3498227770072432,"2","3111"
"=HYPERLINK(""https://stackoverflow.com/q/1187982"", ""1187982"")",0.2843843843843843,"1","665"
"=HYPERLINK(""https://stackoverflow.com/q/1256478"", ""1256478"")",0.4817377931564779,"2","2165"
"=HYPERLINK(""https://stackoverflow.com/q/2566557"", ""2566557"")",0.4353369763205832,"1","1733"
"=HYPERLINK(""https://stackoverflow.com/q/2653399"", ""2653399"")",0.4851088201603664,"1","1043"
"=HYPERLINK(""https://stackoverflow.com/q/2662822"", ""2662822"")",0.76655719759168,"0","866"
"=HYPERLINK(""https://stackoverflow.com/q/2994751"", ""2994751"")",0.5858585858585853,"1","1885"
"=HYPERLINK(""https://stackoverflow.com/q/3096670"", ""3096670"")",0.2810457516339867,"0","364"
"=HYPERLINK(""https://stackoverflow.com/q/3359720"", ""3359720"")",0.6175710594315243,"3","13740"
"=HYPERLINK(""https://stackoverflow.com/q/3375250"", ""3375250"")",0.3042621335304261,"0","4004"
"=HYPERLINK(""https://stackoverflow.com/q/4015601"", ""4015601"")",0.4292462517970838,"1","15069"
"=HYPERLINK(""https://stackoverflow.com/q/4242503"", ""4242503"")",0.4222222222222223,"1","9542"
"=HYPERLINK(""https://stackoverflow.com/q/4303024"", ""4303024"")",0.4408811143505024,"3","9746"
"=HYPERLINK(""https://stackoverflow.com/q/6184963"", ""6184963"")",0.2360950545921644,"0","1828"
"=HYPERLINK(""https://stackoverflow.com/q/6196271"", ""6196271"")",0.4298987129693091,"1","3196"
"=HYPERLINK(""https://stackoverflow.com/q/6304676"", ""6304676"")",0.4111986001749785,"0","143"
"=HYPERLINK(""https://stackoverflow.com/q/6305360"", ""6305360"")",0.4818376068376069,"0","157"
"=HYPERLINK(""https://stackoverflow.com/q/6646253"", ""6646253"")",0.5700483091787442,"0","423"
"=HYPERLINK(""https://stackoverflow.com/q/6664240"", ""6664240"")",0.3877394636015326,"0","875"
"=HYPERLINK(""https://stackoverflow.com/q/6967174"", ""6967174"")",0.4436507936507937,"0","1836"
"=HYPERLINK(""https://stackoverflow.com/q/7104959"", ""7104959"")",0.5351993214588638,"0","306"
"=HYPERLINK(""https://stackoverflow.com/q/8007400"", ""8007400"")",0.4000513215293815,"0","319"
"=HYPERLINK(""https://stackoverflow.com/q/8042555"", ""8042555"")",0.5902871748609234,"1","1667"
"=HYPERLINK(""https://stackoverflow.com/q/8173928"", ""8173928"")",0.275610312571298,"1","1488"
"=HYPERLINK(""https://stackoverflow.com/q/9165749"", ""9165749"")",0.3990178023327194,"1","2004"
"=HYPERLINK(""https://stackoverflow.com/q/9471141"", ""9471141"")",0.4535475234270412,"1","332"
"=HYPERLINK(""https://stackoverflow.com/q/9843717"", ""9843717"")",0.6174791392182692,"0","2462"
"=HYPERLINK(""https://stackoverflow.com/q/9941266"", ""9941266"")",0.3088051700080783,"8","6052"
"=HYPERLINK(""https://stackoverflow.com/q/9994039"", ""9994039"")",0.6734095573145709,"0","693"
"=HYPERLINK(""https://stackoverflow.com/q/10190555"", ""10190555"")",0.442222222222222,"1","1042"
"=HYPERLINK(""https://stackoverflow.com/q/10231535"", ""10231535"")",0.7292976939203355,"0","2202"
"=HYPERLINK(""https://stackoverflow.com/q/10606613"", ""10606613"")",0.453492580528411,"0","1210"
"=HYPERLINK(""https://stackoverflow.com/q/10978989"", ""10978989"")",0.6089100193696076,"1","2747"
"=HYPERLINK(""https://stackoverflow.com/q/11077367"", ""11077367"")",0.2625854916470456,"1","1427"
"=HYPERLINK(""https://stackoverflow.com/q/11079265"", ""11079265"")",0.6600102406554015,"1","180"
"=HYPERLINK(""https://stackoverflow.com/q/11335124"", ""11335124"")",0.5525389643036701,"1","2295"
"=HYPERLINK(""https://stackoverflow.com/q/11607815"", ""11607815"")",0.5853801169590647,"0","3312"
"=HYPERLINK(""https://stackoverflow.com/q/11656588"", ""11656588"")",0.4150793650793652,"0","1588"
"=HYPERLINK(""https://stackoverflow.com/q/11782423"", ""11782423"")",0.4375566431031359,"2","18631"
"=HYPERLINK(""https://stackoverflow.com/q/11879521"", ""11879521"")",0.3576689081011848,"0","802"
"=HYPERLINK(""https://stackoverflow.com/q/11932626"", ""11932626"")",0.315442561205273,"0","694"
"=HYPERLINK(""https://stackoverflow.com/q/11940572"", ""11940572"")",0.2702813719449579,"0","2026"
"=HYPERLINK(""https://stackoverflow.com/q/11995803"", ""11995803"")",0.45418098510882,"4","1128"
"=HYPERLINK(""https://stackoverflow.com/q/12071190"", ""12071190"")",0.420919290626131,"2","2721"
"=HYPERLINK(""https://stackoverflow.com/q/12072870"", ""12072870"")",0.3961352657004829,"0","2037"
"=HYPERLINK(""https://stackoverflow.com/q/12076994"", ""12076994"")",0.566533599467731,"0","476"
"=HYPERLINK(""https://stackoverflow.com/q/12080571"", ""12080571"")",0.3499330655957161,"1","1845"
"=HYPERLINK(""https://stackoverflow.com/q/12087385"", ""12087385"")",0.3925192519251923,"0","731"
"=HYPERLINK(""https://stackoverflow.com/q/12096359"", ""12096359"")",0.4045426642111728,"0","1293"
"=HYPERLINK(""https://stackoverflow.com/q/12132470"", ""12132470"")",0.6043485704502655,"1","1626"
"=HYPERLINK(""https://stackoverflow.com/q/12356062"", ""12356062"")",0.6562647754137116,"0","887"
"=HYPERLINK(""https://stackoverflow.com/q/12412269"", ""12412269"")",0.2665770609318998,"4","23499"
"=HYPERLINK(""https://stackoverflow.com/q/12436379"", ""12436379"")",0.3176996091568953,"0","1687"
"=HYPERLINK(""https://stackoverflow.com/q/12630526"", ""12630526"")",0.3910876575784229,"0","260"
"=HYPERLINK(""https://stackoverflow.com/q/12635477"", ""12635477"")",0.363760683760684,"0","1098"
"=HYPERLINK(""https://stackoverflow.com/q/12731737"", ""12731737"")",0.4070961718020541,"1","630"
"=HYPERLINK(""https://stackoverflow.com/q/12733336"", ""12733336"")",0.5256523013778952,"3","24902"
"=HYPERLINK(""https://stackoverflow.com/q/12800361"", ""12800361"")",0.4567499095186392,"0","7194"
"=HYPERLINK(""https://stackoverflow.com/q/13125188"", ""13125188"")",0.4471097784441115,"3","3151"
"=HYPERLINK(""https://stackoverflow.com/q/13137517"", ""13137517"")",0.6743180306054555,"4","2902"
"=HYPERLINK(""https://stackoverflow.com/q/13241235"", ""13241235"")",0.2641383898868928,"0","1154"
"=HYPERLINK(""https://stackoverflow.com/q/13268029"", ""13268029"")",0.5939036381514261,"0","1122"
"=HYPERLINK(""https://stackoverflow.com/q/13420325"", ""13420325"")",0.8741069228874103,"1","1216"
"=HYPERLINK(""https://stackoverflow.com/q/13675702"", ""13675702"")",0.3608845386985683,"1","2030"
"=HYPERLINK(""https://stackoverflow.com/q/13912502"", ""13912502"")",0.3048309178743957,"3","1029"
"=HYPERLINK(""https://stackoverflow.com/q/14232336"", ""14232336"")",0.3635773624091382,"0","487"
"=HYPERLINK(""https://stackoverflow.com/q/14238471"", ""14238471"")",0.2129701019446588,"0","1821"
"=HYPERLINK(""https://stackoverflow.com/q/14266848"", ""14266848"")",0.3700965290614088,"0","253"
"=HYPERLINK(""https://stackoverflow.com/q/14468350"", ""14468350"")",0.5976488433826314,"2","7402"
"=HYPERLINK(""https://stackoverflow.com/q/14712641"", ""14712641"")",0.4848950332821297,"0","755"
"=HYPERLINK(""https://stackoverflow.com/q/15045253"", ""15045253"")",0.4953929539295391,"3","263"
"=HYPERLINK(""https://stackoverflow.com/q/15072486"", ""15072486"")",0.4617431803060544,"4","6525"
"=HYPERLINK(""https://stackoverflow.com/q/15254256"", ""15254256"")",0.3812851075489792,"1","1589"
"=HYPERLINK(""https://stackoverflow.com/q/15358617"", ""15358617"")",0.4307328605200947,"0","326"
"=HYPERLINK(""https://stackoverflow.com/q/15397122"", ""15397122"")",0.2136843353492233,"1","703"
"=HYPERLINK(""https://stackoverflow.com/q/15542133"", ""15542133"")",0.2338501291989662,"4","3186"
"=HYPERLINK(""https://stackoverflow.com/q/15585005"", ""15585005"")",0.3774641577060932,"0","1156"
"=HYPERLINK(""https://stackoverflow.com/q/15653012"", ""15653012"")",0.3269450148300249,"0","4590"
"=HYPERLINK(""https://stackoverflow.com/q/15660070"", ""15660070"")",0.3395855662736691,"0","332"
"=HYPERLINK(""https://stackoverflow.com/q/15822362"", ""15822362"")",0.235432261852341,"0","327"
"=HYPERLINK(""https://stackoverflow.com/q/15901290"", ""15901290"")",0.8227444154337106,"0","944"
"=HYPERLINK(""https://stackoverflow.com/q/15922946"", ""15922946"")",0.2437606837606839,"1","539"
"=HYPERLINK(""https://stackoverflow.com/q/16078954"", ""16078954"")",0.3300066533599468,"0","2022"
"=HYPERLINK(""https://stackoverflow.com/q/16593130"", ""16593130"")",0.2517425174251744,"0","16574"
"=HYPERLINK(""https://stackoverflow.com/q/16901526"", ""16901526"")",0.376861397479954,"0","1293"
"=HYPERLINK(""https://stackoverflow.com/q/16936043"", ""16936043"")",0.3100883310088329,"1","273"
"=HYPERLINK(""https://stackoverflow.com/q/17020550"", ""17020550"")",0.4144046326456749,"0","362"
"=HYPERLINK(""https://stackoverflow.com/q/17316010"", ""17316010"")",0.5972222222222222,"0","1116"
"=HYPERLINK(""https://stackoverflow.com/q/17439376"", ""17439376"")",0.254733432984554,"1","920"
"=HYPERLINK(""https://stackoverflow.com/q/17598321"", ""17598321"")",0.1757105943152454,"0","80"
"=HYPERLINK(""https://stackoverflow.com/q/17658168"", ""17658168"")",0.4140826873385011,"0","338"
"=HYPERLINK(""https://stackoverflow.com/q/17801916"", ""17801916"")",0.3551862111418898,"1","944"
"=HYPERLINK(""https://stackoverflow.com/q/17887968"", ""17887968"")",0.2264775413711584,"0","2043"
"=HYPERLINK(""https://stackoverflow.com/q/18049679"", ""18049679"")",0.6083493898522799,"2","67"
"=HYPERLINK(""https://stackoverflow.com/q/18210425"", ""18210425"")",0.5107597716293368,"0","2354"
"=HYPERLINK(""https://stackoverflow.com/q/18257741"", ""18257741"")",0.3118891735458771,"1","94"
"=HYPERLINK(""https://stackoverflow.com/q/18748991"", ""18748991"")",0.4730365544697791,"2","3130"
"=HYPERLINK(""https://stackoverflow.com/q/18831047"", ""18831047"")",0.491209563994374,"0","1459"
"=HYPERLINK(""https://stackoverflow.com/q/18929146"", ""18929146"")",0.680683760683761,"1","146"
"=HYPERLINK(""https://stackoverflow.com/q/19054469"", ""19054469"")",0.3833100883310086,"0","141"
"=HYPERLINK(""https://stackoverflow.com/q/19276600"", ""19276600"")",0.3237259816207183,"0","319"
"=HYPERLINK(""https://stackoverflow.com/q/19289858"", ""19289858"")",0.5590643274853805,"1","618"
"=HYPERLINK(""https://stackoverflow.com/q/19930219"", ""19930219"")",0.378472222222222,"3","1647"
"=HYPERLINK(""https://stackoverflow.com/q/19997135"", ""19997135"")",0.3129785247432305,"1","836"
"=HYPERLINK(""https://stackoverflow.com/q/20405790"", ""20405790"")",0.3935109661047671,"1","449"
"=HYPERLINK(""https://stackoverflow.com/q/20410404"", ""20410404"")",0.3790099851285322,"2","569"
"=HYPERLINK(""https://stackoverflow.com/q/20757731"", ""20757731"")",0.4842911877394637,"0","839"
"=HYPERLINK(""https://stackoverflow.com/q/21077815"", ""21077815"")",0.3230286738351255,"0","111"
"=HYPERLINK(""https://stackoverflow.com/q/21091652"", ""21091652"")",0.4607764390896918,"0","361"
"=HYPERLINK(""https://stackoverflow.com/q/21191843"", ""21191843"")",0.2612466124661245,"0","1009"
"=HYPERLINK(""https://stackoverflow.com/q/21209139"", ""21209139"")",0.753195673549656,"0","186"
"=HYPERLINK(""https://stackoverflow.com/q/21558513"", ""21558513"")",0.6324217787632418,"0","130"
"=HYPERLINK(""https://stackoverflow.com/q/21580157"", ""21580157"")",0.4222222222222222,"0","2051"
"=HYPERLINK(""https://stackoverflow.com/q/22044455"", ""22044455"")",0.4944184839044653,"0","1265"
"=HYPERLINK(""https://stackoverflow.com/q/22192265"", ""22192265"")",0.4380638063806379,"0","66"
"=HYPERLINK(""https://stackoverflow.com/q/22456290"", ""22456290"")",0.3178245166772893,"1","649"
"=HYPERLINK(""https://stackoverflow.com/q/22520681"", ""22520681"")",0.5643908969210173,"0","446"
"=HYPERLINK(""https://stackoverflow.com/q/22680492"", ""22680492"")",0.4354575163398692,"0","1673"
"=HYPERLINK(""https://stackoverflow.com/q/22932439"", ""22932439"")",0.3154212146655469,"3","9675"
"=HYPERLINK(""https://stackoverflow.com/q/23477873"", ""23477873"")",0.5508512544802868,"0","529"
"=HYPERLINK(""https://stackoverflow.com/q/23496181"", ""23496181"")",0.5719023927979154,"0","1326"
"=HYPERLINK(""https://stackoverflow.com/q/24289628"", ""24289628"")",0.4382887042166821,"0","186"
"=HYPERLINK(""https://stackoverflow.com/q/24388664"", ""24388664"")",0.6065870430691278,"1","186"
"=HYPERLINK(""https://stackoverflow.com/q/24408806"", ""24408806"")",0.4710701484895029,"0","1740"
"=HYPERLINK(""https://stackoverflow.com/q/25154773"", ""25154773"")",0.4482350153991947,"1","3915"
"=HYPERLINK(""https://stackoverflow.com/q/25261750"", ""25261750"")",0.7826249067859808,"1","450"
"=HYPERLINK(""https://stackoverflow.com/q/25728471"", ""25728471"")",0.5281770476842342,"0","1275"
"=HYPERLINK(""https://stackoverflow.com/q/26214574"", ""26214574"")",0.4708708708708707,"1","1338"
"=HYPERLINK(""https://stackoverflow.com/q/26387991"", ""26387991"")",0.3225682429834678,"0","67"
"=HYPERLINK(""https://stackoverflow.com/q/26515882"", ""26515882"")",0.5227148330596603,"0","1298"
"=HYPERLINK(""https://stackoverflow.com/q/26530209"", ""26530209"")",0.3988645579886458,"0","309"
"=HYPERLINK(""https://stackoverflow.com/q/26655699"", ""26655699"")",0.3763575605680866,"0","263"
"=HYPERLINK(""https://stackoverflow.com/q/26809466"", ""26809466"")",0.3882301273605619,"0","1564"
"=HYPERLINK(""https://stackoverflow.com/q/26928917"", ""26928917"")",0.4567499095186391,"0","86"
"=HYPERLINK(""https://stackoverflow.com/q/26930532"", ""26930532"")",0.373805932629462,"0","178"
"=HYPERLINK(""https://stackoverflow.com/q/26947531"", ""26947531"")",0.3423146009751091,"1","832"
"=HYPERLINK(""https://stackoverflow.com/q/27019723"", ""27019723"")",0.3858377828629544,"0","1605"
"=HYPERLINK(""https://stackoverflow.com/q/27127366"", ""27127366"")",0.5647914917436324,"0","279"
"=HYPERLINK(""https://stackoverflow.com/q/27153271"", ""27153271"")",0.6349881796690308,"1","149"
"=HYPERLINK(""https://stackoverflow.com/q/27405181"", ""27405181"")",0.6497031382527568,"0","58"
"=HYPERLINK(""https://stackoverflow.com/q/27896878"", ""27896878"")",0.5316684762938835,"0","893"
"=HYPERLINK(""https://stackoverflow.com/q/27962304"", ""27962304"")",0.6566484517304193,"0","70"
"=HYPERLINK(""https://stackoverflow.com/q/27969619"", ""27969619"")",0.4678743961352653,"0","237"
"=HYPERLINK(""https://stackoverflow.com/q/28188726"", ""28188726"")",0.6204258150365932,"0","322"
"=HYPERLINK(""https://stackoverflow.com/q/28299714"", ""28299714"")",0.6685890042291424,"2","1128"
"=HYPERLINK(""https://stackoverflow.com/q/28471081"", ""28471081"")",0.519251925192519,"1","1420"
"=HYPERLINK(""https://stackoverflow.com/q/28611521"", ""28611521"")",0.4206658019887591,"0","380"
"=HYPERLINK(""https://stackoverflow.com/q/28768705"", ""28768705"")",0.4136354601470881,"0","1249"
"=HYPERLINK(""https://stackoverflow.com/q/28857605"", ""28857605"")",0.4791392182696527,"0","898"
"=HYPERLINK(""https://stackoverflow.com/q/28960132"", ""28960132"")",0.37241985068072,"1","572"
"=HYPERLINK(""https://stackoverflow.com/q/29356257"", ""29356257"")",0.5509350935093507,"0","97"
"=HYPERLINK(""https://stackoverflow.com/q/29437926"", ""29437926"")",0.3722222222222216,"1","2154"
"=HYPERLINK(""https://stackoverflow.com/q/29497048"", ""29497048"")",0.3443941679235796,"0","42"
"=HYPERLINK(""https://stackoverflow.com/q/29532244"", ""29532244"")",0.4929404542664212,"2","80"
"=HYPERLINK(""https://stackoverflow.com/q/29671972"", ""29671972"")",0.3701991008349392,"1","2790"
"=HYPERLINK(""https://stackoverflow.com/q/30099210"", ""30099210"")",0.4686507936507937,"0","675"
"=HYPERLINK(""https://stackoverflow.com/q/30121783"", ""30121783"")",0.5400064787819893,"0","162"
"=HYPERLINK(""https://stackoverflow.com/q/30185824"", ""30185824"")",0.4914529914529916,"0","677"
"=HYPERLINK(""https://stackoverflow.com/q/30695980"", ""30695980"")",0.3557234816680658,"0","1171"
"=HYPERLINK(""https://stackoverflow.com/q/30699795"", ""30699795"")",0.4734457132499547,"0","102"
"=HYPERLINK(""https://stackoverflow.com/q/30726979"", ""30726979"")",0.5108128262490682,"1","414"
"=HYPERLINK(""https://stackoverflow.com/q/30731533"", ""30731533"")",0.3769183548189073,"1","72"
"=HYPERLINK(""https://stackoverflow.com/q/31091189"", ""31091189"")",0.6222222222222222,"0","263"
"=HYPERLINK(""https://stackoverflow.com/q/31119053"", ""31119053"")",0.3359248461289279,"1","71"
"=HYPERLINK(""https://stackoverflow.com/q/31302581"", ""31302581"")",0.4622222222222221,"1","182"
"=HYPERLINK(""https://stackoverflow.com/q/31400193"", ""31400193"")",0.359806114839672,"0","107"
"=HYPERLINK(""https://stackoverflow.com/q/31410544"", ""31410544"")",0.3475866537091029,"2","564"
"=HYPERLINK(""https://stackoverflow.com/q/31881932"", ""31881932"")",0.3760683760683762,"0","169"
"=HYPERLINK(""https://stackoverflow.com/q/31887091"", ""31887091"")",0.5564468211527037,"0","269"
"=HYPERLINK(""https://stackoverflow.com/q/31945569"", ""31945569"")",0.520222222222222,"0","198"
"=HYPERLINK(""https://stackoverflow.com/q/31987504"", ""31987504"")",0.3667477696674779,"0","846"
"=HYPERLINK(""https://stackoverflow.com/q/32229243"", ""32229243"")",0.3984517304189438,"1","568"
"=HYPERLINK(""https://stackoverflow.com/q/32236556"", ""32236556"")",0.3983091787439608,"0","241"
"=HYPERLINK(""https://stackoverflow.com/q/32357371"", ""32357371"")",0.5543650793650793,"0","814"
"=HYPERLINK(""https://stackoverflow.com/q/32369423"", ""32369423"")",0.472222222222222,"0","185"
"=HYPERLINK(""https://stackoverflow.com/q/32383506"", ""32383506"")",0.282936507936508,"3","1037"
"=HYPERLINK(""https://stackoverflow.com/q/32591871"", ""32591871"")",0.3479618671926365,"0","1456"
"=HYPERLINK(""https://stackoverflow.com/q/32720289"", ""32720289"")",0.5014430014430011,"1","727"
"=HYPERLINK(""https://stackoverflow.com/q/32742072"", ""32742072"")",0.245968924069188,"0","130"
"=HYPERLINK(""https://stackoverflow.com/q/32747702"", ""32747702"")",0.4507290095525388,"1","1086"
"=HYPERLINK(""https://stackoverflow.com/q/32917789"", ""32917789"")",0.3576068376068378,"0","3414"
"=HYPERLINK(""https://stackoverflow.com/q/33017125"", ""33017125"")",0.5972222222222219,"0","175"
"=HYPERLINK(""https://stackoverflow.com/q/33223251"", ""33223251"")",0.382936507936508,"1","53"
"=HYPERLINK(""https://stackoverflow.com/q/33607177"", ""33607177"")",0.6064586754241922,"0","363"
"=HYPERLINK(""https://stackoverflow.com/q/33733604"", ""33733604"")",0.4554238032498899,"0","677"
"=HYPERLINK(""https://stackoverflow.com/q/33758932"", ""33758932"")",0.2854633289415896,"0","66"
"=HYPERLINK(""https://stackoverflow.com/q/34002715"", ""34002715"")",0.4921184159938483,"1","137"
"=HYPERLINK(""https://stackoverflow.com/q/34228425"", ""34228425"")",0.3489548954895488,"1","119"
"=HYPERLINK(""https://stackoverflow.com/q/34776120"", ""34776120"")",0.4763205828779602,"0","138"
"=HYPERLINK(""https://stackoverflow.com/q/34847430"", ""34847430"")",0.4119455423803249,"0","702"
"=HYPERLINK(""https://stackoverflow.com/q/34888063"", ""34888063"")",0.443741209563994,"1","1473"
"=HYPERLINK(""https://stackoverflow.com/q/34940856"", ""34940856"")",0.2118671926364234,"0","1696"
"=HYPERLINK(""https://stackoverflow.com/q/35145940"", ""35145940"")",0.3212788259958072,"0","335"
"=HYPERLINK(""https://stackoverflow.com/q/35245303"", ""35245303"")",0.2885672161908589,"1","278"
"=HYPERLINK(""https://stackoverflow.com/q/35343564"", ""35343564"")",0.3266526019690576,"1","140"
"=HYPERLINK(""https://stackoverflow.com/q/35823117"", ""35823117"")",0.3021373565928024,"1","267"
"=HYPERLINK(""https://stackoverflow.com/q/36051050"", ""36051050"")",0.3429400036251587,"0","1924"
"=HYPERLINK(""https://stackoverflow.com/q/36280893"", ""36280893"")",0.2812109862671662,"0","135"
"=HYPERLINK(""https://stackoverflow.com/q/36479801"", ""36479801"")",0.4198028673835127,"0","791"
"=HYPERLINK(""https://stackoverflow.com/q/36747521"", ""36747521"")",0.4168530947054439,"0","185"
"=HYPERLINK(""https://stackoverflow.com/q/36889098"", ""36889098"")",0.5424192665571974,"2","1206"
"=HYPERLINK(""https://stackoverflow.com/q/37072254"", ""37072254"")",0.3805442790557812,"0","182"
"=HYPERLINK(""https://stackoverflow.com/q/37269375"", ""37269375"")",0.3327991452991453,"1","1076"
"=HYPERLINK(""https://stackoverflow.com/q/37400126"", ""37400126"")",0.3143881208397334,"0","461"
"=HYPERLINK(""https://stackoverflow.com/q/37410728"", ""37410728"")",0.3606837606837612,"0","107"
"=HYPERLINK(""https://stackoverflow.com/q/37573704"", ""37573704"")",0.7487811136771876,"0","99"
"=HYPERLINK(""https://stackoverflow.com/q/37847845"", ""37847845"")",0.4217787632421776,"0","111"
"=HYPERLINK(""https://stackoverflow.com/q/37944748"", ""37944748"")",0.3519293351929334,"1","1210"
"=HYPERLINK(""https://stackoverflow.com/q/38053962"", ""38053962"")",0.6009751090582499,"0","149"
"=HYPERLINK(""https://stackoverflow.com/q/38400458"", ""38400458"")",0.2165404040404039,"0","53"
"=HYPERLINK(""https://stackoverflow.com/q/38452100"", ""38452100"")",0.414458821113165,"0","98"
"=HYPERLINK(""https://stackoverflow.com/q/38499971"", ""38499971"")",0.4249871991807473,"0","115"
"=HYPERLINK(""https://stackoverflow.com/q/38733778"", ""38733778"")",0.3831720902961011,"0","953"
"=HYPERLINK(""https://stackoverflow.com/q/38841299"", ""38841299"")",0.4534925805284112,"0","214"
"=HYPERLINK(""https://stackoverflow.com/q/38856462"", ""38856462"")",0.2865079365079366,"0","51"
"=HYPERLINK(""https://stackoverflow.com/q/38987751"", ""38987751"")",0.4049145299145301,"0","144"
"=HYPERLINK(""https://stackoverflow.com/q/39137322"", ""39137322"")",0.3946701905076534,"0","314"
"=HYPERLINK(""https://stackoverflow.com/q/39411037"", ""39411037"")",0.5005727376861396,"0","641"
"=HYPERLINK(""https://stackoverflow.com/q/39490442"", ""39490442"")",0.7031382527565738,"3","5657"
"=HYPERLINK(""https://stackoverflow.com/q/40092417"", ""40092417"")",0.4921184159938483,"1","920"
"=HYPERLINK(""https://stackoverflow.com/q/40162747"", ""40162747"")",0.4438846907360757,"0","1237"
"=HYPERLINK(""https://stackoverflow.com/q/40913911"", ""40913911"")",0.4636015325670496,"1","53"
"=HYPERLINK(""https://stackoverflow.com/q/41134723"", ""41134723"")",0.4577991452991453,"0","436"
"=HYPERLINK(""https://stackoverflow.com/q/41451683"", ""41451683"")",0.4291187739463598,"0","464"
"=HYPERLINK(""https://stackoverflow.com/q/41700037"", ""41700037"")",0.2866229377857285,"0","43"
"=HYPERLINK(""https://stackoverflow.com/q/41724996"", ""41724996"")",0.3768857405221039,"1","364"
"=HYPERLINK(""https://stackoverflow.com/q/41842294"", ""41842294"")",0.4643274853801172,"0","110"
"=HYPERLINK(""https://stackoverflow.com/q/42089278"", ""42089278"")",0.360630526720492,"0","326"
"=HYPERLINK(""https://stackoverflow.com/q/42095368"", ""42095368"")",0.3378001116694581,"0","117"
"=HYPERLINK(""https://stackoverflow.com/q/42510066"", ""42510066"")",0.2580528411147304,"1","2315"
"=HYPERLINK(""https://stackoverflow.com/q/42673796"", ""42673796"")",0.3635265700483087,"1","676"
"=HYPERLINK(""https://stackoverflow.com/q/42937961"", ""42937961"")",0.3054454718919712,"1","437"
"=HYPERLINK(""https://stackoverflow.com/q/43072353"", ""43072353"")",0.3984517304189439,"0","69"
"=HYPERLINK(""https://stackoverflow.com/q/43182705"", ""43182705"")",0.5036593479707251,"1","476"
"=HYPERLINK(""https://stackoverflow.com/q/43195082"", ""43195082"")",0.4870870870870868,"0","85"
"=HYPERLINK(""https://stackoverflow.com/q/43325807"", ""43325807"")",0.4161280393967376,"0","654"
"=HYPERLINK(""https://stackoverflow.com/q/43329745"", ""43329745"")",0.4082687338501293,"2","78"
"=HYPERLINK(""https://stackoverflow.com/q/43354468"", ""43354468"")",0.329880379824886,"0","782"
"=HYPERLINK(""https://stackoverflow.com/q/43471934"", ""43471934"")",0.4848728246318605,"0","1065"
"=HYPERLINK(""https://stackoverflow.com/q/43607414"", ""43607414"")",0.2959549411162313,"0","1208"
"=HYPERLINK(""https://stackoverflow.com/q/43725113"", ""43725113"")",0.5370910268869454,"0","73"
"=HYPERLINK(""https://stackoverflow.com/q/43849276"", ""43849276"")",0.5961834410587874,"0","203"
"=HYPERLINK(""https://stackoverflow.com/q/43912910"", ""43912910"")",0.4584031267448351,"0","801"
"=HYPERLINK(""https://stackoverflow.com/q/43936915"", ""43936915"")",0.6144377910844975,"1","138"
"=HYPERLINK(""https://stackoverflow.com/q/43940791"", ""43940791"")",0.440463264567499,"1","17215"
"=HYPERLINK(""https://stackoverflow.com/q/43992251"", ""43992251"")",0.7152970144659897,"1","305"
"=HYPERLINK(""https://stackoverflow.com/q/44052480"", ""44052480"")",0.3305345647914915,"0","54"
"=HYPERLINK(""https://stackoverflow.com/q/44073502"", ""44073502"")",0.3482064741907263,"2","202"
"=HYPERLINK(""https://stackoverflow.com/q/44199456"", ""44199456"")",0.2605200945626478,"1","95"
"=HYPERLINK(""https://stackoverflow.com/q/44295048"", ""44295048"")",0.3200483091787436,"0","125"
"=HYPERLINK(""https://stackoverflow.com/q/44555497"", ""44555497"")",0.3820160366552118,"0","1076"
"=HYPERLINK(""https://stackoverflow.com/q/44578017"", ""44578017"")",0.2913131313131312,"0","817"
"=HYPERLINK(""https://stackoverflow.com/q/44717612"", ""44717612"")",0.5652301377895048,"0","424"
"=HYPERLINK(""https://stackoverflow.com/q/44851896"", ""44851896"")",0.3439934399343995,"0","269"
"=HYPERLINK(""https://stackoverflow.com/q/45029159"", ""45029159"")",0.2679968701095462,"0","130"
"=HYPERLINK(""https://stackoverflow.com/q/45105067"", ""45105067"")",0.3839243498817968,"1","320"
"=HYPERLINK(""https://stackoverflow.com/q/45145338"", ""45145338"")",0.4081945920415634,"3","924"
"=HYPERLINK(""https://stackoverflow.com/q/45226468"", ""45226468"")",0.3855286738351255,"1","358"
"=HYPERLINK(""https://stackoverflow.com/q/45236860"", ""45236860"")",0.5585054080629304,"0","89"
"=HYPERLINK(""https://stackoverflow.com/q/45363853"", ""45363853"")",0.3881208397337428,"0","999"
"=HYPERLINK(""https://stackoverflow.com/q/45365315"", ""45365315"")",0.3046085858585858,"1","236"
"=HYPERLINK(""https://stackoverflow.com/q/45370015"", ""45370015"")",0.353609083536091,"0","943"
"=HYPERLINK(""https://stackoverflow.com/q/45606087"", ""45606087"")",0.4272083718067097,"0","289"
"=HYPERLINK(""https://stackoverflow.com/q/45656277"", ""45656277"")",0.4247538677918422,"0","530"
"=HYPERLINK(""https://stackoverflow.com/q/45724820"", ""45724820"")",0.3642676767676767,"1","182"
"=HYPERLINK(""https://stackoverflow.com/q/45729930"", ""45729930"")",0.407936507936508,"0","186"
"=HYPERLINK(""https://stackoverflow.com/q/45915801"", ""45915801"")",0.302119129438717,"0","384"
"=HYPERLINK(""https://stackoverflow.com/q/45920455"", ""45920455"")",0.4040404040404038,"0","1635"
"=HYPERLINK(""https://stackoverflow.com/q/46139038"", ""46139038"")",0.3477827603388141,"1","350"
"=HYPERLINK(""https://stackoverflow.com/q/46204582"", ""46204582"")",0.4222222222222221,"1","1551"
"=HYPERLINK(""https://stackoverflow.com/q/46368427"", ""46368427"")",0.3467896962706651,"0","708"
"=HYPERLINK(""https://stackoverflow.com/q/46463467"", ""46463467"")",0.3134274339486066,"0","472"
"=HYPERLINK(""https://stackoverflow.com/q/46585342"", ""46585342"")",0.3430275913497392,"0","101"
"=HYPERLINK(""https://stackoverflow.com/q/46615948"", ""46615948"")",0.3591787439613523,"0","1113"
"=HYPERLINK(""https://stackoverflow.com/q/46764963"", ""46764963"")",0.4262524489224736,"0","312"
"=HYPERLINK(""https://stackoverflow.com/q/47107774"", ""47107774"")",0.3954505686789154,"0","1370"
"=HYPERLINK(""https://stackoverflow.com/q/47259578"", ""47259578"")",0.4359425388449137,"1","1025"
"=HYPERLINK(""https://stackoverflow.com/q/47471237"", ""47471237"")",0.4830917874396135,"0","146"
"=HYPERLINK(""https://stackoverflow.com/q/47761515"", ""47761515"")",0.3897897897897895,"0","495"
"=HYPERLINK(""https://stackoverflow.com/q/48085611"", ""48085611"")",0.4713689799014029,"1","506"
"=HYPERLINK(""https://stackoverflow.com/q/48266924"", ""48266924"")",0.3327991452991454,"0","568"
"=HYPERLINK(""https://stackoverflow.com/q/48273194"", ""48273194"")",0.5100451004510046,"1","928"
"=HYPERLINK(""https://stackoverflow.com/q/48907941"", ""48907941"")",0.268168168168168,"1","119"
"=HYPERLINK(""https://stackoverflow.com/q/49151317"", ""49151317"")",0.4855810008481769,"0","832"
"=HYPERLINK(""https://stackoverflow.com/q/49371395"", ""49371395"")",0.3541371158392436,"0","29"
"=HYPERLINK(""https://stackoverflow.com/q/49647568"", ""49647568"")",0.3144731447314474,"0","266"
"=HYPERLINK(""https://stackoverflow.com/q/49993046"", ""49993046"")",0.7564241766196163,"0","29"
"=HYPERLINK(""https://stackoverflow.com/q/50178534"", ""50178534"")",0.3129480286738351,"1","1119"
"=HYPERLINK(""https://stackoverflow.com/q/50374730"", ""50374730"")",0.3583924349881798,"1","7635"
"=HYPERLINK(""https://stackoverflow.com/q/50470391"", ""50470391"")",0.3145299145299147,"1","812"
"=HYPERLINK(""https://stackoverflow.com/q/50476999"", ""50476999"")",0.2669449413635461,"1","106"
"=HYPERLINK(""https://stackoverflow.com/q/50821193"", ""50821193"")",0.4269202087994037,"0","27"
"=HYPERLINK(""https://stackoverflow.com/q/51326300"", ""51326300"")",0.4325543255432556,"0","232"
"=HYPERLINK(""https://stackoverflow.com/q/51442895"", ""51442895"")",0.3331377151799687,"1","282"
"=HYPERLINK(""https://stackoverflow.com/q/51487332"", ""51487332"")",0.4131769960915687,"0","340"
"=HYPERLINK(""https://stackoverflow.com/q/51624875"", ""51624875"")",0.5059592464436754,"0","55"
"=HYPERLINK(""https://stackoverflow.com/q/51739637"", ""51739637"")",0.6308760683760685,"1","353"
"=HYPERLINK(""https://stackoverflow.com/q/51787843"", ""51787843"")",0.6514257620452313,"0","1363"
"=HYPERLINK(""https://stackoverflow.com/q/51956962"", ""51956962"")",0.3625891946992863,"0","189"
"=HYPERLINK(""https://stackoverflow.com/q/52057600"", ""52057600"")",0.442911877394636,"0","62"
"=HYPERLINK(""https://stackoverflow.com/q/52108369"", ""52108369"")",0.3938640132669983,"1","88"
"=HYPERLINK(""https://stackoverflow.com/q/52421026"", ""52421026"")",0.3513735137351375,"1","56"
"=HYPERLINK(""https://stackoverflow.com/q/52752601"", ""52752601"")",0.5264675052410902,"0","139"
"=HYPERLINK(""https://stackoverflow.com/q/52829417"", ""52829417"")",0.3045751633986928,"0","876"
"=HYPERLINK(""https://stackoverflow.com/q/52966767"", ""52966767"")",0.5898692810457516,"0","32"
"=HYPERLINK(""https://stackoverflow.com/q/52984433"", ""52984433"")",0.3848519800076893,"1","686"
"=HYPERLINK(""https://stackoverflow.com/q/53536370"", ""53536370"")",0.3559608240459304,"1","392"
"=HYPERLINK(""https://stackoverflow.com/q/53558262"", ""53558262"")",0.3290924512298561,"0","3494"
"=HYPERLINK(""https://stackoverflow.com/q/53594628"", ""53594628"")",0.4381313131313129,"1","380"
"=HYPERLINK(""https://stackoverflow.com/q/53604573"", ""53604573"")",0.3045007032348804,"0","51"
"=HYPERLINK(""https://stackoverflow.com/q/54005984"", ""54005984"")",0.2985581000848178,"1","60"
"=HYPERLINK(""https://stackoverflow.com/q/54218042"", ""54218042"")",0.3472222222222224,"0","557"
"=HYPERLINK(""https://stackoverflow.com/q/54513621"", ""54513621"")",0.5923009623797031,"0","139"
"=HYPERLINK(""https://stackoverflow.com/q/54557467"", ""54557467"")",0.3668005354752341,"0","126"
"=HYPERLINK(""https://stackoverflow.com/q/54748545"", ""54748545"")",0.4645220168834129,"1","183"
"=HYPERLINK(""https://stackoverflow.com/q/54892207"", ""54892207"")",0.4318607764390896,"0","49"
"=HYPERLINK(""https://stackoverflow.com/q/54964328"", ""54964328"")",0.6058894024995721,"0","50"
"=HYPERLINK(""https://stackoverflow.com/q/55242426"", ""55242426"")",0.574750312109863,"0","65"
"=HYPERLINK(""https://stackoverflow.com/q/55416449"", ""55416449"")",0.3722222222222224,"0","97"
"=HYPERLINK(""https://stackoverflow.com/q/55469790"", ""55469790"")",0.2568642545547857,"0","66"
"=HYPERLINK(""https://stackoverflow.com/q/55633635"", ""55633635"")",0.3461160275319569,"1","511"
"=HYPERLINK(""https://stackoverflow.com/q/55842760"", ""55842760"")",0.5898692810457516,"1","513"
"=HYPERLINK(""https://stackoverflow.com/q/55898914"", ""55898914"")",0.4101416853094707,"0","465"
"=HYPERLINK(""https://stackoverflow.com/q/56235510"", ""56235510"")",0.3376068376068376,"0","517"
"=HYPERLINK(""https://stackoverflow.com/q/56272452"", ""56272452"")",0.3879282740954211,"1","680"
"=HYPERLINK(""https://stackoverflow.com/q/56640114"", ""56640114"")",0.4870870870870868,"1","366"
"=HYPERLINK(""https://stackoverflow.com/q/56756414"", ""56756414"")",0.4056899641577062,"0","667"
"=HYPERLINK(""https://stackoverflow.com/q/56847010"", ""56847010"")",0.2222222222222222,"0","383"
"=HYPERLINK(""https://stackoverflow.com/q/56958026"", ""56958026"")",0.2474111390987963,"1","94"
"=HYPERLINK(""https://stackoverflow.com/q/57193793"", ""57193793"")",0.4250524109014676,"0","709"
"=HYPERLINK(""https://stackoverflow.com/q/57388444"", ""57388444"")",0.4470544369873231,"0","29"
"=HYPERLINK(""https://stackoverflow.com/q/57400875"", ""57400875"")",0.345900869156683,"0","432"
"=HYPERLINK(""https://stackoverflow.com/q/57443112"", ""57443112"")",0.2847222222222223,"0","209"
"=HYPERLINK(""https://stackoverflow.com/q/57495100"", ""57495100"")",0.2498719918074755,"1","15"
"=HYPERLINK(""https://stackoverflow.com/q/57581299"", ""57581299"")",0.4147181439187964,"0","303"
"=HYPERLINK(""https://stackoverflow.com/q/57654595"", ""57654595"")",0.4763205828779603,"0","64"
"=HYPERLINK(""https://stackoverflow.com/q/57800938"", ""57800938"")",0.3202929617720614,"1","271"
"=HYPERLINK(""https://stackoverflow.com/q/57806210"", ""57806210"")",0.2643274853801171,"0","69"
"=HYPERLINK(""https://stackoverflow.com/q/57881848"", ""57881848"")",0.2959927140255011,"0","193"
"=HYPERLINK(""https://stackoverflow.com/q/57928413"", ""57928413"")",0.445642869371683,"0","75"
"=HYPERLINK(""https://stackoverflow.com/q/57998607"", ""57998607"")",0.5140310959423586,"1","105"
"=HYPERLINK(""https://stackoverflow.com/q/58674612"", ""58674612"")",0.4681238615664849,"1","113"
"=HYPERLINK(""https://stackoverflow.com/q/58730427"", ""58730427"")",0.5116959064327486,"0","191"
"=HYPERLINK(""https://stackoverflow.com/q/59113329"", ""59113329"")",0.6033297140788997,"1","77"
"=HYPERLINK(""https://stackoverflow.com/q/59206444"", ""59206444"")",0.3032456763800049,"1","202"
"=HYPERLINK(""https://stackoverflow.com/q/59360836"", ""59360836"")",0.4915949159491596,"0","261"
"=HYPERLINK(""https://stackoverflow.com/q/60017517"", ""60017517"")",0.2909722222222223,"0","1424"
"=HYPERLINK(""https://stackoverflow.com/q/60114145"", ""60114145"")",0.3914529914529917,"0","52"
"=HYPERLINK(""https://stackoverflow.com/q/60407965"", ""60407965"")",0.3951951951951951,"0","81"
"=HYPERLINK(""https://stackoverflow.com/q/60791897"", ""60791897"")",0.5186294078509645,"1","99"
"=HYPERLINK(""https://stackoverflow.com/q/60862242"", ""60862242"")",0.4345835534425076,"1","235"
"=HYPERLINK(""https://stackoverflow.com/q/60866857"", ""60866857"")",0.4615218331171637,"0","127"
"=HYPERLINK(""https://stackoverflow.com/q/61136532"", ""61136532"")",0.4292462517970838,"0","89"
"=HYPERLINK(""https://stackoverflow.com/q/61222090"", ""61222090"")",0.4787819889860709,"0","35"
"=HYPERLINK(""https://stackoverflow.com/q/61404014"", ""61404014"")",0.5395653956539568,"0","415"
"=HYPERLINK(""https://stackoverflow.com/q/61569927"", ""61569927"")",0.3353443941679234,"1","48"
"=HYPERLINK(""https://stackoverflow.com/q/61655523"", ""61655523"")",0.2290095525389642,"0","688"
"=HYPERLINK(""https://stackoverflow.com/q/61824996"", ""61824996"")",0.6586863106200125,"0","312"
"=HYPERLINK(""https://stackoverflow.com/q/61867909"", ""61867909"")",0.4467120181405893,"0","49"
"=HYPERLINK(""https://stackoverflow.com/q/61904800"", ""61904800"")",0.2791842475386778,"0","533"
"=HYPERLINK(""https://stackoverflow.com/q/61909353"", ""61909353"")",0.3262946204122673,"1","38"
"=HYPERLINK(""https://stackoverflow.com/q/61914179"", ""61914179"")",0.3520299145299145,"0","183"
"=HYPERLINK(""https://stackoverflow.com/q/62025466"", ""62025466"")",0.4365079365079363,"0","25"
"=HYPERLINK(""https://stackoverflow.com/q/62127886"", ""62127886"")",0.4865079365079365,"0","138"
"=HYPERLINK(""https://stackoverflow.com/q/62157183"", ""62157183"")",0.3964303670186023,"1","1354"
"=HYPERLINK(""https://stackoverflow.com/q/62280271"", ""62280271"")",0.2498465316144874,"0","33"
"=HYPERLINK(""https://stackoverflow.com/q/62282352"", ""62282352"")",0.3553706272152876,"0","208"
"=HYPERLINK(""https://stackoverflow.com/q/62285314"", ""62285314"")",0.4288642886428866,"0","756"
"=HYPERLINK(""https://stackoverflow.com/q/62290149"", ""62290149"")",0.4737073707370735,"0","144"
"=HYPERLINK(""https://stackoverflow.com/q/62481280"", ""62481280"")",0.4481837606837607,"0","33"
"=HYPERLINK(""https://stackoverflow.com/q/62499243"", ""62499243"")",0.6829365079365078,"0","42"
"=HYPERLINK(""https://stackoverflow.com/q/62716196"", ""62716196"")",0.3543650793650794,"0","54"
"=HYPERLINK(""https://stackoverflow.com/q/62839576"", ""62839576"")",0.6009456264775415,"0","81"
"=HYPERLINK(""https://stackoverflow.com/q/62989419"", ""62989419"")",0.802867383512544,"0","116"
"=HYPERLINK(""https://stackoverflow.com/q/63181759"", ""63181759"")",0.505930087390762,"0","26"
"=HYPERLINK(""https://stackoverflow.com/q/63319022"", ""63319022"")",0.3446712018140594,"0","324"
"=HYPERLINK(""https://stackoverflow.com/q/63341194"", ""63341194"")",0.7069550466497034,"0","12"
"=HYPERLINK(""https://stackoverflow.com/q/63352219"", ""63352219"")",0.4507936507936508,"0","187"
"=HYPERLINK(""https://stackoverflow.com/q/63518053"", ""63518053"")",0.4222222222222224,"0","32"
"=HYPERLINK(""https://stackoverflow.com/q/63724898"", ""63724898"")",0.4914529914529916,"0","265"
"=HYPERLINK(""https://stackoverflow.com/q/63811398"", ""63811398"")",0.4991452991452993,"0","31"
"=HYPERLINK(""https://stackoverflow.com/q/63874230"", ""63874230"")",0.4239267676767674,"0","153"
"=HYPERLINK(""https://stackoverflow.com/q/63960757"", ""63960757"")",0.375524109014675,"0","62"
"=HYPERLINK(""https://stackoverflow.com/q/64247074"", ""64247074"")",0.2902322977889727,"0","92"
"=HYPERLINK(""https://stackoverflow.com/q/64301389"", ""64301389"")",0.4684533780011164,"0","41"
"=HYPERLINK(""https://stackoverflow.com/q/64482703"", ""64482703"")",0.2130838410211778,"0","145"
"=HYPERLINK(""https://stackoverflow.com/q/64898218"", ""64898218"")",0.3521492295214924,"0","29"
"=HYPERLINK(""https://stackoverflow.com/q/65420231"", ""65420231"")",0.4357745836185258,"0","58"
"=HYPERLINK(""https://stackoverflow.com/q/65648197"", ""65648197"")",0.4076078785145092,"0","24"
"=HYPERLINK(""https://stackoverflow.com/q/65676082"", ""65676082"")",0.6144541697058107,"0","75"
"=HYPERLINK(""https://stackoverflow.com/q/65769895"", ""65769895"")",0.4341034103410339,"0","34"
"=HYPERLINK(""https://stackoverflow.com/q/65823509"", ""65823509"")",0.3387866394001361,"0","15"
"=HYPERLINK(""https://stackoverflow.com/q/65839009"", ""65839009"")",0.3585858585858584,"0","40"
"=HYPERLINK(""https://stackoverflow.com/q/65847196"", ""65847196"")",0.463160388533523,"0","47"
"=HYPERLINK(""https://stackoverflow.com/q/65937003"", ""65937003"")",0.5005727376861396,"0","17"
"=HYPERLINK(""https://stackoverflow.com/q/65939800"", ""65939800"")",0.4922222222222219,"0","17"
"=HYPERLINK(""https://stackoverflow.com/q/65943924"", ""65943924"")",0.5528177047684233,"0","344"
"=HYPERLINK(""https://stackoverflow.com/q/66054465"", ""66054465"")",0.2908841940532082,"0","46"
"=HYPERLINK(""https://stackoverflow.com/q/66272207"", ""66272207"")",0.4912095639943738,"0","47"
"=HYPERLINK(""https://stackoverflow.com/q/66310875"", ""66310875"")",0.7811136771875801,"0","20"
"=HYPERLINK(""https://stackoverflow.com/q/66316066"", ""66316066"")",0.8084291187739459,"0","36"
"=HYPERLINK(""https://stackoverflow.com/q/66319864"", ""66319864"")",0.6226747109100049,"0","38"
"=HYPERLINK(""https://stackoverflow.com/q/66329260"", ""66329260"")",0.3439613526570045,"0","51"
"=HYPERLINK(""https://stackoverflow.com/q/66488534"", ""66488534"")",0.7499095186391603,"0","42"
"=HYPERLINK(""https://stackoverflow.com/q/66492671"", ""66492671"")",0.6349580712788261,"0","39"
"=HYPERLINK(""https://stackoverflow.com/q/66495506"", ""66495506"")",0.6295255930087397,"0","28"
"=HYPERLINK(""https://stackoverflow.com/q/66504898"", ""66504898"")",0.3619645413500716,"1","75"
"=HYPERLINK(""https://stackoverflow.com/q/66528822"", ""66528822"")",0.4893231994209192,"0","17"
"=HYPERLINK(""https://stackoverflow.com/q/66547716"", ""66547716"")",0.3817314246762097,"0","16"
"=HYPERLINK(""https://stackoverflow.com/q/66710424"", ""66710424"")",0.3699494949494948,"0","25"
"=HYPERLINK(""https://stackoverflow.com/q/66853760"", ""66853760"")",0.4252297410192145,"0","17"
"=HYPERLINK(""https://stackoverflow.com/q/66966837"", ""66966837"")",0.5473453749315814,"0","24"
"=HYPERLINK(""https://stackoverflow.com/q/67005835"", ""67005835"")",0.5893108298171585,"1","17"
"=HYPERLINK(""https://stackoverflow.com/q/67067218"", ""67067218"")",0.3064918851435709,"2","47"
"=HYPERLINK(""https://stackoverflow.com/q/67212783"", ""67212783"")",0.3043577458361851,"0","19"
"=HYPERLINK(""https://stackoverflow.com/q/67272050"", ""67272050"")",0.3407632556568727,"0","32"
"=HYPERLINK(""https://stackoverflow.com/q/67389062"", ""67389062"")",0.4133986928104574,"0","26"
"=HYPERLINK(""https://stackoverflow.com/q/67405608"", ""67405608"")",0.3483760683760686,"0","18"
"=HYPERLINK(""https://stackoverflow.com/q/67616085"", ""67616085"")",0.2749494949494948,"0","31"
"=HYPERLINK(""https://stackoverflow.com/q/67652284"", ""67652284"")",0.23075100687041,"0","28"
