link,Correlation
"=HYPERLINK(""https://stackoverflow.com/a/195211"", ""195211"")",0.6935336976320587
"=HYPERLINK(""https://stackoverflow.com/a/677815"", ""677815"")",0.8677918424753862
"=HYPERLINK(""https://stackoverflow.com/a/1098148"", ""1098148"")",0.34410587873191756
"=HYPERLINK(""https://stackoverflow.com/a/1427296"", ""1427296"")",0.4052009456264777
"=HYPERLINK(""https://stackoverflow.com/a/1478531"", ""1478531"")",0.6931524547803612
"=HYPERLINK(""https://stackoverflow.com/a/1485809"", ""1485809"")",0.3816935878609891
"=HYPERLINK(""https://stackoverflow.com/a/1553857"", ""1553857"")",0.6466408268733845
"=HYPERLINK(""https://stackoverflow.com/a/1804825"", ""1804825"")",0.5753150057273767
"=HYPERLINK(""https://stackoverflow.com/a/1939459"", ""1939459"")",0.4354575163398693
"=HYPERLINK(""https://stackoverflow.com/a/2150999"", ""2150999"")",0.30621588307800673
"=HYPERLINK(""https://stackoverflow.com/a/2435680"", ""2435680"")",0.463980463980464
"=HYPERLINK(""https://stackoverflow.com/a/2906587"", ""2906587"")",0.46598953524161285
"=HYPERLINK(""https://stackoverflow.com/a/3145423"", ""3145423"")",0.37016742770167427
"=HYPERLINK(""https://stackoverflow.com/a/3760678"", ""3760678"")",0.39529914529914534
"=HYPERLINK(""https://stackoverflow.com/a/3827956"", ""3827956"")",0.4123965486881493
"=HYPERLINK(""https://stackoverflow.com/a/4114369"", ""4114369"")",0.7222222222222222
"=HYPERLINK(""https://stackoverflow.com/a/4135467"", ""4135467"")",0.7068847989093382
"=HYPERLINK(""https://stackoverflow.com/a/4268579"", ""4268579"")",0.46646185355862724
"=HYPERLINK(""https://stackoverflow.com/a/4333234"", ""4333234"")",0.4040404040404039
"=HYPERLINK(""https://stackoverflow.com/a/4463751"", ""4463751"")",0.38225285009358523
"=HYPERLINK(""https://stackoverflow.com/a/4715633"", ""4715633"")",0.2719459791282996
"=HYPERLINK(""https://stackoverflow.com/a/4750734"", ""4750734"")",0.543323139653415
"=HYPERLINK(""https://stackoverflow.com/a/5278160"", ""5278160"")",0.33672603901611564
"=HYPERLINK(""https://stackoverflow.com/a/5642278"", ""5642278"")",0.5347222222222224
"=HYPERLINK(""https://stackoverflow.com/a/5841003"", ""5841003"")",0.25805839969662486
"=HYPERLINK(""https://stackoverflow.com/a/6032086"", ""6032086"")",0.434820647419073
"=HYPERLINK(""https://stackoverflow.com/a/6104150"", ""6104150"")",0.23592085235920843
"=HYPERLINK(""https://stackoverflow.com/a/6114066"", ""6114066"")",0.3522433638712707
"=HYPERLINK(""https://stackoverflow.com/a/6315650"", ""6315650"")",0.5105657805044305
"=HYPERLINK(""https://stackoverflow.com/a/6374293"", ""6374293"")",0.7354965585054084
"=HYPERLINK(""https://stackoverflow.com/a/6487156"", ""6487156"")",0.5362847222222228
"=HYPERLINK(""https://stackoverflow.com/a/6930939"", ""6930939"")",0.6636015325670499
"=HYPERLINK(""https://stackoverflow.com/a/7341657"", ""7341657"")",0.6452991452991454
"=HYPERLINK(""https://stackoverflow.com/a/7494989"", ""7494989"")",0.737793156478277
"=HYPERLINK(""https://stackoverflow.com/a/7930957"", ""7930957"")",0.32802427000379214
"=HYPERLINK(""https://stackoverflow.com/a/8086330"", ""8086330"")",0.2287157287157285
"=HYPERLINK(""https://stackoverflow.com/a/8148419"", ""8148419"")",0.394529914529915
"=HYPERLINK(""https://stackoverflow.com/a/8157915"", ""8157915"")",0.7295751633986928
"=HYPERLINK(""https://stackoverflow.com/a/8260392"", ""8260392"")",0.6006006006006003
"=HYPERLINK(""https://stackoverflow.com/a/8561597"", ""8561597"")",0.3039529914529915
"=HYPERLINK(""https://stackoverflow.com/a/8753190"", ""8753190"")",0.4282081377151802
"=HYPERLINK(""https://stackoverflow.com/a/8791089"", ""8791089"")",0.4731447314473145
"=HYPERLINK(""https://stackoverflow.com/a/8902005"", ""8902005"")",0.34077892325314996
"=HYPERLINK(""https://stackoverflow.com/a/9005591"", ""9005591"")",0.896255371393493
"=HYPERLINK(""https://stackoverflow.com/a/9028773"", ""9028773"")",0.3228933631618196
"=HYPERLINK(""https://stackoverflow.com/a/9072404"", ""9072404"")",0.7001633986928104
"=HYPERLINK(""https://stackoverflow.com/a/9075061"", ""9075061"")",0.4984653161448743
"=HYPERLINK(""https://stackoverflow.com/a/9116017"", ""9116017"")",0.7720377203772035
"=HYPERLINK(""https://stackoverflow.com/a/9142001"", ""9142001"")",0.5894788593903642
"=HYPERLINK(""https://stackoverflow.com/a/9277112"", ""9277112"")",0.37663398692810457
"=HYPERLINK(""https://stackoverflow.com/a/9290218"", ""9290218"")",0.40589569160997757
"=HYPERLINK(""https://stackoverflow.com/a/9292325"", ""9292325"")",0.34529914529914557
"=HYPERLINK(""https://stackoverflow.com/a/9353796"", ""9353796"")",0.308836395450569
"=HYPERLINK(""https://stackoverflow.com/a/9526770"", ""9526770"")",0.8715728715728712
"=HYPERLINK(""https://stackoverflow.com/a/9537624"", ""9537624"")",0.5465465465465461
"=HYPERLINK(""https://stackoverflow.com/a/9706112"", ""9706112"")",0.7057387057387058
"=HYPERLINK(""https://stackoverflow.com/a/9708743"", ""9708743"")",0.5039901780233274
"=HYPERLINK(""https://stackoverflow.com/a/9833492"", ""9833492"")",0.7277167277167277
"=HYPERLINK(""https://stackoverflow.com/a/9887414"", ""9887414"")",0.24961948249619473
"=HYPERLINK(""https://stackoverflow.com/a/10099942"", ""10099942"")",0.76365868631062
"=HYPERLINK(""https://stackoverflow.com/a/10135659"", ""10135659"")",0.42752023546725537
"=HYPERLINK(""https://stackoverflow.com/a/10318688"", ""10318688"")",0.5518925518925519
"=HYPERLINK(""https://stackoverflow.com/a/10386634"", ""10386634"")",0.16816816816816807
"=HYPERLINK(""https://stackoverflow.com/a/10424624"", ""10424624"")",0.5717797443461166
"=HYPERLINK(""https://stackoverflow.com/a/10425449"", ""10425449"")",0.32923329233292337
"=HYPERLINK(""https://stackoverflow.com/a/10427405"", ""10427405"")",0.8842911877394636
"=HYPERLINK(""https://stackoverflow.com/a/10584028"", ""10584028"")",0.3602222222222221
"=HYPERLINK(""https://stackoverflow.com/a/10626828"", ""10626828"")",0.8493408662900181
"=HYPERLINK(""https://stackoverflow.com/a/10746891"", ""10746891"")",0.3413020598406256
"=HYPERLINK(""https://stackoverflow.com/a/10799868"", ""10799868"")",0.5141685309470546
"=HYPERLINK(""https://stackoverflow.com/a/10836117"", ""10836117"")",0.7027417027417024
"=HYPERLINK(""https://stackoverflow.com/a/10854666"", ""10854666"")",0.4940343027591354
"=HYPERLINK(""https://stackoverflow.com/a/11070441"", ""11070441"")",0.8822222222222216
"=HYPERLINK(""https://stackoverflow.com/a/11438230"", ""11438230"")",0.6717635066258923
"=HYPERLINK(""https://stackoverflow.com/a/11442833"", ""11442833"")",0.4336316181953768
"=HYPERLINK(""https://stackoverflow.com/a/11511861"", ""11511861"")",0.16959064327485407
"=HYPERLINK(""https://stackoverflow.com/a/11561502"", ""11561502"")",0.7247347850362922
"=HYPERLINK(""https://stackoverflow.com/a/11681250"", ""11681250"")",0.7054436987322896
"=HYPERLINK(""https://stackoverflow.com/a/11725321"", ""11725321"")",0.3529040404040403
"=HYPERLINK(""https://stackoverflow.com/a/11791594"", ""11791594"")",0.3172090296100852
"=HYPERLINK(""https://stackoverflow.com/a/11880895"", ""11880895"")",0.40094562647754145
"=HYPERLINK(""https://stackoverflow.com/a/11999195"", ""11999195"")",0.5659722222222227
"=HYPERLINK(""https://stackoverflow.com/a/12072796"", ""12072796"")",0.815972222222223
"=HYPERLINK(""https://stackoverflow.com/a/12174325"", ""12174325"")",0.4788593903638156
"=HYPERLINK(""https://stackoverflow.com/a/12358672"", ""12358672"")",0.552222222222222
"=HYPERLINK(""https://stackoverflow.com/a/12421895"", ""12421895"")",0.1592300962379704
"=HYPERLINK(""https://stackoverflow.com/a/12682401"", ""12682401"")",0.5195195195195192
"=HYPERLINK(""https://stackoverflow.com/a/12737497"", ""12737497"")",0.691248770894789
"=HYPERLINK(""https://stackoverflow.com/a/12807630"", ""12807630"")",0.46879756468797557
"=HYPERLINK(""https://stackoverflow.com/a/12977488"", ""12977488"")",0.2705863758495339
"=HYPERLINK(""https://stackoverflow.com/a/13065666"", ""13065666"")",0.5014430014430012
"=HYPERLINK(""https://stackoverflow.com/a/13141596"", ""13141596"")",0.4401954535797748
"=HYPERLINK(""https://stackoverflow.com/a/13231261"", ""13231261"")",0.4783197831978317
"=HYPERLINK(""https://stackoverflow.com/a/13241355"", ""13241355"")",0.40664845173041914
"=HYPERLINK(""https://stackoverflow.com/a/13271771"", ""13271771"")",0.5494949494949495
"=HYPERLINK(""https://stackoverflow.com/a/13572885"", ""13572885"")",0.4105339105339103
"=HYPERLINK(""https://stackoverflow.com/a/13627234"", ""13627234"")",0.3933065595716198
"=HYPERLINK(""https://stackoverflow.com/a/13910558"", ""13910558"")",0.4000878348704434
"=HYPERLINK(""https://stackoverflow.com/a/13958575"", ""13958575"")",0.44222222222222185
"=HYPERLINK(""https://stackoverflow.com/a/14056126"", ""14056126"")",0.554769392033543
"=HYPERLINK(""https://stackoverflow.com/a/14232350"", ""14232350"")",0.6837606837606838
"=HYPERLINK(""https://stackoverflow.com/a/14447079"", ""14447079"")",0.2886779184247538
"=HYPERLINK(""https://stackoverflow.com/a/14479216"", ""14479216"")",0.29222222222222205
"=HYPERLINK(""https://stackoverflow.com/a/14658590"", ""14658590"")",0.36150793650793656
"=HYPERLINK(""https://stackoverflow.com/a/14913494"", ""14913494"")",0.6959064327485387
"=HYPERLINK(""https://stackoverflow.com/a/14993595"", ""14993595"")",0.7325670498084291
"=HYPERLINK(""https://stackoverflow.com/a/15032403"", ""15032403"")",0.5079365079365076
"=HYPERLINK(""https://stackoverflow.com/a/15065328"", ""15065328"")",0.11507936507936507
"=HYPERLINK(""https://stackoverflow.com/a/15338868"", ""15338868"")",0.4842911877394637
"=HYPERLINK(""https://stackoverflow.com/a/15387589"", ""15387589"")",0.357815442561205
"=HYPERLINK(""https://stackoverflow.com/a/15397879"", ""15397879"")",0.5098934550989344
"=HYPERLINK(""https://stackoverflow.com/a/15426564"", ""15426564"")",0.5355862775217609
"=HYPERLINK(""https://stackoverflow.com/a/15548296"", ""15548296"")",0.44222222222222185
"=HYPERLINK(""https://stackoverflow.com/a/15560699"", ""15560699"")",0.39105339105339093
"=HYPERLINK(""https://stackoverflow.com/a/15659854"", ""15659854"")",0.3239921337266472
"=HYPERLINK(""https://stackoverflow.com/a/15859512"", ""15859512"")",0.30441400304414
"=HYPERLINK(""https://stackoverflow.com/a/15921805"", ""15921805"")",0.48642676767676735
"=HYPERLINK(""https://stackoverflow.com/a/15923046"", ""15923046"")",0.48978978978978943
"=HYPERLINK(""https://stackoverflow.com/a/16112408"", ""16112408"")",0.34665661136249365
"=HYPERLINK(""https://stackoverflow.com/a/16454347"", ""16454347"")",0.5271002710027098
"=HYPERLINK(""https://stackoverflow.com/a/16464509"", ""16464509"")",0.4573573573573569
"=HYPERLINK(""https://stackoverflow.com/a/16523979"", ""16523979"")",0.6762099522835715
"=HYPERLINK(""https://stackoverflow.com/a/16566803"", ""16566803"")",0.39267676767676735
"=HYPERLINK(""https://stackoverflow.com/a/16580404"", ""16580404"")",0.508654383026242
"=HYPERLINK(""https://stackoverflow.com/a/16795666"", ""16795666"")",0.8460754332313969
"=HYPERLINK(""https://stackoverflow.com/a/16842217"", ""16842217"")",0.5048309178743955
"=HYPERLINK(""https://stackoverflow.com/a/16949053"", ""16949053"")",0.3877394636015326
"=HYPERLINK(""https://stackoverflow.com/a/17036072"", ""17036072"")",0.4480286738351253
"=HYPERLINK(""https://stackoverflow.com/a/17046539"", ""17046539"")",0.685890042291426
"=HYPERLINK(""https://stackoverflow.com/a/17079696"", ""17079696"")",0.2797170887519962
"=HYPERLINK(""https://stackoverflow.com/a/17109920"", ""17109920"")",0.7290715372907153
"=HYPERLINK(""https://stackoverflow.com/a/17111511"", ""17111511"")",0.4934086629001881
"=HYPERLINK(""https://stackoverflow.com/a/17178642"", ""17178642"")",0.30034722222222243
"=HYPERLINK(""https://stackoverflow.com/a/17200416"", ""17200416"")",0.4111986001749785
"=HYPERLINK(""https://stackoverflow.com/a/17231072"", ""17231072"")",0.5483091787439615
"=HYPERLINK(""https://stackoverflow.com/a/17267990"", ""17267990"")",0.715372907153729
"=HYPERLINK(""https://stackoverflow.com/a/17572000"", ""17572000"")",0.5676767676767678
"=HYPERLINK(""https://stackoverflow.com/a/17751049"", ""17751049"")",0.339463601532567
"=HYPERLINK(""https://stackoverflow.com/a/17888020"", ""17888020"")",0.2585858585858586
"=HYPERLINK(""https://stackoverflow.com/a/17962990"", ""17962990"")",0.5924349881796691
"=HYPERLINK(""https://stackoverflow.com/a/18091716"", ""18091716"")",0.6947496947496947
"=HYPERLINK(""https://stackoverflow.com/a/18262513"", ""18262513"")",0.5551577830814104
"=HYPERLINK(""https://stackoverflow.com/a/18300079"", ""18300079"")",0.8485958485958486
"=HYPERLINK(""https://stackoverflow.com/a/18554995"", ""18554995"")",0.25347222222222227
"=HYPERLINK(""https://stackoverflow.com/a/18635380"", ""18635380"")",0.4365079365079363
"=HYPERLINK(""https://stackoverflow.com/a/19326397"", ""19326397"")",0.3394636015325671
"=HYPERLINK(""https://stackoverflow.com/a/19396113"", ""19396113"")",0.3506625891946994
"=HYPERLINK(""https://stackoverflow.com/a/19427905"", ""19427905"")",0.7534722222222228
"=HYPERLINK(""https://stackoverflow.com/a/19503848"", ""19503848"")",0.5514905149051488
"=HYPERLINK(""https://stackoverflow.com/a/19600688"", ""19600688"")",0.3619281045751634
"=HYPERLINK(""https://stackoverflow.com/a/19804195"", ""19804195"")",0.4663167104111991
"=HYPERLINK(""https://stackoverflow.com/a/19924549"", ""19924549"")",0.7176350662589198
"=HYPERLINK(""https://stackoverflow.com/a/20287978"", ""20287978"")",0.5781544256120524
"=HYPERLINK(""https://stackoverflow.com/a/20581984"", ""20581984"")",0.5404040404040401
"=HYPERLINK(""https://stackoverflow.com/a/20906984"", ""20906984"")",0.30262423227247326
"=HYPERLINK(""https://stackoverflow.com/a/20974886"", ""20974886"")",0.392222222222222
"=HYPERLINK(""https://stackoverflow.com/a/21043245"", ""21043245"")",0.5728715728715725
"=HYPERLINK(""https://stackoverflow.com/a/21048254"", ""21048254"")",0.29365079365079355
"=HYPERLINK(""https://stackoverflow.com/a/21104491"", ""21104491"")",0.3078645396025746
"=HYPERLINK(""https://stackoverflow.com/a/21209272"", ""21209272"")",0.4065540194572448
"=HYPERLINK(""https://stackoverflow.com/a/21302633"", ""21302633"")",0.7586653709102699
"=HYPERLINK(""https://stackoverflow.com/a/21437399"", ""21437399"")",0.3520779380934765
"=HYPERLINK(""https://stackoverflow.com/a/21686386"", ""21686386"")",0.39551767676767663
"=HYPERLINK(""https://stackoverflow.com/a/21753884"", ""21753884"")",0.573946360153257
"=HYPERLINK(""https://stackoverflow.com/a/21823707"", ""21823707"")",0.26809378185524974
"=HYPERLINK(""https://stackoverflow.com/a/21930412"", ""21930412"")",0.2150793650793653
"=HYPERLINK(""https://stackoverflow.com/a/21984479"", ""21984479"")",0.32112332112332115
"=HYPERLINK(""https://stackoverflow.com/a/22192777"", ""22192777"")",0.6633986928104575
"=HYPERLINK(""https://stackoverflow.com/a/22353387"", ""22353387"")",0.33509350935093496
"=HYPERLINK(""https://stackoverflow.com/a/22405215"", ""22405215"")",0.35190136660724897
"=HYPERLINK(""https://stackoverflow.com/a/22413398"", ""22413398"")",0.19519519519519507
"=HYPERLINK(""https://stackoverflow.com/a/22513938"", ""22513938"")",0.4256120527306965
"=HYPERLINK(""https://stackoverflow.com/a/22632574"", ""22632574"")",0.4104141041410415
"=HYPERLINK(""https://stackoverflow.com/a/22974993"", ""22974993"")",0.8358585858585855
"=HYPERLINK(""https://stackoverflow.com/a/22984290"", ""22984290"")",0.43765630582350856
"=HYPERLINK(""https://stackoverflow.com/a/22988385"", ""22988385"")",0.7065972222222225
"=HYPERLINK(""https://stackoverflow.com/a/23021834"", ""23021834"")",0.6321945213911975
"=HYPERLINK(""https://stackoverflow.com/a/23391301"", ""23391301"")",0.5690856908569085
"=HYPERLINK(""https://stackoverflow.com/a/23430266"", ""23430266"")",0.7203772037720378
"=HYPERLINK(""https://stackoverflow.com/a/23573929"", ""23573929"")",0.7838660578386604
"=HYPERLINK(""https://stackoverflow.com/a/23716632"", ""23716632"")",0.5840312674483527
"=HYPERLINK(""https://stackoverflow.com/a/23778712"", ""23778712"")",0.45568525724167736
"=HYPERLINK(""https://stackoverflow.com/a/23915229"", ""23915229"")",0.4353369763205834
"=HYPERLINK(""https://stackoverflow.com/a/23918696"", ""23918696"")",0.37818552497451596
"=HYPERLINK(""https://stackoverflow.com/a/23994801"", ""23994801"")",0.815972222222223
"=HYPERLINK(""https://stackoverflow.com/a/24042140"", ""24042140"")",0.5538011695906438
"=HYPERLINK(""https://stackoverflow.com/a/24146971"", ""24146971"")",0.5686789151356088
"=HYPERLINK(""https://stackoverflow.com/a/24160018"", ""24160018"")",0.5780504430811175
"=HYPERLINK(""https://stackoverflow.com/a/24198549"", ""24198549"")",0.34201769336904503
"=HYPERLINK(""https://stackoverflow.com/a/24200136"", ""24200136"")",0.8619281045751634
"=HYPERLINK(""https://stackoverflow.com/a/24243837"", ""24243837"")",0.9143404488232066
"=HYPERLINK(""https://stackoverflow.com/a/24252532"", ""24252532"")",0.30260499734183954
"=HYPERLINK(""https://stackoverflow.com/a/24285111"", ""24285111"")",0.496194824961948
"=HYPERLINK(""https://stackoverflow.com/a/24391238"", ""24391238"")",0.3307672568642545
"=HYPERLINK(""https://stackoverflow.com/a/24494155"", ""24494155"")",0.795392953929539
"=HYPERLINK(""https://stackoverflow.com/a/24726484"", ""24726484"")",0.7268093781855252
"=HYPERLINK(""https://stackoverflow.com/a/24731697"", ""24731697"")",0.6045751633986928
"=HYPERLINK(""https://stackoverflow.com/a/24842564"", ""24842564"")",0.226841159866564
"=HYPERLINK(""https://stackoverflow.com/a/24889561"", ""24889561"")",0.3319783197831977
"=HYPERLINK(""https://stackoverflow.com/a/24953383"", ""24953383"")",0.5544369873228935
"=HYPERLINK(""https://stackoverflow.com/a/25076431"", ""25076431"")",0.4643274853801174
"=HYPERLINK(""https://stackoverflow.com/a/25276806"", ""25276806"")",0.3319783197831977
"=HYPERLINK(""https://stackoverflow.com/a/25364771"", ""25364771"")",0.3525153818313428
"=HYPERLINK(""https://stackoverflow.com/a/25605946"", ""25605946"")",0.28288080107837493
"=HYPERLINK(""https://stackoverflow.com/a/25641516"", ""25641516"")",0.4060457516339869
"=HYPERLINK(""https://stackoverflow.com/a/25645366"", ""25645366"")",0.47739463601532567
"=HYPERLINK(""https://stackoverflow.com/a/25715119"", ""25715119"")",0.4356609574000877
"=HYPERLINK(""https://stackoverflow.com/a/25717780"", ""25717780"")",0.3822222222222223
"=HYPERLINK(""https://stackoverflow.com/a/25753215"", ""25753215"")",0.5105657805044304
"=HYPERLINK(""https://stackoverflow.com/a/25876162"", ""25876162"")",0.48650793650793667
"=HYPERLINK(""https://stackoverflow.com/a/25883327"", ""25883327"")",0.569679849340866
"=HYPERLINK(""https://stackoverflow.com/a/26100750"", ""26100750"")",0.3921826965305224
"=HYPERLINK(""https://stackoverflow.com/a/26132003"", ""26132003"")",0.2658463832960479
"=HYPERLINK(""https://stackoverflow.com/a/26292654"", ""26292654"")",0.8277268093781859
"=HYPERLINK(""https://stackoverflow.com/a/26528423"", ""26528423"")",0.3089692101740293
"=HYPERLINK(""https://stackoverflow.com/a/26539394"", ""26539394"")",0.7726809378185527
"=HYPERLINK(""https://stackoverflow.com/a/26703549"", ""26703549"")",0.5341488277268095
"=HYPERLINK(""https://stackoverflow.com/a/26706267"", ""26706267"")",0.47049808429118767
"=HYPERLINK(""https://stackoverflow.com/a/26995201"", ""26995201"")",0.7810457516339869
"=HYPERLINK(""https://stackoverflow.com/a/27302552"", ""27302552"")",0.7687338501291983
"=HYPERLINK(""https://stackoverflow.com/a/27389570"", ""27389570"")",0.34417344173441716
"=HYPERLINK(""https://stackoverflow.com/a/27405314"", ""27405314"")",0.543830262423227
"=HYPERLINK(""https://stackoverflow.com/a/27701163"", ""27701163"")",0.42832909245123013
"=HYPERLINK(""https://stackoverflow.com/a/27806579"", ""27806579"")",0.41375448028673845
"=HYPERLINK(""https://stackoverflow.com/a/27929201"", ""27929201"")",0.6222222222222221
"=HYPERLINK(""https://stackoverflow.com/a/28085409"", ""28085409"")",0.9022222222222216
"=HYPERLINK(""https://stackoverflow.com/a/28111523"", ""28111523"")",0.37101114955786235
"=HYPERLINK(""https://stackoverflow.com/a/28242923"", ""28242923"")",0.853801169590644
"=HYPERLINK(""https://stackoverflow.com/a/28303530"", ""28303530"")",0.7419072615923017
"=HYPERLINK(""https://stackoverflow.com/a/28379319"", ""28379319"")",0.3634964604493691
"=HYPERLINK(""https://stackoverflow.com/a/28440598"", ""28440598"")",0.44202420242024176
"=HYPERLINK(""https://stackoverflow.com/a/28454838"", ""28454838"")",0.5828779599271408
"=HYPERLINK(""https://stackoverflow.com/a/28492781"", ""28492781"")",0.3088363954505689
"=HYPERLINK(""https://stackoverflow.com/a/28734766"", ""28734766"")",0.475793650793651
"=HYPERLINK(""https://stackoverflow.com/a/28749745"", ""28749745"")",0.5848595848595849
"=HYPERLINK(""https://stackoverflow.com/a/28888600"", ""28888600"")",0.5604575163398693
"=HYPERLINK(""https://stackoverflow.com/a/29044979"", ""29044979"")",0.25720764496274723
"=HYPERLINK(""https://stackoverflow.com/a/29306057"", ""29306057"")",0.34949494949494936
"=HYPERLINK(""https://stackoverflow.com/a/29388695"", ""29388695"")",0.6822222222222217
"=HYPERLINK(""https://stackoverflow.com/a/29458437"", ""29458437"")",0.752756573367261
"=HYPERLINK(""https://stackoverflow.com/a/29486062"", ""29486062"")",0.3947885939036384
"=HYPERLINK(""https://stackoverflow.com/a/29836495"", ""29836495"")",0.6404040404040403
"=HYPERLINK(""https://stackoverflow.com/a/29910145"", ""29910145"")",0.5540492073739333
"=HYPERLINK(""https://stackoverflow.com/a/30022073"", ""30022073"")",0.3903796461935997
"=HYPERLINK(""https://stackoverflow.com/a/30118927"", ""30118927"")",0.3760683760683763
"=HYPERLINK(""https://stackoverflow.com/a/30488163"", ""30488163"")",0.6178266178266177
"=HYPERLINK(""https://stackoverflow.com/a/30548134"", ""30548134"")",0.6694584031267445
"=HYPERLINK(""https://stackoverflow.com/a/30677391"", ""30677391"")",0.8430275913497394
"=HYPERLINK(""https://stackoverflow.com/a/30778536"", ""30778536"")",0.5540194572452632
"=HYPERLINK(""https://stackoverflow.com/a/30790623"", ""30790623"")",0.7858585858585859
"=HYPERLINK(""https://stackoverflow.com/a/30941497"", ""30941497"")",0.6153519932145891
"=HYPERLINK(""https://stackoverflow.com/a/30996551"", ""30996551"")",0.8919469928644244
"=HYPERLINK(""https://stackoverflow.com/a/31086785"", ""31086785"")",0.22222222222222227
"=HYPERLINK(""https://stackoverflow.com/a/31196179"", ""31196179"")",0.4390589569160993
"=HYPERLINK(""https://stackoverflow.com/a/31302844"", ""31302844"")",0.6440972222222229
"=HYPERLINK(""https://stackoverflow.com/a/31446295"", ""31446295"")",0.4064619558515232
"=HYPERLINK(""https://stackoverflow.com/a/31624592"", ""31624592"")",0.5013056534795667
"=HYPERLINK(""https://stackoverflow.com/a/31844407"", ""31844407"")",0.7025371828521442
"=HYPERLINK(""https://stackoverflow.com/a/31994841"", ""31994841"")",0.7577870757787073
"=HYPERLINK(""https://stackoverflow.com/a/32233271"", ""32233271"")",0.6646185355862768
"=HYPERLINK(""https://stackoverflow.com/a/32294520"", ""32294520"")",0.715839243498818
"=HYPERLINK(""https://stackoverflow.com/a/32343316"", ""32343316"")",0.6636015325670498
"=HYPERLINK(""https://stackoverflow.com/a/32378393"", ""32378393"")",0.15079365079365076
"=HYPERLINK(""https://stackoverflow.com/a/32472135"", ""32472135"")",0.35683760683760696
"=HYPERLINK(""https://stackoverflow.com/a/32679556"", ""32679556"")",0.7060931899641583
"=HYPERLINK(""https://stackoverflow.com/a/32680782"", ""32680782"")",0.5891946992864425
"=HYPERLINK(""https://stackoverflow.com/a/32763258"", ""32763258"")",0.5013349763811875
"=HYPERLINK(""https://stackoverflow.com/a/32789771"", ""32789771"")",0.5316144874155925
"=HYPERLINK(""https://stackoverflow.com/a/33421830"", ""33421830"")",0.8757655293088376
"=HYPERLINK(""https://stackoverflow.com/a/33732130"", ""33732130"")",0.44269466316710454
"=HYPERLINK(""https://stackoverflow.com/a/33740085"", ""33740085"")",0.6068376068376068
"=HYPERLINK(""https://stackoverflow.com/a/33909690"", ""33909690"")",0.8230127360562137
"=HYPERLINK(""https://stackoverflow.com/a/34141592"", ""34141592"")",0.4131769960915687
"=HYPERLINK(""https://stackoverflow.com/a/34265947"", ""34265947"")",0.45036721156124176
"=HYPERLINK(""https://stackoverflow.com/a/34550045"", ""34550045"")",0.5979128299570291
"=HYPERLINK(""https://stackoverflow.com/a/34610995"", ""34610995"")",0.31071779744346145
"=HYPERLINK(""https://stackoverflow.com/a/34616969"", ""34616969"")",0.5100451004510047
"=HYPERLINK(""https://stackoverflow.com/a/34617778"", ""34617778"")",0.7718405428329099
"=HYPERLINK(""https://stackoverflow.com/a/34675216"", ""34675216"")",0.504101416853095
"=HYPERLINK(""https://stackoverflow.com/a/34854063"", ""34854063"")",0.3947068218115443
"=HYPERLINK(""https://stackoverflow.com/a/34855159"", ""34855159"")",0.4690307328605201
"=HYPERLINK(""https://stackoverflow.com/a/34874725"", ""34874725"")",0.49216087252897034
"=HYPERLINK(""https://stackoverflow.com/a/34942375"", ""34942375"")",0.48993875765529366
"=HYPERLINK(""https://stackoverflow.com/a/35179547"", ""35179547"")",0.5384277558190598
"=HYPERLINK(""https://stackoverflow.com/a/35382179"", ""35382179"")",0.4384384384384381
"=HYPERLINK(""https://stackoverflow.com/a/35661315"", ""35661315"")",0.22222222222222224
"=HYPERLINK(""https://stackoverflow.com/a/35900101"", ""35900101"")",0.6982369823698237
"=HYPERLINK(""https://stackoverflow.com/a/36034894"", ""36034894"")",0.11695906432748526
"=HYPERLINK(""https://stackoverflow.com/a/36105380"", ""36105380"")",0.8040404040404042
"=HYPERLINK(""https://stackoverflow.com/a/36449170"", ""36449170"")",0.5958485958485958
"=HYPERLINK(""https://stackoverflow.com/a/36468951"", ""36468951"")",0.5341488277268096
"=HYPERLINK(""https://stackoverflow.com/a/36504304"", ""36504304"")",0.394306352241343
"=HYPERLINK(""https://stackoverflow.com/a/36615208"", ""36615208"")",0.3428252372975989
"=HYPERLINK(""https://stackoverflow.com/a/36772867"", ""36772867"")",0.6006006006006003
"=HYPERLINK(""https://stackoverflow.com/a/36831457"", ""36831457"")",0.3676767676767677
"=HYPERLINK(""https://stackoverflow.com/a/37021281"", ""37021281"")",0.5815972222222227
"=HYPERLINK(""https://stackoverflow.com/a/37185070"", ""37185070"")",0.7087087087087083
"=HYPERLINK(""https://stackoverflow.com/a/37415377"", ""37415377"")",0.5158510310864882
"=HYPERLINK(""https://stackoverflow.com/a/37573069"", ""37573069"")",0.48823207443897065
"=HYPERLINK(""https://stackoverflow.com/a/37822601"", ""37822601"")",0.8574013753166847
"=HYPERLINK(""https://stackoverflow.com/a/37851294"", ""37851294"")",0.4097222222222222
"=HYPERLINK(""https://stackoverflow.com/a/38043309"", ""38043309"")",0.681524547803617
"=HYPERLINK(""https://stackoverflow.com/a/38055930"", ""38055930"")",0.6734417344173439
"=HYPERLINK(""https://stackoverflow.com/a/38091749"", ""38091749"")",0.7116959064327492
"=HYPERLINK(""https://stackoverflow.com/a/38131085"", ""38131085"")",0.3650793650793649
"=HYPERLINK(""https://stackoverflow.com/a/38156230"", ""38156230"")",0.2723116676605049
"=HYPERLINK(""https://stackoverflow.com/a/38283625"", ""38283625"")",0.5882016036655211
"=HYPERLINK(""https://stackoverflow.com/a/38284096"", ""38284096"")",0.41985068072024573
"=HYPERLINK(""https://stackoverflow.com/a/38369095"", ""38369095"")",0.46992864424057107
"=HYPERLINK(""https://stackoverflow.com/a/38435356"", ""38435356"")",0.30276933468422834
"=HYPERLINK(""https://stackoverflow.com/a/38775231"", ""38775231"")",0.4489224741113906
"=HYPERLINK(""https://stackoverflow.com/a/38852293"", ""38852293"")",0.3784722222222223
"=HYPERLINK(""https://stackoverflow.com/a/38875042"", ""38875042"")",0.42534722222222254
"=HYPERLINK(""https://stackoverflow.com/a/39095649"", ""39095649"")",0.4815842194482974
"=HYPERLINK(""https://stackoverflow.com/a/39212245"", ""39212245"")",0.3052261747913922
"=HYPERLINK(""https://stackoverflow.com/a/39314992"", ""39314992"")",0.4119455423803247
"=HYPERLINK(""https://stackoverflow.com/a/39394650"", ""39394650"")",0.8040404040404042
"=HYPERLINK(""https://stackoverflow.com/a/39509640"", ""39509640"")",0.8040404040404042
"=HYPERLINK(""https://stackoverflow.com/a/39522501"", ""39522501"")",0.5126413838988689
"=HYPERLINK(""https://stackoverflow.com/a/39716178"", ""39716178"")",0.8001443001442997
"=HYPERLINK(""https://stackoverflow.com/a/39850758"", ""39850758"")",0.5947054436987326
"=HYPERLINK(""https://stackoverflow.com/a/39900290"", ""39900290"")",0.4781588976839638
"=HYPERLINK(""https://stackoverflow.com/a/39965783"", ""39965783"")",0.48352875488553865
"=HYPERLINK(""https://stackoverflow.com/a/39970852"", ""39970852"")",0.6773946360153259
"=HYPERLINK(""https://stackoverflow.com/a/40093444"", ""40093444"")",0.506313131313131
"=HYPERLINK(""https://stackoverflow.com/a/40113881"", ""40113881"")",0.6612466124661245
"=HYPERLINK(""https://stackoverflow.com/a/40255174"", ""40255174"")",0.42517425174251744
"=HYPERLINK(""https://stackoverflow.com/a/40381885"", ""40381885"")",0.5473453749315815
"=HYPERLINK(""https://stackoverflow.com/a/40405341"", ""40405341"")",0.47347850362925714
"=HYPERLINK(""https://stackoverflow.com/a/40489202"", ""40489202"")",0.41256313131313105
"=HYPERLINK(""https://stackoverflow.com/a/40569133"", ""40569133"")",0.8485958485958487
"=HYPERLINK(""https://stackoverflow.com/a/40745106"", ""40745106"")",0.7984934086628996
"=HYPERLINK(""https://stackoverflow.com/a/40849511"", ""40849511"")",0.2961658841940533
"=HYPERLINK(""https://stackoverflow.com/a/40909939"", ""40909939"")",0.5646879756468798
"=HYPERLINK(""https://stackoverflow.com/a/40965219"", ""40965219"")",0.5923009623797032
"=HYPERLINK(""https://stackoverflow.com/a/41042087"", ""41042087"")",0.443216697360344
"=HYPERLINK(""https://stackoverflow.com/a/41236836"", ""41236836"")",0.502222222222222
"=HYPERLINK(""https://stackoverflow.com/a/41267888"", ""41267888"")",0.5536175710594311
"=HYPERLINK(""https://stackoverflow.com/a/41844779"", ""41844779"")",0.2748538011695908
"=HYPERLINK(""https://stackoverflow.com/a/41883825"", ""41883825"")",0.7891513560804906
"=HYPERLINK(""https://stackoverflow.com/a/41919177"", ""41919177"")",0.4882320744389707
"=HYPERLINK(""https://stackoverflow.com/a/41957822"", ""41957822"")",0.692492492492492
"=HYPERLINK(""https://stackoverflow.com/a/41986952"", ""41986952"")",0.2182618261826182
"=HYPERLINK(""https://stackoverflow.com/a/42345598"", ""42345598"")",0.4347970725216232
"=HYPERLINK(""https://stackoverflow.com/a/42609290"", ""42609290"")",0.6544256120527303
"=HYPERLINK(""https://stackoverflow.com/a/42691088"", ""42691088"")",0.5586277521761387
"=HYPERLINK(""https://stackoverflow.com/a/42924761"", ""42924761"")",0.37157287157287144
"=HYPERLINK(""https://stackoverflow.com/a/42968841"", ""42968841"")",0.680034722222223
"=HYPERLINK(""https://stackoverflow.com/a/42971436"", ""42971436"")",0.332948865820838
"=HYPERLINK(""https://stackoverflow.com/a/43376385"", ""43376385"")",0.25858585858585864
"=HYPERLINK(""https://stackoverflow.com/a/43450390"", ""43450390"")",0.2563373608149728
"=HYPERLINK(""https://stackoverflow.com/a/43458410"", ""43458410"")",0.3455098934550989
"=HYPERLINK(""https://stackoverflow.com/a/43578987"", ""43578987"")",0.5006313131313129
"=HYPERLINK(""https://stackoverflow.com/a/43732743"", ""43732743"")",0.3454186706128994
"=HYPERLINK(""https://stackoverflow.com/a/43774748"", ""43774748"")",0.3807588075880757
"=HYPERLINK(""https://stackoverflow.com/a/43778968"", ""43778968"")",0.32573423700965315
"=HYPERLINK(""https://stackoverflow.com/a/44072702"", ""44072702"")",0.3676767676767677
"=HYPERLINK(""https://stackoverflow.com/a/44136252"", ""44136252"")",0.4791029561671765
"=HYPERLINK(""https://stackoverflow.com/a/44141975"", ""44141975"")",0.4657865786578654
"=HYPERLINK(""https://stackoverflow.com/a/44204916"", ""44204916"")",0.49739000745712175
"=HYPERLINK(""https://stackoverflow.com/a/44337653"", ""44337653"")",0.450568678915136
"=HYPERLINK(""https://stackoverflow.com/a/44515244"", ""44515244"")",0.7858585858585859
"=HYPERLINK(""https://stackoverflow.com/a/44578558"", ""44578558"")",0.7187739463601533
"=HYPERLINK(""https://stackoverflow.com/a/45001526"", ""45001526"")",0.6690307328605202
"=HYPERLINK(""https://stackoverflow.com/a/45038925"", ""45038925"")",0.5322222222222219
"=HYPERLINK(""https://stackoverflow.com/a/45193263"", ""45193263"")",0.5347222222222224
"=HYPERLINK(""https://stackoverflow.com/a/45791816"", ""45791816"")",0.4654654654654652
"=HYPERLINK(""https://stackoverflow.com/a/45891618"", ""45891618"")",0.4393122915062868
"=HYPERLINK(""https://stackoverflow.com/a/45968624"", ""45968624"")",0.3675710594315242
"=HYPERLINK(""https://stackoverflow.com/a/46131103"", ""46131103"")",0.6867891513560811
"=HYPERLINK(""https://stackoverflow.com/a/46355004"", ""46355004"")",0.2579365079365079
"=HYPERLINK(""https://stackoverflow.com/a/46449565"", ""46449565"")",0.4126103922776754
"=HYPERLINK(""https://stackoverflow.com/a/46462676"", ""46462676"")",0.6593479707252159
"=HYPERLINK(""https://stackoverflow.com/a/46518983"", ""46518983"")",0.6266339869281046
"=HYPERLINK(""https://stackoverflow.com/a/46608553"", ""46608553"")",0.8222222222222217
"=HYPERLINK(""https://stackoverflow.com/a/46707733"", ""46707733"")",0.58133824432167
"=HYPERLINK(""https://stackoverflow.com/a/46773323"", ""46773323"")",0.5494949494949496
"=HYPERLINK(""https://stackoverflow.com/a/46858987"", ""46858987"")",0.7164082687338494
"=HYPERLINK(""https://stackoverflow.com/a/46907163"", ""46907163"")",0.7133726647000986
"=HYPERLINK(""https://stackoverflow.com/a/46953466"", ""46953466"")",0.6586863106200121
"=HYPERLINK(""https://stackoverflow.com/a/47409392"", ""47409392"")",0.6992096699209667
"=HYPERLINK(""https://stackoverflow.com/a/47604744"", ""47604744"")",0.8523592085235919
"=HYPERLINK(""https://stackoverflow.com/a/47759349"", ""47759349"")",0.6498084291187741
"=HYPERLINK(""https://stackoverflow.com/a/47904959"", ""47904959"")",0.433809123985446
"=HYPERLINK(""https://stackoverflow.com/a/48162674"", ""48162674"")",0.3091787439613528
"=HYPERLINK(""https://stackoverflow.com/a/48378788"", ""48378788"")",0.3493408662900186
"=HYPERLINK(""https://stackoverflow.com/a/48459659"", ""48459659"")",0.34550989345509897
"=HYPERLINK(""https://stackoverflow.com/a/48593826"", ""48593826"")",0.40007457121551104
"=HYPERLINK(""https://stackoverflow.com/a/48826956"", ""48826956"")",0.45951035781544214
"=HYPERLINK(""https://stackoverflow.com/a/48939276"", ""48939276"")",0.6834768347683478
"=HYPERLINK(""https://stackoverflow.com/a/49534006"", ""49534006"")",0.282222222222222
"=HYPERLINK(""https://stackoverflow.com/a/49534964"", ""49534964"")",0.3329488658208378
"=HYPERLINK(""https://stackoverflow.com/a/49616054"", ""49616054"")",0.3315972222222224
"=HYPERLINK(""https://stackoverflow.com/a/49629422"", ""49629422"")",0.5768733850129194
"=HYPERLINK(""https://stackoverflow.com/a/49855283"", ""49855283"")",0.558905639307649
"=HYPERLINK(""https://stackoverflow.com/a/49957064"", ""49957064"")",0.19482496194824964
"=HYPERLINK(""https://stackoverflow.com/a/50196747"", ""50196747"")",0.4104141041410415
"=HYPERLINK(""https://stackoverflow.com/a/50299191"", ""50299191"")",0.511695906432749
"=HYPERLINK(""https://stackoverflow.com/a/50473862"", ""50473862"")",0.45735735735735683
"=HYPERLINK(""https://stackoverflow.com/a/50485764"", ""50485764"")",0.620639108765758
"=HYPERLINK(""https://stackoverflow.com/a/50633816"", ""50633816"")",0.38846907360761224
"=HYPERLINK(""https://stackoverflow.com/a/50689495"", ""50689495"")",0.5958485958485958
"=HYPERLINK(""https://stackoverflow.com/a/50689937"", ""50689937"")",0.6404040404040403
"=HYPERLINK(""https://stackoverflow.com/a/50696138"", ""50696138"")",0.5169590643274858
"=HYPERLINK(""https://stackoverflow.com/a/50783167"", ""50783167"")",0.3546014708805407
"=HYPERLINK(""https://stackoverflow.com/a/51026446"", ""51026446"")",0.3532567049808429
"=HYPERLINK(""https://stackoverflow.com/a/51044403"", ""51044403"")",0.7690972222222229
"=HYPERLINK(""https://stackoverflow.com/a/51083854"", ""51083854"")",0.5095150399017804
"=HYPERLINK(""https://stackoverflow.com/a/51322077"", ""51322077"")",0.6734417344173439
"=HYPERLINK(""https://stackoverflow.com/a/51331380"", ""51331380"")",0.442002442002442
"=HYPERLINK(""https://stackoverflow.com/a/51369730"", ""51369730"")",0.5388051367950863
"=HYPERLINK(""https://stackoverflow.com/a/51388245"", ""51388245"")",0.5516682863621644
"=HYPERLINK(""https://stackoverflow.com/a/51502855"", ""51502855"")",0.5187739463601534
"=HYPERLINK(""https://stackoverflow.com/a/51580544"", ""51580544"")",0.6156648451730424
"=HYPERLINK(""https://stackoverflow.com/a/51624454"", ""51624454"")",0.4869281045751634
"=HYPERLINK(""https://stackoverflow.com/a/51704962"", ""51704962"")",0.39218269653052235
"=HYPERLINK(""https://stackoverflow.com/a/51729595"", ""51729595"")",0.6722222222222217
"=HYPERLINK(""https://stackoverflow.com/a/51751008"", ""51751008"")",0.5841854124062709
"=HYPERLINK(""https://stackoverflow.com/a/52060079"", ""52060079"")",0.6787439613526572
"=HYPERLINK(""https://stackoverflow.com/a/52242269"", ""52242269"")",0.26809378185524985
"=HYPERLINK(""https://stackoverflow.com/a/52291611"", ""52291611"")",0.582981715893108
"=HYPERLINK(""https://stackoverflow.com/a/52342605"", ""52342605"")",0.5211152111521115
"=HYPERLINK(""https://stackoverflow.com/a/52342778"", ""52342778"")",0.5169325496781411
"=HYPERLINK(""https://stackoverflow.com/a/52342865"", ""52342865"")",0.43813131313131276
"=HYPERLINK(""https://stackoverflow.com/a/52418915"", ""52418915"")",0.463980463980464
"=HYPERLINK(""https://stackoverflow.com/a/52537175"", ""52537175"")",0.25041771094402654
"=HYPERLINK(""https://stackoverflow.com/a/52589446"", ""52589446"")",0.6222222222222221
"=HYPERLINK(""https://stackoverflow.com/a/52668952"", ""52668952"")",0.301976823449216
"=HYPERLINK(""https://stackoverflow.com/a/52672002"", ""52672002"")",0.6313131313131309
"=HYPERLINK(""https://stackoverflow.com/a/52706435"", ""52706435"")",0.3126744835287546
"=HYPERLINK(""https://stackoverflow.com/a/53154841"", ""53154841"")",0.6408268733850123
"=HYPERLINK(""https://stackoverflow.com/a/53183285"", ""53183285"")",0.28743961352657016
"=HYPERLINK(""https://stackoverflow.com/a/53305674"", ""53305674"")",0.3001443001443
"=HYPERLINK(""https://stackoverflow.com/a/53387804"", ""53387804"")",0.6901121304791031
"=HYPERLINK(""https://stackoverflow.com/a/53473390"", ""53473390"")",0.4860658704306912
"=HYPERLINK(""https://stackoverflow.com/a/53564086"", ""53564086"")",0.3760683760683765
"=HYPERLINK(""https://stackoverflow.com/a/53949205"", ""53949205"")",0.4969474969474969
"=HYPERLINK(""https://stackoverflow.com/a/54010528"", ""54010528"")",0.39613526570048285
"=HYPERLINK(""https://stackoverflow.com/a/54076653"", ""54076653"")",0.625987912598791
"=HYPERLINK(""https://stackoverflow.com/a/54281866"", ""54281866"")",0.4503472222222226
"=HYPERLINK(""https://stackoverflow.com/a/54374640"", ""54374640"")",0.7359836901121307
"=HYPERLINK(""https://stackoverflow.com/a/54685082"", ""54685082"")",0.4550989345509892
"=HYPERLINK(""https://stackoverflow.com/a/54769722"", ""54769722"")",0.8485958485958487
"=HYPERLINK(""https://stackoverflow.com/a/55374296"", ""55374296"")",0.7866394001363319
"=HYPERLINK(""https://stackoverflow.com/a/55400376"", ""55400376"")",0.2429118773946361
"=HYPERLINK(""https://stackoverflow.com/a/55421251"", ""55421251"")",0.6290018832391711
"=HYPERLINK(""https://stackoverflow.com/a/55514668"", ""55514668"")",0.7546897546897542
"=HYPERLINK(""https://stackoverflow.com/a/55520534"", ""55520534"")",0.25880758807588056
"=HYPERLINK(""https://stackoverflow.com/a/55621183"", ""55621183"")",0.6922683051715303
"=HYPERLINK(""https://stackoverflow.com/a/55837705"", ""55837705"")",0.4224510551741672
"=HYPERLINK(""https://stackoverflow.com/a/55845358"", ""55845358"")",0.18650793650793646
"=HYPERLINK(""https://stackoverflow.com/a/55916012"", ""55916012"")",0.903203817314246
"=HYPERLINK(""https://stackoverflow.com/a/55933803"", ""55933803"")",0.6976320582877965
"=HYPERLINK(""https://stackoverflow.com/a/56183987"", ""56183987"")",0.3933065595716197
"=HYPERLINK(""https://stackoverflow.com/a/56189279"", ""56189279"")",0.8266178266178267
"=HYPERLINK(""https://stackoverflow.com/a/56210922"", ""56210922"")",0.3328941589811154
"=HYPERLINK(""https://stackoverflow.com/a/56619009"", ""56619009"")",0.8559431524547797
"=HYPERLINK(""https://stackoverflow.com/a/56694748"", ""56694748"")",0.3854875283446715
"=HYPERLINK(""https://stackoverflow.com/a/56902454"", ""56902454"")",0.5429769392033544
"=HYPERLINK(""https://stackoverflow.com/a/57216048"", ""57216048"")",0.5500910746812391
"=HYPERLINK(""https://stackoverflow.com/a/57247806"", ""57247806"")",0.6042976939203356
"=HYPERLINK(""https://stackoverflow.com/a/57329619"", ""57329619"")",0.5844269466316717
"=HYPERLINK(""https://stackoverflow.com/a/57384639"", ""57384639"")",0.7984934086628994
"=HYPERLINK(""https://stackoverflow.com/a/57444827"", ""57444827"")",0.6980842911877395
"=HYPERLINK(""https://stackoverflow.com/a/57559603"", ""57559603"")",0.33159722222222243
"=HYPERLINK(""https://stackoverflow.com/a/57602616"", ""57602616"")",0.4819624819624818
"=HYPERLINK(""https://stackoverflow.com/a/57649712"", ""57649712"")",0.8285570638511814
"=HYPERLINK(""https://stackoverflow.com/a/57657878"", ""57657878"")",0.2636968766001021
"=HYPERLINK(""https://stackoverflow.com/a/57699077"", ""57699077"")",0.5669030732860522
"=HYPERLINK(""https://stackoverflow.com/a/57727517"", ""57727517"")",0.4933592484612898
"=HYPERLINK(""https://stackoverflow.com/a/57831415"", ""57831415"")",0.6524547803617566
"=HYPERLINK(""https://stackoverflow.com/a/57965539"", ""57965539"")",0.3428252372975989
"=HYPERLINK(""https://stackoverflow.com/a/58095393"", ""58095393"")",0.4271402550091079
"=HYPERLINK(""https://stackoverflow.com/a/58113061"", ""58113061"")",0.39523260284505934
"=HYPERLINK(""https://stackoverflow.com/a/58117723"", ""58117723"")",0.633614627285513
"=HYPERLINK(""https://stackoverflow.com/a/58206052"", ""58206052"")",0.6727716727716727
"=HYPERLINK(""https://stackoverflow.com/a/58375021"", ""58375021"")",0.3142724314272429
"=HYPERLINK(""https://stackoverflow.com/a/58562962"", ""58562962"")",0.2888184167253934
"=HYPERLINK(""https://stackoverflow.com/a/58626744"", ""58626744"")",0.37606837606837606
"=HYPERLINK(""https://stackoverflow.com/a/58833474"", ""58833474"")",0.8505408062930191
"=HYPERLINK(""https://stackoverflow.com/a/58877564"", ""58877564"")",0.36626654355186217
"=HYPERLINK(""https://stackoverflow.com/a/58927149"", ""58927149"")",0.5512124502352513
"=HYPERLINK(""https://stackoverflow.com/a/58928009"", ""58928009"")",0.31760683760683794
"=HYPERLINK(""https://stackoverflow.com/a/59062918"", ""59062918"")",0.6879756468797563
"=HYPERLINK(""https://stackoverflow.com/a/59165966"", ""59165966"")",0.7366452991452994
"=HYPERLINK(""https://stackoverflow.com/a/59166360"", ""59166360"")",0.6194824961948249
"=HYPERLINK(""https://stackoverflow.com/a/59199288"", ""59199288"")",0.6949494949494949
"=HYPERLINK(""https://stackoverflow.com/a/59263726"", ""59263726"")",0.629001883239171
"=HYPERLINK(""https://stackoverflow.com/a/59321564"", ""59321564"")",0.4059310610437129
"=HYPERLINK(""https://stackoverflow.com/a/59620145"", ""59620145"")",0.1507936507936507
"=HYPERLINK(""https://stackoverflow.com/a/59679082"", ""59679082"")",0.20683760683760702
"=HYPERLINK(""https://stackoverflow.com/a/59722575"", ""59722575"")",0.3856837606837608
"=HYPERLINK(""https://stackoverflow.com/a/60135151"", ""60135151"")",0.4722222222222218
"=HYPERLINK(""https://stackoverflow.com/a/60182104"", ""60182104"")",0.21676767676767672
"=HYPERLINK(""https://stackoverflow.com/a/60205977"", ""60205977"")",0.6980842911877395
"=HYPERLINK(""https://stackoverflow.com/a/60229031"", ""60229031"")",0.9512298558100097
"=HYPERLINK(""https://stackoverflow.com/a/60250855"", ""60250855"")",0.4180985108820159
"=HYPERLINK(""https://stackoverflow.com/a/60355448"", ""60355448"")",0.25858585858585864
"=HYPERLINK(""https://stackoverflow.com/a/60445862"", ""60445862"")",0.5785096473719223
"=HYPERLINK(""https://stackoverflow.com/a/60580154"", ""60580154"")",0.8805932629462041
"=HYPERLINK(""https://stackoverflow.com/a/60685143"", ""60685143"")",0.7506313131313129
"=HYPERLINK(""https://stackoverflow.com/a/60775380"", ""60775380"")",0.45979128299570304
"=HYPERLINK(""https://stackoverflow.com/a/60799371"", ""60799371"")",0.32894158981115496
"=HYPERLINK(""https://stackoverflow.com/a/60858166"", ""60858166"")",0.9189435336976328
"=HYPERLINK(""https://stackoverflow.com/a/60869745"", ""60869745"")",0.41779417794177953
"=HYPERLINK(""https://stackoverflow.com/a/60888375"", ""60888375"")",0.5611483967188667
"=HYPERLINK(""https://stackoverflow.com/a/61034726"", ""61034726"")",0.8135683760683762
"=HYPERLINK(""https://stackoverflow.com/a/61342117"", ""61342117"")",0.6978319783197828
"=HYPERLINK(""https://stackoverflow.com/a/61351186"", ""61351186"")",0.5007032348804498
"=HYPERLINK(""https://stackoverflow.com/a/61498871"", ""61498871"")",0.3133714956700424
"=HYPERLINK(""https://stackoverflow.com/a/61673031"", ""61673031"")",0.7496947496947497
"=HYPERLINK(""https://stackoverflow.com/a/61754668"", ""61754668"")",0.2776378393506854
"=HYPERLINK(""https://stackoverflow.com/a/61961305"", ""61961305"")",0.31597222222222243
"=HYPERLINK(""https://stackoverflow.com/a/62185127"", ""62185127"")",0.29599271402550115
"=HYPERLINK(""https://stackoverflow.com/a/62199617"", ""62199617"")",0.5158392434988182
"=HYPERLINK(""https://stackoverflow.com/a/62291837"", ""62291837"")",0.4432166973603439
"=HYPERLINK(""https://stackoverflow.com/a/62408473"", ""62408473"")",0.45858585858585876
"=HYPERLINK(""https://stackoverflow.com/a/62500084"", ""62500084"")",0.4585858585858585
"=HYPERLINK(""https://stackoverflow.com/a/62526211"", ""62526211"")",0.4585858585858586
"=HYPERLINK(""https://stackoverflow.com/a/62530248"", ""62530248"")",0.290307328605201
"=HYPERLINK(""https://stackoverflow.com/a/62573156"", ""62573156"")",0.5596455351056574
"=HYPERLINK(""https://stackoverflow.com/a/62693819"", ""62693819"")",0.420919290626131
"=HYPERLINK(""https://stackoverflow.com/a/62793675"", ""62793675"")",0.3286052009456265
"=HYPERLINK(""https://stackoverflow.com/a/62835429"", ""62835429"")",0.8485958485958487
"=HYPERLINK(""https://stackoverflow.com/a/62985838"", ""62985838"")",0.11695906432748547
"=HYPERLINK(""https://stackoverflow.com/a/63029833"", ""63029833"")",0.387866394001363
"=HYPERLINK(""https://stackoverflow.com/a/63048931"", ""63048931"")",0.4596892406918794
"=HYPERLINK(""https://stackoverflow.com/a/63132538"", ""63132538"")",0.3159722222222223
"=HYPERLINK(""https://stackoverflow.com/a/63162716"", ""63162716"")",0.7131313131313131
"=HYPERLINK(""https://stackoverflow.com/a/63263366"", ""63263366"")",0.44863731656184497
"=HYPERLINK(""https://stackoverflow.com/a/63307359"", ""63307359"")",0.6886651752423567
"=HYPERLINK(""https://stackoverflow.com/a/63328702"", ""63328702"")",0.43408662900188294
"=HYPERLINK(""https://stackoverflow.com/a/63375293"", ""63375293"")",0.6807202459376366
"=HYPERLINK(""https://stackoverflow.com/a/63398663"", ""63398663"")",0.5758807588075877
"=HYPERLINK(""https://stackoverflow.com/a/63443138"", ""63443138"")",0.6022222222222218
"=HYPERLINK(""https://stackoverflow.com/a/63682783"", ""63682783"")",0.3315972222222225
"=HYPERLINK(""https://stackoverflow.com/a/63837893"", ""63837893"")",0.5540806293018685
"=HYPERLINK(""https://stackoverflow.com/a/63968066"", ""63968066"")",0.23592085235920845
"=HYPERLINK(""https://stackoverflow.com/a/64058152"", ""64058152"")",0.8319783197831974
"=HYPERLINK(""https://stackoverflow.com/a/64084489"", ""64084489"")",0.2706651287966165
"=HYPERLINK(""https://stackoverflow.com/a/64146507"", ""64146507"")",0.2554325543255433
"=HYPERLINK(""https://stackoverflow.com/a/64444682"", ""64444682"")",0.5404040404040402
"=HYPERLINK(""https://stackoverflow.com/a/64538071"", ""64538071"")",0.5686789151356088
"=HYPERLINK(""https://stackoverflow.com/a/64603616"", ""64603616"")",0.5383986928104575
"=HYPERLINK(""https://stackoverflow.com/a/64710227"", ""64710227"")",0.4306912775968149
"=HYPERLINK(""https://stackoverflow.com/a/64741140"", ""64741140"")",0.5708460754332316
"=HYPERLINK(""https://stackoverflow.com/a/64799978"", ""64799978"")",0.5792067011579202
"=HYPERLINK(""https://stackoverflow.com/a/64841434"", ""64841434"")",0.30696798493408645
"=HYPERLINK(""https://stackoverflow.com/a/64864815"", ""64864815"")",0.2773946360153257
"=HYPERLINK(""https://stackoverflow.com/a/64874827"", ""64874827"")",0.41445882111316523
"=HYPERLINK(""https://stackoverflow.com/a/64939909"", ""64939909"")",0.4001363326516698
"=HYPERLINK(""https://stackoverflow.com/a/64964592"", ""64964592"")",0.45769167080642464
"=HYPERLINK(""https://stackoverflow.com/a/64972108"", ""64972108"")",0.883639545056869
"=HYPERLINK(""https://stackoverflow.com/a/65112427"", ""65112427"")",0.9349294045426644
"=HYPERLINK(""https://stackoverflow.com/a/65173487"", ""65173487"")",0.6404040404040405
"=HYPERLINK(""https://stackoverflow.com/a/65235771"", ""65235771"")",0.5418943533697637
"=HYPERLINK(""https://stackoverflow.com/a/65254486"", ""65254486"")",0.4401366607248962
"=HYPERLINK(""https://stackoverflow.com/a/65326188"", ""65326188"")",0.5007936507936509
"=HYPERLINK(""https://stackoverflow.com/a/65341068"", ""65341068"")",0.8135683760683762
"=HYPERLINK(""https://stackoverflow.com/a/65492259"", ""65492259"")",0.6087252897068843
"=HYPERLINK(""https://stackoverflow.com/a/65720702"", ""65720702"")",0.6507936507936508
"=HYPERLINK(""https://stackoverflow.com/a/65791506"", ""65791506"")",0.7222222222222219
"=HYPERLINK(""https://stackoverflow.com/a/65981087"", ""65981087"")",0.47754137115839246
"=HYPERLINK(""https://stackoverflow.com/a/66041089"", ""66041089"")",0.8627752176139264
"=HYPERLINK(""https://stackoverflow.com/a/66063892"", ""66063892"")",0.869281045751634
"=HYPERLINK(""https://stackoverflow.com/a/66256189"", ""66256189"")",0.8206474190726166
"=HYPERLINK(""https://stackoverflow.com/a/66361482"", ""66361482"")",0.526570048309179
"=HYPERLINK(""https://stackoverflow.com/a/66439315"", ""66439315"")",0.3091787439613528
"=HYPERLINK(""https://stackoverflow.com/a/66466680"", ""66466680"")",0.34310134310134305
"=HYPERLINK(""https://stackoverflow.com/a/66467014"", ""66467014"")",0.7620452310717803
"=HYPERLINK(""https://stackoverflow.com/a/66745039"", ""66745039"")",0.6043650793650793
"=HYPERLINK(""https://stackoverflow.com/a/66745923"", ""66745923"")",0.332516339869281
"=HYPERLINK(""https://stackoverflow.com/a/66754978"", ""66754978"")",0.4498084291187739
"=HYPERLINK(""https://stackoverflow.com/a/66811387"", ""66811387"")",0.41589811155028533
"=HYPERLINK(""https://stackoverflow.com/a/66817888"", ""66817888"")",0.29112978524743216
"=HYPERLINK(""https://stackoverflow.com/a/66822069"", ""66822069"")",0.6167176350662591
"=HYPERLINK(""https://stackoverflow.com/a/66823643"", ""66823643"")",0.33218072844628865
"=HYPERLINK(""https://stackoverflow.com/a/66912305"", ""66912305"")",0.15700483091787445
"=HYPERLINK(""https://stackoverflow.com/a/66946332"", ""66946332"")",0.5376584638329607
"=HYPERLINK(""https://stackoverflow.com/a/67013340"", ""67013340"")",0.3398692810457516
"=HYPERLINK(""https://stackoverflow.com/a/67060056"", ""67060056"")",0.43596268023748974
"=HYPERLINK(""https://stackoverflow.com/a/67219230"", ""67219230"")",0.3767411726595406
"=HYPERLINK(""https://stackoverflow.com/a/67358872"", ""67358872"")",0.2004830917874397
"=HYPERLINK(""https://stackoverflow.com/a/67480859"", ""67480859"")",0.3947885939036385
"=HYPERLINK(""https://stackoverflow.com/a/67501773"", ""67501773"")",0.39921337266470036
"=HYPERLINK(""https://stackoverflow.com/a/67657412"", ""67657412"")",0.4605943152454777
