link,Correlation
"=HYPERLINK(""https://stackoverflow.com/a/578763"", ""578763"")",0.8722222222222216
"=HYPERLINK(""https://stackoverflow.com/a/1848683"", ""1848683"")",0.22222222222222207
"=HYPERLINK(""https://stackoverflow.com/a/2450875"", ""2450875"")",0.43303303303303264
"=HYPERLINK(""https://stackoverflow.com/a/2759924"", ""2759924"")",0.43482064741907317
"=HYPERLINK(""https://stackoverflow.com/a/4080395"", ""4080395"")",0.16816816816816807
"=HYPERLINK(""https://stackoverflow.com/a/4337366"", ""4337366"")",0.4450656727014551
"=HYPERLINK(""https://stackoverflow.com/a/4611152"", ""4611152"")",0.39131843213475903
"=HYPERLINK(""https://stackoverflow.com/a/5036445"", ""5036445"")",0.26597889244634176
"=HYPERLINK(""https://stackoverflow.com/a/6810738"", ""6810738"")",0.3237606837606842
"=HYPERLINK(""https://stackoverflow.com/a/7364790"", ""7364790"")",0.7542419266557191
"=HYPERLINK(""https://stackoverflow.com/a/7815629"", ""7815629"")",0.6745299145299153
"=HYPERLINK(""https://stackoverflow.com/a/8039133"", ""8039133"")",0.25537139349294047
"=HYPERLINK(""https://stackoverflow.com/a/9156587"", ""9156587"")",0.5676767676767677
"=HYPERLINK(""https://stackoverflow.com/a/9275211"", ""9275211"")",0.5303617571059428
"=HYPERLINK(""https://stackoverflow.com/a/9364146"", ""9364146"")",0.48741559238796817
"=HYPERLINK(""https://stackoverflow.com/a/9587574"", ""9587574"")",0.47858585858585834
"=HYPERLINK(""https://stackoverflow.com/a/9620279"", ""9620279"")",0.46207462074620764
"=HYPERLINK(""https://stackoverflow.com/a/10426829"", ""10426829"")",0.3884491351509823
"=HYPERLINK(""https://stackoverflow.com/a/10625390"", ""10625390"")",0.41691248770894807
"=HYPERLINK(""https://stackoverflow.com/a/10640112"", ""10640112"")",0.11411411411411403
"=HYPERLINK(""https://stackoverflow.com/a/10806808"", ""10806808"")",0.44088111435050253
"=HYPERLINK(""https://stackoverflow.com/a/10828292"", ""10828292"")",0.3921826965305224
"=HYPERLINK(""https://stackoverflow.com/a/10953302"", ""10953302"")",0.4274339486065869
"=HYPERLINK(""https://stackoverflow.com/a/10997452"", ""10997452"")",0.6290018832391708
"=HYPERLINK(""https://stackoverflow.com/a/11105968"", ""11105968"")",0.8040404040404043
"=HYPERLINK(""https://stackoverflow.com/a/11216147"", ""11216147"")",0.47808576166785177
"=HYPERLINK(""https://stackoverflow.com/a/11305337"", ""11305337"")",0.4553893045164862
"=HYPERLINK(""https://stackoverflow.com/a/11346559"", ""11346559"")",0.7068847989093381
"=HYPERLINK(""https://stackoverflow.com/a/12104729"", ""12104729"")",0.4551242554939413
"=HYPERLINK(""https://stackoverflow.com/a/12406423"", ""12406423"")",0.3577856025039127
"=HYPERLINK(""https://stackoverflow.com/a/12685816"", ""12685816"")",0.3318112633181125
"=HYPERLINK(""https://stackoverflow.com/a/12707380"", ""12707380"")",0.6819537658463838
"=HYPERLINK(""https://stackoverflow.com/a/12867394"", ""12867394"")",0.543323139653415
"=HYPERLINK(""https://stackoverflow.com/a/13223404"", ""13223404"")",0.26840144157351403
"=HYPERLINK(""https://stackoverflow.com/a/13923485"", ""13923485"")",0.5336409073433291
"=HYPERLINK(""https://stackoverflow.com/a/13993121"", ""13993121"")",0.6014168530947057
"=HYPERLINK(""https://stackoverflow.com/a/14078589"", ""14078589"")",0.38458384583845845
"=HYPERLINK(""https://stackoverflow.com/a/14510609"", ""14510609"")",0.36284722222222265
"=HYPERLINK(""https://stackoverflow.com/a/16311364"", ""16311364"")",0.256337360814973
"=HYPERLINK(""https://stackoverflow.com/a/17063134"", ""17063134"")",0.4729510851959838
"=HYPERLINK(""https://stackoverflow.com/a/17443413"", ""17443413"")",0.4824961948249619
"=HYPERLINK(""https://stackoverflow.com/a/18585849"", ""18585849"")",0.4748538011695912
"=HYPERLINK(""https://stackoverflow.com/a/18886870"", ""18886870"")",0.38087606837606847
"=HYPERLINK(""https://stackoverflow.com/a/19574395"", ""19574395"")",0.27369281045751637
"=HYPERLINK(""https://stackoverflow.com/a/19713253"", ""19713253"")",0.35150982116681345
"=HYPERLINK(""https://stackoverflow.com/a/20450973"", ""20450973"")",0.3024109014675053
"=HYPERLINK(""https://stackoverflow.com/a/20760988"", ""20760988"")",0.5912259122591226
"=HYPERLINK(""https://stackoverflow.com/a/21996039"", ""21996039"")",0.2272600055975368
"=HYPERLINK(""https://stackoverflow.com/a/22881309"", ""22881309"")",0.5491452991452993
"=HYPERLINK(""https://stackoverflow.com/a/23331823"", ""23331823"")",0.34639073663463876
"=HYPERLINK(""https://stackoverflow.com/a/23459888"", ""23459888"")",0.6585858585858584
"=HYPERLINK(""https://stackoverflow.com/a/26264272"", ""26264272"")",0.457936507936508
"=HYPERLINK(""https://stackoverflow.com/a/26869989"", ""26869989"")",0.36757105943152407
"=HYPERLINK(""https://stackoverflow.com/a/27055047"", ""27055047"")",0.6562647754137118
"=HYPERLINK(""https://stackoverflow.com/a/29699177"", ""29699177"")",0.2222222222222221
"=HYPERLINK(""https://stackoverflow.com/a/30963742"", ""30963742"")",0.6465764657646579
"=HYPERLINK(""https://stackoverflow.com/a/32771991"", ""32771991"")",0.49528495284952856
"=HYPERLINK(""https://stackoverflow.com/a/36768957"", ""36768957"")",0.11695906432748547
"=HYPERLINK(""https://stackoverflow.com/a/39582440"", ""39582440"")",0.7338501291989656
"=HYPERLINK(""https://stackoverflow.com/a/40152121"", ""40152121"")",0.4145299145299148
"=HYPERLINK(""https://stackoverflow.com/a/40259007"", ""40259007"")",0.34222222222222193
"=HYPERLINK(""https://stackoverflow.com/a/41146717"", ""41146717"")",0.4203789042498715
"=HYPERLINK(""https://stackoverflow.com/a/41577510"", ""41577510"")",0.4853801169590648
"=HYPERLINK(""https://stackoverflow.com/a/41811568"", ""41811568"")",0.4036738351254482
"=HYPERLINK(""https://stackoverflow.com/a/43175441"", ""43175441"")",0.28815628815628813
"=HYPERLINK(""https://stackoverflow.com/a/44398719"", ""44398719"")",0.39336316181953795
"=HYPERLINK(""https://stackoverflow.com/a/44789880"", ""44789880"")",0.4222222222222222
"=HYPERLINK(""https://stackoverflow.com/a/45170250"", ""45170250"")",0.5758807588075878
"=HYPERLINK(""https://stackoverflow.com/a/45360662"", ""45360662"")",0.6034376918354819
"=HYPERLINK(""https://stackoverflow.com/a/46304318"", ""46304318"")",0.7524016675729566
"=HYPERLINK(""https://stackoverflow.com/a/46385354"", ""46385354"")",0.41194554238032477
"=HYPERLINK(""https://stackoverflow.com/a/46686302"", ""46686302"")",0.5303303303303298
"=HYPERLINK(""https://stackoverflow.com/a/46758438"", ""46758438"")",0.31597222222222243
"=HYPERLINK(""https://stackoverflow.com/a/47788530"", ""47788530"")",0.4676209952283567
"=HYPERLINK(""https://stackoverflow.com/a/48014545"", ""48014545"")",0.5864756158873804
"=HYPERLINK(""https://stackoverflow.com/a/48274845"", ""48274845"")",0.6823992133726652
"=HYPERLINK(""https://stackoverflow.com/a/49447225"", ""49447225"")",0.3527705250942849
"=HYPERLINK(""https://stackoverflow.com/a/50528882"", ""50528882"")",0.806637806637806
"=HYPERLINK(""https://stackoverflow.com/a/50919765"", ""50919765"")",0.3496460449369037
"=HYPERLINK(""https://stackoverflow.com/a/50981588"", ""50981588"")",0.4722222222222219
"=HYPERLINK(""https://stackoverflow.com/a/51427071"", ""51427071"")",0.5079365079365075
"=HYPERLINK(""https://stackoverflow.com/a/51476376"", ""51476376"")",0.5079365079365079
"=HYPERLINK(""https://stackoverflow.com/a/52980812"", ""52980812"")",0.14003044140030446
"=HYPERLINK(""https://stackoverflow.com/a/53413943"", ""53413943"")",0.45659722222222243
"=HYPERLINK(""https://stackoverflow.com/a/54476813"", ""54476813"")",0.8460754332313969
"=HYPERLINK(""https://stackoverflow.com/a/54813618"", ""54813618"")",0.560153256704981
"=HYPERLINK(""https://stackoverflow.com/a/55720236"", ""55720236"")",0.5531045751633987
"=HYPERLINK(""https://stackoverflow.com/a/56199656"", ""56199656"")",0.5476939203354299
"=HYPERLINK(""https://stackoverflow.com/a/56275449"", ""56275449"")",0.24924924924924916
"=HYPERLINK(""https://stackoverflow.com/a/56346099"", ""56346099"")",0.24575163398692815
"=HYPERLINK(""https://stackoverflow.com/a/56386830"", ""56386830"")",0.2530230435774582
"=HYPERLINK(""https://stackoverflow.com/a/56568168"", ""56568168"")",0.5633324394386345
"=HYPERLINK(""https://stackoverflow.com/a/56870250"", ""56870250"")",0.3907366346390733
"=HYPERLINK(""https://stackoverflow.com/a/57965845"", ""57965845"")",0.482496194824962
"=HYPERLINK(""https://stackoverflow.com/a/58200802"", ""58200802"")",0.6801169590643283
"=HYPERLINK(""https://stackoverflow.com/a/58333524"", ""58333524"")",0.32796634754859305
"=HYPERLINK(""https://stackoverflow.com/a/59137259"", ""59137259"")",0.27946521287642784
"=HYPERLINK(""https://stackoverflow.com/a/60444564"", ""60444564"")",0.5017378629891245
"=HYPERLINK(""https://stackoverflow.com/a/60637527"", ""60637527"")",0.7747514051015996
"=HYPERLINK(""https://stackoverflow.com/a/60672072"", ""60672072"")",0.5022629554197781
"=HYPERLINK(""https://stackoverflow.com/a/60708952"", ""60708952"")",0.26549145299145305
"=HYPERLINK(""https://stackoverflow.com/a/61508828"", ""61508828"")",0.46207462074620753
"=HYPERLINK(""https://stackoverflow.com/a/61910629"", ""61910629"")",0.524974515800204
"=HYPERLINK(""https://stackoverflow.com/a/62118577"", ""62118577"")",0.24396135265700492
"=HYPERLINK(""https://stackoverflow.com/a/63714252"", ""63714252"")",0.33317922638311
"=HYPERLINK(""https://stackoverflow.com/a/64345296"", ""64345296"")",0.4124062713019764
"=HYPERLINK(""https://stackoverflow.com/a/65677343"", ""65677343"")",0.3231837606837608
"=HYPERLINK(""https://stackoverflow.com/a/65740178"", ""65740178"")",0.624232272473478
"=HYPERLINK(""https://stackoverflow.com/a/65981692"", ""65981692"")",0.592222222222222
"=HYPERLINK(""https://stackoverflow.com/a/66130928"", ""66130928"")",0.34175574991901536
"=HYPERLINK(""https://stackoverflow.com/a/66156987"", ""66156987"")",0.43222222222222195
"=HYPERLINK(""https://stackoverflow.com/a/66993707"", ""66993707"")",0.3487044356609571
"=HYPERLINK(""https://stackoverflow.com/a/67188946"", ""67188946"")",0.5188323917137473
"=HYPERLINK(""https://stackoverflow.com/a/67408882"", ""67408882"")",0.41907261592301015
