link,Correlation
"=HYPERLINK(""https://stackoverflow.com/a/896243"", ""896243"")",0.3528754885538803
"=HYPERLINK(""https://stackoverflow.com/a/926320"", ""926320"")",0.6342825237297599
"=HYPERLINK(""https://stackoverflow.com/a/1256488"", ""1256488"")",0.3781855249745159
"=HYPERLINK(""https://stackoverflow.com/a/1728648"", ""1728648"")",0.22222222222222218
"=HYPERLINK(""https://stackoverflow.com/a/2250081"", ""2250081"")",0.6330330330330328
"=HYPERLINK(""https://stackoverflow.com/a/2977498"", ""2977498"")",0.28461390333140785
"=HYPERLINK(""https://stackoverflow.com/a/3348319"", ""3348319"")",0.4554238032498903
"=HYPERLINK(""https://stackoverflow.com/a/4056134"", ""4056134"")",0.30441400304414
"=HYPERLINK(""https://stackoverflow.com/a/4195264"", ""4195264"")",0.4681238615664847
"=HYPERLINK(""https://stackoverflow.com/a/5151671"", ""5151671"")",0.4820647419072618
"=HYPERLINK(""https://stackoverflow.com/a/5352674"", ""5352674"")",0.41306934977821047
"=HYPERLINK(""https://stackoverflow.com/a/6533473"", ""6533473"")",0.4249871991807474
"=HYPERLINK(""https://stackoverflow.com/a/6688067"", ""6688067"")",0.3482064741907265
"=HYPERLINK(""https://stackoverflow.com/a/7401195"", ""7401195"")",0.6605783866057838
"=HYPERLINK(""https://stackoverflow.com/a/8384255"", ""8384255"")",0.26909722222222215
"=HYPERLINK(""https://stackoverflow.com/a/8525878"", ""8525878"")",0.8738615664845174
"=HYPERLINK(""https://stackoverflow.com/a/8545654"", ""8545654"")",0.23121772447109776
"=HYPERLINK(""https://stackoverflow.com/a/8918223"", ""8918223"")",0.7295751633986928
"=HYPERLINK(""https://stackoverflow.com/a/9101118"", ""9101118"")",0.34747889573351576
"=HYPERLINK(""https://stackoverflow.com/a/9292127"", ""9292127"")",0.3097798259088579
"=HYPERLINK(""https://stackoverflow.com/a/9493941"", ""9493941"")",0.5459927140255011
"=HYPERLINK(""https://stackoverflow.com/a/9570192"", ""9570192"")",0.6946148602590317
"=HYPERLINK(""https://stackoverflow.com/a/9668992"", ""9668992"")",0.6560457516339868
"=HYPERLINK(""https://stackoverflow.com/a/9880206"", ""9880206"")",0.2936507936507936
"=HYPERLINK(""https://stackoverflow.com/a/9903804"", ""9903804"")",0.6546546546546544
"=HYPERLINK(""https://stackoverflow.com/a/9931850"", ""9931850"")",0.46531614487415596
"=HYPERLINK(""https://stackoverflow.com/a/9962740"", ""9962740"")",0.26802374893977954
"=HYPERLINK(""https://stackoverflow.com/a/10018624"", ""10018624"")",0.25302304357745814
"=HYPERLINK(""https://stackoverflow.com/a/10171389"", ""10171389"")",0.7237606837606839
"=HYPERLINK(""https://stackoverflow.com/a/10191892"", ""10191892"")",0.40222222222222215
"=HYPERLINK(""https://stackoverflow.com/a/10214366"", ""10214366"")",0.5209235209235207
"=HYPERLINK(""https://stackoverflow.com/a/10284154"", ""10284154"")",0.3133552271483306
"=HYPERLINK(""https://stackoverflow.com/a/10325210"", ""10325210"")",0.42222222222222233
"=HYPERLINK(""https://stackoverflow.com/a/10373114"", ""10373114"")",0.44816364481636417
"=HYPERLINK(""https://stackoverflow.com/a/10461565"", ""10461565"")",0.566903073286052
"=HYPERLINK(""https://stackoverflow.com/a/10613371"", ""10613371"")",0.3557234816680659
"=HYPERLINK(""https://stackoverflow.com/a/10785230"", ""10785230"")",0.3879756468797562
"=HYPERLINK(""https://stackoverflow.com/a/10924083"", ""10924083"")",0.3074312254376564
"=HYPERLINK(""https://stackoverflow.com/a/11050637"", ""11050637"")",0.5635683760683761
"=HYPERLINK(""https://stackoverflow.com/a/11123265"", ""11123265"")",0.45372907153729064
"=HYPERLINK(""https://stackoverflow.com/a/11217375"", ""11217375"")",0.28839869281045755
"=HYPERLINK(""https://stackoverflow.com/a/11417262"", ""11417262"")",0.7182852143482068
"=HYPERLINK(""https://stackoverflow.com/a/11438570"", ""11438570"")",0.32449494949494945
"=HYPERLINK(""https://stackoverflow.com/a/11599750"", ""11599750"")",0.24633797784923198
"=HYPERLINK(""https://stackoverflow.com/a/11933809"", ""11933809"")",0.33519293351929313
"=HYPERLINK(""https://stackoverflow.com/a/12091865"", ""12091865"")",0.5781544256120527
"=HYPERLINK(""https://stackoverflow.com/a/12352032"", ""12352032"")",0.6404040404040404
"=HYPERLINK(""https://stackoverflow.com/a/12457158"", ""12457158"")",0.23650793650793653
"=HYPERLINK(""https://stackoverflow.com/a/12564932"", ""12564932"")",0.41907261592300965
"=HYPERLINK(""https://stackoverflow.com/a/12639500"", ""12639500"")",0.7249846531614489
"=HYPERLINK(""https://stackoverflow.com/a/12961582"", ""12961582"")",0.48966408268733835
"=HYPERLINK(""https://stackoverflow.com/a/13487591"", ""13487591"")",0.6631671041119862
"=HYPERLINK(""https://stackoverflow.com/a/13513967"", ""13513967"")",0.7309504017733442
"=HYPERLINK(""https://stackoverflow.com/a/13586449"", ""13586449"")",0.32054858205485803
"=HYPERLINK(""https://stackoverflow.com/a/13763171"", ""13763171"")",0.3884272083718068
"=HYPERLINK(""https://stackoverflow.com/a/14379412"", ""14379412"")",0.35939036381514283
"=HYPERLINK(""https://stackoverflow.com/a/14600840"", ""14600840"")",0.5056098443720592
"=HYPERLINK(""https://stackoverflow.com/a/15032752"", ""15032752"")",0.42075163398692805
"=HYPERLINK(""https://stackoverflow.com/a/15133638"", ""15133638"")",0.18650793650793646
"=HYPERLINK(""https://stackoverflow.com/a/15214099"", ""15214099"")",0.4222222222222222
"=HYPERLINK(""https://stackoverflow.com/a/15237278"", ""15237278"")",0.33009394233884043
"=HYPERLINK(""https://stackoverflow.com/a/15344696"", ""15344696"")",0.373189964157706
"=HYPERLINK(""https://stackoverflow.com/a/15457274"", ""15457274"")",0.4412943871706757
"=HYPERLINK(""https://stackoverflow.com/a/15666368"", ""15666368"")",0.715372907153729
"=HYPERLINK(""https://stackoverflow.com/a/15907088"", ""15907088"")",0.46016434440871756
"=HYPERLINK(""https://stackoverflow.com/a/16248293"", ""16248293"")",0.5958485958485958
"=HYPERLINK(""https://stackoverflow.com/a/16307910"", ""16307910"")",0.4384384384384381
"=HYPERLINK(""https://stackoverflow.com/a/16778132"", ""16778132"")",0.06432748538011694
"=HYPERLINK(""https://stackoverflow.com/a/17083835"", ""17083835"")",0.678743961352657
"=HYPERLINK(""https://stackoverflow.com/a/17210556"", ""17210556"")",0.11695906432748529
"=HYPERLINK(""https://stackoverflow.com/a/17234801"", ""17234801"")",0.31581828133552264
"=HYPERLINK(""https://stackoverflow.com/a/17305923"", ""17305923"")",0.3601532567049809
"=HYPERLINK(""https://stackoverflow.com/a/17336375"", ""17336375"")",0.5887635756056807
"=HYPERLINK(""https://stackoverflow.com/a/17405656"", ""17405656"")",0.56393076493579
"=HYPERLINK(""https://stackoverflow.com/a/17531687"", ""17531687"")",0.40815187046342793
"=HYPERLINK(""https://stackoverflow.com/a/17826852"", ""17826852"")",0.20048309178743964
"=HYPERLINK(""https://stackoverflow.com/a/17830488"", ""17830488"")",0.5751633986928105
"=HYPERLINK(""https://stackoverflow.com/a/17974609"", ""17974609"")",0.5176767676767676
"=HYPERLINK(""https://stackoverflow.com/a/18093446"", ""18093446"")",0.5509419454056131
"=HYPERLINK(""https://stackoverflow.com/a/18149875"", ""18149875"")",0.48173779315647824
"=HYPERLINK(""https://stackoverflow.com/a/18308025"", ""18308025"")",0.42075163398692805
"=HYPERLINK(""https://stackoverflow.com/a/18321508"", ""18321508"")",0.551336146272855
"=HYPERLINK(""https://stackoverflow.com/a/18364306"", ""18364306"")",0.5917874396135266
"=HYPERLINK(""https://stackoverflow.com/a/18489596"", ""18489596"")",0.5150399017802333
"=HYPERLINK(""https://stackoverflow.com/a/18628534"", ""18628534"")",0.47107014848950324
"=HYPERLINK(""https://stackoverflow.com/a/18635305"", ""18635305"")",0.5925151092515109
"=HYPERLINK(""https://stackoverflow.com/a/18842565"", ""18842565"")",0.2585858585858586
"=HYPERLINK(""https://stackoverflow.com/a/18867674"", ""18867674"")",0.6961860904475143
"=HYPERLINK(""https://stackoverflow.com/a/18976504"", ""18976504"")",0.45443376068376073
"=HYPERLINK(""https://stackoverflow.com/a/19118144"", ""19118144"")",0.4467120181405897
"=HYPERLINK(""https://stackoverflow.com/a/19920858"", ""19920858"")",0.307078619089063
"=HYPERLINK(""https://stackoverflow.com/a/19973931"", ""19973931"")",0.3357992457209169
"=HYPERLINK(""https://stackoverflow.com/a/20074525"", ""20074525"")",0.4522222222222218
"=HYPERLINK(""https://stackoverflow.com/a/20230105"", ""20230105"")",0.4062576989406255
"=HYPERLINK(""https://stackoverflow.com/a/20297228"", ""20297228"")",0.2686507936507937
"=HYPERLINK(""https://stackoverflow.com/a/20394753"", ""20394753"")",0.8660578386605784
"=HYPERLINK(""https://stackoverflow.com/a/20665762"", ""20665762"")",0.3755964553510564
"=HYPERLINK(""https://stackoverflow.com/a/20800077"", ""20800077"")",0.5779534475186647
"=HYPERLINK(""https://stackoverflow.com/a/20880537"", ""20880537"")",0.3794476557482338
"=HYPERLINK(""https://stackoverflow.com/a/20905512"", ""20905512"")",0.6683760683760686
"=HYPERLINK(""https://stackoverflow.com/a/21401590"", ""21401590"")",0.49467731204258125
"=HYPERLINK(""https://stackoverflow.com/a/21528454"", ""21528454"")",0.2774986041317699
"=HYPERLINK(""https://stackoverflow.com/a/21575595"", ""21575595"")",0.2948774401878761
"=HYPERLINK(""https://stackoverflow.com/a/21612336"", ""21612336"")",0.32885046429715015
"=HYPERLINK(""https://stackoverflow.com/a/21699768"", ""21699768"")",0.35125448028673834
"=HYPERLINK(""https://stackoverflow.com/a/21706406"", ""21706406"")",0.4086629001883238
"=HYPERLINK(""https://stackoverflow.com/a/21776481"", ""21776481"")",0.3946360153256706
"=HYPERLINK(""https://stackoverflow.com/a/21799385"", ""21799385"")",0.24793264170801388
"=HYPERLINK(""https://stackoverflow.com/a/21894176"", ""21894176"")",0.31756590293175635
"=HYPERLINK(""https://stackoverflow.com/a/22193543"", ""22193543"")",0.5147123407992972
"=HYPERLINK(""https://stackoverflow.com/a/22228324"", ""22228324"")",0.5686507936507936
"=HYPERLINK(""https://stackoverflow.com/a/22301261"", ""22301261"")",0.5299145299145299
"=HYPERLINK(""https://stackoverflow.com/a/22406873"", ""22406873"")",0.5046649703138255
"=HYPERLINK(""https://stackoverflow.com/a/23063455"", ""23063455"")",0.493214588634436
"=HYPERLINK(""https://stackoverflow.com/a/23162564"", ""23162564"")",0.45595716198125846
"=HYPERLINK(""https://stackoverflow.com/a/23414761"", ""23414761"")",0.7191547375596454
"=HYPERLINK(""https://stackoverflow.com/a/23650374"", ""23650374"")",0.6597222222222223
"=HYPERLINK(""https://stackoverflow.com/a/23780785"", ""23780785"")",0.47222222222222243
"=HYPERLINK(""https://stackoverflow.com/a/23852230"", ""23852230"")",0.1169590643274853
"=HYPERLINK(""https://stackoverflow.com/a/24046481"", ""24046481"")",0.32803541621307786
"=HYPERLINK(""https://stackoverflow.com/a/24183397"", ""24183397"")",0.292222222222222
"=HYPERLINK(""https://stackoverflow.com/a/24451820"", ""24451820"")",0.4222222222222222
"=HYPERLINK(""https://stackoverflow.com/a/24620467"", ""24620467"")",0.6459510357815441
"=HYPERLINK(""https://stackoverflow.com/a/24626915"", ""24626915"")",0.4206955046649705
"=HYPERLINK(""https://stackoverflow.com/a/25115854"", ""25115854"")",0.6159230096237972
"=HYPERLINK(""https://stackoverflow.com/a/25143822"", ""25143822"")",0.6393076493579005
"=HYPERLINK(""https://stackoverflow.com/a/25746892"", ""25746892"")",0.36222222222222206
"=HYPERLINK(""https://stackoverflow.com/a/26028041"", ""26028041"")",0.34376918354818903
"=HYPERLINK(""https://stackoverflow.com/a/26106815"", ""26106815"")",0.46879756468797573
"=HYPERLINK(""https://stackoverflow.com/a/26159062"", ""26159062"")",0.45036721156124154
"=HYPERLINK(""https://stackoverflow.com/a/26189525"", ""26189525"")",0.11695906432748532
"=HYPERLINK(""https://stackoverflow.com/a/26267064"", ""26267064"")",0.6079035155247625
"=HYPERLINK(""https://stackoverflow.com/a/26515778"", ""26515778"")",0.6284722222222223
"=HYPERLINK(""https://stackoverflow.com/a/26716375"", ""26716375"")",0.3515856719142137
"=HYPERLINK(""https://stackoverflow.com/a/26965219"", ""26965219"")",0.6704980842911878
"=HYPERLINK(""https://stackoverflow.com/a/26997298"", ""26997298"")",0.5044308111792775
"=HYPERLINK(""https://stackoverflow.com/a/27106828"", ""27106828"")",0.2911877394636014
"=HYPERLINK(""https://stackoverflow.com/a/27310437"", ""27310437"")",0.3824432166973604
"=HYPERLINK(""https://stackoverflow.com/a/27380494"", ""27380494"")",0.8909338786639396
"=HYPERLINK(""https://stackoverflow.com/a/27384248"", ""27384248"")",0.6640826873385011
"=HYPERLINK(""https://stackoverflow.com/a/27506762"", ""27506762"")",0.5592894319981897
"=HYPERLINK(""https://stackoverflow.com/a/27509361"", ""27509361"")",0.7014209895565829
"=HYPERLINK(""https://stackoverflow.com/a/27919171"", ""27919171"")",0.441400304414003
"=HYPERLINK(""https://stackoverflow.com/a/28148723"", ""28148723"")",0.6570048309178743
"=HYPERLINK(""https://stackoverflow.com/a/28298602"", ""28298602"")",0.3781405895691611
"=HYPERLINK(""https://stackoverflow.com/a/28319059"", ""28319059"")",0.5054080629301867
"=HYPERLINK(""https://stackoverflow.com/a/28577789"", ""28577789"")",0.28636216391318436
"=HYPERLINK(""https://stackoverflow.com/a/28675766"", ""28675766"")",0.361462728551336
"=HYPERLINK(""https://stackoverflow.com/a/28770264"", ""28770264"")",0.662900188323917
"=HYPERLINK(""https://stackoverflow.com/a/28883741"", ""28883741"")",0.5309779825908857
"=HYPERLINK(""https://stackoverflow.com/a/29048885"", ""29048885"")",0.4704980842911878
"=HYPERLINK(""https://stackoverflow.com/a/29078942"", ""29078942"")",0.5256704980842912
"=HYPERLINK(""https://stackoverflow.com/a/29198050"", ""29198050"")",0.5527306967984932
"=HYPERLINK(""https://stackoverflow.com/a/29205730"", ""29205730"")",0.26369687660010227
"=HYPERLINK(""https://stackoverflow.com/a/29282911"", ""29282911"")",0.4124239513288507
"=HYPERLINK(""https://stackoverflow.com/a/29412712"", ""29412712"")",0.2561205273069678
"=HYPERLINK(""https://stackoverflow.com/a/29523606"", ""29523606"")",0.7097568482610035
"=HYPERLINK(""https://stackoverflow.com/a/29801227"", ""29801227"")",0.6697360343769185
"=HYPERLINK(""https://stackoverflow.com/a/30123918"", ""30123918"")",0.2782862954487667
"=HYPERLINK(""https://stackoverflow.com/a/30147881"", ""30147881"")",0.49781277340332475
"=HYPERLINK(""https://stackoverflow.com/a/30208698"", ""30208698"")",0.32456763800047383
"=HYPERLINK(""https://stackoverflow.com/a/30211098"", ""30211098"")",0.6122222222222218
"=HYPERLINK(""https://stackoverflow.com/a/30232368"", ""30232368"")",0.7609676096760968
"=HYPERLINK(""https://stackoverflow.com/a/30343644"", ""30343644"")",0.3628472222222223
"=HYPERLINK(""https://stackoverflow.com/a/30351902"", ""30351902"")",0.5109760216143197
"=HYPERLINK(""https://stackoverflow.com/a/30429468"", ""30429468"")",0.6181953765846385
"=HYPERLINK(""https://stackoverflow.com/a/30936061"", ""30936061"")",0.8369011213047911
"=HYPERLINK(""https://stackoverflow.com/a/31072947"", ""31072947"")",0.4266421117249848
"=HYPERLINK(""https://stackoverflow.com/a/31162866"", ""31162866"")",0.14949494949494951
"=HYPERLINK(""https://stackoverflow.com/a/31296695"", ""31296695"")",0.5888141504733434
"=HYPERLINK(""https://stackoverflow.com/a/31401576"", ""31401576"")",0.6355414611228567
"=HYPERLINK(""https://stackoverflow.com/a/31520215"", ""31520215"")",0.3661910938175529
"=HYPERLINK(""https://stackoverflow.com/a/31943820"", ""31943820"")",0.318456531845653
"=HYPERLINK(""https://stackoverflow.com/a/32197648"", ""32197648"")",0.3947885939036383
"=HYPERLINK(""https://stackoverflow.com/a/32402157"", ""32402157"")",0.6169590643274854
"=HYPERLINK(""https://stackoverflow.com/a/32648734"", ""32648734"")",0.46773120425815023
"=HYPERLINK(""https://stackoverflow.com/a/32737075"", ""32737075"")",0.6057838660578386
"=HYPERLINK(""https://stackoverflow.com/a/32952443"", ""32952443"")",0.3615079365079366
"=HYPERLINK(""https://stackoverflow.com/a/33309052"", ""33309052"")",0.23637316561844876
"=HYPERLINK(""https://stackoverflow.com/a/33731302"", ""33731302"")",0.7847222222222224
"=HYPERLINK(""https://stackoverflow.com/a/33831839"", ""33831839"")",0.3991945036721158
"=HYPERLINK(""https://stackoverflow.com/a/34230707"", ""34230707"")",0.23222222222222205
"=HYPERLINK(""https://stackoverflow.com/a/34314069"", ""34314069"")",0.7254205164652928
"=HYPERLINK(""https://stackoverflow.com/a/34835731"", ""34835731"")",0.4064798250844762
"=HYPERLINK(""https://stackoverflow.com/a/35071866"", ""35071866"")",0.420919290626131
"=HYPERLINK(""https://stackoverflow.com/a/35465893"", ""35465893"")",0.44855016679497034
"=HYPERLINK(""https://stackoverflow.com/a/36435563"", ""36435563"")",0.4360153256704981
"=HYPERLINK(""https://stackoverflow.com/a/36649182"", ""36649182"")",0.47945694891032525
"=HYPERLINK(""https://stackoverflow.com/a/36748476"", ""36748476"")",0.562237642422685
"=HYPERLINK(""https://stackoverflow.com/a/36752765"", ""36752765"")",0.431078798560623
"=HYPERLINK(""https://stackoverflow.com/a/36954467"", ""36954467"")",0.6153256704980844
"=HYPERLINK(""https://stackoverflow.com/a/37579335"", ""37579335"")",0.5096473719228208
"=HYPERLINK(""https://stackoverflow.com/a/37845030"", ""37845030"")",0.414882772680938
"=HYPERLINK(""https://stackoverflow.com/a/37994633"", ""37994633"")",0.44397062307510077
"=HYPERLINK(""https://stackoverflow.com/a/37995715"", ""37995715"")",0.411987680644397
"=HYPERLINK(""https://stackoverflow.com/a/38065290"", ""38065290"")",0.7858585858585858
"=HYPERLINK(""https://stackoverflow.com/a/38260472"", ""38260472"")",0.6501068376068377
"=HYPERLINK(""https://stackoverflow.com/a/38444595"", ""38444595"")",0.7657004830917874
"=HYPERLINK(""https://stackoverflow.com/a/38634625"", ""38634625"")",0.5391452991452992
"=HYPERLINK(""https://stackoverflow.com/a/38762654"", ""38762654"")",0.8602590320381728
"=HYPERLINK(""https://stackoverflow.com/a/39016177"", ""39016177"")",0.46207462074620753
"=HYPERLINK(""https://stackoverflow.com/a/39264380"", ""39264380"")",0.3303303303303301
"=HYPERLINK(""https://stackoverflow.com/a/39747322"", ""39747322"")",0.5533910533910531
"=HYPERLINK(""https://stackoverflow.com/a/39874111"", ""39874111"")",0.48014077425842117
"=HYPERLINK(""https://stackoverflow.com/a/41460731"", ""41460731"")",0.5917874396135265
"=HYPERLINK(""https://stackoverflow.com/a/41560240"", ""41560240"")",0.3808429118773946
"=HYPERLINK(""https://stackoverflow.com/a/41706545"", ""41706545"")",0.5222222222222221
"=HYPERLINK(""https://stackoverflow.com/a/42090051"", ""42090051"")",0.38032498902064105
"=HYPERLINK(""https://stackoverflow.com/a/42752995"", ""42752995"")",0.6290018832391713
"=HYPERLINK(""https://stackoverflow.com/a/43045434"", ""43045434"")",0.3961352657004832
"=HYPERLINK(""https://stackoverflow.com/a/43375915"", ""43375915"")",0.31222222222222196
"=HYPERLINK(""https://stackoverflow.com/a/43656779"", ""43656779"")",0.6178266178266179
"=HYPERLINK(""https://stackoverflow.com/a/44108149"", ""44108149"")",0.525652301377895
"=HYPERLINK(""https://stackoverflow.com/a/44178402"", ""44178402"")",0.744281045751634
"=HYPERLINK(""https://stackoverflow.com/a/44337634"", ""44337634"")",0.22222222222222227
"=HYPERLINK(""https://stackoverflow.com/a/44438888"", ""44438888"")",0.7071667547103365
"=HYPERLINK(""https://stackoverflow.com/a/44631077"", ""44631077"")",0.7370609318996416
"=HYPERLINK(""https://stackoverflow.com/a/44908728"", ""44908728"")",0.3100883310088329
"=HYPERLINK(""https://stackoverflow.com/a/45104907"", ""45104907"")",0.5917874396135268
"=HYPERLINK(""https://stackoverflow.com/a/45163932"", ""45163932"")",0.8154425612052727
"=HYPERLINK(""https://stackoverflow.com/a/45239738"", ""45239738"")",0.7000983284169127
"=HYPERLINK(""https://stackoverflow.com/a/45297142"", ""45297142"")",0.31962481962481953
"=HYPERLINK(""https://stackoverflow.com/a/45805629"", ""45805629"")",0.6251586006887802
"=HYPERLINK(""https://stackoverflow.com/a/47933556"", ""47933556"")",0.5641815567878417
"=HYPERLINK(""https://stackoverflow.com/a/48299493"", ""48299493"")",0.5485380116959062
"=HYPERLINK(""https://stackoverflow.com/a/49278124"", ""49278124"")",0.8815628815628817
"=HYPERLINK(""https://stackoverflow.com/a/49330772"", ""49330772"")",0.6020299145299147
"=HYPERLINK(""https://stackoverflow.com/a/49454943"", ""49454943"")",0.7590643274853806
"=HYPERLINK(""https://stackoverflow.com/a/50157475"", ""50157475"")",0.5915404040404039
"=HYPERLINK(""https://stackoverflow.com/a/50610761"", ""50610761"")",0.7129971299712998
"=HYPERLINK(""https://stackoverflow.com/a/50909819"", ""50909819"")",0.6122407065105773
"=HYPERLINK(""https://stackoverflow.com/a/50939771"", ""50939771"")",0.5049808429118775
"=HYPERLINK(""https://stackoverflow.com/a/51157718"", ""51157718"")",0.5005727376861397
"=HYPERLINK(""https://stackoverflow.com/a/51955743"", ""51955743"")",0.21499330655957152
"=HYPERLINK(""https://stackoverflow.com/a/52189163"", ""52189163"")",0.7176350662589195
"=HYPERLINK(""https://stackoverflow.com/a/52189262"", ""52189262"")",0.6288156288156288
"=HYPERLINK(""https://stackoverflow.com/a/52997849"", ""52997849"")",0.6004400440044003
"=HYPERLINK(""https://stackoverflow.com/a/53082480"", ""53082480"")",0.7591074681238617
"=HYPERLINK(""https://stackoverflow.com/a/53171344"", ""53171344"")",0.3433294886582085
"=HYPERLINK(""https://stackoverflow.com/a/54152034"", ""54152034"")",0.4934086629001884
"=HYPERLINK(""https://stackoverflow.com/a/54443432"", ""54443432"")",0.6717635066258921
"=HYPERLINK(""https://stackoverflow.com/a/54927757"", ""54927757"")",0.32936507936507925
"=HYPERLINK(""https://stackoverflow.com/a/55594451"", ""55594451"")",0.3482064741907263
"=HYPERLINK(""https://stackoverflow.com/a/55849833"", ""55849833"")",0.48222222222222194
"=HYPERLINK(""https://stackoverflow.com/a/55916510"", ""55916510"")",0.5608048993875768
"=HYPERLINK(""https://stackoverflow.com/a/56078761"", ""56078761"")",0.7065972222222224
"=HYPERLINK(""https://stackoverflow.com/a/56114658"", ""56114658"")",0.33820160366552116
"=HYPERLINK(""https://stackoverflow.com/a/56232585"", ""56232585"")",0.512222222222222
"=HYPERLINK(""https://stackoverflow.com/a/57470907"", ""57470907"")",0.24676209952283545
"=HYPERLINK(""https://stackoverflow.com/a/57646690"", ""57646690"")",0.507936507936508
"=HYPERLINK(""https://stackoverflow.com/a/58081841"", ""58081841"")",0.5122222222222218
"=HYPERLINK(""https://stackoverflow.com/a/58270229"", ""58270229"")",0.28168168168168156
"=HYPERLINK(""https://stackoverflow.com/a/58538156"", ""58538156"")",0.40972222222222215
"=HYPERLINK(""https://stackoverflow.com/a/58560438"", ""58560438"")",0.4160683760683764
"=HYPERLINK(""https://stackoverflow.com/a/58902330"", ""58902330"")",0.42911877394636017
"=HYPERLINK(""https://stackoverflow.com/a/59311774"", ""59311774"")",0.35660957400087834
"=HYPERLINK(""https://stackoverflow.com/a/59519098"", ""59519098"")",0.34310134310134316
"=HYPERLINK(""https://stackoverflow.com/a/60088238"", ""60088238"")",0.544337606837607
"=HYPERLINK(""https://stackoverflow.com/a/60596720"", ""60596720"")",0.3562279859109831
"=HYPERLINK(""https://stackoverflow.com/a/60811102"", ""60811102"")",0.4988179669030734
"=HYPERLINK(""https://stackoverflow.com/a/61481930"", ""61481930"")",0.4222222222222224
"=HYPERLINK(""https://stackoverflow.com/a/61550739"", ""61550739"")",0.5108519598315518
"=HYPERLINK(""https://stackoverflow.com/a/61769285"", ""61769285"")",0.16816816816816807
"=HYPERLINK(""https://stackoverflow.com/a/63172331"", ""63172331"")",0.7847222222222224
"=HYPERLINK(""https://stackoverflow.com/a/63355117"", ""63355117"")",0.4687975646879756
"=HYPERLINK(""https://stackoverflow.com/a/64430097"", ""64430097"")",0.2906432748538014
"=HYPERLINK(""https://stackoverflow.com/a/64455375"", ""64455375"")",0.21572871572871563
"=HYPERLINK(""https://stackoverflow.com/a/64915055"", ""64915055"")",0.2907153729071537
"=HYPERLINK(""https://stackoverflow.com/a/65131137"", ""65131137"")",0.6734417344173441
"=HYPERLINK(""https://stackoverflow.com/a/65151284"", ""65151284"")",0.3249890206411945
"=HYPERLINK(""https://stackoverflow.com/a/66017745"", ""66017745"")",0.36462728551336154
"=HYPERLINK(""https://stackoverflow.com/a/66101718"", ""66101718"")",0.5696798493408661
"=HYPERLINK(""https://stackoverflow.com/a/66163676"", ""66163676"")",0.24222222222222206
"=HYPERLINK(""https://stackoverflow.com/a/66599540"", ""66599540"")",0.3420378904249871
"=HYPERLINK(""https://stackoverflow.com/a/66905575"", ""66905575"")",0.5347222222222221
"=HYPERLINK(""https://stackoverflow.com/a/67203962"", ""67203962"")",0.8003472222222225
"=HYPERLINK(""https://stackoverflow.com/a/67289041"", ""67289041"")",0.5079365079365077
