link,Correlation
"=HYPERLINK(""https://stackoverflow.com/a/487851"", ""487851"")",0.6058142399605807
"=HYPERLINK(""https://stackoverflow.com/a/1076867"", ""1076867"")",0.5208523592085236
"=HYPERLINK(""https://stackoverflow.com/a/1693040"", ""1693040"")",0.2589869281045752
"=HYPERLINK(""https://stackoverflow.com/a/2177140"", ""2177140"")",0.3863443596268031
"=HYPERLINK(""https://stackoverflow.com/a/2852247"", ""2852247"")",0.2762762762762761
"=HYPERLINK(""https://stackoverflow.com/a/4044148"", ""4044148"")",0.49627470035633386
"=HYPERLINK(""https://stackoverflow.com/a/5953646"", ""5953646"")",0.5737847222222232
"=HYPERLINK(""https://stackoverflow.com/a/6219042"", ""6219042"")",0.49617180205415495
"=HYPERLINK(""https://stackoverflow.com/a/6629025"", ""6629025"")",0.3323917137476457
"=HYPERLINK(""https://stackoverflow.com/a/7331078"", ""7331078"")",0.7075163398692812
"=HYPERLINK(""https://stackoverflow.com/a/8066882"", ""8066882"")",0.4932567049808426
"=HYPERLINK(""https://stackoverflow.com/a/8076077"", ""8076077"")",0.2392979959682201
"=HYPERLINK(""https://stackoverflow.com/a/8127909"", ""8127909"")",0.8948977440438552
"=HYPERLINK(""https://stackoverflow.com/a/8233946"", ""8233946"")",0.30262423227247326
"=HYPERLINK(""https://stackoverflow.com/a/8376925"", ""8376925"")",0.3214588634435967
"=HYPERLINK(""https://stackoverflow.com/a/8447217"", ""8447217"")",0.6338317209029614
"=HYPERLINK(""https://stackoverflow.com/a/8488091"", ""8488091"")",0.4167116873761927
"=HYPERLINK(""https://stackoverflow.com/a/9222128"", ""9222128"")",0.7626379266102129
"=HYPERLINK(""https://stackoverflow.com/a/9818629"", ""9818629"")",0.2222222222222219
"=HYPERLINK(""https://stackoverflow.com/a/10126802"", ""10126802"")",0.403303303303303
"=HYPERLINK(""https://stackoverflow.com/a/10582237"", ""10582237"")",0.6796690307328608
"=HYPERLINK(""https://stackoverflow.com/a/10796191"", ""10796191"")",0.8552497451580025
"=HYPERLINK(""https://stackoverflow.com/a/11049083"", ""11049083"")",0.2222222222222221
"=HYPERLINK(""https://stackoverflow.com/a/12037346"", ""12037346"")",0.5150399017802335
"=HYPERLINK(""https://stackoverflow.com/a/12080292"", ""12080292"")",0.5274170274170271
"=HYPERLINK(""https://stackoverflow.com/a/12086655"", ""12086655"")",0.36831794010635294
"=HYPERLINK(""https://stackoverflow.com/a/12412357"", ""12412357"")",0.4396135265700486
"=HYPERLINK(""https://stackoverflow.com/a/12689714"", ""12689714"")",0.41588419405320837
"=HYPERLINK(""https://stackoverflow.com/a/13063421"", ""13063421"")",0.5463601532567053
"=HYPERLINK(""https://stackoverflow.com/a/13294325"", ""13294325"")",0.41000502765208635
"=HYPERLINK(""https://stackoverflow.com/a/13924913"", ""13924913"")",0.5780504430811174
"=HYPERLINK(""https://stackoverflow.com/a/14234545"", ""14234545"")",0.3529152915291527
"=HYPERLINK(""https://stackoverflow.com/a/14320463"", ""14320463"")",0.3204528506541931
"=HYPERLINK(""https://stackoverflow.com/a/14813178"", ""14813178"")",0.45751633986928103
"=HYPERLINK(""https://stackoverflow.com/a/15279651"", ""15279651"")",0.47222222222222243
"=HYPERLINK(""https://stackoverflow.com/a/15966964"", ""15966964"")",0.4855358316896783
"=HYPERLINK(""https://stackoverflow.com/a/16063834"", ""16063834"")",0.5347222222222225
"=HYPERLINK(""https://stackoverflow.com/a/16190236"", ""16190236"")",0.5122985581000855
"=HYPERLINK(""https://stackoverflow.com/a/19152184"", ""19152184"")",0.7655293088363965
"=HYPERLINK(""https://stackoverflow.com/a/20217531"", ""20217531"")",0.6040404040404039
"=HYPERLINK(""https://stackoverflow.com/a/21573126"", ""21573126"")",0.3662990632040794
"=HYPERLINK(""https://stackoverflow.com/a/21592938"", ""21592938"")",0.3221112344308794
"=HYPERLINK(""https://stackoverflow.com/a/21705833"", ""21705833"")",0.43871706758304696
"=HYPERLINK(""https://stackoverflow.com/a/21927202"", ""21927202"")",0.33231396534148844
"=HYPERLINK(""https://stackoverflow.com/a/22346358"", ""22346358"")",0.2369281045751634
"=HYPERLINK(""https://stackoverflow.com/a/22706726"", ""22706726"")",0.9032038173142456
"=HYPERLINK(""https://stackoverflow.com/a/22846866"", ""22846866"")",0.6650793650793652
"=HYPERLINK(""https://stackoverflow.com/a/23324922"", ""23324922"")",0.539463601532567
"=HYPERLINK(""https://stackoverflow.com/a/24156969"", ""24156969"")",0.29926791829023497
"=HYPERLINK(""https://stackoverflow.com/a/24179797"", ""24179797"")",0.287157287157287
"=HYPERLINK(""https://stackoverflow.com/a/24934941"", ""24934941"")",0.3931405895691604
"=HYPERLINK(""https://stackoverflow.com/a/25355204"", ""25355204"")",0.7581338244321673
"=HYPERLINK(""https://stackoverflow.com/a/26563831"", ""26563831"")",0.4840565417488499
"=HYPERLINK(""https://stackoverflow.com/a/26632733"", ""26632733"")",0.4036381514257624
"=HYPERLINK(""https://stackoverflow.com/a/26635496"", ""26635496"")",0.6222222222222225
"=HYPERLINK(""https://stackoverflow.com/a/26778556"", ""26778556"")",0.5016339869281047
"=HYPERLINK(""https://stackoverflow.com/a/28679724"", ""28679724"")",0.3007313419684554
"=HYPERLINK(""https://stackoverflow.com/a/28901070"", ""28901070"")",0.5009107468123869
"=HYPERLINK(""https://stackoverflow.com/a/29271178"", ""29271178"")",0.4697792254795511
"=HYPERLINK(""https://stackoverflow.com/a/29544342"", ""29544342"")",0.3091206179441474
"=HYPERLINK(""https://stackoverflow.com/a/29811821"", ""29811821"")",0.8422222222222214
"=HYPERLINK(""https://stackoverflow.com/a/30057166"", ""30057166"")",0.5612414119876814
"=HYPERLINK(""https://stackoverflow.com/a/32101615"", ""32101615"")",0.3422222222222227
"=HYPERLINK(""https://stackoverflow.com/a/32324324"", ""32324324"")",0.6781045751633987
"=HYPERLINK(""https://stackoverflow.com/a/32715611"", ""32715611"")",0.8663940013633254
"=HYPERLINK(""https://stackoverflow.com/a/32856421"", ""32856421"")",0.6700749829584177
"=HYPERLINK(""https://stackoverflow.com/a/32881926"", ""32881926"")",0.6124661246612462
"=HYPERLINK(""https://stackoverflow.com/a/33015140"", ""33015140"")",0.9001883239171364
"=HYPERLINK(""https://stackoverflow.com/a/33236939"", ""33236939"")",0.3465052050138093
"=HYPERLINK(""https://stackoverflow.com/a/33305846"", ""33305846"")",0.3088363954505692
"=HYPERLINK(""https://stackoverflow.com/a/33654353"", ""33654353"")",0.42561205273069663
"=HYPERLINK(""https://stackoverflow.com/a/33694452"", ""33694452"")",0.20647419072615936
"=HYPERLINK(""https://stackoverflow.com/a/34952138"", ""34952138"")",0.41484517304189483
"=HYPERLINK(""https://stackoverflow.com/a/35948567"", ""35948567"")",0.42032047895756297
"=HYPERLINK(""https://stackoverflow.com/a/36982951"", ""36982951"")",0.5392953929539291
"=HYPERLINK(""https://stackoverflow.com/a/37489496"", ""37489496"")",0.4615079365079364
"=HYPERLINK(""https://stackoverflow.com/a/38379473"", ""38379473"")",0.8836395450568695
"=HYPERLINK(""https://stackoverflow.com/a/38995663"", ""38995663"")",0.4082687338501288
"=HYPERLINK(""https://stackoverflow.com/a/39235651"", ""39235651"")",0.547069472731387
"=HYPERLINK(""https://stackoverflow.com/a/39608690"", ""39608690"")",0.36507936507936495
"=HYPERLINK(""https://stackoverflow.com/a/40213854"", ""40213854"")",0.26385275127686214
"=HYPERLINK(""https://stackoverflow.com/a/40610760"", ""40610760"")",0.5283446712018149
"=HYPERLINK(""https://stackoverflow.com/a/41495427"", ""41495427"")",0.3169104439312291
"=HYPERLINK(""https://stackoverflow.com/a/42150860"", ""42150860"")",0.6683300066533595
"=HYPERLINK(""https://stackoverflow.com/a/42195163"", ""42195163"")",0.37818552497451596
"=HYPERLINK(""https://stackoverflow.com/a/42212879"", ""42212879"")",0.3441734417344171
"=HYPERLINK(""https://stackoverflow.com/a/42504687"", ""42504687"")",0.24432166973603442
"=HYPERLINK(""https://stackoverflow.com/a/42546063"", ""42546063"")",0.5912259122591227
"=HYPERLINK(""https://stackoverflow.com/a/42705118"", ""42705118"")",0.3303303303303301
"=HYPERLINK(""https://stackoverflow.com/a/42719554"", ""42719554"")",0.5079365079365071
"=HYPERLINK(""https://stackoverflow.com/a/42850881"", ""42850881"")",0.20048309178743978
"=HYPERLINK(""https://stackoverflow.com/a/42907395"", ""42907395"")",0.47055925104705565
"=HYPERLINK(""https://stackoverflow.com/a/43275986"", ""43275986"")",0.6283655669321196
"=HYPERLINK(""https://stackoverflow.com/a/43486272"", ""43486272"")",0.2921930677032719
"=HYPERLINK(""https://stackoverflow.com/a/43651376"", ""43651376"")",0.7004830917874401
"=HYPERLINK(""https://stackoverflow.com/a/43783583"", ""43783583"")",0.3364090734332948
"=HYPERLINK(""https://stackoverflow.com/a/44338652"", ""44338652"")",0.4650793650793652
"=HYPERLINK(""https://stackoverflow.com/a/44431389"", ""44431389"")",0.6899145299145307
"=HYPERLINK(""https://stackoverflow.com/a/44892231"", ""44892231"")",0.6490514905149047
"=HYPERLINK(""https://stackoverflow.com/a/44956602"", ""44956602"")",0.6443675509419448
"=HYPERLINK(""https://stackoverflow.com/a/45171295"", ""45171295"")",0.46741452991453
"=HYPERLINK(""https://stackoverflow.com/a/45613125"", ""45613125"")",0.4322222222222219
"=HYPERLINK(""https://stackoverflow.com/a/45622171"", ""45622171"")",0.28924766253533396
"=HYPERLINK(""https://stackoverflow.com/a/46119602"", ""46119602"")",0.4000572737686139
"=HYPERLINK(""https://stackoverflow.com/a/46220277"", ""46220277"")",0.5664845173041901
"=HYPERLINK(""https://stackoverflow.com/a/46282016"", ""46282016"")",0.4583738257207652
"=HYPERLINK(""https://stackoverflow.com/a/47184540"", ""47184540"")",0.3784722222222224
"=HYPERLINK(""https://stackoverflow.com/a/47548420"", ""47548420"")",0.5328605200945628
"=HYPERLINK(""https://stackoverflow.com/a/47684597"", ""47684597"")",0.6637806637806632
"=HYPERLINK(""https://stackoverflow.com/a/48299590"", ""48299590"")",0.5027652086475615
"=HYPERLINK(""https://stackoverflow.com/a/48580218"", ""48580218"")",0.3929968701095466
"=HYPERLINK(""https://stackoverflow.com/a/48827260"", ""48827260"")",0.9365079365079357
"=HYPERLINK(""https://stackoverflow.com/a/49063605"", ""49063605"")",0.31811263318112626
"=HYPERLINK(""https://stackoverflow.com/a/49160544"", ""49160544"")",0.3785740137531669
"=HYPERLINK(""https://stackoverflow.com/a/49263124"", ""49263124"")",0.4070651057712057
"=HYPERLINK(""https://stackoverflow.com/a/49371959"", ""49371959"")",0.8472222222222223
"=HYPERLINK(""https://stackoverflow.com/a/49403147"", ""49403147"")",0.5018832391713745
"=HYPERLINK(""https://stackoverflow.com/a/49497323"", ""49497323"")",0.4426946631671048
"=HYPERLINK(""https://stackoverflow.com/a/50107471"", ""50107471"")",0.5009107468123868
"=HYPERLINK(""https://stackoverflow.com/a/50387698"", ""50387698"")",0.4654654654654649
"=HYPERLINK(""https://stackoverflow.com/a/50410333"", ""50410333"")",0.46837606837606904
"=HYPERLINK(""https://stackoverflow.com/a/50687550"", ""50687550"")",0.652377432865237
"=HYPERLINK(""https://stackoverflow.com/a/50849724"", ""50849724"")",0.4579365079365081
"=HYPERLINK(""https://stackoverflow.com/a/50940455"", ""50940455"")",0.47303655446977905
"=HYPERLINK(""https://stackoverflow.com/a/51207183"", ""51207183"")",0.4425612052730696
"=HYPERLINK(""https://stackoverflow.com/a/51248340"", ""51248340"")",0.7130197682344912
"=HYPERLINK(""https://stackoverflow.com/a/51739415"", ""51739415"")",0.5658277692176
"=HYPERLINK(""https://stackoverflow.com/a/52010735"", ""52010735"")",0.26690635165211435
"=HYPERLINK(""https://stackoverflow.com/a/52031043"", ""52031043"")",0.604575163398693
"=HYPERLINK(""https://stackoverflow.com/a/52333007"", ""52333007"")",0.5018832391713742
"=HYPERLINK(""https://stackoverflow.com/a/52718919"", ""52718919"")",0.4104141041410415
"=HYPERLINK(""https://stackoverflow.com/a/52952202"", ""52952202"")",0.4521257591997144
"=HYPERLINK(""https://stackoverflow.com/a/53539958"", ""53539958"")",0.629198966408268
"=HYPERLINK(""https://stackoverflow.com/a/53994277"", ""53994277"")",0.26545530492898894
"=HYPERLINK(""https://stackoverflow.com/a/54188164"", ""54188164"")",0.41317699609156866
"=HYPERLINK(""https://stackoverflow.com/a/54580694"", ""54580694"")",0.5398514015535295
"=HYPERLINK(""https://stackoverflow.com/a/54647113"", ""54647113"")",0.5869763205828785
"=HYPERLINK(""https://stackoverflow.com/a/54828784"", ""54828784"")",0.39133986928104575
"=HYPERLINK(""https://stackoverflow.com/a/55004875"", ""55004875"")",0.5291842475386773
"=HYPERLINK(""https://stackoverflow.com/a/55105165"", ""55105165"")",0.4795751633986929
"=HYPERLINK(""https://stackoverflow.com/a/55225904"", ""55225904"")",0.5273069679849335
"=HYPERLINK(""https://stackoverflow.com/a/55316671"", ""55316671"")",0.4986041317699606
"=HYPERLINK(""https://stackoverflow.com/a/55341359"", ""55341359"")",0.4800535475234266
"=HYPERLINK(""https://stackoverflow.com/a/55466510"", ""55466510"")",0.2512919896640825
"=HYPERLINK(""https://stackoverflow.com/a/56069288"", ""56069288"")",0.4832841691248775
"=HYPERLINK(""https://stackoverflow.com/a/56263768"", ""56263768"")",0.753472222222223
"=HYPERLINK(""https://stackoverflow.com/a/56324032"", ""56324032"")",0.3309178743961354
"=HYPERLINK(""https://stackoverflow.com/a/56346105"", ""56346105"")",0.41985068072024556
"=HYPERLINK(""https://stackoverflow.com/a/56553513"", ""56553513"")",0.5920852359208523
"=HYPERLINK(""https://stackoverflow.com/a/56637668"", ""56637668"")",0.5103578154425608
"=HYPERLINK(""https://stackoverflow.com/a/56680300"", ""56680300"")",0.6816816816816811
"=HYPERLINK(""https://stackoverflow.com/a/57491556"", ""57491556"")",0.5034722222222219
"=HYPERLINK(""https://stackoverflow.com/a/57922959"", ""57922959"")",0.3230930495081439
"=HYPERLINK(""https://stackoverflow.com/a/58161215"", ""58161215"")",0.38351254480286684
"=HYPERLINK(""https://stackoverflow.com/a/58236543"", ""58236543"")",0.3164845173041897
"=HYPERLINK(""https://stackoverflow.com/a/58417642"", ""58417642"")",0.44367550941945366
"=HYPERLINK(""https://stackoverflow.com/a/58640698"", ""58640698"")",0.47072521623419805
"=HYPERLINK(""https://stackoverflow.com/a/58649480"", ""58649480"")",0.3509204470742934
"=HYPERLINK(""https://stackoverflow.com/a/58727196"", ""58727196"")",0.43813131313131287
"=HYPERLINK(""https://stackoverflow.com/a/58835553"", ""58835553"")",0.4003044140030441
"=HYPERLINK(""https://stackoverflow.com/a/58846381"", ""58846381"")",0.3707184628237256
"=HYPERLINK(""https://stackoverflow.com/a/59257081"", ""59257081"")",0.5089692101740292
"=HYPERLINK(""https://stackoverflow.com/a/59293661"", ""59293661"")",0.33726647000983323
"=HYPERLINK(""https://stackoverflow.com/a/59306258"", ""59306258"")",0.6762099522835713
"=HYPERLINK(""https://stackoverflow.com/a/59394541"", ""59394541"")",0.39921337266470036
"=HYPERLINK(""https://stackoverflow.com/a/59754387"", ""59754387"")",0.5394636015325671
"=HYPERLINK(""https://stackoverflow.com/a/59847082"", ""59847082"")",0.5708708708708703
"=HYPERLINK(""https://stackoverflow.com/a/59938182"", ""59938182"")",0.5328024270003789
"=HYPERLINK(""https://stackoverflow.com/a/59995034"", ""59995034"")",0.46909163188232966
"=HYPERLINK(""https://stackoverflow.com/a/60099991"", ""60099991"")",0.6552119129438716
"=HYPERLINK(""https://stackoverflow.com/a/61143716"", ""61143716"")",0.41702741702741675
"=HYPERLINK(""https://stackoverflow.com/a/61167883"", ""61167883"")",0.3183405216676939
"=HYPERLINK(""https://stackoverflow.com/a/61409159"", ""61409159"")",0.465465465465465
"=HYPERLINK(""https://stackoverflow.com/a/61609129"", ""61609129"")",0.3408662900188322
"=HYPERLINK(""https://stackoverflow.com/a/61761779"", ""61761779"")",0.37606837606837606
"=HYPERLINK(""https://stackoverflow.com/a/61779669"", ""61779669"")",0.39733742959549373
"=HYPERLINK(""https://stackoverflow.com/a/61863511"", ""61863511"")",0.441400304414003
"=HYPERLINK(""https://stackoverflow.com/a/61956897"", ""61956897"")",0.5740294511378843
"=HYPERLINK(""https://stackoverflow.com/a/61959776"", ""61959776"")",0.44308111792774335
"=HYPERLINK(""https://stackoverflow.com/a/62126929"", ""62126929"")",0.4652925846955703
"=HYPERLINK(""https://stackoverflow.com/a/62299030"", ""62299030"")",0.4529914529914529
"=HYPERLINK(""https://stackoverflow.com/a/62304982"", ""62304982"")",0.32890785522364496
"=HYPERLINK(""https://stackoverflow.com/a/62464184"", ""62464184"")",0.4471357170319107
"=HYPERLINK(""https://stackoverflow.com/a/62485631"", ""62485631"")",0.46706758304696433
"=HYPERLINK(""https://stackoverflow.com/a/62533171"", ""62533171"")",0.4284077892325315
"=HYPERLINK(""https://stackoverflow.com/a/63024086"", ""63024086"")",0.3755964553510561
"=HYPERLINK(""https://stackoverflow.com/a/63115777"", ""63115777"")",0.2634740003161056
"=HYPERLINK(""https://stackoverflow.com/a/63315804"", ""63315804"")",0.6617826617826618
"=HYPERLINK(""https://stackoverflow.com/a/63583403"", ""63583403"")",0.8154425612052723
"=HYPERLINK(""https://stackoverflow.com/a/63615491"", ""63615491"")",0.5748538011695915
"=HYPERLINK(""https://stackoverflow.com/a/63615972"", ""63615972"")",0.7919896640826865
"=HYPERLINK(""https://stackoverflow.com/a/63682924"", ""63682924"")",0.84241452991453
"=HYPERLINK(""https://stackoverflow.com/a/63711313"", ""63711313"")",0.36591915233326067
"=HYPERLINK(""https://stackoverflow.com/a/64063370"", ""64063370"")",0.4533542976939203
"=HYPERLINK(""https://stackoverflow.com/a/64550332"", ""64550332"")",0.6915618448637318
"=HYPERLINK(""https://stackoverflow.com/a/64558656"", ""64558656"")",0.2925739810161918
"=HYPERLINK(""https://stackoverflow.com/a/64999854"", ""64999854"")",0.6687166871668717
"=HYPERLINK(""https://stackoverflow.com/a/65267420"", ""65267420"")",0.7068847989093378
"=HYPERLINK(""https://stackoverflow.com/a/66311715"", ""66311715"")",0.6310892172961133
"=HYPERLINK(""https://stackoverflow.com/a/66401406"", ""66401406"")",0.5542380324989014
"=HYPERLINK(""https://stackoverflow.com/a/66463575"", ""66463575"")",0.6215510812826252
"=HYPERLINK(""https://stackoverflow.com/a/66464754"", ""66464754"")",0.6639400136332645
"=HYPERLINK(""https://stackoverflow.com/a/66660675"", ""66660675"")",0.4855810008481772
"=HYPERLINK(""https://stackoverflow.com/a/66761628"", ""66761628"")",0.6912775968150559
"=HYPERLINK(""https://stackoverflow.com/a/67235502"", ""67235502"")",0.27432306255835665
"=HYPERLINK(""https://stackoverflow.com/a/67561532"", ""67561532"")",0.6191687871077193
"=HYPERLINK(""https://stackoverflow.com/a/67668152"", ""67668152"")",0.2874396135265702
