"link","Correlation","score","view_count"
"=HYPERLINK(""https://stackoverflow.com/q/487402"", ""487402"")",0.5683025281495652,"1","3768"
"=HYPERLINK(""https://stackoverflow.com/q/1013351"", ""1013351"")",0.2273609683681626,"2","1846"
"=HYPERLINK(""https://stackoverflow.com/q/1075550"", ""1075550"")",0.6576465764657649,"9","33188"
"=HYPERLINK(""https://stackoverflow.com/q/1106400"", ""1106400"")",0.8188131313131307,"0","3473"
"=HYPERLINK(""https://stackoverflow.com/q/1178827"", ""1178827"")",0.5574991901522524,"0","3393"
"=HYPERLINK(""https://stackoverflow.com/q/2114530"", ""2114530"")",0.6350129198966401,"6","14779"
"=HYPERLINK(""https://stackoverflow.com/q/3824276"", ""3824276"")",0.5459927140255015,"2","5334"
"=HYPERLINK(""https://stackoverflow.com/q/3896007"", ""3896007"")",0.2148692810457515,"2","326"
"=HYPERLINK(""https://stackoverflow.com/q/4102596"", ""4102596"")",0.2998275437299824,"4","33697"
"=HYPERLINK(""https://stackoverflow.com/q/4528205"", ""4528205"")",0.5860776439089687,"0","1515"
"=HYPERLINK(""https://stackoverflow.com/q/4835122"", ""4835122"")",0.5226174791392175,"2","5978"
"=HYPERLINK(""https://stackoverflow.com/q/5844185"", ""5844185"")",0.4079929732103643,"0","3668"
"=HYPERLINK(""https://stackoverflow.com/q/5951742"", ""5951742"")",0.5313825275657345,"1","1493"
"=HYPERLINK(""https://stackoverflow.com/q/6217091"", ""6217091"")",0.657336726039017,"1","4574"
"=HYPERLINK(""https://stackoverflow.com/q/6304523"", ""6304523"")",0.3881796690307329,"1","444"
"=HYPERLINK(""https://stackoverflow.com/q/6373291"", ""6373291"")",0.3050951503990178,"1","2179"
"=HYPERLINK(""https://stackoverflow.com/q/6442585"", ""6442585"")",0.3170838823012734,"0","1996"
"=HYPERLINK(""https://stackoverflow.com/q/6536771"", ""6536771"")",0.5838458384583847,"5","2140"
"=HYPERLINK(""https://stackoverflow.com/q/6626815"", ""6626815"")",0.5959064327485388,"0","653"
"=HYPERLINK(""https://stackoverflow.com/q/7325525"", ""7325525"")",0.279979866616333,"4","12067"
"=HYPERLINK(""https://stackoverflow.com/q/7730335"", ""7730335"")",0.2494281045751634,"1","5695"
"=HYPERLINK(""https://stackoverflow.com/q/7932960"", ""7932960"")",0.4966583124477857,"1","949"
"=HYPERLINK(""https://stackoverflow.com/q/8095096"", ""8095096"")",0.4124062713019766,"0","718"
"=HYPERLINK(""https://stackoverflow.com/q/8126245"", ""8126245"")",0.7413711583924351,"5","7286"
"=HYPERLINK(""https://stackoverflow.com/q/8432811"", ""8432811"")",0.3892782969885774,"3","19159"
"=HYPERLINK(""https://stackoverflow.com/q/8437955"", ""8437955"")",0.7526089625537139,"1","3585"
"=HYPERLINK(""https://stackoverflow.com/q/8658116"", ""8658116"")",0.3196328264145772,"0","456"
"=HYPERLINK(""https://stackoverflow.com/q/9214426"", ""9214426"")",0.9118773946360156,"3","3961"
"=HYPERLINK(""https://stackoverflow.com/q/9367759"", ""9367759"")",0.2339010543390106,"4","35464"
"=HYPERLINK(""https://stackoverflow.com/q/9574247"", ""9574247"")",0.2476263792661021,"0","472"
"=HYPERLINK(""https://stackoverflow.com/q/9700660"", ""9700660"")",0.5645041014168534,"8","7942"
"=HYPERLINK(""https://stackoverflow.com/q/9870257"", ""9870257"")",0.4301868239921337,"5","691"
"=HYPERLINK(""https://stackoverflow.com/q/10090265"", ""10090265"")",0.4040404040404035,"0","1981"
"=HYPERLINK(""https://stackoverflow.com/q/10126638"", ""10126638"")",0.5805284111473035,"2","8972"
"=HYPERLINK(""https://stackoverflow.com/q/10402575"", ""10402575"")",0.3280242700037921,"1","4981"
"=HYPERLINK(""https://stackoverflow.com/q/10581620"", ""10581620"")",0.907261592300964,"1","3351"
"=HYPERLINK(""https://stackoverflow.com/q/10785497"", ""10785497"")",0.3711583924349882,"1","448"
"=HYPERLINK(""https://stackoverflow.com/q/10796089"", ""10796089"")",0.7476459510357807,"1","4562"
"=HYPERLINK(""https://stackoverflow.com/q/10948628"", ""10948628"")",0.4009552538964303,"0","1534"
"=HYPERLINK(""https://stackoverflow.com/q/11187145"", ""11187145"")",0.5361757105943146,"1","5669"
"=HYPERLINK(""https://stackoverflow.com/q/11369601"", ""11369601"")",0.2222222222222222,"1","1400"
"=HYPERLINK(""https://stackoverflow.com/q/11636005"", ""11636005"")",0.3796690307328606,"0","5265"
"=HYPERLINK(""https://stackoverflow.com/q/11826940"", ""11826940"")",0.4860803153486074,"2","4861"
"=HYPERLINK(""https://stackoverflow.com/q/11939740"", ""11939740"")",0.4000647878198904,"2","5291"
"=HYPERLINK(""https://stackoverflow.com/q/12036783"", ""12036783"")",0.4695569770196639,"0","1578"
"=HYPERLINK(""https://stackoverflow.com/q/12127348"", ""12127348"")",0.4338091239854458,"0","1125"
"=HYPERLINK(""https://stackoverflow.com/q/12142143"", ""12142143"")",0.2646596542135171,"8","24704"
"=HYPERLINK(""https://stackoverflow.com/q/12504533"", ""12504533"")",0.4434611602753199,"1","7581"
"=HYPERLINK(""https://stackoverflow.com/q/12625559"", ""12625559"")",0.5848982785602511,"2","4315"
"=HYPERLINK(""https://stackoverflow.com/q/12688599"", ""12688599"")",0.2826249067859807,"0","2803"
"=HYPERLINK(""https://stackoverflow.com/q/12697863"", ""12697863"")",0.3842775581906014,"0","312"
"=HYPERLINK(""https://stackoverflow.com/q/12748895"", ""12748895"")",0.6033697632058294,"0","1999"
"=HYPERLINK(""https://stackoverflow.com/q/12889976"", ""12889976"")",0.6206391087657581,"3","5760"
"=HYPERLINK(""https://stackoverflow.com/q/12935693"", ""12935693"")",0.5855109411514773,"0","4942"
"=HYPERLINK(""https://stackoverflow.com/q/12952346"", ""12952346"")",0.4077425842131724,"0","3576"
"=HYPERLINK(""https://stackoverflow.com/q/13061756"", ""13061756"")",0.5539529914529918,"1","1930"
"=HYPERLINK(""https://stackoverflow.com/q/13272816"", ""13272816"")",0.3439934399343994,"0","1825"
"=HYPERLINK(""https://stackoverflow.com/q/13303307"", ""13303307"")",0.5258366800535469,"2","3217"
"=HYPERLINK(""https://stackoverflow.com/q/13447682"", ""13447682"")",0.4472222222222222,"0","901"
"=HYPERLINK(""https://stackoverflow.com/q/13514548"", ""13514548"")",0.3178854875283445,"1","5913"
"=HYPERLINK(""https://stackoverflow.com/q/13568586"", ""13568586"")",0.5079365079365074,"1","3773"
"=HYPERLINK(""https://stackoverflow.com/q/13572825"", ""13572825"")",0.7414529914529917,"4","9378"
"=HYPERLINK(""https://stackoverflow.com/q/13684728"", ""13684728"")",0.4783798576902023,"0","1195"
"=HYPERLINK(""https://stackoverflow.com/q/14148226"", ""14148226"")",0.7423835125448035,"1","6344"
"=HYPERLINK(""https://stackoverflow.com/q/14222979"", ""14222979"")",0.6653709102688706,"0","2287"
"=HYPERLINK(""https://stackoverflow.com/q/14264686"", ""14264686"")",0.6048469911686184,"1","10193"
"=HYPERLINK(""https://stackoverflow.com/q/14616423"", ""14616423"")",0.253418062776815,"1","9573"
"=HYPERLINK(""https://stackoverflow.com/q/14748157"", ""14748157"")",0.3961352657004831,"9","479"
"=HYPERLINK(""https://stackoverflow.com/q/14754526"", ""14754526"")",0.4638329604772561,"1","12836"
"=HYPERLINK(""https://stackoverflow.com/q/14808938"", ""14808938"")",0.4780361757105938,"0","948"
"=HYPERLINK(""https://stackoverflow.com/q/14958129"", ""14958129"")",0.2385858585858585,"0","613"
"=HYPERLINK(""https://stackoverflow.com/q/15197142"", ""15197142"")",0.5976068376068383,"1","8249"
"=HYPERLINK(""https://stackoverflow.com/q/15273661"", ""15273661"")",0.7176350662589198,"1","1646"
"=HYPERLINK(""https://stackoverflow.com/q/15947561"", ""15947561"")",0.195595003287311,"1","1237"
"=HYPERLINK(""https://stackoverflow.com/q/16056575"", ""16056575"")",0.6701157920670108,"1","9279"
"=HYPERLINK(""https://stackoverflow.com/q/16163032"", ""16163032"")",0.5876068376068379,"0","830"
"=HYPERLINK(""https://stackoverflow.com/q/16519913"", ""16519913"")",0.5389643036701859,"1","5125"
"=HYPERLINK(""https://stackoverflow.com/q/16699460"", ""16699460"")",0.4105339105339104,"0","309"
"=HYPERLINK(""https://stackoverflow.com/q/17656258"", ""17656258"")",0.4151482672382995,"1","3320"
"=HYPERLINK(""https://stackoverflow.com/q/18729941"", ""18729941"")",0.5564058956916093,"1","874"
"=HYPERLINK(""https://stackoverflow.com/q/18844766"", ""18844766"")",0.5707564241766194,"0","791"
"=HYPERLINK(""https://stackoverflow.com/q/18877156"", ""18877156"")",0.3277678393957464,"0","1464"
"=HYPERLINK(""https://stackoverflow.com/q/18954367"", ""18954367"")",0.4896921017402941,"0","1244"
"=HYPERLINK(""https://stackoverflow.com/q/19374590"", ""19374590"")",0.5945299145299152,"0","403"
"=HYPERLINK(""https://stackoverflow.com/q/21058898"", ""21058898"")",0.4918678308508819,"2","4396"
"=HYPERLINK(""https://stackoverflow.com/q/21108946"", ""21108946"")",0.5898692810457518,"1","8538"
"=HYPERLINK(""https://stackoverflow.com/q/21131902"", ""21131902"")",0.3385012919896642,"0","472"
"=HYPERLINK(""https://stackoverflow.com/q/21313825"", ""21313825"")",0.7521761392729123,"0","1115"
"=HYPERLINK(""https://stackoverflow.com/q/21386407"", ""21386407"")",0.4543650793650794,"1","8849"
"=HYPERLINK(""https://stackoverflow.com/q/21603256"", ""21603256"")",0.4940343027591353,"7","2472"
"=HYPERLINK(""https://stackoverflow.com/q/21688843"", ""21688843"")",0.6966540404040401,"0","1168"
"=HYPERLINK(""https://stackoverflow.com/q/22136237"", ""22136237"")",0.4300144300144298,"0","60"
"=HYPERLINK(""https://stackoverflow.com/q/22159012"", ""22159012"")",0.7019270192701927,"1","13331"
"=HYPERLINK(""https://stackoverflow.com/q/22165780"", ""22165780"")",0.7531390665719034,"1","4578"
"=HYPERLINK(""https://stackoverflow.com/q/22184288"", ""22184288"")",0.2376861397479954,"0","443"
"=HYPERLINK(""https://stackoverflow.com/q/22254279"", ""22254279"")",0.3025141930251421,"0","308"
"=HYPERLINK(""https://stackoverflow.com/q/22303752"", ""22303752"")",0.5160366552119129,"1","384"
"=HYPERLINK(""https://stackoverflow.com/q/22480605"", ""22480605"")",0.5156288156288156,"1","2414"
"=HYPERLINK(""https://stackoverflow.com/q/22901598"", ""22901598"")",0.4774523477452344,"0","586"
"=HYPERLINK(""https://stackoverflow.com/q/23696966"", ""23696966"")",0.3692810457516339,"0","3179"
"=HYPERLINK(""https://stackoverflow.com/q/24156968"", ""24156968"")",0.3287439613526564,"0","10757"
"=HYPERLINK(""https://stackoverflow.com/q/24188931"", ""24188931"")",0.3892782969885774,"1","5693"
"=HYPERLINK(""https://stackoverflow.com/q/24247111"", ""24247111"")",0.3808760683760686,"0","105"
"=HYPERLINK(""https://stackoverflow.com/q/24453662"", ""24453662"")",0.5986059860598608,"0","625"
"=HYPERLINK(""https://stackoverflow.com/q/24807065"", ""24807065"")",0.6255371393492941,"0","4300"
"=HYPERLINK(""https://stackoverflow.com/q/25062462"", ""25062462"")",0.3943533697632061,"3","17416"
"=HYPERLINK(""https://stackoverflow.com/q/25389417"", ""25389417"")",0.790095525389643,"1","16198"
"=HYPERLINK(""https://stackoverflow.com/q/25392944"", ""25392944"")",0.3161981258366798,"0","438"
"=HYPERLINK(""https://stackoverflow.com/q/25567918"", ""25567918"")",0.3402902007553171,"0","1389"
"=HYPERLINK(""https://stackoverflow.com/q/25861752"", ""25861752"")",0.565465465465465,"0","98"
"=HYPERLINK(""https://stackoverflow.com/q/25911865"", ""25911865"")",0.5015399194503676,"0","2065"
"=HYPERLINK(""https://stackoverflow.com/q/25977133"", ""25977133"")",0.8215707564241764,"0","2079"
"=HYPERLINK(""https://stackoverflow.com/q/26167825"", ""26167825"")",0.4626802374893985,"0","971"
"=HYPERLINK(""https://stackoverflow.com/q/26577333"", ""26577333"")",0.6116452991452993,"1","7684"
"=HYPERLINK(""https://stackoverflow.com/q/26610925"", ""26610925"")",0.6294511378848723,"0","1637"
"=HYPERLINK(""https://stackoverflow.com/q/26653602"", ""26653602"")",0.6308760683760687,"2","3267"
"=HYPERLINK(""https://stackoverflow.com/q/26738444"", ""26738444"")",0.4222222222222225,"1","141"
"=HYPERLINK(""https://stackoverflow.com/q/26741724"", ""26741724"")",0.5717662951705506,"0","3443"
"=HYPERLINK(""https://stackoverflow.com/q/26921435"", ""26921435"")",0.3241712477094788,"0","340"
"=HYPERLINK(""https://stackoverflow.com/q/27321398"", ""27321398"")",0.4185412406271298,"1","170"
"=HYPERLINK(""https://stackoverflow.com/q/27786092"", ""27786092"")",0.4516677289143829,"1","2401"
"=HYPERLINK(""https://stackoverflow.com/q/27903852"", ""27903852"")",0.7366452991452993,"1","1309"
"=HYPERLINK(""https://stackoverflow.com/q/28299582"", ""28299582"")",0.7438860003851346,"5","21799"
"=HYPERLINK(""https://stackoverflow.com/q/28376507"", ""28376507"")",0.3943063522413431,"1","679"
"=HYPERLINK(""https://stackoverflow.com/q/28435403"", ""28435403"")",0.432936507936508,"0","1211"
"=HYPERLINK(""https://stackoverflow.com/q/28607289"", ""28607289"")",0.4882976102488294,"0","156"
"=HYPERLINK(""https://stackoverflow.com/q/28868110"", ""28868110"")",0.5263997679141285,"3","8984"
"=HYPERLINK(""https://stackoverflow.com/q/29074906"", ""29074906"")",0.5428329092451236,"1","169"
"=HYPERLINK(""https://stackoverflow.com/q/29086178"", ""29086178"")",0.5237297599106641,"1","2104"
"=HYPERLINK(""https://stackoverflow.com/q/29227822"", ""29227822"")",0.4256361624782682,"2","3339"
"=HYPERLINK(""https://stackoverflow.com/q/29614028"", ""29614028"")",0.6070510843868842,"1","2904"
"=HYPERLINK(""https://stackoverflow.com/q/29705315"", ""29705315"")",0.6789529914529917,"0","1401"
"=HYPERLINK(""https://stackoverflow.com/q/29931606"", ""29931606"")",0.2365079365079366,"0","62"
"=HYPERLINK(""https://stackoverflow.com/q/30069586"", ""30069586"")",0.4153256704980843,"0","71"
"=HYPERLINK(""https://stackoverflow.com/q/30075125"", ""30075125"")",0.3328605200945627,"0","57"
"=HYPERLINK(""https://stackoverflow.com/q/30105946"", ""30105946"")",0.3143881208397333,"0","42"
"=HYPERLINK(""https://stackoverflow.com/q/30192780"", ""30192780"")",0.4659293160437322,"4","1805"
"=HYPERLINK(""https://stackoverflow.com/q/30310718"", ""30310718"")",0.2472669449413636,"2","1420"
"=HYPERLINK(""https://stackoverflow.com/q/30349476"", ""30349476"")",0.485581000848177,"0","392"
"=HYPERLINK(""https://stackoverflow.com/q/30385596"", ""30385596"")",0.7540781779008926,"0","2079"
"=HYPERLINK(""https://stackoverflow.com/q/31158677"", ""31158677"")",0.3735190521934039,"1","438"
"=HYPERLINK(""https://stackoverflow.com/q/32112114"", ""32112114"")",0.4654654654654649,"5","14721"
"=HYPERLINK(""https://stackoverflow.com/q/32117556"", ""32117556"")",0.2825237297599103,"0","32"
"=HYPERLINK(""https://stackoverflow.com/q/32185329"", ""32185329"")",0.5071059431524543,"0","625"
"=HYPERLINK(""https://stackoverflow.com/q/32260158"", ""32260158"")",0.3345817727840204,"0","270"
"=HYPERLINK(""https://stackoverflow.com/q/32311620"", ""32311620"")",0.432748538011696,"0","2498"
"=HYPERLINK(""https://stackoverflow.com/q/32317454"", ""32317454"")",0.590320381731424,"0","993"
"=HYPERLINK(""https://stackoverflow.com/q/32436539"", ""32436539"")",0.6349739000745714,"1","1171"
"=HYPERLINK(""https://stackoverflow.com/q/32483239"", ""32483239"")",0.3864013266998342,"0","523"
"=HYPERLINK(""https://stackoverflow.com/q/32604774"", ""32604774"")",0.4248990864669643,"5","19292"
"=HYPERLINK(""https://stackoverflow.com/q/32630066"", ""32630066"")",0.4188981224992305,"1","2289"
"=HYPERLINK(""https://stackoverflow.com/q/32689026"", ""32689026"")",0.459791282995703,"0","752"
"=HYPERLINK(""https://stackoverflow.com/q/32714401"", ""32714401"")",0.3946360153256705,"2","2073"
"=HYPERLINK(""https://stackoverflow.com/q/32715314"", ""32715314"")",0.7932449494949492,"3","6600"
"=HYPERLINK(""https://stackoverflow.com/q/32759854"", ""32759854"")",0.4617431803060542,"2","6587"
"=HYPERLINK(""https://stackoverflow.com/q/32764111"", ""32764111"")",0.5316144874155926,"0","76"
"=HYPERLINK(""https://stackoverflow.com/q/32835365"", ""32835365"")",0.3768440709617179,"2","6440"
"=HYPERLINK(""https://stackoverflow.com/q/32903025"", ""32903025"")",0.7423564504101422,"2","3127"
"=HYPERLINK(""https://stackoverflow.com/q/33142010"", ""33142010"")",0.3528754885538802,"0","2878"
"=HYPERLINK(""https://stackoverflow.com/q/33156363"", ""33156363"")",0.4773054015198197,"0","112"
"=HYPERLINK(""https://stackoverflow.com/q/33220619"", ""33220619"")",0.7919896640826865,"0","2511"
"=HYPERLINK(""https://stackoverflow.com/q/33258782"", ""33258782"")",0.472222222222222,"0","1054"
"=HYPERLINK(""https://stackoverflow.com/q/33290334"", ""33290334"")",0.6786866021694522,"2","12178"
"=HYPERLINK(""https://stackoverflow.com/q/33308891"", ""33308891"")",0.5018832391713743,"6","1661"
"=HYPERLINK(""https://stackoverflow.com/q/33430775"", ""33430775"")",0.5594046702591735,"0","1087"
"=HYPERLINK(""https://stackoverflow.com/q/33611311"", ""33611311"")",0.4722222222222222,"0","39"
"=HYPERLINK(""https://stackoverflow.com/q/33854289"", ""33854289"")",0.8500631313131308,"3","4899"
"=HYPERLINK(""https://stackoverflow.com/q/34000557"", ""34000557"")",0.5796690307328606,"0","1175"
"=HYPERLINK(""https://stackoverflow.com/q/34085477"", ""34085477"")",0.234014675052411,"1","473"
"=HYPERLINK(""https://stackoverflow.com/q/34133688"", ""34133688"")",0.5104705592510463,"3","2006"
"=HYPERLINK(""https://stackoverflow.com/q/34192833"", ""34192833"")",0.4434203789042493,"0","103"
"=HYPERLINK(""https://stackoverflow.com/q/34227557"", ""34227557"")",0.5629424438288705,"1","8926"
"=HYPERLINK(""https://stackoverflow.com/q/34284138"", ""34284138"")",0.300697558545092,"0","521"
"=HYPERLINK(""https://stackoverflow.com/q/34285422"", ""34285422"")",0.7660010240655393,"0","121"
"=HYPERLINK(""https://stackoverflow.com/q/34296643"", ""34296643"")",0.4107468123861568,"3","479"
"=HYPERLINK(""https://stackoverflow.com/q/34411638"", ""34411638"")",0.5891531395495153,"2","924"
"=HYPERLINK(""https://stackoverflow.com/q/34414976"", ""34414976"")",0.3762762762762764,"1","959"
"=HYPERLINK(""https://stackoverflow.com/q/34418750"", ""34418750"")",0.4395171224439512,"0","355"
"=HYPERLINK(""https://stackoverflow.com/q/34440694"", ""34440694"")",0.6657368665736862,"1","2208"
"=HYPERLINK(""https://stackoverflow.com/q/34533501"", ""34533501"")",0.6137316561844867,"2","1956"
"=HYPERLINK(""https://stackoverflow.com/q/34675396"", ""34675396"")",0.5941434044882314,"3","718"
"=HYPERLINK(""https://stackoverflow.com/q/34849969"", ""34849969"")",0.710821570756424,"2","1936"
"=HYPERLINK(""https://stackoverflow.com/q/34948977"", ""34948977"")",0.4708708708708704,"1","307"
"=HYPERLINK(""https://stackoverflow.com/q/35925424"", ""35925424"")",0.6483967188665178,"2","9701"
"=HYPERLINK(""https://stackoverflow.com/q/35945917"", ""35945917"")",0.2784019975031213,"0","2861"
"=HYPERLINK(""https://stackoverflow.com/q/35987753"", ""35987753"")",0.3930764935790059,"1","273"
"=HYPERLINK(""https://stackoverflow.com/q/36003828"", ""36003828"")",0.668862538427755,"3","3184"
"=HYPERLINK(""https://stackoverflow.com/q/36259099"", ""36259099"")",0.2089478859390365,"0","54"
"=HYPERLINK(""https://stackoverflow.com/q/36402655"", ""36402655"")",0.5817597944765576,"0","1359"
"=HYPERLINK(""https://stackoverflow.com/q/36515135"", ""36515135"")",0.8384583845838458,"0","761"
"=HYPERLINK(""https://stackoverflow.com/q/36607303"", ""36607303"")",0.6511994949494945,"0","854"
"=HYPERLINK(""https://stackoverflow.com/q/36653859"", ""36653859"")",0.595639943741209,"1","910"
"=HYPERLINK(""https://stackoverflow.com/q/37201452"", ""37201452"")",0.5254292193067712,"0","131"
"=HYPERLINK(""https://stackoverflow.com/q/37569151"", ""37569151"")",0.3932868264078457,"2","1500"
"=HYPERLINK(""https://stackoverflow.com/q/37925568"", ""37925568"")",0.4990951863916032,"1","383"
"=HYPERLINK(""https://stackoverflow.com/q/38012614"", ""38012614"")",0.7456264775413712,"0","55"
"=HYPERLINK(""https://stackoverflow.com/q/38397906"", ""38397906"")",0.74989749897499,"1","154"
"=HYPERLINK(""https://stackoverflow.com/q/38476212"", ""38476212"")",0.4795751633986927,"1","963"
"=HYPERLINK(""https://stackoverflow.com/q/38523484"", ""38523484"")",0.5060931899641576,"5","633"
"=HYPERLINK(""https://stackoverflow.com/q/38682283"", ""38682283"")",0.5454938872660386,"1","2698"
"=HYPERLINK(""https://stackoverflow.com/q/38750210"", ""38750210"")",0.5207296849087899,"2","1401"
"=HYPERLINK(""https://stackoverflow.com/q/38953848"", ""38953848"")",0.8662900188323907,"1","516"
"=HYPERLINK(""https://stackoverflow.com/q/38987864"", ""38987864"")",0.4362248642301481,"1","338"
"=HYPERLINK(""https://stackoverflow.com/q/38995475"", ""38995475"")",0.4805248052480525,"0","772"
"=HYPERLINK(""https://stackoverflow.com/q/39078336"", ""39078336"")",0.6205273069679843,"0","7818"
"=HYPERLINK(""https://stackoverflow.com/q/39175307"", ""39175307"")",0.3745401030169243,"1","519"
"=HYPERLINK(""https://stackoverflow.com/q/39232897"", ""39232897"")",0.8678743961352642,"1","3187"
"=HYPERLINK(""https://stackoverflow.com/q/39316429"", ""39316429"")",0.4485380116959065,"1","805"
"=HYPERLINK(""https://stackoverflow.com/q/39613769"", ""39613769"")",0.3650793650793651,"1","603"
"=HYPERLINK(""https://stackoverflow.com/q/39774786"", ""39774786"")",0.5848176420695512,"1","6427"
"=HYPERLINK(""https://stackoverflow.com/q/39894763"", ""39894763"")",0.3510565780504426,"1","102"
"=HYPERLINK(""https://stackoverflow.com/q/39953941"", ""39953941"")",0.6726039016115363,"1","1869"
"=HYPERLINK(""https://stackoverflow.com/q/40165027"", ""40165027"")",0.4228210246174316,"0","1682"
"=HYPERLINK(""https://stackoverflow.com/q/40253870"", ""40253870"")",0.3787107718405431,"0","34"
"=HYPERLINK(""https://stackoverflow.com/q/40400651"", ""40400651"")",0.7534000513215291,"2","880"
"=HYPERLINK(""https://stackoverflow.com/q/40468833"", ""40468833"")",0.6378066378066375,"0","114"
"=HYPERLINK(""https://stackoverflow.com/q/40588042"", ""40588042"")",0.4048569527611441,"0","589"
"=HYPERLINK(""https://stackoverflow.com/q/40609089"", ""40609089"")",0.4437791084497668,"1","212"
"=HYPERLINK(""https://stackoverflow.com/q/40781010"", ""40781010"")",0.3633512544802869,"1","1125"
"=HYPERLINK(""https://stackoverflow.com/q/40994803"", ""40994803"")",0.5438438438438434,"1","1044"
"=HYPERLINK(""https://stackoverflow.com/q/41156056"", ""41156056"")",0.3164050477069869,"0","607"
"=HYPERLINK(""https://stackoverflow.com/q/41169324"", ""41169324"")",0.3332734351602278,"1","1074"
"=HYPERLINK(""https://stackoverflow.com/q/41212333"", ""41212333"")",0.2977229926382469,"0","829"
"=HYPERLINK(""https://stackoverflow.com/q/41273903"", ""41273903"")",0.5852991452991461,"1","1966"
"=HYPERLINK(""https://stackoverflow.com/q/41356694"", ""41356694"")",0.5790061418202118,"0","1388"
"=HYPERLINK(""https://stackoverflow.com/q/41424604"", ""41424604"")",0.5186507936507937,"0","414"
"=HYPERLINK(""https://stackoverflow.com/q/41441923"", ""41441923"")",0.7107718405428337,"1","448"
"=HYPERLINK(""https://stackoverflow.com/q/41488466"", ""41488466"")",0.2933519293351928,"0","595"
"=HYPERLINK(""https://stackoverflow.com/q/41532980"", ""41532980"")",0.7895299145299146,"1","2751"
"=HYPERLINK(""https://stackoverflow.com/q/41555945"", ""41555945"")",0.3613199665831242,"3","12079"
"=HYPERLINK(""https://stackoverflow.com/q/41811302"", ""41811302"")",0.5885588558855883,"0","1028"
"=HYPERLINK(""https://stackoverflow.com/q/41823897"", ""41823897"")",0.4821271350589894,"0","2032"
"=HYPERLINK(""https://stackoverflow.com/q/41904344"", ""41904344"")",0.5144300144300141,"0","431"
"=HYPERLINK(""https://stackoverflow.com/q/42008624"", ""42008624"")",0.2169590643274856,"1","2516"
"=HYPERLINK(""https://stackoverflow.com/q/42035657"", ""42035657"")",0.7559645535105648,"0","311"
"=HYPERLINK(""https://stackoverflow.com/q/42142735"", ""42142735"")",0.7849044379656639,"7","14066"
"=HYPERLINK(""https://stackoverflow.com/q/42395094"", ""42395094"")",0.45426642111725,"1","193"
"=HYPERLINK(""https://stackoverflow.com/q/42395302"", ""42395302"")",0.6302410901467506,"0","597"
"=HYPERLINK(""https://stackoverflow.com/q/42426830"", ""42426830"")",0.4214008669860821,"2","1099"
"=HYPERLINK(""https://stackoverflow.com/q/42433212"", ""42433212"")",0.5126413838988685,"0","3554"
"=HYPERLINK(""https://stackoverflow.com/q/42502676"", ""42502676"")",0.4591452991452997,"2","5383"
"=HYPERLINK(""https://stackoverflow.com/q/42503385"", ""42503385"")",0.6409414340448815,"0","2456"
"=HYPERLINK(""https://stackoverflow.com/q/42716860"", ""42716860"")",0.7181238615664851,"0","495"
"=HYPERLINK(""https://stackoverflow.com/q/42794620"", ""42794620"")",0.691609977324264,"0","331"
"=HYPERLINK(""https://stackoverflow.com/q/42829353"", ""42829353"")",0.7145886344359638,"2","1635"
"=HYPERLINK(""https://stackoverflow.com/q/42837560"", ""42837560"")",0.4021385402138537,"0","1137"
"=HYPERLINK(""https://stackoverflow.com/q/43078467"", ""43078467"")",0.4615079365079366,"0","2570"
"=HYPERLINK(""https://stackoverflow.com/q/43119523"", ""43119523"")",0.2970725216234197,"0","454"
"=HYPERLINK(""https://stackoverflow.com/q/43150627"", ""43150627"")",0.3909722222222225,"0","1982"
"=HYPERLINK(""https://stackoverflow.com/q/43247725"", ""43247725"")",0.7126273394930119,"1","5765"
"=HYPERLINK(""https://stackoverflow.com/q/43467891"", ""43467891"")",0.3115079365079366,"0","120"
"=HYPERLINK(""https://stackoverflow.com/q/43544755"", ""43544755"")",0.4077232883203032,"0","100"
"=HYPERLINK(""https://stackoverflow.com/q/43628328"", ""43628328"")",0.5404040404040403,"1","446"
"=HYPERLINK(""https://stackoverflow.com/q/43908577"", ""43908577"")",0.3870870870870866,"1","51"
"=HYPERLINK(""https://stackoverflow.com/q/44043624"", ""44043624"")",0.5309098377490251,"0","813"
"=HYPERLINK(""https://stackoverflow.com/q/44189196"", ""44189196"")",0.5740227762388427,"0","375"
"=HYPERLINK(""https://stackoverflow.com/q/44317196"", ""44317196"")",0.3396718866517527,"0","787"
"=HYPERLINK(""https://stackoverflow.com/q/44362666"", ""44362666"")",0.4980842911877388,"1","880"
"=HYPERLINK(""https://stackoverflow.com/q/44423002"", ""44423002"")",0.885205647636587,"3","1705"
"=HYPERLINK(""https://stackoverflow.com/q/44519195"", ""44519195"")",0.3035910435149979,"1","1967"
"=HYPERLINK(""https://stackoverflow.com/q/44830609"", ""44830609"")",0.7893864013267008,"0","230"
"=HYPERLINK(""https://stackoverflow.com/q/44831468"", ""44831468"")",0.2997129971299714,"1","2020"
"=HYPERLINK(""https://stackoverflow.com/q/44940298"", ""44940298"")",0.5611483967188668,"0","438"
"=HYPERLINK(""https://stackoverflow.com/q/45170942"", ""45170942"")",0.951730418943535,"0","1246"
"=HYPERLINK(""https://stackoverflow.com/q/45275925"", ""45275925"")",0.7788972851945133,"0","161"
"=HYPERLINK(""https://stackoverflow.com/q/45387830"", ""45387830"")",0.3331008833100881,"0","645"
"=HYPERLINK(""https://stackoverflow.com/q/45478150"", ""45478150"")",0.4023170089520798,"6","3053"
"=HYPERLINK(""https://stackoverflow.com/q/45562590"", ""45562590"")",0.3588558855885586,"1","3460"
"=HYPERLINK(""https://stackoverflow.com/q/45568598"", ""45568598"")",0.4478436371361806,"0","1045"
"=HYPERLINK(""https://stackoverflow.com/q/45675495"", ""45675495"")",0.4500448028673836,"1","661"
"=HYPERLINK(""https://stackoverflow.com/q/45696287"", ""45696287"")",0.552119129438717,"0","3792"
"=HYPERLINK(""https://stackoverflow.com/q/45861624"", ""45861624"")",0.7843843843843836,"0","376"
"=HYPERLINK(""https://stackoverflow.com/q/45987597"", ""45987597"")",0.2475386779184247,"1","3145"
"=HYPERLINK(""https://stackoverflow.com/q/45997084"", ""45997084"")",0.3501539919450368,"1","322"
"=HYPERLINK(""https://stackoverflow.com/q/46063817"", ""46063817"")",0.5129198966408264,"1","796"
"=HYPERLINK(""https://stackoverflow.com/q/46117311"", ""46117311"")",0.3601532567049808,"0","1708"
"=HYPERLINK(""https://stackoverflow.com/q/46118518"", ""46118518"")",0.4250524109014676,"1","1085"
"=HYPERLINK(""https://stackoverflow.com/q/46220527"", ""46220527"")",0.6115351993214598,"0","1550"
"=HYPERLINK(""https://stackoverflow.com/q/46281057"", ""46281057"")",0.7483760683760693,"0","7114"
"=HYPERLINK(""https://stackoverflow.com/q/46340601"", ""46340601"")",0.3510882016036654,"1","570"
"=HYPERLINK(""https://stackoverflow.com/q/46523910"", ""46523910"")",0.478036175710594,"1","111"
"=HYPERLINK(""https://stackoverflow.com/q/46542217"", ""46542217"")",0.8479890933878651,"2","1989"
"=HYPERLINK(""https://stackoverflow.com/q/46567445"", ""46567445"")",0.4173752834467116,"0","6505"
"=HYPERLINK(""https://stackoverflow.com/q/46741081"", ""46741081"")",0.5231071779744351,"0","2824"
"=HYPERLINK(""https://stackoverflow.com/q/46901223"", ""46901223"")",0.5453354297693923,"1","3062"
"=HYPERLINK(""https://stackoverflow.com/q/46925431"", ""46925431"")",0.6684247538677912,"0","51"
"=HYPERLINK(""https://stackoverflow.com/q/47012673"", ""47012673"")",0.595494111623143,"0","1054"
"=HYPERLINK(""https://stackoverflow.com/q/47134372"", ""47134372"")",0.4676209952283566,"1","1488"
"=HYPERLINK(""https://stackoverflow.com/q/47144445"", ""47144445"")",0.5581906016688618,"0","2038"
"=HYPERLINK(""https://stackoverflow.com/q/47247819"", ""47247819"")",0.9006141820212166,"1","2780"
"=HYPERLINK(""https://stackoverflow.com/q/47263117"", ""47263117"")",0.885939036381515,"0","508"
"=HYPERLINK(""https://stackoverflow.com/q/47334561"", ""47334561"")",0.3326075912620651,"0","649"
"=HYPERLINK(""https://stackoverflow.com/q/47341875"", ""47341875"")",0.5498817966903075,"0","122"
"=HYPERLINK(""https://stackoverflow.com/q/47537400"", ""47537400"")",0.7619812583668,"0","830"
"=HYPERLINK(""https://stackoverflow.com/q/47544354"", ""47544354"")",0.5349258052841114,"0","950"
"=HYPERLINK(""https://stackoverflow.com/q/47570637"", ""47570637"")",0.7052991452991464,"1","1740"
"=HYPERLINK(""https://stackoverflow.com/q/47633052"", ""47633052"")",0.5017402945113784,"0","597"
"=HYPERLINK(""https://stackoverflow.com/q/47875941"", ""47875941"")",0.476459510357815,"1","485"
"=HYPERLINK(""https://stackoverflow.com/q/48086390"", ""48086390"")",0.3639787707584317,"0","820"
"=HYPERLINK(""https://stackoverflow.com/q/48248280"", ""48248280"")",0.3115839243498818,"0","357"
"=HYPERLINK(""https://stackoverflow.com/q/48261761"", ""48261761"")",0.4318607764390894,"0","45"
"=HYPERLINK(""https://stackoverflow.com/q/48272395"", ""48272395"")",0.3271784904437967,"0","402"
"=HYPERLINK(""https://stackoverflow.com/q/48349613"", ""48349613"")",0.638252756573368,"2","1862"
"=HYPERLINK(""https://stackoverflow.com/q/48380440"", ""48380440"")",0.7526089625537141,"0","691"
"=HYPERLINK(""https://stackoverflow.com/q/48552197"", ""48552197"")",0.6773946360153259,"0","106"
"=HYPERLINK(""https://stackoverflow.com/q/48611058"", ""48611058"")",0.3546725533480503,"3","838"
"=HYPERLINK(""https://stackoverflow.com/q/48883568"", ""48883568"")",0.8747645951035772,"1","1504"
"=HYPERLINK(""https://stackoverflow.com/q/48912312"", ""48912312"")",0.5498817966903075,"0","776"
"=HYPERLINK(""https://stackoverflow.com/q/48999234"", ""48999234"")",0.7144401210549068,"2","4288"
"=HYPERLINK(""https://stackoverflow.com/q/49046648"", ""49046648"")",0.4483091787439607,"2","3104"
"=HYPERLINK(""https://stackoverflow.com/q/49063245"", ""49063245"")",0.3035125448028674,"2","3970"
"=HYPERLINK(""https://stackoverflow.com/q/49065202"", ""49065202"")",0.3330712788259959,"0","1567"
"=HYPERLINK(""https://stackoverflow.com/q/49106590"", ""49106590"")",0.4483528754885535,"1","1996"
"=HYPERLINK(""https://stackoverflow.com/q/49145537"", ""49145537"")",0.4460715946071591,"0","1220"
"=HYPERLINK(""https://stackoverflow.com/q/49153692"", ""49153692"")",0.3935931899641577,"2","2737"
"=HYPERLINK(""https://stackoverflow.com/q/49159582"", ""49159582"")",0.890563930764935,"1","4246"
"=HYPERLINK(""https://stackoverflow.com/q/49160941"", ""49160941"")",0.3412911568685962,"4","934"
"=HYPERLINK(""https://stackoverflow.com/q/49220894"", ""49220894"")",0.5989535241612806,"0","1308"
"=HYPERLINK(""https://stackoverflow.com/q/49259878"", ""49259878"")",0.6921017402945107,"1","1678"
"=HYPERLINK(""https://stackoverflow.com/q/49281815"", ""49281815"")",0.7754137115839244,"3","5181"
"=HYPERLINK(""https://stackoverflow.com/q/49313077"", ""49313077"")",0.4563994374120953,"0","666"
"=HYPERLINK(""https://stackoverflow.com/q/49371763"", ""49371763"")",0.453492580528411,"1","449"
"=HYPERLINK(""https://stackoverflow.com/q/49455979"", ""49455979"")",0.4860658704306912,"0","1278"
"=HYPERLINK(""https://stackoverflow.com/q/49500437"", ""49500437"")",0.5222222222222216,"0","4298"
"=HYPERLINK(""https://stackoverflow.com/q/49532295"", ""49532295"")",0.5647827758554396,"0","418"
"=HYPERLINK(""https://stackoverflow.com/q/49570714"", ""49570714"")",0.5923879680785761,"0","449"
"=HYPERLINK(""https://stackoverflow.com/q/49613179"", ""49613179"")",0.2255835667600373,"0","177"
"=HYPERLINK(""https://stackoverflow.com/q/49615937"", ""49615937"")",0.545007032348804,"1","226"
"=HYPERLINK(""https://stackoverflow.com/q/49655433"", ""49655433"")",0.4980842911877395,"2","4396"
"=HYPERLINK(""https://stackoverflow.com/q/49681118"", ""49681118"")",0.5725216234198266,"1","4669"
"=HYPERLINK(""https://stackoverflow.com/q/49782322"", ""49782322"")",0.4830917874396129,"0","702"
"=HYPERLINK(""https://stackoverflow.com/q/49879504"", ""49879504"")",0.3392653433721194,"2","2776"
"=HYPERLINK(""https://stackoverflow.com/q/50033858"", ""50033858"")",0.5248052480524806,"0","491"
"=HYPERLINK(""https://stackoverflow.com/q/50064233"", ""50064233"")",0.5119949494949494,"0","230"
"=HYPERLINK(""https://stackoverflow.com/q/50105655"", ""50105655"")",0.6071779744346123,"0","2825"
"=HYPERLINK(""https://stackoverflow.com/q/50156821"", ""50156821"")",0.7493715434891904,"0","62"
"=HYPERLINK(""https://stackoverflow.com/q/50240700"", ""50240700"")",0.543853026299232,"0","3424"
"=HYPERLINK(""https://stackoverflow.com/q/50287021"", ""50287021"")",0.5464900046490001,"0","1386"
"=HYPERLINK(""https://stackoverflow.com/q/50343052"", ""50343052"")",0.6549145299145303,"0","1100"
"=HYPERLINK(""https://stackoverflow.com/q/50387063"", ""50387063"")",0.5384384384384381,"0","533"
"=HYPERLINK(""https://stackoverflow.com/q/50408739"", ""50408739"")",0.465316144874156,"0","4863"
"=HYPERLINK(""https://stackoverflow.com/q/50454924"", ""50454924"")",0.5321853218532188,"0","2034"
"=HYPERLINK(""https://stackoverflow.com/q/50476216"", ""50476216"")",0.5330330330330324,"0","1363"
"=HYPERLINK(""https://stackoverflow.com/q/50646628"", ""50646628"")",0.7476767676767676,"0","293"
"=HYPERLINK(""https://stackoverflow.com/q/50683655"", ""50683655"")",0.7014465989535242,"1","1071"
"=HYPERLINK(""https://stackoverflow.com/q/50707774"", ""50707774"")",0.9077892325315003,"0","1767"
"=HYPERLINK(""https://stackoverflow.com/q/50833493"", ""50833493"")",0.3681681681681679,"1","67"
"=HYPERLINK(""https://stackoverflow.com/q/50849506"", ""50849506"")",0.6683300066533597,"2","618"
"=HYPERLINK(""https://stackoverflow.com/q/50887297"", ""50887297"")",0.408360836083608,"0","198"
"=HYPERLINK(""https://stackoverflow.com/q/50920096"", ""50920096"")",0.3192759483920664,"0","460"
"=HYPERLINK(""https://stackoverflow.com/q/50927529"", ""50927529"")",0.8600174978127748,"0","155"
"=HYPERLINK(""https://stackoverflow.com/q/50982459"", ""50982459"")",0.648396718866518,"0","459"
"=HYPERLINK(""https://stackoverflow.com/q/51107552"", ""51107552"")",0.619281045751634,"0","1600"
"=HYPERLINK(""https://stackoverflow.com/q/51148980"", ""51148980"")",0.3329092451229861,"1","821"
"=HYPERLINK(""https://stackoverflow.com/q/51199161"", ""51199161"")",0.5503818674550375,"0","916"
"=HYPERLINK(""https://stackoverflow.com/q/51245896"", ""51245896"")",0.6240697972799589,"1","1384"
"=HYPERLINK(""https://stackoverflow.com/q/51387964"", ""51387964"")",0.3780663780663778,"0","174"
"=HYPERLINK(""https://stackoverflow.com/q/51500120"", ""51500120"")",0.4627285513361461,"0","761"
"=HYPERLINK(""https://stackoverflow.com/q/51696987"", ""51696987"")",0.6739193501595594,"3","5016"
"=HYPERLINK(""https://stackoverflow.com/q/51729208"", ""51729208"")",0.6856982927511885,"0","68"
"=HYPERLINK(""https://stackoverflow.com/q/51730432"", ""51730432"")",0.2817704768423453,"1","202"
"=HYPERLINK(""https://stackoverflow.com/q/51736787"", ""51736787"")",0.7243142724314267,"0","1193"
"=HYPERLINK(""https://stackoverflow.com/q/51814657"", ""51814657"")",0.5500910746812393,"1","1632"
"=HYPERLINK(""https://stackoverflow.com/q/51827342"", ""51827342"")",0.374764595103578,"0","81"
"=HYPERLINK(""https://stackoverflow.com/q/51842030"", ""51842030"")",0.4992670771034889,"1","525"
"=HYPERLINK(""https://stackoverflow.com/q/51900054"", ""51900054"")",0.6160683760683767,"2","408"
"=HYPERLINK(""https://stackoverflow.com/q/51952038"", ""51952038"")",0.5079365079365077,"1","77"
"=HYPERLINK(""https://stackoverflow.com/q/51967644"", ""51967644"")",0.6911877394636018,"0","1999"
"=HYPERLINK(""https://stackoverflow.com/q/52001201"", ""52001201"")",0.7696905766526012,"1","1162"
"=HYPERLINK(""https://stackoverflow.com/q/52009100"", ""52009100"")",0.3828244806914818,"5","2059"
"=HYPERLINK(""https://stackoverflow.com/q/52161566"", ""52161566"")",0.6633986928104574,"1","1426"
"=HYPERLINK(""https://stackoverflow.com/q/52257002"", ""52257002"")",0.5048309178743953,"1","174"
"=HYPERLINK(""https://stackoverflow.com/q/52380438"", ""52380438"")",0.647479954180985,"0","1610"
"=HYPERLINK(""https://stackoverflow.com/q/52387746"", ""52387746"")",0.470725216234198,"1","262"
"=HYPERLINK(""https://stackoverflow.com/q/52512092"", ""52512092"")",0.3456531845653182,"0","104"
"=HYPERLINK(""https://stackoverflow.com/q/52615113"", ""52615113"")",0.3843382631778535,"0","474"
"=HYPERLINK(""https://stackoverflow.com/q/52626212"", ""52626212"")",0.3098934550989343,"4","7937"
"=HYPERLINK(""https://stackoverflow.com/q/52709649"", ""52709649"")",0.6161415877212313,"1","2621"
"=HYPERLINK(""https://stackoverflow.com/q/52733062"", ""52733062"")",0.3060545575515634,"1","466"
"=HYPERLINK(""https://stackoverflow.com/q/52752485"", ""52752485"")",0.5598845598845597,"0","31"
"=HYPERLINK(""https://stackoverflow.com/q/52890938"", ""52890938"")",0.5268403394513522,"1","658"
"=HYPERLINK(""https://stackoverflow.com/q/52924976"", ""52924976"")",0.4678969627066512,"1","2237"
"=HYPERLINK(""https://stackoverflow.com/q/52934203"", ""52934203"")",0.4994077232883208,"1","1241"
"=HYPERLINK(""https://stackoverflow.com/q/52946720"", ""52946720"")",0.3627627627627627,"1","8244"
"=HYPERLINK(""https://stackoverflow.com/q/53061135"", ""53061135"")",0.4381142761952358,"2","4820"
"=HYPERLINK(""https://stackoverflow.com/q/53114801"", ""53114801"")",0.3062930186823995,"0","56"
"=HYPERLINK(""https://stackoverflow.com/q/53140667"", ""53140667"")",0.7524235645041019,"1","9663"
"=HYPERLINK(""https://stackoverflow.com/q/53156062"", ""53156062"")",0.4912160620579507,"0","646"
"=HYPERLINK(""https://stackoverflow.com/q/53265438"", ""53265438"")",0.5780504430811171,"0","1109"
"=HYPERLINK(""https://stackoverflow.com/q/53294659"", ""53294659"")",0.9006141820212166,"0","501"
"=HYPERLINK(""https://stackoverflow.com/q/53387369"", ""53387369"")",0.5823330255463222,"1","426"
"=HYPERLINK(""https://stackoverflow.com/q/53437473"", ""53437473"")",0.6931524547803609,"0","1781"
"=HYPERLINK(""https://stackoverflow.com/q/53463520"", ""53463520"")",0.4755203752565233,"0","1000"
"=HYPERLINK(""https://stackoverflow.com/q/53479038"", ""53479038"")",0.7589869281045752,"1","119"
"=HYPERLINK(""https://stackoverflow.com/q/53516392"", ""53516392"")",0.2907749969773908,"1","1365"
"=HYPERLINK(""https://stackoverflow.com/q/53638405"", ""53638405"")",0.5469644902634593,"0","783"
"=HYPERLINK(""https://stackoverflow.com/q/53737437"", ""53737437"")",0.8924924924924916,"0","248"
"=HYPERLINK(""https://stackoverflow.com/q/53990278"", ""53990278"")",0.4179669030732861,"0","403"
"=HYPERLINK(""https://stackoverflow.com/q/54106027"", ""54106027"")",0.3141398133474203,"0","244"
"=HYPERLINK(""https://stackoverflow.com/q/54166107"", ""54166107"")",0.6535199321458872,"0","2199"
"=HYPERLINK(""https://stackoverflow.com/q/54187077"", ""54187077"")",0.5898111550285455,"1","1606"
"=HYPERLINK(""https://stackoverflow.com/q/54255182"", ""54255182"")",0.4693813131313127,"2","548"
"=HYPERLINK(""https://stackoverflow.com/q/54378512"", ""54378512"")",0.430186823992134,"1","1153"
"=HYPERLINK(""https://stackoverflow.com/q/54409007"", ""54409007"")",0.2322893363161821,"0","287"
"=HYPERLINK(""https://stackoverflow.com/q/54549329"", ""54549329"")",0.6616685890042285,"0","2177"
"=HYPERLINK(""https://stackoverflow.com/q/54577772"", ""54577772"")",0.5529308836395461,"0","212"
"=HYPERLINK(""https://stackoverflow.com/q/54580693"", ""54580693"")",0.8381391772395224,"0","695"
"=HYPERLINK(""https://stackoverflow.com/q/54597932"", ""54597932"")",0.5166772891438288,"0","100"
"=HYPERLINK(""https://stackoverflow.com/q/54646112"", ""54646112"")",0.7199180747567833,"0","914"
"=HYPERLINK(""https://stackoverflow.com/q/54688629"", ""54688629"")",0.2855706385118149,"1","984"
"=HYPERLINK(""https://stackoverflow.com/q/54709230"", ""54709230"")",0.8173779315647818,"1","733"
"=HYPERLINK(""https://stackoverflow.com/q/54810442"", ""54810442"")",0.723850886717336,"0","1435"
"=HYPERLINK(""https://stackoverflow.com/q/54823218"", ""54823218"")",0.5334923474458362,"0","662"
"=HYPERLINK(""https://stackoverflow.com/q/54830527"", ""54830527"")",0.3715434891905478,"1","121"
"=HYPERLINK(""https://stackoverflow.com/q/54899350"", ""54899350"")",0.7943376068376069,"0","214"
"=HYPERLINK(""https://stackoverflow.com/q/54901638"", ""54901638"")",0.6099773242630389,"0","792"
"=HYPERLINK(""https://stackoverflow.com/q/54925061"", ""54925061"")",0.5490920283164051,"0","1409"
"=HYPERLINK(""https://stackoverflow.com/q/54947113"", ""54947113"")",0.4345835534425075,"1","343"
"=HYPERLINK(""https://stackoverflow.com/q/55008075"", ""55008075"")",0.3849842444170432,"1","271"
"=HYPERLINK(""https://stackoverflow.com/q/55016644"", ""55016644"")",0.8485380116959075,"0","1184"
"=HYPERLINK(""https://stackoverflow.com/q/55216514"", ""55216514"")",0.6787439613526558,"0","2114"
"=HYPERLINK(""https://stackoverflow.com/q/55334687"", ""55334687"")",0.5816816816816812,"0","1717"
"=HYPERLINK(""https://stackoverflow.com/q/55436654"", ""55436654"")",0.3634580355891835,"1","1046"
"=HYPERLINK(""https://stackoverflow.com/q/55456883"", ""55456883"")",0.4210113241394776,"0","1062"
"=HYPERLINK(""https://stackoverflow.com/q/55494327"", ""55494327"")",0.5459927140255016,"1","74"
"=HYPERLINK(""https://stackoverflow.com/q/55689827"", ""55689827"")",0.3951951951951949,"0","5781"
"=HYPERLINK(""https://stackoverflow.com/q/55747509"", ""55747509"")",0.4737559645535102,"1","951"
"=HYPERLINK(""https://stackoverflow.com/q/55794638"", ""55794638"")",0.7649357900614175,"0","620"
"=HYPERLINK(""https://stackoverflow.com/q/55799284"", ""55799284"")",0.4347970725216232,"0","38"
"=HYPERLINK(""https://stackoverflow.com/q/55801228"", ""55801228"")",0.8704435660957389,"1","2436"
"=HYPERLINK(""https://stackoverflow.com/q/55812785"", ""55812785"")",0.688217184438846,"0","306"
"=HYPERLINK(""https://stackoverflow.com/q/55965559"", ""55965559"")",0.4722222222222224,"0","13"
"=HYPERLINK(""https://stackoverflow.com/q/56014508"", ""56014508"")",0.4743230625583565,"0","1326"
"=HYPERLINK(""https://stackoverflow.com/q/56066895"", ""56066895"")",0.6115079365079366,"1","1183"
"=HYPERLINK(""https://stackoverflow.com/q/56076081"", ""56076081"")",0.7571619812583661,"2","229"
"=HYPERLINK(""https://stackoverflow.com/q/56135312"", ""56135312"")",0.3607612650433804,"0","44"
"=HYPERLINK(""https://stackoverflow.com/q/56250750"", ""56250750"")",0.5409289196818065,"1","83"
"=HYPERLINK(""https://stackoverflow.com/q/56262317"", ""56262317"")",0.5591206179441475,"1","540"
"=HYPERLINK(""https://stackoverflow.com/q/56277053"", ""56277053"")",0.465599705665931,"1","4387"
"=HYPERLINK(""https://stackoverflow.com/q/56321125"", ""56321125"")",0.5030103995621233,"0","80"
"=HYPERLINK(""https://stackoverflow.com/q/56334645"", ""56334645"")",0.5270721067487809,"3","2424"
"=HYPERLINK(""https://stackoverflow.com/q/56447120"", ""56447120"")",0.445751633986928,"0","653"
"=HYPERLINK(""https://stackoverflow.com/q/56515547"", ""56515547"")",0.2665845142739783,"1","1872"
"=HYPERLINK(""https://stackoverflow.com/q/56545289"", ""56545289"")",0.6789789789789784,"1","154"
"=HYPERLINK(""https://stackoverflow.com/q/56559030"", ""56559030"")",0.9108765757842284,"0","351"
"=HYPERLINK(""https://stackoverflow.com/q/56571428"", ""56571428"")",0.5009832841691254,"1","286"
"=HYPERLINK(""https://stackoverflow.com/q/56576667"", ""56576667"")",0.4879125987912596,"1","782"
"=HYPERLINK(""https://stackoverflow.com/q/56632429"", ""56632429"")",0.5796690307328605,"0","375"
"=HYPERLINK(""https://stackoverflow.com/q/56659249"", ""56659249"")",0.3433721195528173,"1","2547"
"=HYPERLINK(""https://stackoverflow.com/q/56748561"", ""56748561"")",0.8639747995418098,"0","1432"
"=HYPERLINK(""https://stackoverflow.com/q/56769910"", ""56769910"")",0.4722222222222218,"1","245"
"=HYPERLINK(""https://stackoverflow.com/q/56895272"", ""56895272"")",0.6549399003224862,"0","536"
"=HYPERLINK(""https://stackoverflow.com/q/57043343"", ""57043343"")",0.4776966747769673,"0","23"
"=HYPERLINK(""https://stackoverflow.com/q/57085946"", ""57085946"")",0.5149803115904813,"1","2010"
"=HYPERLINK(""https://stackoverflow.com/q/57092717"", ""57092717"")",0.558760683760684,"0","1821"
"=HYPERLINK(""https://stackoverflow.com/q/57103876"", ""57103876"")",0.5401945724526361,"1","1450"
"=HYPERLINK(""https://stackoverflow.com/q/57207188"", ""57207188"")",0.5356954788234406,"0","125"
"=HYPERLINK(""https://stackoverflow.com/q/57227989"", ""57227989"")",0.5877394636015326,"0","819"
"=HYPERLINK(""https://stackoverflow.com/q/57240407"", ""57240407"")",0.4959064327485386,"0","58"
"=HYPERLINK(""https://stackoverflow.com/q/57258597"", ""57258597"")",0.3413357956294245,"0","636"
"=HYPERLINK(""https://stackoverflow.com/q/57266664"", ""57266664"")",0.4732860520094563,"0","107"
"=HYPERLINK(""https://stackoverflow.com/q/57288160"", ""57288160"")",0.6438588380335958,"1","679"
"=HYPERLINK(""https://stackoverflow.com/q/57394226"", ""57394226"")",0.3492940454266421,"0","90"
"=HYPERLINK(""https://stackoverflow.com/q/57424215"", ""57424215"")",0.4797072521623417,"0","727"
"=HYPERLINK(""https://stackoverflow.com/q/57509617"", ""57509617"")",0.8000910746812394,"1","133"
"=HYPERLINK(""https://stackoverflow.com/q/57565072"", ""57565072"")",0.4745807127882601,"1","1258"
"=HYPERLINK(""https://stackoverflow.com/q/57630145"", ""57630145"")",0.8000342407122072,"0","363"
"=HYPERLINK(""https://stackoverflow.com/q/57714302"", ""57714302"")",0.3172090296100853,"1","175"
"=HYPERLINK(""https://stackoverflow.com/q/57730613"", ""57730613"")",0.3023748939779477,"1","420"
"=HYPERLINK(""https://stackoverflow.com/q/57769782"", ""57769782"")",0.3804603951422876,"1","638"
"=HYPERLINK(""https://stackoverflow.com/q/57819186"", ""57819186"")",0.5578623606305262,"1","330"
"=HYPERLINK(""https://stackoverflow.com/q/57901981"", ""57901981"")",0.6428864288642888,"0","3655"
"=HYPERLINK(""https://stackoverflow.com/q/57911694"", ""57911694"")",0.6947496947496946,"0","43"
"=HYPERLINK(""https://stackoverflow.com/q/57919553"", ""57919553"")",0.6116452991452994,"3","1668"
"=HYPERLINK(""https://stackoverflow.com/q/57925164"", ""57925164"")",0.4471357170319109,"1","347"
"=HYPERLINK(""https://stackoverflow.com/q/57976281"", ""57976281"")",0.490307328605201,"1","47"
"=HYPERLINK(""https://stackoverflow.com/q/57993844"", ""57993844"")",0.6935336976320591,"0","2088"
"=HYPERLINK(""https://stackoverflow.com/q/58068990"", ""58068990"")",0.5815036593479703,"0","193"
"=HYPERLINK(""https://stackoverflow.com/q/58105913"", ""58105913"")",0.5079365079365072,"2","457"
"=HYPERLINK(""https://stackoverflow.com/q/58156580"", ""58156580"")",0.2546897546897544,"0","203"
"=HYPERLINK(""https://stackoverflow.com/q/58160428"", ""58160428"")",0.6343259686199171,"0","659"
"=HYPERLINK(""https://stackoverflow.com/q/58179126"", ""58179126"")",0.5691609977324271,"1","471"
"=HYPERLINK(""https://stackoverflow.com/q/58295273"", ""58295273"")",0.514782121339499,"1","257"
"=HYPERLINK(""https://stackoverflow.com/q/58306756"", ""58306756"")",0.6900714461690063,"1","1149"
"=HYPERLINK(""https://stackoverflow.com/q/58323040"", ""58323040"")",0.4067240672406725,"1","579"
"=HYPERLINK(""https://stackoverflow.com/q/58382314"", ""58382314"")",0.1711583924349881,"2","446"
"=HYPERLINK(""https://stackoverflow.com/q/58395170"", ""58395170"")",0.5494111623143876,"0","88"
"=HYPERLINK(""https://stackoverflow.com/q/58402050"", ""58402050"")",0.269392033542977,"0","465"
"=HYPERLINK(""https://stackoverflow.com/q/58427429"", ""58427429"")",0.4202087994034306,"0","55"
"=HYPERLINK(""https://stackoverflow.com/q/58445362"", ""58445362"")",0.5596606458675418,"0","57"
"=HYPERLINK(""https://stackoverflow.com/q/58472093"", ""58472093"")",0.5510812826249071,"0","854"
"=HYPERLINK(""https://stackoverflow.com/q/58493605"", ""58493605"")",0.4595763078253349,"1","715"
"=HYPERLINK(""https://stackoverflow.com/q/58566997"", ""58566997"")",0.5098328416912493,"2","262"
"=HYPERLINK(""https://stackoverflow.com/q/58628211"", ""58628211"")",0.2865079365079365,"1","726"
"=HYPERLINK(""https://stackoverflow.com/q/58640062"", ""58640062"")",0.4034302759134976,"0","696"
"=HYPERLINK(""https://stackoverflow.com/q/58644420"", ""58644420"")",0.6246318607764385,"0","141"
"=HYPERLINK(""https://stackoverflow.com/q/58726642"", ""58726642"")",0.7314246762099513,"0","66"
"=HYPERLINK(""https://stackoverflow.com/q/58808511"", ""58808511"")",0.726320582877961,"0","427"
"=HYPERLINK(""https://stackoverflow.com/q/58914087"", ""58914087"")",0.4531152230267277,"2","259"
"=HYPERLINK(""https://stackoverflow.com/q/58999696"", ""58999696"")",0.5966064586754237,"0","315"
"=HYPERLINK(""https://stackoverflow.com/q/59151479"", ""59151479"")",0.5541894353369768,"1","75"
"=HYPERLINK(""https://stackoverflow.com/q/59174402"", ""59174402"")",0.6169590643274863,"1","118"
"=HYPERLINK(""https://stackoverflow.com/q/59216147"", ""59216147"")",0.4807974201114046,"0","538"
"=HYPERLINK(""https://stackoverflow.com/q/59272594"", ""59272594"")",0.4945113788487277,"1","199"
"=HYPERLINK(""https://stackoverflow.com/q/59285571"", ""59285571"")",0.3445325279979865,"0","1237"
"=HYPERLINK(""https://stackoverflow.com/q/59374178"", ""59374178"")",0.659540006478783,"0","503"
"=HYPERLINK(""https://stackoverflow.com/q/59417521"", ""59417521"")",0.291842475386779,"0","1565"
"=HYPERLINK(""https://stackoverflow.com/q/59457067"", ""59457067"")",0.3474458358179289,"0","186"
"=HYPERLINK(""https://stackoverflow.com/q/59484324"", ""59484324"")",0.5220489119969194,"0","350"
"=HYPERLINK(""https://stackoverflow.com/q/59524502"", ""59524502"")",0.5028546332894156,"0","93"
"=HYPERLINK(""https://stackoverflow.com/q/59562801"", ""59562801"")",0.6428864288642888,"1","2417"
"=HYPERLINK(""https://stackoverflow.com/q/59648470"", ""59648470"")",0.6918354818907307,"0","1143"
"=HYPERLINK(""https://stackoverflow.com/q/59667859"", ""59667859"")",0.5840312674483524,"0","394"
"=HYPERLINK(""https://stackoverflow.com/q/59730906"", ""59730906"")",0.506083893691963,"0","94"
"=HYPERLINK(""https://stackoverflow.com/q/59752159"", ""59752159"")",0.7083882301273599,"1","147"
"=HYPERLINK(""https://stackoverflow.com/q/59827242"", ""59827242"")",0.6623419827012638,"0","954"
"=HYPERLINK(""https://stackoverflow.com/q/59937311"", ""59937311"")",0.7790404040404034,"1","466"
"=HYPERLINK(""https://stackoverflow.com/q/59972109"", ""59972109"")",0.8501291989664073,"0","160"
"=HYPERLINK(""https://stackoverflow.com/q/59988343"", ""59988343"")",0.5972222222222223,"0","1603"
"=HYPERLINK(""https://stackoverflow.com/q/60092938"", ""60092938"")",0.8677918424753858,"0","44"
"=HYPERLINK(""https://stackoverflow.com/q/60175370"", ""60175370"")",0.3779108449767131,"0","209"
"=HYPERLINK(""https://stackoverflow.com/q/60195758"", ""60195758"")",0.4915949159491596,"2","2403"
"=HYPERLINK(""https://stackoverflow.com/q/60346468"", ""60346468"")",0.3903638151425764,"0","3026"
"=HYPERLINK(""https://stackoverflow.com/q/60506805"", ""60506805"")",0.5096473719228207,"0","560"
"=HYPERLINK(""https://stackoverflow.com/q/60513317"", ""60513317"")",0.3904465212876429,"2","701"
"=HYPERLINK(""https://stackoverflow.com/q/60624406"", ""60624406"")",0.2591540404040403,"0","76"
"=HYPERLINK(""https://stackoverflow.com/q/60629861"", ""60629861"")",0.5979128299570291,"0","1500"
"=HYPERLINK(""https://stackoverflow.com/q/60662269"", ""60662269"")",0.3812583668005354,"0","77"
"=HYPERLINK(""https://stackoverflow.com/q/60702804"", ""60702804"")",0.4467731204258147,"0","1059"
"=HYPERLINK(""https://stackoverflow.com/q/60833214"", ""60833214"")",0.3195195195195192,"0","186"
"=HYPERLINK(""https://stackoverflow.com/q/60929049"", ""60929049"")",0.3741209563994371,"0","45"
"=HYPERLINK(""https://stackoverflow.com/q/60962695"", ""60962695"")",0.3283542976939204,"1","190"
"=HYPERLINK(""https://stackoverflow.com/q/61045510"", ""61045510"")",0.3118773946360153,"0","75"
"=HYPERLINK(""https://stackoverflow.com/q/61076617"", ""61076617"")",0.6007936507936509,"0","497"
"=HYPERLINK(""https://stackoverflow.com/q/61077520"", ""61077520"")",0.653825995807128,"1","240"
"=HYPERLINK(""https://stackoverflow.com/q/61143715"", ""61143715"")",0.9458403126744828,"0","206"
"=HYPERLINK(""https://stackoverflow.com/q/61159529"", ""61159529"")",0.5494111623143874,"0","79"
"=HYPERLINK(""https://stackoverflow.com/q/61175272"", ""61175272"")",0.4018629407850962,"0","945"
"=HYPERLINK(""https://stackoverflow.com/q/61184632"", ""61184632"")",0.6951951951951946,"0","424"
"=HYPERLINK(""https://stackoverflow.com/q/61273331"", ""61273331"")",0.3848519800076893,"0","21"
"=HYPERLINK(""https://stackoverflow.com/q/61307636"", ""61307636"")",0.6582687338501284,"1","15"
"=HYPERLINK(""https://stackoverflow.com/q/61327658"", ""61327658"")",0.4579241286347009,"0","543"
"=HYPERLINK(""https://stackoverflow.com/q/61346917"", ""61346917"")",0.3911972914742998,"0","138"
"=HYPERLINK(""https://stackoverflow.com/q/61347692"", ""61347692"")",0.4026733500417709,"0","630"
"=HYPERLINK(""https://stackoverflow.com/q/61368570"", ""61368570"")",0.3818860877684406,"2","39"
"=HYPERLINK(""https://stackoverflow.com/q/61404675"", ""61404675"")",0.678443420378903,"0","1061"
"=HYPERLINK(""https://stackoverflow.com/q/61505073"", ""61505073"")",0.573981016192071,"0","553"
"=HYPERLINK(""https://stackoverflow.com/q/61605753"", ""61605753"")",0.817158931082981,"0","1526"
"=HYPERLINK(""https://stackoverflow.com/q/61670482"", ""61670482"")",0.4192665571975911,"0","198"
"=HYPERLINK(""https://stackoverflow.com/q/61670763"", ""61670763"")",0.301113480217958,"1","145"
"=HYPERLINK(""https://stackoverflow.com/q/61678990"", ""61678990"")",0.331008833100883,"0","279"
"=HYPERLINK(""https://stackoverflow.com/q/61688011"", ""61688011"")",0.665754049737622,"0","26"
"=HYPERLINK(""https://stackoverflow.com/q/61731699"", ""61731699"")",0.8357191547375586,"1","558"
"=HYPERLINK(""https://stackoverflow.com/q/61757142"", ""61757142"")",0.4232086587203725,"0","261"
"=HYPERLINK(""https://stackoverflow.com/q/61779423"", ""61779423"")",0.3949026345933562,"0","243"
"=HYPERLINK(""https://stackoverflow.com/q/61790890"", ""61790890"")",0.3330255463219453,"0","453"
"=HYPERLINK(""https://stackoverflow.com/q/61791171"", ""61791171"")",0.6429118773946362,"0","84"
"=HYPERLINK(""https://stackoverflow.com/q/61795639"", ""61795639"")",0.4327485380116961,"0","159"
"=HYPERLINK(""https://stackoverflow.com/q/61797962"", ""61797962"")",0.5036593479707249,"0","338"
"=HYPERLINK(""https://stackoverflow.com/q/61855792"", ""61855792"")",0.7668005354752335,"0","93"
"=HYPERLINK(""https://stackoverflow.com/q/61870749"", ""61870749"")",0.3191080353710111,"0","345"
"=HYPERLINK(""https://stackoverflow.com/q/61883057"", ""61883057"")",0.636680053547523,"0","347"
"=HYPERLINK(""https://stackoverflow.com/q/61887621"", ""61887621"")",0.4801407742584212,"0","354"
"=HYPERLINK(""https://stackoverflow.com/q/61890898"", ""61890898"")",0.6220166723763848,"1","433"
"=HYPERLINK(""https://stackoverflow.com/q/61906305"", ""61906305"")",0.5609318996415774,"0","607"
"=HYPERLINK(""https://stackoverflow.com/q/61912821"", ""61912821"")",0.3787439613526563,"0","1545"
"=HYPERLINK(""https://stackoverflow.com/q/61955898"", ""61955898"")",0.5054080629301873,"0","818"
"=HYPERLINK(""https://stackoverflow.com/q/61958538"", ""61958538"")",0.5161153519932152,"0","40"
"=HYPERLINK(""https://stackoverflow.com/q/62054089"", ""62054089"")",0.3881841672539344,"0","494"
"=HYPERLINK(""https://stackoverflow.com/q/62071138"", ""62071138"")",0.41371158392435,"0","1078"
"=HYPERLINK(""https://stackoverflow.com/q/62157803"", ""62157803"")",0.4562647754137116,"2","850"
"=HYPERLINK(""https://stackoverflow.com/q/62192957"", ""62192957"")",0.2979575163398693,"0","61"
"=HYPERLINK(""https://stackoverflow.com/q/62216212"", ""62216212"")",0.4490434142752026,"0","85"
"=HYPERLINK(""https://stackoverflow.com/q/62301165"", ""62301165"")",0.7022222222222216,"1","357"
"=HYPERLINK(""https://stackoverflow.com/q/62303560"", ""62303560"")",0.454056132256824,"1","568"
"=HYPERLINK(""https://stackoverflow.com/q/62310127"", ""62310127"")",0.408151870463428,"0","137"
"=HYPERLINK(""https://stackoverflow.com/q/62326737"", ""62326737"")",0.2306967984934085,"0","529"
"=HYPERLINK(""https://stackoverflow.com/q/62328681"", ""62328681"")",0.6284722222222217,"0","77"
"=HYPERLINK(""https://stackoverflow.com/q/62350884"", ""62350884"")",0.3906000456308462,"0","24"
"=HYPERLINK(""https://stackoverflow.com/q/62354372"", ""62354372"")",0.5859862671660432,"0","1729"
"=HYPERLINK(""https://stackoverflow.com/q/62388149"", ""62388149"")",0.4037606837606839,"0","6"
"=HYPERLINK(""https://stackoverflow.com/q/62426080"", ""62426080"")",0.511583924349882,"1","1134"
"=HYPERLINK(""https://stackoverflow.com/q/62430947"", ""62430947"")",0.4456770558196865,"0","2657"
"=HYPERLINK(""https://stackoverflow.com/q/62466068"", ""62466068"")",0.6342825237297595,"1","596"
"=HYPERLINK(""https://stackoverflow.com/q/62472486"", ""62472486"")",0.5351056578050437,"0","234"
"=HYPERLINK(""https://stackoverflow.com/q/62483463"", ""62483463"")",0.4101416853094708,"0","643"
"=HYPERLINK(""https://stackoverflow.com/q/62485379"", ""62485379"")",0.6282624906785985,"0","38"
"=HYPERLINK(""https://stackoverflow.com/q/62511658"", ""62511658"")",0.6854575163398694,"0","40"
"=HYPERLINK(""https://stackoverflow.com/q/62532947"", ""62532947"")",0.7155108128262494,"0","1646"
"=HYPERLINK(""https://stackoverflow.com/q/62537507"", ""62537507"")",0.710910005027652,"0","282"
"=HYPERLINK(""https://stackoverflow.com/q/62542052"", ""62542052"")",0.5244892247411134,"0","9"
"=HYPERLINK(""https://stackoverflow.com/q/62571204"", ""62571204"")",0.8443152454780352,"0","365"
"=HYPERLINK(""https://stackoverflow.com/q/62574480"", ""62574480"")",0.6814918851435716,"0","55"
"=HYPERLINK(""https://stackoverflow.com/q/62578108"", ""62578108"")",0.4239267676767675,"0","515"
"=HYPERLINK(""https://stackoverflow.com/q/62582592"", ""62582592"")",0.2951951951951949,"0","58"
"=HYPERLINK(""https://stackoverflow.com/q/62599879"", ""62599879"")",0.4505959246443672,"0","307"
"=HYPERLINK(""https://stackoverflow.com/q/62748767"", ""62748767"")",0.608962553713935,"1","611"
"=HYPERLINK(""https://stackoverflow.com/q/62751357"", ""62751357"")",0.5036791758646068,"0","141"
"=HYPERLINK(""https://stackoverflow.com/q/62758389"", ""62758389"")",0.374853801169591,"0","211"
"=HYPERLINK(""https://stackoverflow.com/q/62769601"", ""62769601"")",0.5939036381514262,"1","745"
"=HYPERLINK(""https://stackoverflow.com/q/62769946"", ""62769946"")",0.6558855885588555,"1","723"
"=HYPERLINK(""https://stackoverflow.com/q/62792259"", ""62792259"")",0.6939964157706098,"0","742"
"=HYPERLINK(""https://stackoverflow.com/q/62893116"", ""62893116"")",0.6479428430647934,"0","36"
"=HYPERLINK(""https://stackoverflow.com/q/62932055"", ""62932055"")",0.5838458384583847,"0","451"
"=HYPERLINK(""https://stackoverflow.com/q/62954563"", ""62954563"")",0.5313906657190247,"1","165"
"=HYPERLINK(""https://stackoverflow.com/q/62958837"", ""62958837"")",0.2810457516339868,"0","913"
"=HYPERLINK(""https://stackoverflow.com/q/62985831"", ""62985831"")",0.820582877959928,"0","98"
"=HYPERLINK(""https://stackoverflow.com/q/62987216"", ""62987216"")",0.8519932145886355,"1","444"
"=HYPERLINK(""https://stackoverflow.com/q/63023041"", ""63023041"")",0.4284077892325314,"0","226"
"=HYPERLINK(""https://stackoverflow.com/q/63025220"", ""63025220"")",0.5166828636216397,"0","614"
"=HYPERLINK(""https://stackoverflow.com/q/63028409"", ""63028409"")",0.4972222222222224,"0","30"
"=HYPERLINK(""https://stackoverflow.com/q/63115120"", ""63115120"")",0.5689558905639305,"0","272"
"=HYPERLINK(""https://stackoverflow.com/q/63127790"", ""63127790"")",0.8329604772557799,"0","309"
"=HYPERLINK(""https://stackoverflow.com/q/63129870"", ""63129870"")",0.4281045751633985,"0","52"
"=HYPERLINK(""https://stackoverflow.com/q/63130100"", ""63130100"")",0.3951951951951951,"1","515"
"=HYPERLINK(""https://stackoverflow.com/q/63131324"", ""63131324"")",0.4067383512544803,"0","92"
"=HYPERLINK(""https://stackoverflow.com/q/63306648"", ""63306648"")",0.890363815142577,"0","35"
"=HYPERLINK(""https://stackoverflow.com/q/63374919"", ""63374919"")",0.4479647964796477,"1","221"
"=HYPERLINK(""https://stackoverflow.com/q/63449416"", ""63449416"")",0.6652601969057659,"0","64"
"=HYPERLINK(""https://stackoverflow.com/q/63483576"", ""63483576"")",0.3838988689288089,"0","108"
"=HYPERLINK(""https://stackoverflow.com/q/63507012"", ""63507012"")",0.2992638246875535,"0","176"
"=HYPERLINK(""https://stackoverflow.com/q/63592625"", ""63592625"")",0.6307328605200948,"0","55"
"=HYPERLINK(""https://stackoverflow.com/q/63600739"", ""63600739"")",0.2936507936507936,"1","65"
"=HYPERLINK(""https://stackoverflow.com/q/63609252"", ""63609252"")",0.7728914382834087,"0","379"
"=HYPERLINK(""https://stackoverflow.com/q/63609829"", ""63609829"")",0.8257207644962762,"0","290"
"=HYPERLINK(""https://stackoverflow.com/q/63609959"", ""63609959"")",0.5546085858585856,"0","24"
"=HYPERLINK(""https://stackoverflow.com/q/63612739"", ""63612739"")",0.6543830262423223,"0","213"
"=HYPERLINK(""https://stackoverflow.com/q/63612784"", ""63612784"")",0.9413711583924352,"0","181"
"=HYPERLINK(""https://stackoverflow.com/q/63640573"", ""63640573"")",0.440463264567499,"0","88"
"=HYPERLINK(""https://stackoverflow.com/q/63676958"", ""63676958"")",0.4047195541325746,"0","46"
"=HYPERLINK(""https://stackoverflow.com/q/63677829"", ""63677829"")",0.6185355862775208,"0","82"
"=HYPERLINK(""https://stackoverflow.com/q/63678663"", ""63678663"")",0.3483091787439608,"0","42"
"=HYPERLINK(""https://stackoverflow.com/q/63766605"", ""63766605"")",0.4253922510406661,"0","253"
"=HYPERLINK(""https://stackoverflow.com/q/63796014"", ""63796014"")",0.6886945254292205,"1","269"
"=HYPERLINK(""https://stackoverflow.com/q/63810179"", ""63810179"")",0.4271402550091076,"0","36"
"=HYPERLINK(""https://stackoverflow.com/q/63868339"", ""63868339"")",0.5163398692810451,"0","133"
"=HYPERLINK(""https://stackoverflow.com/q/63883455"", ""63883455"")",0.5710594315245481,"0","125"
"=HYPERLINK(""https://stackoverflow.com/q/63919262"", ""63919262"")",0.4240404040404039,"0","100"
"=HYPERLINK(""https://stackoverflow.com/q/63961514"", ""63961514"")",0.5448823207443891,"0","98"
"=HYPERLINK(""https://stackoverflow.com/q/63967958"", ""63967958"")",0.5249249249249244,"0","407"
"=HYPERLINK(""https://stackoverflow.com/q/63987471"", ""63987471"")",0.6816816816816809,"0","153"
"=HYPERLINK(""https://stackoverflow.com/q/64029100"", ""64029100"")",0.4683760683760687,"0","150"
"=HYPERLINK(""https://stackoverflow.com/q/64053158"", ""64053158"")",0.4025500910746816,"0","62"
"=HYPERLINK(""https://stackoverflow.com/q/64073656"", ""64073656"")",0.4096027193541538,"0","138"
"=HYPERLINK(""https://stackoverflow.com/q/64096769"", ""64096769"")",0.4107468123861569,"0","24"
"=HYPERLINK(""https://stackoverflow.com/q/64112999"", ""64112999"")",0.411695906432749,"0","59"
"=HYPERLINK(""https://stackoverflow.com/q/64154867"", ""64154867"")",0.7308727412533633,"0","214"
"=HYPERLINK(""https://stackoverflow.com/q/64230961"", ""64230961"")",0.4776439089692098,"0","11"
"=HYPERLINK(""https://stackoverflow.com/q/64258078"", ""64258078"")",0.4727765459472772,"0","76"
"=HYPERLINK(""https://stackoverflow.com/q/64292472"", ""64292472"")",0.5290404040404038,"0","268"
"=HYPERLINK(""https://stackoverflow.com/q/64322195"", ""64322195"")",0.5418943533697638,"0","289"
"=HYPERLINK(""https://stackoverflow.com/q/64540715"", ""64540715"")",0.6705849426252438,"0","145"
"=HYPERLINK(""https://stackoverflow.com/q/64579490"", ""64579490"")",0.7436328015673094,"0","685"
"=HYPERLINK(""https://stackoverflow.com/q/64582273"", ""64582273"")",0.6874120956399432,"1","478"
"=HYPERLINK(""https://stackoverflow.com/q/64600146"", ""64600146"")",0.6264107038976142,"0","44"
"=HYPERLINK(""https://stackoverflow.com/q/64616915"", ""64616915"")",0.9183548189073054,"0","73"
"=HYPERLINK(""https://stackoverflow.com/q/64768060"", ""64768060"")",0.5335994677312041,"0","66"
"=HYPERLINK(""https://stackoverflow.com/q/64804018"", ""64804018"")",0.6006006006005999,"0","110"
"=HYPERLINK(""https://stackoverflow.com/q/64860132"", ""64860132"")",0.6597222222222223,"0","20"
"=HYPERLINK(""https://stackoverflow.com/q/64861658"", ""64861658"")",0.3331597222222225,"0","22"
"=HYPERLINK(""https://stackoverflow.com/q/64868243"", ""64868243"")",0.4021322671997334,"0","54"
"=HYPERLINK(""https://stackoverflow.com/q/64890596"", ""64890596"")",0.2642872317824518,"1","37"
"=HYPERLINK(""https://stackoverflow.com/q/64983762"", ""64983762"")",0.577850280949792,"0","31"
"=HYPERLINK(""https://stackoverflow.com/q/64999487"", ""64999487"")",0.6456093189964164,"1","151"
"=HYPERLINK(""https://stackoverflow.com/q/65069399"", ""65069399"")",0.4921184159938479,"0","65"
"=HYPERLINK(""https://stackoverflow.com/q/65069770"", ""65069770"")",0.5073286052009457,"0","60"
"=HYPERLINK(""https://stackoverflow.com/q/65195275"", ""65195275"")",0.5371158392434989,"0","19"
"=HYPERLINK(""https://stackoverflow.com/q/65195376"", ""65195376"")",0.4462041226747108,"0","49"
"=HYPERLINK(""https://stackoverflow.com/q/65211213"", ""65211213"")",0.4769392033542977,"1","171"
"=HYPERLINK(""https://stackoverflow.com/q/65237136"", ""65237136"")",0.4493690366266544,"1","36"
"=HYPERLINK(""https://stackoverflow.com/q/65266965"", ""65266965"")",0.9150793650793652,"0","83"
"=HYPERLINK(""https://stackoverflow.com/q/65286805"", ""65286805"")",0.5227588948519183,"0","41"
"=HYPERLINK(""https://stackoverflow.com/q/65327945"", ""65327945"")",0.5303303303303297,"0","77"
"=HYPERLINK(""https://stackoverflow.com/q/65561717"", ""65561717"")",0.4906432748538018,"0","28"
"=HYPERLINK(""https://stackoverflow.com/q/65564120"", ""65564120"")",0.5016339869281047,"0","98"
"=HYPERLINK(""https://stackoverflow.com/q/65577726"", ""65577726"")",0.2837985769020249,"1","40"
"=HYPERLINK(""https://stackoverflow.com/q/65578637"", ""65578637"")",0.3480150340615456,"0","28"
"=HYPERLINK(""https://stackoverflow.com/q/65586091"", ""65586091"")",0.4111303678028117,"0","42"
"=HYPERLINK(""https://stackoverflow.com/q/65596937"", ""65596937"")",0.6383296047725582,"0","166"
"=HYPERLINK(""https://stackoverflow.com/q/65604561"", ""65604561"")",0.5576068376068382,"1","193"
"=HYPERLINK(""https://stackoverflow.com/q/65632207"", ""65632207"")",0.52271483305966,"0","146"
"=HYPERLINK(""https://stackoverflow.com/q/65985615"", ""65985615"")",0.3958749168330004,"0","78"
"=HYPERLINK(""https://stackoverflow.com/q/66014867"", ""66014867"")",0.3787107718405431,"0","17"
"=HYPERLINK(""https://stackoverflow.com/q/66016657"", ""66016657"")",0.4906951286261626,"0","25"
"=HYPERLINK(""https://stackoverflow.com/q/66023427"", ""66023427"")",0.4767676767676766,"0","21"
"=HYPERLINK(""https://stackoverflow.com/q/66024562"", ""66024562"")",0.312458908612755,"0","16"
"=HYPERLINK(""https://stackoverflow.com/q/66110540"", ""66110540"")",0.2907153729071536,"0","50"
"=HYPERLINK(""https://stackoverflow.com/q/66240740"", ""66240740"")",0.5410141685309474,"0","13"
"=HYPERLINK(""https://stackoverflow.com/q/66256776"", ""66256776"")",0.5813382443216699,"0","54"
"=HYPERLINK(""https://stackoverflow.com/q/66273081"", ""66273081"")",0.3143688190808609,"0","16"
"=HYPERLINK(""https://stackoverflow.com/q/66274878"", ""66274878"")",0.411147303655447,"0","50"
"=HYPERLINK(""https://stackoverflow.com/q/66280508"", ""66280508"")",0.676415770609319,"0","62"
"=HYPERLINK(""https://stackoverflow.com/q/66311395"", ""66311395"")",0.7989093387866383,"0","20"
"=HYPERLINK(""https://stackoverflow.com/q/66311561"", ""66311561"")",0.6027531956735502,"0","25"
"=HYPERLINK(""https://stackoverflow.com/q/66332362"", ""66332362"")",0.422222222222222,"0","33"
"=HYPERLINK(""https://stackoverflow.com/q/66336251"", ""66336251"")",0.3428252372975988,"0","45"
"=HYPERLINK(""https://stackoverflow.com/q/66352340"", ""66352340"")",0.6689677843524002,"0","45"
"=HYPERLINK(""https://stackoverflow.com/q/66400076"", ""66400076"")",0.5622458349731071,"1","105"
"=HYPERLINK(""https://stackoverflow.com/q/66423215"", ""66423215"")",0.4805248052480526,"2","30"
"=HYPERLINK(""https://stackoverflow.com/q/66448118"", ""66448118"")",0.2993306559571617,"0","102"
"=HYPERLINK(""https://stackoverflow.com/q/66461323"", ""66461323"")",0.4134973900074573,"0","18"
"=HYPERLINK(""https://stackoverflow.com/q/66461995"", ""66461995"")",0.5071059431524543,"0","28"
"=HYPERLINK(""https://stackoverflow.com/q/66471409"", ""66471409"")",0.550689375506894,"0","60"
"=HYPERLINK(""https://stackoverflow.com/q/66498264"", ""66498264"")",0.4483091787439605,"0","53"
"=HYPERLINK(""https://stackoverflow.com/q/66563113"", ""66563113"")",0.6068376068376072,"0","14"
"=HYPERLINK(""https://stackoverflow.com/q/66648818"", ""66648818"")",0.2386156648451732,"0","46"
"=HYPERLINK(""https://stackoverflow.com/q/66664968"", ""66664968"")",0.882738827388274,"0","38"
"=HYPERLINK(""https://stackoverflow.com/q/66685271"", ""66685271"")",0.5684826100338566,"0","56"
"=HYPERLINK(""https://stackoverflow.com/q/66703367"", ""66703367"")",0.8796807857581341,"0","82"
"=HYPERLINK(""https://stackoverflow.com/q/66761294"", ""66761294"")",0.781500572737686,"0","41"
"=HYPERLINK(""https://stackoverflow.com/q/66879112"", ""66879112"")",0.7745478036175701,"0","26"
"=HYPERLINK(""https://stackoverflow.com/q/66887737"", ""66887737"")",0.8300066533599464,"0","18"
"=HYPERLINK(""https://stackoverflow.com/q/66888057"", ""66888057"")",0.5523193096008634,"0","72"
"=HYPERLINK(""https://stackoverflow.com/q/66889822"", ""66889822"")",0.4409382178696651,"0","31"
"=HYPERLINK(""https://stackoverflow.com/q/66889939"", ""66889939"")",0.5213911972914744,"0","39"
"=HYPERLINK(""https://stackoverflow.com/q/66894794"", ""66894794"")",0.4546546546546543,"0","6"
"=HYPERLINK(""https://stackoverflow.com/q/66948776"", ""66948776"")",0.7360562143170831,"0","25"
"=HYPERLINK(""https://stackoverflow.com/q/66980151"", ""66980151"")",0.4116420174440651,"0","20"
"=HYPERLINK(""https://stackoverflow.com/q/66981335"", ""66981335"")",0.3222222222222221,"0","19"
"=HYPERLINK(""https://stackoverflow.com/q/66983300"", ""66983300"")",0.5513361462728544,"0","20"
"=HYPERLINK(""https://stackoverflow.com/q/67018705"", ""67018705"")",0.4766302826756223,"0","32"
"=HYPERLINK(""https://stackoverflow.com/q/67185545"", ""67185545"")",0.9452991452991468,"0","33"
"=HYPERLINK(""https://stackoverflow.com/q/67194772"", ""67194772"")",0.3547870637207814,"1","33"
"=HYPERLINK(""https://stackoverflow.com/q/67215151"", ""67215151"")",0.4226113272805878,"0","15"
"=HYPERLINK(""https://stackoverflow.com/q/67285637"", ""67285637"")",0.3159124707881881,"0","20"
"=HYPERLINK(""https://stackoverflow.com/q/67308253"", ""67308253"")",0.4295214922952154,"0","44"
"=HYPERLINK(""https://stackoverflow.com/q/67360636"", ""67360636"")",0.4800535475234267,"0","19"
"=HYPERLINK(""https://stackoverflow.com/q/67371220"", ""67371220"")",0.4821271350589896,"1","32"
"=HYPERLINK(""https://stackoverflow.com/q/67429754"", ""67429754"")",0.5924846128927768,"0","25"
"=HYPERLINK(""https://stackoverflow.com/q/67561417"", ""67561417"")",0.7083882301273596,"0","18"
"=HYPERLINK(""https://stackoverflow.com/q/67579839"", ""67579839"")",0.5983284169124882,"0","27"
"=HYPERLINK(""https://stackoverflow.com/q/67692817"", ""67692817"")",0.6597222222222228,"0","8"
"=HYPERLINK(""https://stackoverflow.com/q/67706559"", ""67706559"")",0.4148343594253887,"0","9"
"=HYPERLINK(""https://stackoverflow.com/q/67716994"", ""67716994"")",0.4645220168834126,"0","16"
"=HYPERLINK(""https://stackoverflow.com/q/67717212"", ""67717212"")",0.3160788775123244,"0","14"
"=HYPERLINK(""https://stackoverflow.com/q/67719744"", ""67719744"")",0.4434988179669031,"0","9"
"=HYPERLINK(""https://stackoverflow.com/q/67734423"", ""67734423"")",0.6427243142724309,"0","13"
