link,Correlation
"=HYPERLINK(""https://stackoverflow.com/a/4987372"", ""4987372"")",0.23992133726646997
"=HYPERLINK(""https://stackoverflow.com/a/6792799"", ""6792799"")",0.6135265700483093
"=HYPERLINK(""https://stackoverflow.com/a/15065267"", ""15065267"")",0.27764390896921
"=HYPERLINK(""https://stackoverflow.com/a/15894064"", ""15894064"")",0.42770167427701666
"=HYPERLINK(""https://stackoverflow.com/a/20480880"", ""20480880"")",0.7004830917874396
"=HYPERLINK(""https://stackoverflow.com/a/21863474"", ""21863474"")",0.4222222222222223
"=HYPERLINK(""https://stackoverflow.com/a/27822376"", ""27822376"")",0.5739463601532567
"=HYPERLINK(""https://stackoverflow.com/a/31594804"", ""31594804"")",0.678743961352657
"=HYPERLINK(""https://stackoverflow.com/a/33000304"", ""33000304"")",0.33251633986928103
"=HYPERLINK(""https://stackoverflow.com/a/34704718"", ""34704718"")",0.26159230096237984
"=HYPERLINK(""https://stackoverflow.com/a/42416705"", ""42416705"")",0.1978319783197831
"=HYPERLINK(""https://stackoverflow.com/a/45335788"", ""45335788"")",0.45299145299145327
"=HYPERLINK(""https://stackoverflow.com/a/46838297"", ""46838297"")",0.6854575163398692
"=HYPERLINK(""https://stackoverflow.com/a/46962790"", ""46962790"")",0.4961948249619483
"=HYPERLINK(""https://stackoverflow.com/a/47961445"", ""47961445"")",0.280320813771518
"=HYPERLINK(""https://stackoverflow.com/a/48550467"", ""48550467"")",0.5503472222222221
"=HYPERLINK(""https://stackoverflow.com/a/48571299"", ""48571299"")",0.517304189435337
"=HYPERLINK(""https://stackoverflow.com/a/49372953"", ""49372953"")",0.37493158182813346
"=HYPERLINK(""https://stackoverflow.com/a/50348796"", ""50348796"")",0.5193920335429769
"=HYPERLINK(""https://stackoverflow.com/a/51407905"", ""51407905"")",0.5646879756468797
"=HYPERLINK(""https://stackoverflow.com/a/52175343"", ""52175343"")",0.42529914529914553
"=HYPERLINK(""https://stackoverflow.com/a/52224125"", ""52224125"")",0.34282523729759906
"=HYPERLINK(""https://stackoverflow.com/a/53170342"", ""53170342"")",0.409035409035409
"=HYPERLINK(""https://stackoverflow.com/a/53547224"", ""53547224"")",0.5903203817314246
"=HYPERLINK(""https://stackoverflow.com/a/53813742"", ""53813742"")",0.387057387057387
"=HYPERLINK(""https://stackoverflow.com/a/54695293"", ""54695293"")",0.7058287795992717
"=HYPERLINK(""https://stackoverflow.com/a/54936671"", ""54936671"")",0.5657336726039016
"=HYPERLINK(""https://stackoverflow.com/a/54937860"", ""54937860"")",0.423564504101417
"=HYPERLINK(""https://stackoverflow.com/a/55531690"", ""55531690"")",0.3169590643274854
"=HYPERLINK(""https://stackoverflow.com/a/56793466"", ""56793466"")",0.44659895352416124
"=HYPERLINK(""https://stackoverflow.com/a/57062058"", ""57062058"")",0.33780011166945817
"=HYPERLINK(""https://stackoverflow.com/a/57316081"", ""57316081"")",0.281544256120527
"=HYPERLINK(""https://stackoverflow.com/a/57776683"", ""57776683"")",0.5309470544369873
"=HYPERLINK(""https://stackoverflow.com/a/57923255"", ""57923255"")",0.46102819237147585
"=HYPERLINK(""https://stackoverflow.com/a/57928506"", ""57928506"")",0.7340332458442695
"=HYPERLINK(""https://stackoverflow.com/a/58456605"", ""58456605"")",0.4169124877089479
"=HYPERLINK(""https://stackoverflow.com/a/59239019"", ""59239019"")",0.4436987322893365
"=HYPERLINK(""https://stackoverflow.com/a/60201516"", ""60201516"")",0.45571278825995815
"=HYPERLINK(""https://stackoverflow.com/a/60617959"", ""60617959"")",0.43694614860259023
"=HYPERLINK(""https://stackoverflow.com/a/60752919"", ""60752919"")",0.3924349881796691
"=HYPERLINK(""https://stackoverflow.com/a/61779979"", ""61779979"")",0.5071170596983214
"=HYPERLINK(""https://stackoverflow.com/a/61838615"", ""61838615"")",0.5325670498084291
"=HYPERLINK(""https://stackoverflow.com/a/61865360"", ""61865360"")",0.4676209952283571
"=HYPERLINK(""https://stackoverflow.com/a/62161118"", ""62161118"")",0.4585858585858585
"=HYPERLINK(""https://stackoverflow.com/a/62460409"", ""62460409"")",0.20274170274170264
"=HYPERLINK(""https://stackoverflow.com/a/62548060"", ""62548060"")",0.6023793931456014
"=HYPERLINK(""https://stackoverflow.com/a/62691180"", ""62691180"")",0.2900188323917136
"=HYPERLINK(""https://stackoverflow.com/a/62691657"", ""62691657"")",0.3917137476459509
"=HYPERLINK(""https://stackoverflow.com/a/62693020"", ""62693020"")",0.9337606837606838
"=HYPERLINK(""https://stackoverflow.com/a/63124998"", ""63124998"")",0.419850680720246
"=HYPERLINK(""https://stackoverflow.com/a/63251372"", ""63251372"")",0.6987322893363161
"=HYPERLINK(""https://stackoverflow.com/a/63701815"", ""63701815"")",0.5305226174791393
"=HYPERLINK(""https://stackoverflow.com/a/63808822"", ""63808822"")",0.41371158392435003
"=HYPERLINK(""https://stackoverflow.com/a/63818743"", ""63818743"")",0.4057084607543325
"=HYPERLINK(""https://stackoverflow.com/a/64147033"", ""64147033"")",0.4318996415770609
"=HYPERLINK(""https://stackoverflow.com/a/64249584"", ""64249584"")",0.37115839243498827
"=HYPERLINK(""https://stackoverflow.com/a/64429736"", ""64429736"")",0.378001116694584
"=HYPERLINK(""https://stackoverflow.com/a/64575532"", ""64575532"")",0.4695569770196635
"=HYPERLINK(""https://stackoverflow.com/a/64744475"", ""64744475"")",0.36865079365079373
"=HYPERLINK(""https://stackoverflow.com/a/64781228"", ""64781228"")",0.4494949494949496
"=HYPERLINK(""https://stackoverflow.com/a/64878091"", ""64878091"")",0.6222222222222219
"=HYPERLINK(""https://stackoverflow.com/a/65095342"", ""65095342"")",0.5068569829275119
"=HYPERLINK(""https://stackoverflow.com/a/65229912"", ""65229912"")",0.33562428407789224
"=HYPERLINK(""https://stackoverflow.com/a/65316079"", ""65316079"")",0.3696876600102406
"=HYPERLINK(""https://stackoverflow.com/a/65337212"", ""65337212"")",0.3443152454780361
"=HYPERLINK(""https://stackoverflow.com/a/65672613"", ""65672613"")",0.287157287157287
"=HYPERLINK(""https://stackoverflow.com/a/65838384"", ""65838384"")",0.5819060166886253
"=HYPERLINK(""https://stackoverflow.com/a/65930426"", ""65930426"")",0.640079365079365
"=HYPERLINK(""https://stackoverflow.com/a/66065473"", ""66065473"")",0.5849224510551745
"=HYPERLINK(""https://stackoverflow.com/a/66244521"", ""66244521"")",0.7507276151343948
"=HYPERLINK(""https://stackoverflow.com/a/66439740"", ""66439740"")",0.4749694749694749
"=HYPERLINK(""https://stackoverflow.com/a/66642247"", ""66642247"")",0.43119506755870357
"=HYPERLINK(""https://stackoverflow.com/a/66678759"", ""66678759"")",0.6366191093817553
