"link","Correlation","score","view_count"
"=HYPERLINK(""https://stackoverflow.com/q/4402696"", ""4402696"")",0.2425842131724484,"0","724"
"=HYPERLINK(""https://stackoverflow.com/q/4412884"", ""4412884"")",0.8021265284423177,"0","908"
"=HYPERLINK(""https://stackoverflow.com/q/10642810"", ""10642810"")",0.3326118326118324,"0","356"
"=HYPERLINK(""https://stackoverflow.com/q/11106882"", ""11106882"")",0.4588634435962681,"3","614"
"=HYPERLINK(""https://stackoverflow.com/q/13458890"", ""13458890"")",0.2145886344359627,"1","559"
"=HYPERLINK(""https://stackoverflow.com/q/13991036"", ""13991036"")",0.3380912398544639,"2","6489"
"=HYPERLINK(""https://stackoverflow.com/q/14032613"", ""14032613"")",0.3779599271402552,"0","1565"
"=HYPERLINK(""https://stackoverflow.com/q/14968285"", ""14968285"")",0.5946360153256707,"0","61"
"=HYPERLINK(""https://stackoverflow.com/q/21907126"", ""21907126"")",0.4520094562647755,"1","820"
"=HYPERLINK(""https://stackoverflow.com/q/24326882"", ""24326882"")",0.5237297599106644,"1","703"
"=HYPERLINK(""https://stackoverflow.com/q/26973448"", ""26973448"")",0.247592201080573,"0","718"
"=HYPERLINK(""https://stackoverflow.com/q/28316251"", ""28316251"")",0.2969644902634593,"1","434"
"=HYPERLINK(""https://stackoverflow.com/q/28901109"", ""28901109"")",0.3949750312109864,"0","814"
"=HYPERLINK(""https://stackoverflow.com/q/31053891"", ""31053891"")",0.2037720377203772,"1","61"
"=HYPERLINK(""https://stackoverflow.com/q/32698744"", ""32698744"")",0.3222222222222224,"2","2204"
"=HYPERLINK(""https://stackoverflow.com/q/32757091"", ""32757091"")",0.2789423208658719,"2","394"
"=HYPERLINK(""https://stackoverflow.com/q/34033840"", ""34033840"")",0.6237970253718286,"0","563"
"=HYPERLINK(""https://stackoverflow.com/q/36751056"", ""36751056"")",0.2570323488045006,"0","561"
"=HYPERLINK(""https://stackoverflow.com/q/37672596"", ""37672596"")",0.5605455755156352,"0","1021"
"=HYPERLINK(""https://stackoverflow.com/q/37816734"", ""37816734"")",0.378472222222222,"1","11190"
"=HYPERLINK(""https://stackoverflow.com/q/38736141"", ""38736141"")",0.3242177876324215,"0","678"
"=HYPERLINK(""https://stackoverflow.com/q/41036556"", ""41036556"")",0.4163072499486548,"1","1553"
"=HYPERLINK(""https://stackoverflow.com/q/41360274"", ""41360274"")",0.6345299145299145,"0","166"
"=HYPERLINK(""https://stackoverflow.com/q/41577382"", ""41577382"")",0.4751866490996924,"3","3030"
"=HYPERLINK(""https://stackoverflow.com/q/41652958"", ""41652958"")",0.2402634593356243,"1","1222"
"=HYPERLINK(""https://stackoverflow.com/q/41733883"", ""41733883"")",0.4021530180699732,"0","884"
"=HYPERLINK(""https://stackoverflow.com/q/41920583"", ""41920583"")",0.4636015325670498,"0","152"
"=HYPERLINK(""https://stackoverflow.com/q/41955662"", ""41955662"")",0.3601532567049809,"0","296"
"=HYPERLINK(""https://stackoverflow.com/q/42267156"", ""42267156"")",0.4804189435336976,"0","766"
"=HYPERLINK(""https://stackoverflow.com/q/42483638"", ""42483638"")",0.4496274700356332,"0","713"
"=HYPERLINK(""https://stackoverflow.com/q/42530654"", ""42530654"")",0.435350261120115,"4","2012"
"=HYPERLINK(""https://stackoverflow.com/q/43219556"", ""43219556"")",0.7130197682344923,"0","73"
"=HYPERLINK(""https://stackoverflow.com/q/43239223"", ""43239223"")",0.5075407817790089,"1","435"
"=HYPERLINK(""https://stackoverflow.com/q/43337497"", ""43337497"")",0.3603545179420664,"5","662"
"=HYPERLINK(""https://stackoverflow.com/q/43877814"", ""43877814"")",0.5043233895373972,"0","608"
"=HYPERLINK(""https://stackoverflow.com/q/43907780"", ""43907780"")",0.2693136349646046,"2","3995"
"=HYPERLINK(""https://stackoverflow.com/q/43930009"", ""43930009"")",0.3654654654654656,"7","594"
"=HYPERLINK(""https://stackoverflow.com/q/43937563"", ""43937563"")",0.3722222222222223,"0","210"
"=HYPERLINK(""https://stackoverflow.com/q/44102892"", ""44102892"")",0.4770860354517942,"0","561"
"=HYPERLINK(""https://stackoverflow.com/q/44733222"", ""44733222"")",0.4924924924924926,"1","225"
"=HYPERLINK(""https://stackoverflow.com/q/45282736"", ""45282736"")",0.3141141141141139,"0","359"
"=HYPERLINK(""https://stackoverflow.com/q/45459240"", ""45459240"")",0.2854633289415898,"0","330"
"=HYPERLINK(""https://stackoverflow.com/q/45470211"", ""45470211"")",0.3219006788138622,"0","508"
"=HYPERLINK(""https://stackoverflow.com/q/45511290"", ""45511290"")",0.4860259032038175,"3","3296"
"=HYPERLINK(""https://stackoverflow.com/q/45588139"", ""45588139"")",0.2682473268247325,"0","604"
"=HYPERLINK(""https://stackoverflow.com/q/45711200"", ""45711200"")",0.2989267676767677,"1","162"
"=HYPERLINK(""https://stackoverflow.com/q/45731288"", ""45731288"")",0.470841006752609,"2","1948"
"=HYPERLINK(""https://stackoverflow.com/q/45802802"", ""45802802"")",0.4048309178743957,"0","967"
"=HYPERLINK(""https://stackoverflow.com/q/45933300"", ""45933300"")",0.5949159491594914,"0","4571"
"=HYPERLINK(""https://stackoverflow.com/q/46286825"", ""46286825"")",0.3139943741209562,"1","80"
"=HYPERLINK(""https://stackoverflow.com/q/46314101"", ""46314101"")",0.2843843843843844,"2","479"
"=HYPERLINK(""https://stackoverflow.com/q/46336305"", ""46336305"")",0.4774523477452344,"1","96"
"=HYPERLINK(""https://stackoverflow.com/q/46340789"", ""46340789"")",0.6698966408268734,"3","85"
"=HYPERLINK(""https://stackoverflow.com/q/46600731"", ""46600731"")",0.4772654498879283,"0","112"
"=HYPERLINK(""https://stackoverflow.com/q/46673311"", ""46673311"")",0.3985446403582421,"0","139"
"=HYPERLINK(""https://stackoverflow.com/q/46858838"", ""46858838"")",0.44991452991453,"0","107"
"=HYPERLINK(""https://stackoverflow.com/q/47178968"", ""47178968"")",0.4288090485695273,"0","693"
"=HYPERLINK(""https://stackoverflow.com/q/47194805"", ""47194805"")",0.2696905766526021,"0","954"
"=HYPERLINK(""https://stackoverflow.com/q/47236477"", ""47236477"")",0.5432383885039772,"0","855"
"=HYPERLINK(""https://stackoverflow.com/q/48443288"", ""48443288"")",0.4471357170319106,"1","891"
"=HYPERLINK(""https://stackoverflow.com/q/48452352"", ""48452352"")",0.5706385118149823,"6","1565"
"=HYPERLINK(""https://stackoverflow.com/q/48526008"", ""48526008"")",0.4553510565780505,"1","681"
"=HYPERLINK(""https://stackoverflow.com/q/48857299"", ""48857299"")",0.3293650793650794,"0","282"
"=HYPERLINK(""https://stackoverflow.com/q/48870896"", ""48870896"")",0.4866452991452992,"1","148"
"=HYPERLINK(""https://stackoverflow.com/q/48950826"", ""48950826"")",0.5729009552538964,"0","553"
"=HYPERLINK(""https://stackoverflow.com/q/49004501"", ""49004501"")",0.3792661021298433,"0","216"
"=HYPERLINK(""https://stackoverflow.com/q/49145418"", ""49145418"")",0.3196734965850407,"3","476"
"=HYPERLINK(""https://stackoverflow.com/q/49150124"", ""49150124"")",0.2382650029708853,"0","387"
"=HYPERLINK(""https://stackoverflow.com/q/49626884"", ""49626884"")",0.3644816364481636,"0","126"
"=HYPERLINK(""https://stackoverflow.com/q/49675462"", ""49675462"")",0.3711921112871982,"3","4003"
"=HYPERLINK(""https://stackoverflow.com/q/49747691"", ""49747691"")",0.795992714025501,"0","1554"
"=HYPERLINK(""https://stackoverflow.com/q/50018204"", ""50018204"")",0.4308111792774369,"0","27"
"=HYPERLINK(""https://stackoverflow.com/q/50031163"", ""50031163"")",0.3529040404040403,"1","40"
"=HYPERLINK(""https://stackoverflow.com/q/50211166"", ""50211166"")",0.4875895385640512,"0","1804"
"=HYPERLINK(""https://stackoverflow.com/q/50339838"", ""50339838"")",0.6812022665681203,"2","1681"
"=HYPERLINK(""https://stackoverflow.com/q/50584100"", ""50584100"")",0.3208137715179968,"8","248"
"=HYPERLINK(""https://stackoverflow.com/q/50628776"", ""50628776"")",0.2933684672815108,"1","3685"
"=HYPERLINK(""https://stackoverflow.com/q/50637765"", ""50637765"")",0.2437938709125149,"0","439"
"=HYPERLINK(""https://stackoverflow.com/q/50852150"", ""50852150"")",0.523062558356676,"0","728"
"=HYPERLINK(""https://stackoverflow.com/q/51056684"", ""51056684"")",0.4222222222222223,"0","169"
"=HYPERLINK(""https://stackoverflow.com/q/51193793"", ""51193793"")",0.2648843382631777,"2","1205"
"=HYPERLINK(""https://stackoverflow.com/q/51381243"", ""51381243"")",0.5011695906432749,"0","475"
"=HYPERLINK(""https://stackoverflow.com/q/51424192"", ""51424192"")",0.2759134973900075,"0","898"
"=HYPERLINK(""https://stackoverflow.com/q/51673236"", ""51673236"")",0.3939779474130623,"0","132"
"=HYPERLINK(""https://stackoverflow.com/q/51675435"", ""51675435"")",0.4079929732103644,"1","239"
"=HYPERLINK(""https://stackoverflow.com/q/51778210"", ""51778210"")",0.3425580431177445,"0","265"
"=HYPERLINK(""https://stackoverflow.com/q/51847975"", ""51847975"")",0.3481668066050936,"1","373"
"=HYPERLINK(""https://stackoverflow.com/q/51976472"", ""51976472"")",0.3689127410057642,"0","44"
"=HYPERLINK(""https://stackoverflow.com/q/52143938"", ""52143938"")",0.650420655642588,"1","170"
"=HYPERLINK(""https://stackoverflow.com/q/52287773"", ""52287773"")",0.405354752342704,"0","74"
"=HYPERLINK(""https://stackoverflow.com/q/52436007"", ""52436007"")",0.5318248712288446,"0","331"
"=HYPERLINK(""https://stackoverflow.com/q/52529279"", ""52529279"")",0.2189807311363226,"11","4891"
"=HYPERLINK(""https://stackoverflow.com/q/52563232"", ""52563232"")",0.64943741209564,"0","1065"
"=HYPERLINK(""https://stackoverflow.com/q/52585467"", ""52585467"")",0.3850129198966409,"0","673"
"=HYPERLINK(""https://stackoverflow.com/q/52600010"", ""52600010"")",0.646496081143384,"1","1164"
"=HYPERLINK(""https://stackoverflow.com/q/52625617"", ""52625617"")",0.2865079365079366,"1","90"
"=HYPERLINK(""https://stackoverflow.com/q/52736363"", ""52736363"")",0.5107597716293371,"0","1200"
"=HYPERLINK(""https://stackoverflow.com/q/52904363"", ""52904363"")",0.280361757105943,"0","575"
"=HYPERLINK(""https://stackoverflow.com/q/53257076"", ""53257076"")",0.4935790061418197,"0","410"
"=HYPERLINK(""https://stackoverflow.com/q/53264791"", ""53264791"")",0.8557449494949494,"0","61"
"=HYPERLINK(""https://stackoverflow.com/q/53388231"", ""53388231"")",0.3711583924349882,"1","34"
"=HYPERLINK(""https://stackoverflow.com/q/53410290"", ""53410290"")",0.2784019975031212,"2","1294"
"=HYPERLINK(""https://stackoverflow.com/q/53449627"", ""53449627"")",0.6535602503912363,"0","194"
"=HYPERLINK(""https://stackoverflow.com/q/53498653"", ""53498653"")",0.4935790061418199,"0","4736"
"=HYPERLINK(""https://stackoverflow.com/q/53690242"", ""53690242"")",0.2981715893108299,"0","109"
"=HYPERLINK(""https://stackoverflow.com/q/53701218"", ""53701218"")",0.3853026299232415,"0","523"
"=HYPERLINK(""https://stackoverflow.com/q/53702258"", ""53702258"")",0.7728058798097709,"0","162"
"=HYPERLINK(""https://stackoverflow.com/q/53729079"", ""53729079"")",0.6524547803617572,"1","109"
"=HYPERLINK(""https://stackoverflow.com/q/53963973"", ""53963973"")",0.4367550941945405,"1","187"
"=HYPERLINK(""https://stackoverflow.com/q/54363950"", ""54363950"")",0.536589220799747,"1","217"
"=HYPERLINK(""https://stackoverflow.com/q/54474013"", ""54474013"")",0.682399213372665,"0","420"
"=HYPERLINK(""https://stackoverflow.com/q/54548490"", ""54548490"")",0.632401862940785,"0","253"
"=HYPERLINK(""https://stackoverflow.com/q/54580932"", ""54580932"")",0.5868631062001229,"1","176"
"=HYPERLINK(""https://stackoverflow.com/q/54688078"", ""54688078"")",0.5129198966408272,"0","239"
"=HYPERLINK(""https://stackoverflow.com/q/54744615"", ""54744615"")",0.4185412406271301,"0","47"
"=HYPERLINK(""https://stackoverflow.com/q/54766092"", ""54766092"")",0.5652454780361759,"0","228"
"=HYPERLINK(""https://stackoverflow.com/q/54920348"", ""54920348"")",0.6502665026650267,"0","328"
"=HYPERLINK(""https://stackoverflow.com/q/55269741"", ""55269741"")",0.3172926447574338,"0","747"
"=HYPERLINK(""https://stackoverflow.com/q/55455200"", ""55455200"")",0.5395299145299146,"0","516"
"=HYPERLINK(""https://stackoverflow.com/q/55501836"", ""55501836"")",0.2665770609318998,"1","1815"
"=HYPERLINK(""https://stackoverflow.com/q/55628468"", ""55628468"")",0.697950377562028,"0","748"
"=HYPERLINK(""https://stackoverflow.com/q/55684883"", ""55684883"")",0.2485745107104331,"0","180"
"=HYPERLINK(""https://stackoverflow.com/q/55710608"", ""55710608"")",0.3527279318470183,"2","619"
"=HYPERLINK(""https://stackoverflow.com/q/55801290"", ""55801290"")",0.4841869577385949,"1","146"
"=HYPERLINK(""https://stackoverflow.com/q/55905651"", ""55905651"")",0.2915062868873492,"1","990"
"=HYPERLINK(""https://stackoverflow.com/q/56006287"", ""56006287"")",0.387866394001363,"1","71"
"=HYPERLINK(""https://stackoverflow.com/q/56028910"", ""56028910"")",0.7321036451471231,"2","6934"
"=HYPERLINK(""https://stackoverflow.com/q/56042376"", ""56042376"")",0.741559238796808,"1","527"
"=HYPERLINK(""https://stackoverflow.com/q/56661461"", ""56661461"")",0.5009832841691249,"0","90"
"=HYPERLINK(""https://stackoverflow.com/q/56751486"", ""56751486"")",0.4287068638604472,"0","1691"
"=HYPERLINK(""https://stackoverflow.com/q/56772072"", ""56772072"")",0.5242356450410144,"0","36"
"=HYPERLINK(""https://stackoverflow.com/q/56886938"", ""56886938"")",0.3642676767676766,"0","68"
"=HYPERLINK(""https://stackoverflow.com/q/56935694"", ""56935694"")",0.3831597222222221,"0","2864"
"=HYPERLINK(""https://stackoverflow.com/q/56995364"", ""56995364"")",0.4012890570267625,"0","861"
"=HYPERLINK(""https://stackoverflow.com/q/57115085"", ""57115085"")",0.6137316561844866,"0","357"
"=HYPERLINK(""https://stackoverflow.com/q/57167951"", ""57167951"")",0.5678598061148399,"0","38"
"=HYPERLINK(""https://stackoverflow.com/q/57186004"", ""57186004"")",0.3719228210246172,"0","453"
"=HYPERLINK(""https://stackoverflow.com/q/57205735"", ""57205735"")",0.2940785096473718,"0","59"
"=HYPERLINK(""https://stackoverflow.com/q/57214996"", ""57214996"")",0.3808429118773946,"0","232"
"=HYPERLINK(""https://stackoverflow.com/q/57251306"", ""57251306"")",0.6353958749168326,"0","24"
"=HYPERLINK(""https://stackoverflow.com/q/57278489"", ""57278489"")",0.3671085858585857,"0","104"
"=HYPERLINK(""https://stackoverflow.com/q/57303807"", ""57303807"")",0.5930621588307802,"0","372"
"=HYPERLINK(""https://stackoverflow.com/q/57466993"", ""57466993"")",0.7620995228357194,"0","155"
"=HYPERLINK(""https://stackoverflow.com/q/57648544"", ""57648544"")",0.5068072024593766,"0","1302"
"=HYPERLINK(""https://stackoverflow.com/q/57775247"", ""57775247"")",0.6061638280616383,"1","566"
"=HYPERLINK(""https://stackoverflow.com/q/57858372"", ""57858372"")",0.5054080629301866,"0","261"
"=HYPERLINK(""https://stackoverflow.com/q/57909595"", ""57909595"")",0.65491452991453,"0","384"
"=HYPERLINK(""https://stackoverflow.com/q/58083482"", ""58083482"")",0.2974697469746973,"1","967"
"=HYPERLINK(""https://stackoverflow.com/q/58112894"", ""58112894"")",0.3449216087252895,"0","480"
"=HYPERLINK(""https://stackoverflow.com/q/58143390"", ""58143390"")",0.2434055677298921,"1","1279"
"=HYPERLINK(""https://stackoverflow.com/q/58315403"", ""58315403"")",0.5923520923520926,"0","75"
"=HYPERLINK(""https://stackoverflow.com/q/58344651"", ""58344651"")",0.4245122985581003,"0","2433"
"=HYPERLINK(""https://stackoverflow.com/q/58360160"", ""58360160"")",0.4271402550091076,"0","79"
"=HYPERLINK(""https://stackoverflow.com/q/58470460"", ""58470460"")",0.3367260390161156,"0","352"
"=HYPERLINK(""https://stackoverflow.com/q/58488107"", ""58488107"")",0.7199180747567843,"1","602"
"=HYPERLINK(""https://stackoverflow.com/q/58542085"", ""58542085"")",0.388402980239715,"0","976"
"=HYPERLINK(""https://stackoverflow.com/q/58608345"", ""58608345"")",0.4081518704634281,"0","79"
"=HYPERLINK(""https://stackoverflow.com/q/58698121"", ""58698121"")",0.3920335429769392,"1","1150"
"=HYPERLINK(""https://stackoverflow.com/q/58707034"", ""58707034"")",0.3385012919896639,"3","78"
"=HYPERLINK(""https://stackoverflow.com/q/58717767"", ""58717767"")",0.3239171374764595,"0","402"
"=HYPERLINK(""https://stackoverflow.com/q/58742822"", ""58742822"")",0.4624069797279956,"0","82"
"=HYPERLINK(""https://stackoverflow.com/q/58885480"", ""58885480"")",0.3883121876201459,"0","50"
"=HYPERLINK(""https://stackoverflow.com/q/58944331"", ""58944331"")",0.3144731447314474,"0","25"
"=HYPERLINK(""https://stackoverflow.com/q/59062331"", ""59062331"")",0.2360870402464857,"3","1948"
"=HYPERLINK(""https://stackoverflow.com/q/59103273"", ""59103273"")",0.5901799687010953,"1","234"
"=HYPERLINK(""https://stackoverflow.com/q/59211352"", ""59211352"")",0.3519519519519518,"0","51"
"=HYPERLINK(""https://stackoverflow.com/q/59322480"", ""59322480"")",0.6868376068376069,"0","66"
"=HYPERLINK(""https://stackoverflow.com/q/59351658"", ""59351658"")",0.4895033282130057,"0","16"
"=HYPERLINK(""https://stackoverflow.com/q/59365775"", ""59365775"")",0.2899145299145301,"0","379"
"=HYPERLINK(""https://stackoverflow.com/q/59368495"", ""59368495"")",0.4839671886651755,"0","99"
"=HYPERLINK(""https://stackoverflow.com/q/59615918"", ""59615918"")",0.4282523729759909,"0","547"
"=HYPERLINK(""https://stackoverflow.com/q/59658068"", ""59658068"")",0.4617431803060544,"0","383"
"=HYPERLINK(""https://stackoverflow.com/q/59730597"", ""59730597"")",0.354055019649875,"0","770"
"=HYPERLINK(""https://stackoverflow.com/q/59861969"", ""59861969"")",0.6895589056393076,"0","46"
"=HYPERLINK(""https://stackoverflow.com/q/59880781"", ""59880781"")",0.6429539295392952,"2","101"
"=HYPERLINK(""https://stackoverflow.com/q/60017137"", ""60017137"")",0.333152075403299,"0","212"
"=HYPERLINK(""https://stackoverflow.com/q/60071979"", ""60071979"")",0.2758266584514275,"0","2893"
"=HYPERLINK(""https://stackoverflow.com/q/60084638"", ""60084638"")",0.3476767676767676,"0","153"
"=HYPERLINK(""https://stackoverflow.com/q/60088723"", ""60088723"")",0.7305095150399018,"0","52"
"=HYPERLINK(""https://stackoverflow.com/q/60152570"", ""60152570"")",0.2360726377346876,"1","209"
"=HYPERLINK(""https://stackoverflow.com/q/60159719"", ""60159719"")",0.4480286738351253,"0","2401"
"=HYPERLINK(""https://stackoverflow.com/q/60169520"", ""60169520"")",0.3374295954941117,"0","1020"
"=HYPERLINK(""https://stackoverflow.com/q/60201002"", ""60201002"")",0.328941589811155,"1","29"
"=HYPERLINK(""https://stackoverflow.com/q/60201239"", ""60201239"")",0.4995468551749142,"1","951"
"=HYPERLINK(""https://stackoverflow.com/q/60229963"", ""60229963"")",0.5660957400087835,"0","198"
"=HYPERLINK(""https://stackoverflow.com/q/60333431"", ""60333431"")",0.7849044379656623,"0","173"
"=HYPERLINK(""https://stackoverflow.com/q/60396720"", ""60396720"")",0.4733534439416791,"1","309"
"=HYPERLINK(""https://stackoverflow.com/q/60441651"", ""60441651"")",0.2611832611832611,"0","70"
"=HYPERLINK(""https://stackoverflow.com/q/60496009"", ""60496009"")",0.3106104371269018,"0","498"
"=HYPERLINK(""https://stackoverflow.com/q/60556126"", ""60556126"")",0.5071059431524548,"1","173"
"=HYPERLINK(""https://stackoverflow.com/q/60601475"", ""60601475"")",0.4111623143881206,"0","453"
"=HYPERLINK(""https://stackoverflow.com/q/60669625"", ""60669625"")",0.6848261003385657,"0","343"
"=HYPERLINK(""https://stackoverflow.com/q/60737172"", ""60737172"")",0.3290924512298561,"2","40"
"=HYPERLINK(""https://stackoverflow.com/q/60750126"", ""60750126"")",0.7756573367260391,"1","263"
"=HYPERLINK(""https://stackoverflow.com/q/60786550"", ""60786550"")",0.3845838458384584,"1","72"
"=HYPERLINK(""https://stackoverflow.com/q/60881924"", ""60881924"")",0.342407122068139,"0","188"
"=HYPERLINK(""https://stackoverflow.com/q/60966394"", ""60966394"")",0.3437691835481892,"1","1749"
"=HYPERLINK(""https://stackoverflow.com/q/60973579"", ""60973579"")",0.4866452991452992,"0","186"
"=HYPERLINK(""https://stackoverflow.com/q/60986606"", ""60986606"")",0.6895589056393076,"0","55"
"=HYPERLINK(""https://stackoverflow.com/q/61073250"", ""61073250"")",0.3003981179876946,"1","826"
"=HYPERLINK(""https://stackoverflow.com/q/61473114"", ""61473114"")",0.7550941945405611,"1","75"
"=HYPERLINK(""https://stackoverflow.com/q/61526443"", ""61526443"")",0.3331345656927053,"3","4563"
"=HYPERLINK(""https://stackoverflow.com/q/61530340"", ""61530340"")",0.4206658019887592,"1","29"
"=HYPERLINK(""https://stackoverflow.com/q/61552568"", ""61552568"")",0.6558505408062929,"0","202"
"=HYPERLINK(""https://stackoverflow.com/q/61611950"", ""61611950"")",0.4018231091401822,"0","295"
"=HYPERLINK(""https://stackoverflow.com/q/61632938"", ""61632938"")",0.3557449494949493,"0","68"
"=HYPERLINK(""https://stackoverflow.com/q/61778472"", ""61778472"")",0.5748670584942626,"0","612"
"=HYPERLINK(""https://stackoverflow.com/q/61838119"", ""61838119"")",0.6074681238615662,"2","1513"
"=HYPERLINK(""https://stackoverflow.com/q/61865302"", ""61865302"")",0.9735735735735734,"0","1024"
"=HYPERLINK(""https://stackoverflow.com/q/61919301"", ""61919301"")",0.4611602753195675,"1","526"
"=HYPERLINK(""https://stackoverflow.com/q/61931393"", ""61931393"")",0.5945299145299144,"0","138"
"=HYPERLINK(""https://stackoverflow.com/q/61939435"", ""61939435"")",0.558489827856025,"0","211"
"=HYPERLINK(""https://stackoverflow.com/q/62014768"", ""62014768"")",0.4799541809851087,"0","11"
"=HYPERLINK(""https://stackoverflow.com/q/62037429"", ""62037429"")",0.4131769960915689,"1","306"
"=HYPERLINK(""https://stackoverflow.com/q/62074209"", ""62074209"")",0.3515658515658516,"0","171"
"=HYPERLINK(""https://stackoverflow.com/q/62078096"", ""62078096"")",0.6380116959064324,"2","92"
"=HYPERLINK(""https://stackoverflow.com/q/62123831"", ""62123831"")",0.5479551212450235,"0","97"
"=HYPERLINK(""https://stackoverflow.com/q/62267379"", ""62267379"")",0.7462606837606838,"0","44"
"=HYPERLINK(""https://stackoverflow.com/q/62272274"", ""62272274"")",0.5395874916832997,"0","73"
"=HYPERLINK(""https://stackoverflow.com/q/62298548"", ""62298548"")",0.6713240186294078,"0","10"
"=HYPERLINK(""https://stackoverflow.com/q/62301497"", ""62301497"")",0.8458384583845838,"0","30"
"=HYPERLINK(""https://stackoverflow.com/q/62367700"", ""62367700"")",0.8623606305267204,"0","44"
"=HYPERLINK(""https://stackoverflow.com/q/62367733"", ""62367733"")",0.4300144300144299,"0","36"
"=HYPERLINK(""https://stackoverflow.com/q/62409480"", ""62409480"")",0.3673409557314571,"1","42"
"=HYPERLINK(""https://stackoverflow.com/q/62451809"", ""62451809"")",0.3907366346390737,"0","92"
"=HYPERLINK(""https://stackoverflow.com/q/62455979"", ""62455979"")",0.4962606837606839,"0","80"
"=HYPERLINK(""https://stackoverflow.com/q/62509768"", ""62509768"")",0.5144136579904842,"0","43"
"=HYPERLINK(""https://stackoverflow.com/q/62530087"", ""62530087"")",0.4140826873385009,"0","1470"
"=HYPERLINK(""https://stackoverflow.com/q/62549909"", ""62549909"")",0.3962728551336144,"0","15"
"=HYPERLINK(""https://stackoverflow.com/q/62552027"", ""62552027"")",0.5125448028673837,"1","612"
"=HYPERLINK(""https://stackoverflow.com/q/62564337"", ""62564337"")",0.3519932145886346,"0","10"
"=HYPERLINK(""https://stackoverflow.com/q/62587119"", ""62587119"")",0.4258585858585857,"0","21"
"=HYPERLINK(""https://stackoverflow.com/q/62601348"", ""62601348"")",0.4901206055940465,"0","68"
"=HYPERLINK(""https://stackoverflow.com/q/62655611"", ""62655611"")",0.5214416498024477,"0","44"
"=HYPERLINK(""https://stackoverflow.com/q/62670634"", ""62670634"")",0.5644784363713617,"0","286"
"=HYPERLINK(""https://stackoverflow.com/q/62688812"", ""62688812"")",0.485887817077528,"0","1952"
"=HYPERLINK(""https://stackoverflow.com/q/62694880"", ""62694880"")",0.8455988455988455,"0","43"
"=HYPERLINK(""https://stackoverflow.com/q/62704983"", ""62704983"")",0.3391053391053392,"0","98"
"=HYPERLINK(""https://stackoverflow.com/q/62746198"", ""62746198"")",0.407889974665219,"0","25"
"=HYPERLINK(""https://stackoverflow.com/q/62769573"", ""62769573"")",0.4801169590643276,"0","400"
"=HYPERLINK(""https://stackoverflow.com/q/62786729"", ""62786729"")",0.8411411411411409,"0","115"
"=HYPERLINK(""https://stackoverflow.com/q/62809154"", ""62809154"")",0.4274339486065869,"0","12"
"=HYPERLINK(""https://stackoverflow.com/q/62829942"", ""62829942"")",0.4315818281335523,"0","33"
"=HYPERLINK(""https://stackoverflow.com/q/62851896"", ""62851896"")",0.5595716198125835,"0","252"
"=HYPERLINK(""https://stackoverflow.com/q/62915134"", ""62915134"")",0.3210043602465796,"0","85"
"=HYPERLINK(""https://stackoverflow.com/q/62930633"", ""62930633"")",0.8164845173041897,"0","124"
"=HYPERLINK(""https://stackoverflow.com/q/62931529"", ""62931529"")",0.4105339105339104,"0","84"
"=HYPERLINK(""https://stackoverflow.com/q/63014471"", ""63014471"")",0.2940908053844399,"0","65"
"=HYPERLINK(""https://stackoverflow.com/q/63027341"", ""63027341"")",0.3539587491683298,"0","615"
"=HYPERLINK(""https://stackoverflow.com/q/63046715"", ""63046715"")",0.3300939423388405,"0","11"
"=HYPERLINK(""https://stackoverflow.com/q/63061209"", ""63061209"")",0.2989267676767676,"0","112"
"=HYPERLINK(""https://stackoverflow.com/q/63108314"", ""63108314"")",0.3252756573367261,"0","32"
"=HYPERLINK(""https://stackoverflow.com/q/63124469"", ""63124469"")",0.670048309178744,"0","134"
"=HYPERLINK(""https://stackoverflow.com/q/63157257"", ""63157257"")",0.5309470544369876,"0","125"
"=HYPERLINK(""https://stackoverflow.com/q/63224257"", ""63224257"")",0.4837606837606836,"1","159"
"=HYPERLINK(""https://stackoverflow.com/q/63253089"", ""63253089"")",0.5736866573686655,"0","634"
"=HYPERLINK(""https://stackoverflow.com/q/63263478"", ""63263478"")",0.4578386605783865,"0","114"
"=HYPERLINK(""https://stackoverflow.com/q/63373394"", ""63373394"")",0.792774369461486,"0","71"
"=HYPERLINK(""https://stackoverflow.com/q/63378158"", ""63378158"")",0.5924349881796691,"3","235"
"=HYPERLINK(""https://stackoverflow.com/q/63389883"", ""63389883"")",0.4576792859341335,"1","36"
"=HYPERLINK(""https://stackoverflow.com/q/63402844"", ""63402844"")",0.3370082144401209,"0","50"
"=HYPERLINK(""https://stackoverflow.com/q/63447945"", ""63447945"")",0.4915949159491595,"0","42"
"=HYPERLINK(""https://stackoverflow.com/q/63472298"", ""63472298"")",0.3326873385012917,"0","357"
"=HYPERLINK(""https://stackoverflow.com/q/63642381"", ""63642381"")",0.4305934688100293,"0","249"
"=HYPERLINK(""https://stackoverflow.com/q/63684530"", ""63684530"")",0.4421212849475286,"2","1283"
"=HYPERLINK(""https://stackoverflow.com/q/63688934"", ""63688934"")",0.9404542664211172,"0","369"
"=HYPERLINK(""https://stackoverflow.com/q/63715096"", ""63715096"")",0.3741209563994375,"1","155"
"=HYPERLINK(""https://stackoverflow.com/q/63725353"", ""63725353"")",0.4184679560106181,"0","546"
"=HYPERLINK(""https://stackoverflow.com/q/63740477"", ""63740477"")",0.2828541607363125,"0","264"
"=HYPERLINK(""https://stackoverflow.com/q/63744721"", ""63744721"")",0.523782014249952,"0","129"
"=HYPERLINK(""https://stackoverflow.com/q/63775028"", ""63775028"")",0.7031910803537101,"0","149"
"=HYPERLINK(""https://stackoverflow.com/q/63807956"", ""63807956"")",0.4347970725216234,"0","106"
"=HYPERLINK(""https://stackoverflow.com/q/63896666"", ""63896666"")",0.3238388503977417,"1","52"
"=HYPERLINK(""https://stackoverflow.com/q/63934707"", ""63934707"")",0.4696449026345933,"0","349"
"=HYPERLINK(""https://stackoverflow.com/q/63993949"", ""63993949"")",0.3764696141745321,"0","111"
"=HYPERLINK(""https://stackoverflow.com/q/64003750"", ""64003750"")",0.4691101890272015,"0","51"
"=HYPERLINK(""https://stackoverflow.com/q/64006817"", ""64006817"")",0.4477305401519819,"0","54"
"=HYPERLINK(""https://stackoverflow.com/q/64096986"", ""64096986"")",0.6988006336275173,"1","36"
"=HYPERLINK(""https://stackoverflow.com/q/64101305"", ""64101305"")",0.2763833847057096,"0","107"
"=HYPERLINK(""https://stackoverflow.com/q/64143792"", ""64143792"")",0.4835858585858585,"0","778"
"=HYPERLINK(""https://stackoverflow.com/q/64173249"", ""64173249"")",0.5312601230968577,"0","103"
"=HYPERLINK(""https://stackoverflow.com/q/64180144"", ""64180144"")",0.7682344921608725,"0","60"
"=HYPERLINK(""https://stackoverflow.com/q/64198110"", ""64198110"")",0.5796690307328605,"0","82"
"=HYPERLINK(""https://stackoverflow.com/q/64251536"", ""64251536"")",0.6520094562647754,"0","52"
"=HYPERLINK(""https://stackoverflow.com/q/64253275"", ""64253275"")",0.224631860776439,"1","61"
"=HYPERLINK(""https://stackoverflow.com/q/64256988"", ""64256988"")",0.6283760683760684,"0","290"
"=HYPERLINK(""https://stackoverflow.com/q/64260035"", ""64260035"")",0.3604710701484891,"0","165"
"=HYPERLINK(""https://stackoverflow.com/q/64312082"", ""64312082"")",0.5655058043117743,"0","364"
"=HYPERLINK(""https://stackoverflow.com/q/64342961"", ""64342961"")",0.3615079365079366,"0","151"
"=HYPERLINK(""https://stackoverflow.com/q/64370347"", ""64370347"")",0.2707490853071442,"0","18"
"=HYPERLINK(""https://stackoverflow.com/q/64375666"", ""64375666"")",0.3034103410341032,"0","36"
"=HYPERLINK(""https://stackoverflow.com/q/64376204"", ""64376204"")",0.5994677312042581,"0","49"
"=HYPERLINK(""https://stackoverflow.com/q/64380909"", ""64380909"")",0.4677667766776674,"2","91"
"=HYPERLINK(""https://stackoverflow.com/q/64447290"", ""64447290"")",0.4013266998341624,"0","879"
"=HYPERLINK(""https://stackoverflow.com/q/64459867"", ""64459867"")",0.4906785980611488,"0","59"
"=HYPERLINK(""https://stackoverflow.com/q/64536642"", ""64536642"")",0.3914529914529916,"0","21"
"=HYPERLINK(""https://stackoverflow.com/q/64553618"", ""64553618"")",0.4439795443979544,"0","149"
"=HYPERLINK(""https://stackoverflow.com/q/64572392"", ""64572392"")",0.2602570875154076,"0","129"
"=HYPERLINK(""https://stackoverflow.com/q/64585640"", ""64585640"")",0.3696876600102406,"0","99"
"=HYPERLINK(""https://stackoverflow.com/q/64602635"", ""64602635"")",0.3713934929404543,"0","31"
"=HYPERLINK(""https://stackoverflow.com/q/64668007"", ""64668007"")",0.4502352515381831,"0","63"
"=HYPERLINK(""https://stackoverflow.com/q/64687067"", ""64687067"")",0.3022222222222225,"2","73"
"=HYPERLINK(""https://stackoverflow.com/q/64700103"", ""64700103"")",0.364327485380117,"0","13"
"=HYPERLINK(""https://stackoverflow.com/q/64766817"", ""64766817"")",0.5778923253150056,"0","9"
"=HYPERLINK(""https://stackoverflow.com/q/64780791"", ""64780791"")",0.6645299145299145,"2","1314"
"=HYPERLINK(""https://stackoverflow.com/q/64793470"", ""64793470"")",0.5203752565230139,"0","38"
"=HYPERLINK(""https://stackoverflow.com/q/64805687"", ""64805687"")",0.5446403582423733,"0","159"
"=HYPERLINK(""https://stackoverflow.com/q/64809705"", ""64809705"")",0.3529152915291527,"0","74"
"=HYPERLINK(""https://stackoverflow.com/q/64809807"", ""64809807"")",0.6765158510310866,"2","46"
"=HYPERLINK(""https://stackoverflow.com/q/64877312"", ""64877312"")",0.4504830917874396,"0","22"
"=HYPERLINK(""https://stackoverflow.com/q/64883206"", ""64883206"")",0.5912259122591227,"0","55"
"=HYPERLINK(""https://stackoverflow.com/q/64915757"", ""64915757"")",0.2855133614627285,"1","38"
"=HYPERLINK(""https://stackoverflow.com/q/64971637"", ""64971637"")",0.4928989139515457,"0","182"
"=HYPERLINK(""https://stackoverflow.com/q/64974493"", ""64974493"")",0.297788972851945,"0","14"
"=HYPERLINK(""https://stackoverflow.com/q/64977688"", ""64977688"")",0.4036738351254483,"0","326"
"=HYPERLINK(""https://stackoverflow.com/q/65021483"", ""65021483"")",0.2474087893864013,"0","71"
"=HYPERLINK(""https://stackoverflow.com/q/65069170"", ""65069170"")",0.4111390987965292,"0","70"
"=HYPERLINK(""https://stackoverflow.com/q/65076261"", ""65076261"")",0.7357968828557063,"0","26"
"=HYPERLINK(""https://stackoverflow.com/q/65085117"", ""65085117"")",0.4973900074571215,"0","168"
"=HYPERLINK(""https://stackoverflow.com/q/65144076"", ""65144076"")",0.4396135265700485,"0","64"
"=HYPERLINK(""https://stackoverflow.com/q/65195794"", ""65195794"")",0.5165770609318996,"0","250"
"=HYPERLINK(""https://stackoverflow.com/q/65199547"", ""65199547"")",0.5039901780233272,"0","21"
"=HYPERLINK(""https://stackoverflow.com/q/65222330"", ""65222330"")",0.3749168330006651,"0","273"
"=HYPERLINK(""https://stackoverflow.com/q/65302851"", ""65302851"")",0.2702991452991453,"0","50"
"=HYPERLINK(""https://stackoverflow.com/q/65310081"", ""65310081"")",0.792434988179669,"0","47"
"=HYPERLINK(""https://stackoverflow.com/q/65336976"", ""65336976"")",0.8410746812386157,"0","88"
"=HYPERLINK(""https://stackoverflow.com/q/65388106"", ""65388106"")",0.4759028564238076,"0","22"
"=HYPERLINK(""https://stackoverflow.com/q/65405157"", ""65405157"")",0.3718481573843168,"0","30"
"=HYPERLINK(""https://stackoverflow.com/q/65444268"", ""65444268"")",0.2399071096820293,"1","64"
"=HYPERLINK(""https://stackoverflow.com/q/65489327"", ""65489327"")",0.473131313131313,"0","49"
"=HYPERLINK(""https://stackoverflow.com/q/65561139"", ""65561139"")",0.6529527008116428,"1","81"
"=HYPERLINK(""https://stackoverflow.com/q/65593161"", ""65593161"")",0.4651467505241089,"0","89"
"=HYPERLINK(""https://stackoverflow.com/q/65710654"", ""65710654"")",0.3257342370096531,"0","83"
"=HYPERLINK(""https://stackoverflow.com/q/65712946"", ""65712946"")",0.2603901611535199,"0","76"
"=HYPERLINK(""https://stackoverflow.com/q/65777393"", ""65777393"")",0.4433760683760684,"0","34"
"=HYPERLINK(""https://stackoverflow.com/q/65830901"", ""65830901"")",0.927485380116959,"0","61"
"=HYPERLINK(""https://stackoverflow.com/q/65836245"", ""65836245"")",0.3224860744649663,"0","585"
"=HYPERLINK(""https://stackoverflow.com/q/65917576"", ""65917576"")",0.2678248280854144,"0","29"
"=HYPERLINK(""https://stackoverflow.com/q/65917951"", ""65917951"")",0.566533599467731,"0","32"
"=HYPERLINK(""https://stackoverflow.com/q/65937000"", ""65937000"")",0.3163233458177277,"0","23"
"=HYPERLINK(""https://stackoverflow.com/q/65980432"", ""65980432"")",0.2999040964515686,"0","144"
"=HYPERLINK(""https://stackoverflow.com/q/65995427"", ""65995427"")",0.331008833100883,"0","31"
"=HYPERLINK(""https://stackoverflow.com/q/66000357"", ""66000357"")",0.4198966408268734,"0","15"
"=HYPERLINK(""https://stackoverflow.com/q/66006583"", ""66006583"")",0.4955341193283317,"0","22"
"=HYPERLINK(""https://stackoverflow.com/q/66061846"", ""66061846"")",0.2642872317824516,"0","82"
"=HYPERLINK(""https://stackoverflow.com/q/66106641"", ""66106641"")",0.4612279583598897,"0","74"
"=HYPERLINK(""https://stackoverflow.com/q/66137676"", ""66137676"")",0.451899641577061,"0","84"
"=HYPERLINK(""https://stackoverflow.com/q/66152228"", ""66152228"")",0.5570638511814981,"0","54"
"=HYPERLINK(""https://stackoverflow.com/q/66154154"", ""66154154"")",0.4107468123861568,"0","15"
"=HYPERLINK(""https://stackoverflow.com/q/66158257"", ""66158257"")",0.8820582877959926,"0","120"
"=HYPERLINK(""https://stackoverflow.com/q/66201483"", ""66201483"")",0.3882301273605623,"0","11"
"=HYPERLINK(""https://stackoverflow.com/q/66241015"", ""66241015"")",0.5599057458763821,"1","86"
"=HYPERLINK(""https://stackoverflow.com/q/66282176"", ""66282176"")",0.5258366800535476,"2","56"
"=HYPERLINK(""https://stackoverflow.com/q/66319984"", ""66319984"")",0.2506313131313131,"0","29"
"=HYPERLINK(""https://stackoverflow.com/q/66389762"", ""66389762"")",0.2802697156259163,"0","18"
"=HYPERLINK(""https://stackoverflow.com/q/66426614"", ""66426614"")",0.3916033297140789,"1","27"
"=HYPERLINK(""https://stackoverflow.com/q/66478339"", ""66478339"")",0.6971176197117619,"0","69"
"=HYPERLINK(""https://stackoverflow.com/q/66478512"", ""66478512"")",0.3859546165884195,"0","557"
"=HYPERLINK(""https://stackoverflow.com/q/66497061"", ""66497061"")",0.45418098510882,"0","21"
"=HYPERLINK(""https://stackoverflow.com/q/66548746"", ""66548746"")",0.3529040404040403,"0","34"
"=HYPERLINK(""https://stackoverflow.com/q/66552514"", ""66552514"")",0.459778783308195,"0","46"
"=HYPERLINK(""https://stackoverflow.com/q/66554088"", ""66554088"")",0.3049808429118774,"0","23"
"=HYPERLINK(""https://stackoverflow.com/q/66559463"", ""66559463"")",0.3017402945113789,"0","24"
"=HYPERLINK(""https://stackoverflow.com/q/66593463"", ""66593463"")",0.4558356676003734,"0","72"
"=HYPERLINK(""https://stackoverflow.com/q/66594708"", ""66594708"")",0.5108519598315515,"0","24"
"=HYPERLINK(""https://stackoverflow.com/q/66597132"", ""66597132"")",0.4241360978203085,"1","176"
"=HYPERLINK(""https://stackoverflow.com/q/66667580"", ""66667580"")",0.4561910263816678,"0","15"
"=HYPERLINK(""https://stackoverflow.com/q/66673555"", ""66673555"")",0.6756227260005596,"1","156"
"=HYPERLINK(""https://stackoverflow.com/q/66687592"", ""66687592"")",0.3419561468341954,"0","24"
"=HYPERLINK(""https://stackoverflow.com/q/66688942"", ""66688942"")",0.4437412095639945,"0","23"
"=HYPERLINK(""https://stackoverflow.com/q/66698050"", ""66698050"")",0.3818674550381863,"0","30"
"=HYPERLINK(""https://stackoverflow.com/q/66736694"", ""66736694"")",0.4542664211172499,"0","301"
"=HYPERLINK(""https://stackoverflow.com/q/66740092"", ""66740092"")",0.4198506807202457,"0","33"
"=HYPERLINK(""https://stackoverflow.com/q/66782722"", ""66782722"")",0.4067859806114839,"0","22"
"=HYPERLINK(""https://stackoverflow.com/q/66820840"", ""66820840"")",0.6082294598579276,"0","35"
"=HYPERLINK(""https://stackoverflow.com/q/66848050"", ""66848050"")",0.2527688460164344,"0","20"
"=HYPERLINK(""https://stackoverflow.com/q/66859752"", ""66859752"")",0.4929404542664212,"0","69"
"=HYPERLINK(""https://stackoverflow.com/q/66865330"", ""66865330"")",0.623861566484517,"0","22"
"=HYPERLINK(""https://stackoverflow.com/q/66891612"", ""66891612"")",0.2893363161819539,"0","14"
"=HYPERLINK(""https://stackoverflow.com/q/66907951"", ""66907951"")",0.7011695906432748,"0","21"
"=HYPERLINK(""https://stackoverflow.com/q/66921012"", ""66921012"")",0.4539295392953928,"0","67"
"=HYPERLINK(""https://stackoverflow.com/q/66946947"", ""66946947"")",0.3642455685257241,"0","46"
"=HYPERLINK(""https://stackoverflow.com/q/66963351"", ""66963351"")",0.3236047107014847,"0","24"
"=HYPERLINK(""https://stackoverflow.com/q/66996925"", ""66996925"")",0.264201232716975,"0","40"
"=HYPERLINK(""https://stackoverflow.com/q/67023220"", ""67023220"")",0.5100451004510046,"0","30"
"=HYPERLINK(""https://stackoverflow.com/q/67027117"", ""67027117"")",0.5410141685309471,"0","22"
"=HYPERLINK(""https://stackoverflow.com/q/67082873"", ""67082873"")",0.255779269202088,"0","43"
"=HYPERLINK(""https://stackoverflow.com/q/67099054"", ""67099054"")",0.4595639943741209,"0","53"
"=HYPERLINK(""https://stackoverflow.com/q/67119285"", ""67119285"")",0.3532567049808429,"0","14"
"=HYPERLINK(""https://stackoverflow.com/q/67120676"", ""67120676"")",0.5861462728551338,"0","19"
"=HYPERLINK(""https://stackoverflow.com/q/67159614"", ""67159614"")",0.3787687117857896,"0","63"
"=HYPERLINK(""https://stackoverflow.com/q/67182553"", ""67182553"")",0.4239267676767675,"0","18"
"=HYPERLINK(""https://stackoverflow.com/q/67194798"", ""67194798"")",0.3205669155036244,"0","67"
"=HYPERLINK(""https://stackoverflow.com/q/67223369"", ""67223369"")",0.3770979392394306,"0","9"
"=HYPERLINK(""https://stackoverflow.com/q/67244312"", ""67244312"")",0.6507936507936507,"0","26"
"=HYPERLINK(""https://stackoverflow.com/q/67277586"", ""67277586"")",0.4932694501483002,"0","46"
"=HYPERLINK(""https://stackoverflow.com/q/67283812"", ""67283812"")",0.3955925412236094,"0","29"
"=HYPERLINK(""https://stackoverflow.com/q/67284856"", ""67284856"")",0.532748538011696,"0","19"
"=HYPERLINK(""https://stackoverflow.com/q/67300862"", ""67300862"")",0.3916033297140789,"0","18"
"=HYPERLINK(""https://stackoverflow.com/q/67396311"", ""67396311"")",0.3879282740954212,"1","36"
"=HYPERLINK(""https://stackoverflow.com/q/67398614"", ""67398614"")",0.2679919864385884,"0","32"
"=HYPERLINK(""https://stackoverflow.com/q/67413839"", ""67413839"")",0.3919639196391966,"0","22"
"=HYPERLINK(""https://stackoverflow.com/q/67424575"", ""67424575"")",0.3194866599121919,"0","53"
"=HYPERLINK(""https://stackoverflow.com/q/67524828"", ""67524828"")",0.3527705250942848,"1","31"
"=HYPERLINK(""https://stackoverflow.com/q/67524843"", ""67524843"")",0.4401601937226411,"0","67"
"=HYPERLINK(""https://stackoverflow.com/q/67533132"", ""67533132"")",0.4252991452991456,"0","17"
"=HYPERLINK(""https://stackoverflow.com/q/67534859"", ""67534859"")",0.3286052009456265,"0","11"
"=HYPERLINK(""https://stackoverflow.com/q/67554449"", ""67554449"")",0.3651995140641061,"0","17"
"=HYPERLINK(""https://stackoverflow.com/q/67566679"", ""67566679"")",0.6380116959064324,"0","11"
"=HYPERLINK(""https://stackoverflow.com/q/67572745"", ""67572745"")",0.4402673350041768,"0","16"
"=HYPERLINK(""https://stackoverflow.com/q/67588409"", ""67588409"")",0.5438302624232272,"1","21"
"=HYPERLINK(""https://stackoverflow.com/q/67597863"", ""67597863"")",0.4168787107718409,"0","22"
"=HYPERLINK(""https://stackoverflow.com/q/67625165"", ""67625165"")",0.4357357357357354,"0","19"
"=HYPERLINK(""https://stackoverflow.com/q/67672106"", ""67672106"")",0.2980239714933596,"0","12"
"=HYPERLINK(""https://stackoverflow.com/q/67728686"", ""67728686"")",0.510565780504431,"0","12"
"=HYPERLINK(""https://stackoverflow.com/q/67742384"", ""67742384"")",0.3389886892880904,"0","8"
