link,Correlation
"=HYPERLINK(""https://stackoverflow.com/a/16222"", ""16222"")",0.8444218148902467
"=HYPERLINK(""https://stackoverflow.com/a/120046"", ""120046"")",0.48343594253884514
"=HYPERLINK(""https://stackoverflow.com/a/293496"", ""293496"")",0.8422222222222223
"=HYPERLINK(""https://stackoverflow.com/a/306763"", ""306763"")",0.4269202087994036
"=HYPERLINK(""https://stackoverflow.com/a/308512"", ""308512"")",0.392337864340299
"=HYPERLINK(""https://stackoverflow.com/a/325218"", ""325218"")",0.5195195195195192
"=HYPERLINK(""https://stackoverflow.com/a/390758"", ""390758"")",0.5296226017288636
"=HYPERLINK(""https://stackoverflow.com/a/403197"", ""403197"")",0.4532348804500704
"=HYPERLINK(""https://stackoverflow.com/a/445929"", ""445929"")",0.7787833081950728
"=HYPERLINK(""https://stackoverflow.com/a/478923"", ""478923"")",0.6398046398046398
"=HYPERLINK(""https://stackoverflow.com/a/581497"", ""581497"")",0.3642187798814304
"=HYPERLINK(""https://stackoverflow.com/a/598997"", ""598997"")",0.6274853801169588
"=HYPERLINK(""https://stackoverflow.com/a/624696"", ""624696"")",0.23486267166042468
"=HYPERLINK(""https://stackoverflow.com/a/677851"", ""677851"")",0.7584998247458815
"=HYPERLINK(""https://stackoverflow.com/a/679505"", ""679505"")",0.5439915197070443
"=HYPERLINK(""https://stackoverflow.com/a/804690"", ""804690"")",0.8704634282523729
"=HYPERLINK(""https://stackoverflow.com/a/920952"", ""920952"")",0.39750493627714956
"=HYPERLINK(""https://stackoverflow.com/a/969249"", ""969249"")",0.5190737964351156
"=HYPERLINK(""https://stackoverflow.com/a/1107379"", ""1107379"")",0.726159230096238
"=HYPERLINK(""https://stackoverflow.com/a/1118426"", ""1118426"")",0.320548582054858
"=HYPERLINK(""https://stackoverflow.com/a/1190927"", ""1190927"")",0.48173779315647836
"=HYPERLINK(""https://stackoverflow.com/a/1197068"", ""1197068"")",0.5867542419266559
"=HYPERLINK(""https://stackoverflow.com/a/1197114"", ""1197114"")",0.5115079365079366
"=HYPERLINK(""https://stackoverflow.com/a/1272282"", ""1272282"")",0.8052841114730366
"=HYPERLINK(""https://stackoverflow.com/a/1275182"", ""1275182"")",0.4100050276520864
"=HYPERLINK(""https://stackoverflow.com/a/1363302"", ""1363302"")",0.11695906432748529
"=HYPERLINK(""https://stackoverflow.com/a/1471684"", ""1471684"")",0.27046111961885316
"=HYPERLINK(""https://stackoverflow.com/a/1513961"", ""1513961"")",0.6879480286738351
"=HYPERLINK(""https://stackoverflow.com/a/1519048"", ""1519048"")",0.5617226847569127
"=HYPERLINK(""https://stackoverflow.com/a/1523738"", ""1523738"")",0.9066484517304187
"=HYPERLINK(""https://stackoverflow.com/a/1534864"", ""1534864"")",0.3222222222222222
"=HYPERLINK(""https://stackoverflow.com/a/1557073"", ""1557073"")",0.7280361757105943
"=HYPERLINK(""https://stackoverflow.com/a/1596987"", ""1596987"")",0.6417472881852829
"=HYPERLINK(""https://stackoverflow.com/a/1670146"", ""1670146"")",0.5489450779485483
"=HYPERLINK(""https://stackoverflow.com/a/1694389"", ""1694389"")",0.7065972222222222
"=HYPERLINK(""https://stackoverflow.com/a/1721336"", ""1721336"")",0.6444190185608951
"=HYPERLINK(""https://stackoverflow.com/a/1780051"", ""1780051"")",0.6959064327485379
"=HYPERLINK(""https://stackoverflow.com/a/1801315"", ""1801315"")",0.7485380116959066
"=HYPERLINK(""https://stackoverflow.com/a/1801802"", ""1801802"")",0.6531614487415593
"=HYPERLINK(""https://stackoverflow.com/a/1815848"", ""1815848"")",0.6452991452991453
"=HYPERLINK(""https://stackoverflow.com/a/1909385"", ""1909385"")",0.8567771960442118
"=HYPERLINK(""https://stackoverflow.com/a/1929102"", ""1929102"")",0.5468975468975472
"=HYPERLINK(""https://stackoverflow.com/a/1947064"", ""1947064"")",0.7420897718910964
"=HYPERLINK(""https://stackoverflow.com/a/2063830"", ""2063830"")",0.742613739351097
"=HYPERLINK(""https://stackoverflow.com/a/2103731"", ""2103731"")",0.7044788191285006
"=HYPERLINK(""https://stackoverflow.com/a/2136164"", ""2136164"")",0.4297511797511798
"=HYPERLINK(""https://stackoverflow.com/a/2185113"", ""2185113"")",0.38323917137476454
"=HYPERLINK(""https://stackoverflow.com/a/2287700"", ""2287700"")",0.8238649326945015
"=HYPERLINK(""https://stackoverflow.com/a/2377263"", ""2377263"")",0.2988179669030734
"=HYPERLINK(""https://stackoverflow.com/a/2383545"", ""2383545"")",0.8441734417344173
"=HYPERLINK(""https://stackoverflow.com/a/2446579"", ""2446579"")",0.5548014077425841
"=HYPERLINK(""https://stackoverflow.com/a/2475958"", ""2475958"")",0.785329018338727
"=HYPERLINK(""https://stackoverflow.com/a/2487515"", ""2487515"")",0.36034376918354827
"=HYPERLINK(""https://stackoverflow.com/a/2545392"", ""2545392"")",0.844342037890425
"=HYPERLINK(""https://stackoverflow.com/a/2552523"", ""2552523"")",0.5225015518311606
"=HYPERLINK(""https://stackoverflow.com/a/2556305"", ""2556305"")",0.4805248052480525
"=HYPERLINK(""https://stackoverflow.com/a/2761532"", ""2761532"")",0.3159722222222223
"=HYPERLINK(""https://stackoverflow.com/a/2855019"", ""2855019"")",0.4105339105339107
"=HYPERLINK(""https://stackoverflow.com/a/2900212"", ""2900212"")",0.5494949494949496
"=HYPERLINK(""https://stackoverflow.com/a/2944013"", ""2944013"")",0.40522222222222215
"=HYPERLINK(""https://stackoverflow.com/a/2944787"", ""2944787"")",0.37637241985068043
"=HYPERLINK(""https://stackoverflow.com/a/2953282"", ""2953282"")",0.650793650793651
"=HYPERLINK(""https://stackoverflow.com/a/3003074"", ""3003074"")",0.644855016679497
"=HYPERLINK(""https://stackoverflow.com/a/3027087"", ""3027087"")",0.4388600038513385
"=HYPERLINK(""https://stackoverflow.com/a/3175238"", ""3175238"")",0.6022222222222219
"=HYPERLINK(""https://stackoverflow.com/a/3317150"", ""3317150"")",0.2055048969942588
"=HYPERLINK(""https://stackoverflow.com/a/3489489"", ""3489489"")",0.44991452991453
"=HYPERLINK(""https://stackoverflow.com/a/3494365"", ""3494365"")",0.844342037890425
"=HYPERLINK(""https://stackoverflow.com/a/3496125"", ""3496125"")",0.4410587873191751
"=HYPERLINK(""https://stackoverflow.com/a/3568031"", ""3568031"")",0.535735735735736
"=HYPERLINK(""https://stackoverflow.com/a/3697422"", ""3697422"")",0.646063281824871
"=HYPERLINK(""https://stackoverflow.com/a/3763957"", ""3763957"")",0.5860326578373491
"=HYPERLINK(""https://stackoverflow.com/a/3786745"", ""3786745"")",0.3128852804089612
"=HYPERLINK(""https://stackoverflow.com/a/3793868"", ""3793868"")",0.5043077837195484
"=HYPERLINK(""https://stackoverflow.com/a/3805899"", ""3805899"")",0.30418943533697645
"=HYPERLINK(""https://stackoverflow.com/a/3861389"", ""3861389"")",0.37297599106644325
"=HYPERLINK(""https://stackoverflow.com/a/3895429"", ""3895429"")",0.5088671733622874
"=HYPERLINK(""https://stackoverflow.com/a/3914724"", ""3914724"")",0.741371158392435
"=HYPERLINK(""https://stackoverflow.com/a/4071181"", ""4071181"")",0.42008318478906725
"=HYPERLINK(""https://stackoverflow.com/a/4080099"", ""4080099"")",0.4235209235209233
"=HYPERLINK(""https://stackoverflow.com/a/4321950"", ""4321950"")",0.34328149082247467
"=HYPERLINK(""https://stackoverflow.com/a/4345969"", ""4345969"")",0.7263601532567049
"=HYPERLINK(""https://stackoverflow.com/a/4586818"", ""4586818"")",0.6822222222222221
"=HYPERLINK(""https://stackoverflow.com/a/4599012"", ""4599012"")",0.2975991066443326
"=HYPERLINK(""https://stackoverflow.com/a/4604690"", ""4604690"")",0.5341488277268094
"=HYPERLINK(""https://stackoverflow.com/a/4655482"", ""4655482"")",0.6416853094705444
"=HYPERLINK(""https://stackoverflow.com/a/4753576"", ""4753576"")",0.5394636015325671
"=HYPERLINK(""https://stackoverflow.com/a/4993143"", ""4993143"")",0.37720377203772043
"=HYPERLINK(""https://stackoverflow.com/a/5096475"", ""5096475"")",0.7986768906931285
"=HYPERLINK(""https://stackoverflow.com/a/5257614"", ""5257614"")",0.5052222222222222
"=HYPERLINK(""https://stackoverflow.com/a/5265899"", ""5265899"")",0.48708708708708703
"=HYPERLINK(""https://stackoverflow.com/a/5362773"", ""5362773"")",0.6339869281045752
"=HYPERLINK(""https://stackoverflow.com/a/5379690"", ""5379690"")",0.4000745712155111
"=HYPERLINK(""https://stackoverflow.com/a/5485894"", ""5485894"")",0.2056476365868631
"=HYPERLINK(""https://stackoverflow.com/a/5546717"", ""5546717"")",0.23862600771118136
"=HYPERLINK(""https://stackoverflow.com/a/5607357"", ""5607357"")",0.20643274853801177
"=HYPERLINK(""https://stackoverflow.com/a/5646415"", ""5646415"")",0.40194572452636923
"=HYPERLINK(""https://stackoverflow.com/a/5781864"", ""5781864"")",0.4802867383512544
"=HYPERLINK(""https://stackoverflow.com/a/5789947"", ""5789947"")",0.8270126413838988
"=HYPERLINK(""https://stackoverflow.com/a/5797880"", ""5797880"")",0.44874155923879694
"=HYPERLINK(""https://stackoverflow.com/a/5806544"", ""5806544"")",0.6345299145299143
"=HYPERLINK(""https://stackoverflow.com/a/5952163"", ""5952163"")",0.4122222222222218
"=HYPERLINK(""https://stackoverflow.com/a/5969756"", ""5969756"")",0.6606458675424192
"=HYPERLINK(""https://stackoverflow.com/a/5980798"", ""5980798"")",0.3748538011695907
"=HYPERLINK(""https://stackoverflow.com/a/5988435"", ""5988435"")",0.8890911542610572
"=HYPERLINK(""https://stackoverflow.com/a/6058427"", ""6058427"")",0.3129023229778895
"=HYPERLINK(""https://stackoverflow.com/a/6081682"", ""6081682"")",0.620790241315301
"=HYPERLINK(""https://stackoverflow.com/a/6100044"", ""6100044"")",0.7122222222222221
"=HYPERLINK(""https://stackoverflow.com/a/6207170"", ""6207170"")",0.5929794023788804
"=HYPERLINK(""https://stackoverflow.com/a/6374098"", ""6374098"")",0.3431557441458432
"=HYPERLINK(""https://stackoverflow.com/a/6461798"", ""6461798"")",0.1858585858585859
"=HYPERLINK(""https://stackoverflow.com/a/6495546"", ""6495546"")",0.4915291529152912
"=HYPERLINK(""https://stackoverflow.com/a/6520898"", ""6520898"")",0.34310134310134305
"=HYPERLINK(""https://stackoverflow.com/a/6612475"", ""6612475"")",0.5735735735735739
"=HYPERLINK(""https://stackoverflow.com/a/6837718"", ""6837718"")",0.33760683760683746
"=HYPERLINK(""https://stackoverflow.com/a/6837957"", ""6837957"")",0.40560331104743724
"=HYPERLINK(""https://stackoverflow.com/a/6839754"", ""6839754"")",0.3573573573573574
"=HYPERLINK(""https://stackoverflow.com/a/6924368"", ""6924368"")",0.7868563685636857
"=HYPERLINK(""https://stackoverflow.com/a/7019158"", ""7019158"")",0.7357968828557064
"=HYPERLINK(""https://stackoverflow.com/a/7268032"", ""7268032"")",0.34137115839243515
"=HYPERLINK(""https://stackoverflow.com/a/7437033"", ""7437033"")",0.4001363326516698
"=HYPERLINK(""https://stackoverflow.com/a/7549239"", ""7549239"")",0.6353204589980408
"=HYPERLINK(""https://stackoverflow.com/a/7573966"", ""7573966"")",0.6514257620452315
"=HYPERLINK(""https://stackoverflow.com/a/7587942"", ""7587942"")",0.4978127734033246
"=HYPERLINK(""https://stackoverflow.com/a/7688341"", ""7688341"")",0.41945405613225656
"=HYPERLINK(""https://stackoverflow.com/a/7693668"", ""7693668"")",0.42253038863208353
"=HYPERLINK(""https://stackoverflow.com/a/7748660"", ""7748660"")",0.3366069709223955
"=HYPERLINK(""https://stackoverflow.com/a/7791646"", ""7791646"")",0.5303693969922618
"=HYPERLINK(""https://stackoverflow.com/a/7879491"", ""7879491"")",0.7379338673238856
"=HYPERLINK(""https://stackoverflow.com/a/7882759"", ""7882759"")",0.8069973087274125
"=HYPERLINK(""https://stackoverflow.com/a/8003932"", ""8003932"")",0.2907153729071536
"=HYPERLINK(""https://stackoverflow.com/a/8042567"", ""8042567"")",0.4195195195195191
"=HYPERLINK(""https://stackoverflow.com/a/8182199"", ""8182199"")",0.4622884473877854
"=HYPERLINK(""https://stackoverflow.com/a/8348998"", ""8348998"")",0.42181899641577064
"=HYPERLINK(""https://stackoverflow.com/a/8484333"", ""8484333"")",0.36676003734827256
"=HYPERLINK(""https://stackoverflow.com/a/8557279"", ""8557279"")",0.42352092352092335
"=HYPERLINK(""https://stackoverflow.com/a/8574112"", ""8574112"")",0.5695906432748535
"=HYPERLINK(""https://stackoverflow.com/a/8650476"", ""8650476"")",0.46631671041119865
"=HYPERLINK(""https://stackoverflow.com/a/8658940"", ""8658940"")",0.6366191093817554
"=HYPERLINK(""https://stackoverflow.com/a/8754742"", ""8754742"")",0.22985581000848193
"=HYPERLINK(""https://stackoverflow.com/a/8808953"", ""8808953"")",0.7589869281045752
"=HYPERLINK(""https://stackoverflow.com/a/8992586"", ""8992586"")",0.4700098328416914
"=HYPERLINK(""https://stackoverflow.com/a/9083978"", ""9083978"")",0.501819199552197
"=HYPERLINK(""https://stackoverflow.com/a/9168622"", ""9168622"")",0.29714078899746654
"=HYPERLINK(""https://stackoverflow.com/a/9185560"", ""9185560"")",0.5765079365079366
"=HYPERLINK(""https://stackoverflow.com/a/9301944"", ""9301944"")",0.45099580712788273
"=HYPERLINK(""https://stackoverflow.com/a/9434364"", ""9434364"")",0.30517153097798244
"=HYPERLINK(""https://stackoverflow.com/a/9460514"", ""9460514"")",0.5005241090146751
"=HYPERLINK(""https://stackoverflow.com/a/9572835"", ""9572835"")",0.232748538011696
"=HYPERLINK(""https://stackoverflow.com/a/9721361"", ""9721361"")",0.5629424438288704
"=HYPERLINK(""https://stackoverflow.com/a/10199230"", ""10199230"")",0.23601532567049804
"=HYPERLINK(""https://stackoverflow.com/a/10350051"", ""10350051"")",0.2843064794284307
"=HYPERLINK(""https://stackoverflow.com/a/10402375"", ""10402375"")",0.4841577060931899
"=HYPERLINK(""https://stackoverflow.com/a/10408027"", ""10408027"")",0.3064327485380117
"=HYPERLINK(""https://stackoverflow.com/a/10427067"", ""10427067"")",0.3534722222222223
"=HYPERLINK(""https://stackoverflow.com/a/10427333"", ""10427333"")",0.3114529914529918
"=HYPERLINK(""https://stackoverflow.com/a/10509035"", ""10509035"")",0.5237297599106644
"=HYPERLINK(""https://stackoverflow.com/a/10539754"", ""10539754"")",0.3451137884872824
"=HYPERLINK(""https://stackoverflow.com/a/10662287"", ""10662287"")",0.47222222222222193
"=HYPERLINK(""https://stackoverflow.com/a/10877991"", ""10877991"")",0.1676767676767677
"=HYPERLINK(""https://stackoverflow.com/a/11094651"", ""11094651"")",0.553801169590643
"=HYPERLINK(""https://stackoverflow.com/a/11096187"", ""11096187"")",0.5030103995621239
"=HYPERLINK(""https://stackoverflow.com/a/11261580"", ""11261580"")",0.33582856304124464
"=HYPERLINK(""https://stackoverflow.com/a/11581633"", ""11581633"")",0.5719154737559649
"=HYPERLINK(""https://stackoverflow.com/a/11614452"", ""11614452"")",0.6293018682399214
"=HYPERLINK(""https://stackoverflow.com/a/11662292"", ""11662292"")",0.6429118773946361
"=HYPERLINK(""https://stackoverflow.com/a/11921694"", ""11921694"")",0.5245478036175714
"=HYPERLINK(""https://stackoverflow.com/a/12114895"", ""12114895"")",0.3733557234816678
"=HYPERLINK(""https://stackoverflow.com/a/12142244"", ""12142244"")",0.5240068622863893
"=HYPERLINK(""https://stackoverflow.com/a/12270936"", ""12270936"")",0.37789504544121977
"=HYPERLINK(""https://stackoverflow.com/a/12290498"", ""12290498"")",0.2155108128262492
"=HYPERLINK(""https://stackoverflow.com/a/12332663"", ""12332663"")",0.5942538844913516
"=HYPERLINK(""https://stackoverflow.com/a/12535142"", ""12535142"")",0.49562123700054744
"=HYPERLINK(""https://stackoverflow.com/a/12741093"", ""12741093"")",0.47222222222222215
"=HYPERLINK(""https://stackoverflow.com/a/13257926"", ""13257926"")",0.2439613526570049
"=HYPERLINK(""https://stackoverflow.com/a/13373329"", ""13373329"")",0.2542419266557196
"=HYPERLINK(""https://stackoverflow.com/a/13388876"", ""13388876"")",0.39812583668005325
"=HYPERLINK(""https://stackoverflow.com/a/13409664"", ""13409664"")",0.27076591154261054
"=HYPERLINK(""https://stackoverflow.com/a/13495126"", ""13495126"")",0.3505021056041467
"=HYPERLINK(""https://stackoverflow.com/a/13527966"", ""13527966"")",0.2541099773242629
"=HYPERLINK(""https://stackoverflow.com/a/13573263"", ""13573263"")",0.5922222222222219
"=HYPERLINK(""https://stackoverflow.com/a/13660231"", ""13660231"")",0.3801169590643273
"=HYPERLINK(""https://stackoverflow.com/a/13710643"", ""13710643"")",0.5712853728120904
"=HYPERLINK(""https://stackoverflow.com/a/13744900"", ""13744900"")",0.7118773946360154
"=HYPERLINK(""https://stackoverflow.com/a/13764064"", ""13764064"")",0.6631089217296114
"=HYPERLINK(""https://stackoverflow.com/a/13967907"", ""13967907"")",0.27645951035781524
"=HYPERLINK(""https://stackoverflow.com/a/14103339"", ""14103339"")",0.48569527611443764
"=HYPERLINK(""https://stackoverflow.com/a/14404233"", ""14404233"")",0.3571703191080353
"=HYPERLINK(""https://stackoverflow.com/a/14656474"", ""14656474"")",0.7907353417557498
"=HYPERLINK(""https://stackoverflow.com/a/14715458"", ""14715458"")",0.554883512544803
"=HYPERLINK(""https://stackoverflow.com/a/14717360"", ""14717360"")",0.3778261395236368
"=HYPERLINK(""https://stackoverflow.com/a/14766477"", ""14766477"")",0.5717031910803538
"=HYPERLINK(""https://stackoverflow.com/a/14817203"", ""14817203"")",0.3603233319632826
"=HYPERLINK(""https://stackoverflow.com/a/14932762"", ""14932762"")",0.29914529914529925
"=HYPERLINK(""https://stackoverflow.com/a/15148645"", ""15148645"")",0.4928407789232531
"=HYPERLINK(""https://stackoverflow.com/a/15271700"", ""15271700"")",0.4438131313131309
"=HYPERLINK(""https://stackoverflow.com/a/15940855"", ""15940855"")",0.3076493579006139
"=HYPERLINK(""https://stackoverflow.com/a/16027889"", ""16027889"")",0.45716909353272994
"=HYPERLINK(""https://stackoverflow.com/a/16102596"", ""16102596"")",0.5951035781544256
"=HYPERLINK(""https://stackoverflow.com/a/16249303"", ""16249303"")",0.6450410141685314
"=HYPERLINK(""https://stackoverflow.com/a/16426339"", ""16426339"")",0.43086883876357557
"=HYPERLINK(""https://stackoverflow.com/a/16969835"", ""16969835"")",0.3965947453397915
"=HYPERLINK(""https://stackoverflow.com/a/17320385"", ""17320385"")",0.32492492492492503
"=HYPERLINK(""https://stackoverflow.com/a/17732677"", ""17732677"")",0.56781045751634
"=HYPERLINK(""https://stackoverflow.com/a/17762869"", ""17762869"")",0.7497812773403324
"=HYPERLINK(""https://stackoverflow.com/a/18374561"", ""18374561"")",0.5673549655850544
"=HYPERLINK(""https://stackoverflow.com/a/18404832"", ""18404832"")",0.5290715372907152
"=HYPERLINK(""https://stackoverflow.com/a/18583530"", ""18583530"")",0.4575163398692811
"=HYPERLINK(""https://stackoverflow.com/a/19306218"", ""19306218"")",0.3852115460656388
"=HYPERLINK(""https://stackoverflow.com/a/19451756"", ""19451756"")",0.3187739463601532
"=HYPERLINK(""https://stackoverflow.com/a/20007116"", ""20007116"")",0.3323139653414884
"=HYPERLINK(""https://stackoverflow.com/a/20270860"", ""20270860"")",0.27874842982756654
"=HYPERLINK(""https://stackoverflow.com/a/20386013"", ""20386013"")",0.393363161819538
"=HYPERLINK(""https://stackoverflow.com/a/20546865"", ""20546865"")",0.33804603951422885
"=HYPERLINK(""https://stackoverflow.com/a/20929714"", ""20929714"")",0.8186913268880482
"=HYPERLINK(""https://stackoverflow.com/a/20957935"", ""20957935"")",0.5145299145299146
"=HYPERLINK(""https://stackoverflow.com/a/21082926"", ""21082926"")",0.48309178743961345
"=HYPERLINK(""https://stackoverflow.com/a/21228133"", ""21228133"")",0.35766890810118473
"=HYPERLINK(""https://stackoverflow.com/a/21449138"", ""21449138"")",0.2331931492655574
"=HYPERLINK(""https://stackoverflow.com/a/21612352"", ""21612352"")",0.36264775413711603
"=HYPERLINK(""https://stackoverflow.com/a/21709062"", ""21709062"")",0.5228357191547378
"=HYPERLINK(""https://stackoverflow.com/a/22180842"", ""22180842"")",0.4162222222222221
"=HYPERLINK(""https://stackoverflow.com/a/22284828"", ""22284828"")",0.33181126331811256
"=HYPERLINK(""https://stackoverflow.com/a/22957757"", ""22957757"")",0.4301634661974345
"=HYPERLINK(""https://stackoverflow.com/a/22964560"", ""22964560"")",0.22222222222222215
"=HYPERLINK(""https://stackoverflow.com/a/23128945"", ""23128945"")",0.30140774258421316
"=HYPERLINK(""https://stackoverflow.com/a/23180951"", ""23180951"")",0.293100496490327
"=HYPERLINK(""https://stackoverflow.com/a/23230040"", ""23230040"")",0.5952168746286396
"=HYPERLINK(""https://stackoverflow.com/a/23571168"", ""23571168"")",0.5603481518206355
"=HYPERLINK(""https://stackoverflow.com/a/23794434"", ""23794434"")",0.757655293088364
"=HYPERLINK(""https://stackoverflow.com/a/23967366"", ""23967366"")",0.2204502198595524
"=HYPERLINK(""https://stackoverflow.com/a/24021118"", ""24021118"")",0.4909969257795343
"=HYPERLINK(""https://stackoverflow.com/a/24050212"", ""24050212"")",0.39956212370005445
"=HYPERLINK(""https://stackoverflow.com/a/24266721"", ""24266721"")",0.6789529914529914
"=HYPERLINK(""https://stackoverflow.com/a/24309271"", ""24309271"")",0.5167007498295844
"=HYPERLINK(""https://stackoverflow.com/a/24316312"", ""24316312"")",0.38084291187739466
"=HYPERLINK(""https://stackoverflow.com/a/24672200"", ""24672200"")",0.2814174333961497
"=HYPERLINK(""https://stackoverflow.com/a/24807250"", ""24807250"")",0.35858585858585845
"=HYPERLINK(""https://stackoverflow.com/a/24887684"", ""24887684"")",0.4394823308522762
"=HYPERLINK(""https://stackoverflow.com/a/24902065"", ""24902065"")",0.43843843843843844
"=HYPERLINK(""https://stackoverflow.com/a/24979363"", ""24979363"")",0.3954175216066654
"=HYPERLINK(""https://stackoverflow.com/a/25306435"", ""25306435"")",0.29539295392953907
"=HYPERLINK(""https://stackoverflow.com/a/25431560"", ""25431560"")",0.4417344173441732
"=HYPERLINK(""https://stackoverflow.com/a/25614819"", ""25614819"")",0.5132152938157556
"=HYPERLINK(""https://stackoverflow.com/a/25803181"", ""25803181"")",0.20048309178743967
"=HYPERLINK(""https://stackoverflow.com/a/26425441"", ""26425441"")",0.4835287548855388
"=HYPERLINK(""https://stackoverflow.com/a/26434132"", ""26434132"")",0.2756573367260391
"=HYPERLINK(""https://stackoverflow.com/a/26474831"", ""26474831"")",0.26113272805879806
"=HYPERLINK(""https://stackoverflow.com/a/26583513"", ""26583513"")",0.15700483091787448
"=HYPERLINK(""https://stackoverflow.com/a/26831756"", ""26831756"")",0.3487044356609573
"=HYPERLINK(""https://stackoverflow.com/a/26977947"", ""26977947"")",0.2829957028852056
"=HYPERLINK(""https://stackoverflow.com/a/27254285"", ""27254285"")",0.24494949494949483
"=HYPERLINK(""https://stackoverflow.com/a/27442102"", ""27442102"")",0.3439934399343994
"=HYPERLINK(""https://stackoverflow.com/a/27710147"", ""27710147"")",0.5351993214588634
"=HYPERLINK(""https://stackoverflow.com/a/28162949"", ""28162949"")",0.4584426946631673
"=HYPERLINK(""https://stackoverflow.com/a/29114922"", ""29114922"")",0.4583738257207646
"=HYPERLINK(""https://stackoverflow.com/a/29513085"", ""29513085"")",0.6512597426137395
"=HYPERLINK(""https://stackoverflow.com/a/29784645"", ""29784645"")",0.38936919628562294
"=HYPERLINK(""https://stackoverflow.com/a/29807507"", ""29807507"")",0.734563783262916
"=HYPERLINK(""https://stackoverflow.com/a/30045516"", ""30045516"")",0.4200244200244199
"=HYPERLINK(""https://stackoverflow.com/a/30209134"", ""30209134"")",0.34722222222222227
"=HYPERLINK(""https://stackoverflow.com/a/30329503"", ""30329503"")",0.4124062713019768
"=HYPERLINK(""https://stackoverflow.com/a/30899324"", ""30899324"")",0.43551862111418904
"=HYPERLINK(""https://stackoverflow.com/a/31157469"", ""31157469"")",0.5236928104575163
"=HYPERLINK(""https://stackoverflow.com/a/31202004"", ""31202004"")",0.6150793650793648
"=HYPERLINK(""https://stackoverflow.com/a/31490006"", ""31490006"")",0.47222222222222215
"=HYPERLINK(""https://stackoverflow.com/a/31761433"", ""31761433"")",0.48509966449575687
"=HYPERLINK(""https://stackoverflow.com/a/31775869"", ""31775869"")",0.16959064327485399
"=HYPERLINK(""https://stackoverflow.com/a/31789662"", ""31789662"")",0.24998457646986247
"=HYPERLINK(""https://stackoverflow.com/a/31924853"", ""31924853"")",0.5093758746151693
"=HYPERLINK(""https://stackoverflow.com/a/32243364"", ""32243364"")",0.532372598162072
"=HYPERLINK(""https://stackoverflow.com/a/32435977"", ""32435977"")",0.6612466124661245
"=HYPERLINK(""https://stackoverflow.com/a/32606691"", ""32606691"")",0.2891236306729265
"=HYPERLINK(""https://stackoverflow.com/a/32733683"", ""32733683"")",0.542222222222222
"=HYPERLINK(""https://stackoverflow.com/a/32736604"", ""32736604"")",0.3091787439613526
"=HYPERLINK(""https://stackoverflow.com/a/32764059"", ""32764059"")",0.5592387968078577
"=HYPERLINK(""https://stackoverflow.com/a/32777152"", ""32777152"")",0.4222222222222222
"=HYPERLINK(""https://stackoverflow.com/a/33121242"", ""33121242"")",0.30367802811477
"=HYPERLINK(""https://stackoverflow.com/a/33268665"", ""33268665"")",0.44300144300144273
"=HYPERLINK(""https://stackoverflow.com/a/33532152"", ""33532152"")",0.39295392953929537
"=HYPERLINK(""https://stackoverflow.com/a/33634760"", ""33634760"")",0.3323917137476458
"=HYPERLINK(""https://stackoverflow.com/a/34271055"", ""34271055"")",0.3868928809048568
"=HYPERLINK(""https://stackoverflow.com/a/34389910"", ""34389910"")",0.434506704980843
"=HYPERLINK(""https://stackoverflow.com/a/34842745"", ""34842745"")",0.32038173142467624
"=HYPERLINK(""https://stackoverflow.com/a/35661754"", ""35661754"")",0.5190972222222221
"=HYPERLINK(""https://stackoverflow.com/a/35775454"", ""35775454"")",0.38757655293088394
"=HYPERLINK(""https://stackoverflow.com/a/36461172"", ""36461172"")",0.5903203817314249
"=HYPERLINK(""https://stackoverflow.com/a/36683881"", ""36683881"")",0.2745299145299147
"=HYPERLINK(""https://stackoverflow.com/a/37054075"", ""37054075"")",0.4392033542976939
"=HYPERLINK(""https://stackoverflow.com/a/37751212"", ""37751212"")",0.3749668522938212
"=HYPERLINK(""https://stackoverflow.com/a/37862848"", ""37862848"")",0.3996713904292464
"=HYPERLINK(""https://stackoverflow.com/a/37983414"", ""37983414"")",0.43073286052009463
"=HYPERLINK(""https://stackoverflow.com/a/38241441"", ""38241441"")",0.6119281045751632
"=HYPERLINK(""https://stackoverflow.com/a/38499215"", ""38499215"")",0.5289706884798911
"=HYPERLINK(""https://stackoverflow.com/a/38903330"", ""38903330"")",0.5190972222222221
"=HYPERLINK(""https://stackoverflow.com/a/39313501"", ""39313501"")",0.3455267844910261
"=HYPERLINK(""https://stackoverflow.com/a/39790815"", ""39790815"")",0.4876861397479954
"=HYPERLINK(""https://stackoverflow.com/a/39941551"", ""39941551"")",0.36755094194540555
"=HYPERLINK(""https://stackoverflow.com/a/40009633"", ""40009633"")",0.2900188323917136
"=HYPERLINK(""https://stackoverflow.com/a/40764835"", ""40764835"")",0.5271002710027098
"=HYPERLINK(""https://stackoverflow.com/a/40860215"", ""40860215"")",0.4170274170274167
"=HYPERLINK(""https://stackoverflow.com/a/40955601"", ""40955601"")",0.5772710821570755
"=HYPERLINK(""https://stackoverflow.com/a/40972261"", ""40972261"")",0.4147181439187965
"=HYPERLINK(""https://stackoverflow.com/a/41003661"", ""41003661"")",0.3276767676767676
"=HYPERLINK(""https://stackoverflow.com/a/41039187"", ""41039187"")",0.2938157557095201
"=HYPERLINK(""https://stackoverflow.com/a/41174322"", ""41174322"")",0.22222222222222207
"=HYPERLINK(""https://stackoverflow.com/a/41317556"", ""41317556"")",0.2741915876489181
"=HYPERLINK(""https://stackoverflow.com/a/41366243"", ""41366243"")",0.41074681238615685
"=HYPERLINK(""https://stackoverflow.com/a/41601404"", ""41601404"")",0.44853801169590646
"=HYPERLINK(""https://stackoverflow.com/a/41635625"", ""41635625"")",0.2249808429118773
"=HYPERLINK(""https://stackoverflow.com/a/42008662"", ""42008662"")",0.3331008833100881
"=HYPERLINK(""https://stackoverflow.com/a/42334075"", ""42334075"")",0.4572554816457254
"=HYPERLINK(""https://stackoverflow.com/a/42430920"", ""42430920"")",0.7049808429118773
"=HYPERLINK(""https://stackoverflow.com/a/42705889"", ""42705889"")",0.5420516465292583
"=HYPERLINK(""https://stackoverflow.com/a/42985398"", ""42985398"")",0.4168035030103995
"=HYPERLINK(""https://stackoverflow.com/a/43130957"", ""43130957"")",0.519312574442743
"=HYPERLINK(""https://stackoverflow.com/a/43227675"", ""43227675"")",0.5027100271002707
"=HYPERLINK(""https://stackoverflow.com/a/43405213"", ""43405213"")",0.341540404040404
"=HYPERLINK(""https://stackoverflow.com/a/43502062"", ""43502062"")",0.49583785740137526
"=HYPERLINK(""https://stackoverflow.com/a/43729308"", ""43729308"")",0.38317209029610094
"=HYPERLINK(""https://stackoverflow.com/a/43796769"", ""43796769"")",0.2908238053356788
"=HYPERLINK(""https://stackoverflow.com/a/44815640"", ""44815640"")",0.4450656727014555
"=HYPERLINK(""https://stackoverflow.com/a/45019553"", ""45019553"")",0.24764595103578152
"=HYPERLINK(""https://stackoverflow.com/a/45093972"", ""45093972"")",0.9152601969057665
"=HYPERLINK(""https://stackoverflow.com/a/45128319"", ""45128319"")",0.3859390363815139
"=HYPERLINK(""https://stackoverflow.com/a/45183005"", ""45183005"")",0.4286305679748301
"=HYPERLINK(""https://stackoverflow.com/a/45312503"", ""45312503"")",0.25347222222222215
"=HYPERLINK(""https://stackoverflow.com/a/45512278"", ""45512278"")",0.45299145299145305
"=HYPERLINK(""https://stackoverflow.com/a/45559375"", ""45559375"")",0.5577271082157076
"=HYPERLINK(""https://stackoverflow.com/a/45704313"", ""45704313"")",0.38988689288090483
"=HYPERLINK(""https://stackoverflow.com/a/45893763"", ""45893763"")",0.7622222222222222
"=HYPERLINK(""https://stackoverflow.com/a/46042868"", ""46042868"")",0.1936507936507936
"=HYPERLINK(""https://stackoverflow.com/a/46045591"", ""46045591"")",0.6649099692577953
"=HYPERLINK(""https://stackoverflow.com/a/46052952"", ""46052952"")",0.4505959246443673
"=HYPERLINK(""https://stackoverflow.com/a/46422411"", ""46422411"")",0.3921826965305228
"=HYPERLINK(""https://stackoverflow.com/a/46696805"", ""46696805"")",0.6683300066533595
"=HYPERLINK(""https://stackoverflow.com/a/46718776"", ""46718776"")",0.3257441005573343
"=HYPERLINK(""https://stackoverflow.com/a/46764761"", ""46764761"")",0.38735983690112147
"=HYPERLINK(""https://stackoverflow.com/a/47234342"", ""47234342"")",0.7910295616717637
"=HYPERLINK(""https://stackoverflow.com/a/47809285"", ""47809285"")",0.3650793650793651
"=HYPERLINK(""https://stackoverflow.com/a/47897888"", ""47897888"")",0.4036381514257618
"=HYPERLINK(""https://stackoverflow.com/a/47935356"", ""47935356"")",0.6075433231396535
"=HYPERLINK(""https://stackoverflow.com/a/48130015"", ""48130015"")",0.5485380116959062
"=HYPERLINK(""https://stackoverflow.com/a/48236734"", ""48236734"")",0.4661246612466122
"=HYPERLINK(""https://stackoverflow.com/a/48911814"", ""48911814"")",0.5923520923520925
"=HYPERLINK(""https://stackoverflow.com/a/49424152"", ""49424152"")",0.5086543830262422
"=HYPERLINK(""https://stackoverflow.com/a/49501787"", ""49501787"")",0.2261747913921827
"=HYPERLINK(""https://stackoverflow.com/a/49805174"", ""49805174"")",0.3277631193198477
"=HYPERLINK(""https://stackoverflow.com/a/49990913"", ""49990913"")",0.19519519519519504
"=HYPERLINK(""https://stackoverflow.com/a/50158454"", ""50158454"")",0.365079365079365
"=HYPERLINK(""https://stackoverflow.com/a/50368956"", ""50368956"")",0.46661419388692116
"=HYPERLINK(""https://stackoverflow.com/a/50564815"", ""50564815"")",0.6245545837382571
"=HYPERLINK(""https://stackoverflow.com/a/50591929"", ""50591929"")",0.24420024420024408
"=HYPERLINK(""https://stackoverflow.com/a/51290933"", ""51290933"")",0.27973988115259557
"=HYPERLINK(""https://stackoverflow.com/a/51826232"", ""51826232"")",0.4128837008214439
"=HYPERLINK(""https://stackoverflow.com/a/51939029"", ""51939029"")",0.34310134310134316
"=HYPERLINK(""https://stackoverflow.com/a/52050677"", ""52050677"")",0.20372173536730484
"=HYPERLINK(""https://stackoverflow.com/a/52054866"", ""52054866"")",0.3791989664082687
"=HYPERLINK(""https://stackoverflow.com/a/52286336"", ""52286336"")",0.5608048993875765
"=HYPERLINK(""https://stackoverflow.com/a/53003891"", ""53003891"")",0.5173921685549594
"=HYPERLINK(""https://stackoverflow.com/a/53595769"", ""53595769"")",0.295751633986928
"=HYPERLINK(""https://stackoverflow.com/a/53697638"", ""53697638"")",0.33047662005713435
"=HYPERLINK(""https://stackoverflow.com/a/54203694"", ""54203694"")",0.45478036175710584
"=HYPERLINK(""https://stackoverflow.com/a/54429841"", ""54429841"")",0.6752608962553716
"=HYPERLINK(""https://stackoverflow.com/a/54591882"", ""54591882"")",0.4860259032038173
"=HYPERLINK(""https://stackoverflow.com/a/54689961"", ""54689961"")",0.5095150399017804
"=HYPERLINK(""https://stackoverflow.com/a/54937965"", ""54937965"")",0.37818552497451585
"=HYPERLINK(""https://stackoverflow.com/a/55120501"", ""55120501"")",0.5012919896640826
"=HYPERLINK(""https://stackoverflow.com/a/55304589"", ""55304589"")",0.4799541809851087
"=HYPERLINK(""https://stackoverflow.com/a/55512583"", ""55512583"")",0.2776545947277655
"=HYPERLINK(""https://stackoverflow.com/a/55622159"", ""55622159"")",0.2378472222222223
"=HYPERLINK(""https://stackoverflow.com/a/55821369"", ""55821369"")",0.4751866490996925
"=HYPERLINK(""https://stackoverflow.com/a/55857995"", ""55857995"")",0.5247110543855916
"=HYPERLINK(""https://stackoverflow.com/a/56059283"", ""56059283"")",0.6863106200122775
"=HYPERLINK(""https://stackoverflow.com/a/56443960"", ""56443960"")",0.32774986041317683
"=HYPERLINK(""https://stackoverflow.com/a/57077937"", ""57077937"")",0.2222222222222222
"=HYPERLINK(""https://stackoverflow.com/a/57263153"", ""57263153"")",0.3356242840778923
"=HYPERLINK(""https://stackoverflow.com/a/57825716"", ""57825716"")",0.4251742517425175
"=HYPERLINK(""https://stackoverflow.com/a/58016073"", ""58016073"")",0.4194540561322567
"=HYPERLINK(""https://stackoverflow.com/a/58106817"", ""58106817"")",0.37228951697323165
"=HYPERLINK(""https://stackoverflow.com/a/58119971"", ""58119971"")",0.40688131313131304
"=HYPERLINK(""https://stackoverflow.com/a/58489704"", ""58489704"")",0.36507936507936495
"=HYPERLINK(""https://stackoverflow.com/a/58491308"", ""58491308"")",0.7564687975646879
"=HYPERLINK(""https://stackoverflow.com/a/59182215"", ""59182215"")",0.17153097798259084
"=HYPERLINK(""https://stackoverflow.com/a/59398941"", ""59398941"")",0.8686310620012279
"=HYPERLINK(""https://stackoverflow.com/a/59702053"", ""59702053"")",0.43448637316561844
"=HYPERLINK(""https://stackoverflow.com/a/59872282"", ""59872282"")",0.476365868631062
"=HYPERLINK(""https://stackoverflow.com/a/59880075"", ""59880075"")",0.37087087087087095
"=HYPERLINK(""https://stackoverflow.com/a/60067076"", ""60067076"")",0.2603504717889469
"=HYPERLINK(""https://stackoverflow.com/a/60125025"", ""60125025"")",0.2537182852143482
"=HYPERLINK(""https://stackoverflow.com/a/60848717"", ""60848717"")",0.2936507936507937
"=HYPERLINK(""https://stackoverflow.com/a/60933198"", ""60933198"")",0.5768733850129203
"=HYPERLINK(""https://stackoverflow.com/a/61393002"", ""61393002"")",0.7866394001363324
"=HYPERLINK(""https://stackoverflow.com/a/61491622"", ""61491622"")",0.3139943741209565
"=HYPERLINK(""https://stackoverflow.com/a/61491870"", ""61491870"")",0.2686507936507937
"=HYPERLINK(""https://stackoverflow.com/a/61722351"", ""61722351"")",0.28293650793650804
"=HYPERLINK(""https://stackoverflow.com/a/61812916"", ""61812916"")",0.40018832391713743
"=HYPERLINK(""https://stackoverflow.com/a/61864148"", ""61864148"")",0.39336316181953784
"=HYPERLINK(""https://stackoverflow.com/a/61927643"", ""61927643"")",0.5022974101921471
"=HYPERLINK(""https://stackoverflow.com/a/62049883"", ""62049883"")",0.5096473719228208
"=HYPERLINK(""https://stackoverflow.com/a/62098002"", ""62098002"")",0.2552410901467506
"=HYPERLINK(""https://stackoverflow.com/a/62120889"", ""62120889"")",0.4028765607712977
"=HYPERLINK(""https://stackoverflow.com/a/62169871"", ""62169871"")",0.6522222222222221
"=HYPERLINK(""https://stackoverflow.com/a/62283909"", ""62283909"")",0.5243498817966904
"=HYPERLINK(""https://stackoverflow.com/a/62364126"", ""62364126"")",0.31520754032988946
"=HYPERLINK(""https://stackoverflow.com/a/62576270"", ""62576270"")",0.3731097961867193
"=HYPERLINK(""https://stackoverflow.com/a/62578845"", ""62578845"")",0.5432748538011694
"=HYPERLINK(""https://stackoverflow.com/a/62736094"", ""62736094"")",0.43129023229778884
"=HYPERLINK(""https://stackoverflow.com/a/62930317"", ""62930317"")",0.40604575163398693
"=HYPERLINK(""https://stackoverflow.com/a/63078933"", ""63078933"")",0.541240627130198
"=HYPERLINK(""https://stackoverflow.com/a/63620584"", ""63620584"")",0.3218532185321855
"=HYPERLINK(""https://stackoverflow.com/a/63930505"", ""63930505"")",0.304696449026346
"=HYPERLINK(""https://stackoverflow.com/a/63951614"", ""63951614"")",0.2222222222222222
"=HYPERLINK(""https://stackoverflow.com/a/64124832"", ""64124832"")",0.6354055019649878
"=HYPERLINK(""https://stackoverflow.com/a/64879471"", ""64879471"")",0.29914529914529914
"=HYPERLINK(""https://stackoverflow.com/a/64922630"", ""64922630"")",0.42314600975109046
"=HYPERLINK(""https://stackoverflow.com/a/65335327"", ""65335327"")",0.3109318996415772
"=HYPERLINK(""https://stackoverflow.com/a/65415277"", ""65415277"")",0.39613526570048335
"=HYPERLINK(""https://stackoverflow.com/a/65846872"", ""65846872"")",0.6322222222222218
"=HYPERLINK(""https://stackoverflow.com/a/66195103"", ""66195103"")",0.4107468123861568
"=HYPERLINK(""https://stackoverflow.com/a/66261664"", ""66261664"")",0.5540806293018682
"=HYPERLINK(""https://stackoverflow.com/a/66299788"", ""66299788"")",0.3688020267824829
"=HYPERLINK(""https://stackoverflow.com/a/66312515"", ""66312515"")",0.576204523107178
"=HYPERLINK(""https://stackoverflow.com/a/66352532"", ""66352532"")",0.5307472560517216
"=HYPERLINK(""https://stackoverflow.com/a/66569511"", ""66569511"")",0.27485380116959074
"=HYPERLINK(""https://stackoverflow.com/a/66596303"", ""66596303"")",0.3808429118773946
"=HYPERLINK(""https://stackoverflow.com/a/66746438"", ""66746438"")",0.5147123407992975
"=HYPERLINK(""https://stackoverflow.com/a/66784152"", ""66784152"")",0.37606837606837623
"=HYPERLINK(""https://stackoverflow.com/a/66860831"", ""66860831"")",0.6959064327485379
"=HYPERLINK(""https://stackoverflow.com/a/67127622"", ""67127622"")",0.3769183548189074
"=HYPERLINK(""https://stackoverflow.com/a/67301813"", ""67301813"")",0.38796807857581345
"=HYPERLINK(""https://stackoverflow.com/a/67429591"", ""67429591"")",0.4472731387191671
"=HYPERLINK(""https://stackoverflow.com/a/67519421"", ""67519421"")",0.5432748538011695
"=HYPERLINK(""https://stackoverflow.com/a/67539679"", ""67539679"")",0.3664885600767227
"=HYPERLINK(""https://stackoverflow.com/a/67603811"", ""67603811"")",0.34253472222222253
