link,Correlation
"=HYPERLINK(""https://stackoverflow.com/a/28692"", ""28692"")",0.6207462074620747
"=HYPERLINK(""https://stackoverflow.com/a/1066546"", ""1066546"")",0.41053391053391025
"=HYPERLINK(""https://stackoverflow.com/a/2041656"", ""2041656"")",0.43445931591247133
"=HYPERLINK(""https://stackoverflow.com/a/2063672"", ""2063672"")",0.5605455755156351
"=HYPERLINK(""https://stackoverflow.com/a/2137977"", ""2137977"")",0.6876767676767674
"=HYPERLINK(""https://stackoverflow.com/a/2187664"", ""2187664"")",0.7387057387057386
"=HYPERLINK(""https://stackoverflow.com/a/2877508"", ""2877508"")",0.3640907343329486
"=HYPERLINK(""https://stackoverflow.com/a/4089971"", ""4089971"")",0.3718285214348211
"=HYPERLINK(""https://stackoverflow.com/a/4092611"", ""4092611"")",0.43018682399213415
"=HYPERLINK(""https://stackoverflow.com/a/5238043"", ""5238043"")",0.29438717067583053
"=HYPERLINK(""https://stackoverflow.com/a/5328469"", ""5328469"")",0.33256704980842916
"=HYPERLINK(""https://stackoverflow.com/a/6362977"", ""6362977"")",0.4417344173441731
"=HYPERLINK(""https://stackoverflow.com/a/6487288"", ""6487288"")",0.5540194572452628
"=HYPERLINK(""https://stackoverflow.com/a/6735829"", ""6735829"")",0.6153256704980843
"=HYPERLINK(""https://stackoverflow.com/a/7497225"", ""7497225"")",0.7277167277167276
"=HYPERLINK(""https://stackoverflow.com/a/7606751"", ""7606751"")",0.18650793650793648
"=HYPERLINK(""https://stackoverflow.com/a/7767482"", ""7767482"")",0.5542380324989014
"=HYPERLINK(""https://stackoverflow.com/a/9194370"", ""9194370"")",0.5074571215510815
"=HYPERLINK(""https://stackoverflow.com/a/9362709"", ""9362709"")",0.46762099522835665
"=HYPERLINK(""https://stackoverflow.com/a/9504035"", ""9504035"")",0.33606837606837636
"=HYPERLINK(""https://stackoverflow.com/a/9509493"", ""9509493"")",0.5419896640826867
"=HYPERLINK(""https://stackoverflow.com/a/9815611"", ""9815611"")",0.5488553880513674
"=HYPERLINK(""https://stackoverflow.com/a/10146634"", ""10146634"")",0.5191385217816942
"=HYPERLINK(""https://stackoverflow.com/a/10537327"", ""10537327"")",0.5043650793650795
"=HYPERLINK(""https://stackoverflow.com/a/11226682"", ""11226682"")",0.18563685636856364
"=HYPERLINK(""https://stackoverflow.com/a/11250189"", ""11250189"")",0.5098328416912494
"=HYPERLINK(""https://stackoverflow.com/a/11252710"", ""11252710"")",0.39171374764595096
"=HYPERLINK(""https://stackoverflow.com/a/11479169"", ""11479169"")",0.5840312674483524
"=HYPERLINK(""https://stackoverflow.com/a/12423572"", ""12423572"")",0.36175710594315197
"=HYPERLINK(""https://stackoverflow.com/a/13224901"", ""13224901"")",0.3254967814161768
"=HYPERLINK(""https://stackoverflow.com/a/13388609"", ""13388609"")",0.4562647754137117
"=HYPERLINK(""https://stackoverflow.com/a/13458801"", ""13458801"")",0.35924846128927795
"=HYPERLINK(""https://stackoverflow.com/a/14579305"", ""14579305"")",0.52143482064742
"=HYPERLINK(""https://stackoverflow.com/a/15344633"", ""15344633"")",0.44936903662665445
"=HYPERLINK(""https://stackoverflow.com/a/15553005"", ""15553005"")",0.5543255432554326
"=HYPERLINK(""https://stackoverflow.com/a/16599330"", ""16599330"")",0.41400304414003053
"=HYPERLINK(""https://stackoverflow.com/a/16803510"", ""16803510"")",0.290095525389643
"=HYPERLINK(""https://stackoverflow.com/a/17265091"", ""17265091"")",0.3582856304124467
"=HYPERLINK(""https://stackoverflow.com/a/17886698"", ""17886698"")",0.42075163398692794
"=HYPERLINK(""https://stackoverflow.com/a/18447749"", ""18447749"")",0.3787107718405433
"=HYPERLINK(""https://stackoverflow.com/a/19110091"", ""19110091"")",0.2915790948577836
"=HYPERLINK(""https://stackoverflow.com/a/19163581"", ""19163581"")",0.48558100084817696
"=HYPERLINK(""https://stackoverflow.com/a/19505884"", ""19505884"")",0.34529914529914574
"=HYPERLINK(""https://stackoverflow.com/a/20476815"", ""20476815"")",0.36991452991453055
"=HYPERLINK(""https://stackoverflow.com/a/20536584"", ""20536584"")",0.4203789042498716
"=HYPERLINK(""https://stackoverflow.com/a/24110108"", ""24110108"")",0.5216234198270123
"=HYPERLINK(""https://stackoverflow.com/a/24398593"", ""24398593"")",0.31760225202848136
"=HYPERLINK(""https://stackoverflow.com/a/25168212"", ""25168212"")",0.4722222222222222
"=HYPERLINK(""https://stackoverflow.com/a/25258948"", ""25258948"")",0.29295731237478817
"=HYPERLINK(""https://stackoverflow.com/a/25451319"", ""25451319"")",0.5268579838116265
"=HYPERLINK(""https://stackoverflow.com/a/25569064"", ""25569064"")",0.5708460754332316
"=HYPERLINK(""https://stackoverflow.com/a/25849863"", ""25849863"")",0.433948606587043
"=HYPERLINK(""https://stackoverflow.com/a/26593088"", ""26593088"")",0.3218532185321855
"=HYPERLINK(""https://stackoverflow.com/a/26685100"", ""26685100"")",0.4001363326516698
"=HYPERLINK(""https://stackoverflow.com/a/27054113"", ""27054113"")",0.34420150875847105
"=HYPERLINK(""https://stackoverflow.com/a/27370347"", ""27370347"")",0.4404040404040403
"=HYPERLINK(""https://stackoverflow.com/a/27550218"", ""27550218"")",0.29722222222222233
"=HYPERLINK(""https://stackoverflow.com/a/28094212"", ""28094212"")",0.7313131313131314
"=HYPERLINK(""https://stackoverflow.com/a/29036758"", ""29036758"")",0.11695906432748544
"=HYPERLINK(""https://stackoverflow.com/a/29969118"", ""29969118"")",0.48230286738351297
"=HYPERLINK(""https://stackoverflow.com/a/30240894"", ""30240894"")",0.5465465465465458
"=HYPERLINK(""https://stackoverflow.com/a/30445726"", ""30445726"")",0.5086543830262419
"=HYPERLINK(""https://stackoverflow.com/a/30500356"", ""30500356"")",0.11695906432748532
"=HYPERLINK(""https://stackoverflow.com/a/30510291"", ""30510291"")",0.45299145299145294
"=HYPERLINK(""https://stackoverflow.com/a/30768444"", ""30768444"")",0.5147123407992968
"=HYPERLINK(""https://stackoverflow.com/a/31059373"", ""31059373"")",0.16727716727716724
"=HYPERLINK(""https://stackoverflow.com/a/31270281"", ""31270281"")",0.4203789042498717
"=HYPERLINK(""https://stackoverflow.com/a/31404803"", ""31404803"")",0.41365799048418667
"=HYPERLINK(""https://stackoverflow.com/a/31732883"", ""31732883"")",0.505959246443675
"=HYPERLINK(""https://stackoverflow.com/a/32544598"", ""32544598"")",0.4295392953929536
"=HYPERLINK(""https://stackoverflow.com/a/32569399"", ""32569399"")",0.38568376068376076
"=HYPERLINK(""https://stackoverflow.com/a/32592923"", ""32592923"")",0.3873598369011214
"=HYPERLINK(""https://stackoverflow.com/a/32832309"", ""32832309"")",0.36801277663700627
"=HYPERLINK(""https://stackoverflow.com/a/33028407"", ""33028407"")",0.44387170675830456
"=HYPERLINK(""https://stackoverflow.com/a/33781857"", ""33781857"")",0.5531045751633988
"=HYPERLINK(""https://stackoverflow.com/a/34547452"", ""34547452"")",0.4477305401519824
"=HYPERLINK(""https://stackoverflow.com/a/35989348"", ""35989348"")",0.7497812773403338
"=HYPERLINK(""https://stackoverflow.com/a/36603967"", ""36603967"")",0.34203789042498706
"=HYPERLINK(""https://stackoverflow.com/a/36653961"", ""36653961"")",0.34895489548954867
"=HYPERLINK(""https://stackoverflow.com/a/37104404"", ""37104404"")",0.5586277521761386
"=HYPERLINK(""https://stackoverflow.com/a/37282168"", ""37282168"")",0.36164529914529936
"=HYPERLINK(""https://stackoverflow.com/a/37571813"", ""37571813"")",0.4095573145705074
"=HYPERLINK(""https://stackoverflow.com/a/37854719"", ""37854719"")",0.37147595356550567
"=HYPERLINK(""https://stackoverflow.com/a/38149052"", ""38149052"")",0.6135265700483079
"=HYPERLINK(""https://stackoverflow.com/a/39355411"", ""39355411"")",0.44308111792774335
"=HYPERLINK(""https://stackoverflow.com/a/39850513"", ""39850513"")",0.7158392434988181
"=HYPERLINK(""https://stackoverflow.com/a/39950633"", ""39950633"")",0.5951035781544249
"=HYPERLINK(""https://stackoverflow.com/a/40350633"", ""40350633"")",0.8064439706230762
"=HYPERLINK(""https://stackoverflow.com/a/42208888"", ""42208888"")",0.24715297014465998
"=HYPERLINK(""https://stackoverflow.com/a/42214177"", ""42214177"")",0.47222222222222227
"=HYPERLINK(""https://stackoverflow.com/a/43647443"", ""43647443"")",0.3138989411607021
"=HYPERLINK(""https://stackoverflow.com/a/44385292"", ""44385292"")",0.6784434203789034
"=HYPERLINK(""https://stackoverflow.com/a/44440862"", ""44440862"")",0.7991452991452997
"=HYPERLINK(""https://stackoverflow.com/a/44526543"", ""44526543"")",0.395195195195195
"=HYPERLINK(""https://stackoverflow.com/a/45444148"", ""45444148"")",0.4168330006653357
"=HYPERLINK(""https://stackoverflow.com/a/45761190"", ""45761190"")",0.5955406078724463
"=HYPERLINK(""https://stackoverflow.com/a/45874750"", ""45874750"")",0.615079365079365
"=HYPERLINK(""https://stackoverflow.com/a/46372902"", ""46372902"")",0.8000910746812395
"=HYPERLINK(""https://stackoverflow.com/a/46596897"", ""46596897"")",0.5596455351056571
"=HYPERLINK(""https://stackoverflow.com/a/46615666"", ""46615666"")",0.5483091787439618
"=HYPERLINK(""https://stackoverflow.com/a/48285148"", ""48285148"")",0.48784722222222265
"=HYPERLINK(""https://stackoverflow.com/a/48946415"", ""48946415"")",0.2682303413020599
"=HYPERLINK(""https://stackoverflow.com/a/50389336"", ""50389336"")",0.5306559571619808
"=HYPERLINK(""https://stackoverflow.com/a/51826985"", ""51826985"")",0.5468975468975464
"=HYPERLINK(""https://stackoverflow.com/a/51925280"", ""51925280"")",0.6893502499038825
"=HYPERLINK(""https://stackoverflow.com/a/52375192"", ""52375192"")",0.2450607214065616
"=HYPERLINK(""https://stackoverflow.com/a/52444909"", ""52444909"")",0.3838988689288088
"=HYPERLINK(""https://stackoverflow.com/a/52953721"", ""52953721"")",0.2694663167104113
"=HYPERLINK(""https://stackoverflow.com/a/53689783"", ""53689783"")",0.22874396135265673
"=HYPERLINK(""https://stackoverflow.com/a/54510538"", ""54510538"")",0.5946360153256707
"=HYPERLINK(""https://stackoverflow.com/a/54518716"", ""54518716"")",0.5047666009204475
"=HYPERLINK(""https://stackoverflow.com/a/54718577"", ""54718577"")",0.46908414690841427
"=HYPERLINK(""https://stackoverflow.com/a/54906401"", ""54906401"")",0.2702537182852143
"=HYPERLINK(""https://stackoverflow.com/a/55252244"", ""55252244"")",0.49935848088273016
"=HYPERLINK(""https://stackoverflow.com/a/55417221"", ""55417221"")",0.5187739463601533
"=HYPERLINK(""https://stackoverflow.com/a/56033766"", ""56033766"")",0.7802332719459796
"=HYPERLINK(""https://stackoverflow.com/a/56359072"", ""56359072"")",0.411411411411411
"=HYPERLINK(""https://stackoverflow.com/a/56360015"", ""56360015"")",0.48309178743961395
"=HYPERLINK(""https://stackoverflow.com/a/57801943"", ""57801943"")",0.4990388312187614
"=HYPERLINK(""https://stackoverflow.com/a/58641899"", ""58641899"")",0.38705738705738707
"=HYPERLINK(""https://stackoverflow.com/a/58793310"", ""58793310"")",0.22222222222222207
"=HYPERLINK(""https://stackoverflow.com/a/60072370"", ""60072370"")",0.5108519598315523
"=HYPERLINK(""https://stackoverflow.com/a/60873752"", ""60873752"")",0.23321123321123322
"=HYPERLINK(""https://stackoverflow.com/a/61564718"", ""61564718"")",0.356837606837607
"=HYPERLINK(""https://stackoverflow.com/a/61617618"", ""61617618"")",0.3879680785758135
"=HYPERLINK(""https://stackoverflow.com/a/62013178"", ""62013178"")",0.4279184247538677
"=HYPERLINK(""https://stackoverflow.com/a/63032840"", ""63032840"")",0.45858585858585865
"=HYPERLINK(""https://stackoverflow.com/a/64447669"", ""64447669"")",0.45158002038736006
"=HYPERLINK(""https://stackoverflow.com/a/64868239"", ""64868239"")",0.35386194508596347
"=HYPERLINK(""https://stackoverflow.com/a/66798409"", ""66798409"")",0.4622222222222226
