"link","Correlation","score","view_count"
"=HYPERLINK(""https://stackoverflow.com/q/84884"", ""84884"")",0.6465764657646578,"1","2039"
"=HYPERLINK(""https://stackoverflow.com/q/187857"", ""187857"")",0.7602867383512545,"13","10915"
"=HYPERLINK(""https://stackoverflow.com/q/220540"", ""220540"")",0.4501483002509692,"2","643"
"=HYPERLINK(""https://stackoverflow.com/q/234634"", ""234634"")",0.5978930630093423,"2","6105"
"=HYPERLINK(""https://stackoverflow.com/q/234782"", ""234782"")",0.629506990434143,"3","4681"
"=HYPERLINK(""https://stackoverflow.com/q/423866"", ""423866"")",0.4057665260196901,"0","3346"
"=HYPERLINK(""https://stackoverflow.com/q/557531"", ""557531"")",0.622222222222223,"0","2017"
"=HYPERLINK(""https://stackoverflow.com/q/580858"", ""580858"")",0.8249619482496194,"8","4137"
"=HYPERLINK(""https://stackoverflow.com/q/624668"", ""624668"")",0.4650793650793651,"2","2873"
"=HYPERLINK(""https://stackoverflow.com/q/1190252"", ""1190252"")",0.6988253418062784,"1","320"
"=HYPERLINK(""https://stackoverflow.com/q/1429318"", ""1429318"")",0.563539587491683,"16","10027"
"=HYPERLINK(""https://stackoverflow.com/q/2124221"", ""2124221"")",0.3838850397741851,"8","7662"
"=HYPERLINK(""https://stackoverflow.com/q/2168284"", ""2168284"")",0.458675424192665,"2","1226"
"=HYPERLINK(""https://stackoverflow.com/q/2176213"", ""2176213"")",0.8201603665521189,"1","9434"
"=HYPERLINK(""https://stackoverflow.com/q/2427466"", ""2427466"")",0.5798171589310824,"3","163"
"=HYPERLINK(""https://stackoverflow.com/q/2592584"", ""2592584"")",0.5743122543765634,"0","242"
"=HYPERLINK(""https://stackoverflow.com/q/2848659"", ""2848659"")",0.8959064327485391,"7","30119"
"=HYPERLINK(""https://stackoverflow.com/q/2872271"", ""2872271"")",0.648728246318607,"0","4074"
"=HYPERLINK(""https://stackoverflow.com/q/3395748"", ""3395748"")",0.7751068376068379,"1","182"
"=HYPERLINK(""https://stackoverflow.com/q/3557611"", ""3557611"")",0.6715893108298169,"0","1638"
"=HYPERLINK(""https://stackoverflow.com/q/3559328"", ""3559328"")",0.6517524235645042,"2","1952"
"=HYPERLINK(""https://stackoverflow.com/q/3760145"", ""3760145"")",0.4846991168617791,"0","450"
"=HYPERLINK(""https://stackoverflow.com/q/4020865"", ""4020865"")",0.7822222222222216,"0","293"
"=HYPERLINK(""https://stackoverflow.com/q/4021520"", ""4021520"")",0.5294949494949494,"2","2976"
"=HYPERLINK(""https://stackoverflow.com/q/4335799"", ""4335799"")",0.5494422994422995,"4","3408"
"=HYPERLINK(""https://stackoverflow.com/q/4412979"", ""4412979"")",0.6676147136897989,"4","4808"
"=HYPERLINK(""https://stackoverflow.com/q/4648289"", ""4648289"")",0.3904078063150139,"0","1449"
"=HYPERLINK(""https://stackoverflow.com/q/4780897"", ""4780897"")",0.6722222222222224,"1","2855"
"=HYPERLINK(""https://stackoverflow.com/q/4957362"", ""4957362"")",0.4235645041014172,"0","980"
"=HYPERLINK(""https://stackoverflow.com/q/5006886"", ""5006886"")",0.4797072521623418,"1","2805"
"=HYPERLINK(""https://stackoverflow.com/q/5441649"", ""5441649"")",0.4019457245263694,"2","1031"
"=HYPERLINK(""https://stackoverflow.com/q/5446998"", ""5446998"")",0.433231396534149,"2","1951"
"=HYPERLINK(""https://stackoverflow.com/q/5857127"", ""5857127"")",0.5495453844968412,"0","769"
"=HYPERLINK(""https://stackoverflow.com/q/5879902"", ""5879902"")",0.5726895119418486,"9","4774"
"=HYPERLINK(""https://stackoverflow.com/q/5915202"", ""5915202"")",0.7483091787439602,"0","1811"
"=HYPERLINK(""https://stackoverflow.com/q/5980655"", ""5980655"")",0.671201814058958,"3","2414"
"=HYPERLINK(""https://stackoverflow.com/q/6189731"", ""6189731"")",0.9124877089478868,"3","5443"
"=HYPERLINK(""https://stackoverflow.com/q/6208056"", ""6208056"")",0.4045426642111725,"0","994"
"=HYPERLINK(""https://stackoverflow.com/q/6293160"", ""6293160"")",0.6894353369763213,"0","803"
"=HYPERLINK(""https://stackoverflow.com/q/6385615"", ""6385615"")",0.4505385487528339,"2","900"
"=HYPERLINK(""https://stackoverflow.com/q/6764941"", ""6764941"")",0.6877394636015318,"3","11597"
"=HYPERLINK(""https://stackoverflow.com/q/6818018"", ""6818018"")",0.8216458533461416,"2","6941"
"=HYPERLINK(""https://stackoverflow.com/q/6829217"", ""6829217"")",0.5074571215510816,"3","2704"
"=HYPERLINK(""https://stackoverflow.com/q/7111399"", ""7111399"")",0.7360343769183549,"0","2812"
"=HYPERLINK(""https://stackoverflow.com/q/7762994"", ""7762994"")",0.4321669736034378,"4","609"
"=HYPERLINK(""https://stackoverflow.com/q/7971791"", ""7971791"")",0.4293117744610278,"3","1619"
"=HYPERLINK(""https://stackoverflow.com/q/8388580"", ""8388580"")",0.8465316144874158,"1","454"
"=HYPERLINK(""https://stackoverflow.com/q/8423301"", ""8423301"")",0.4948249619482494,"5","13944"
"=HYPERLINK(""https://stackoverflow.com/q/8447756"", ""8447756"")",0.6084291187739465,"1","1582"
"=HYPERLINK(""https://stackoverflow.com/q/8501066"", ""8501066"")",0.4179669030732862,"2","2793"
"=HYPERLINK(""https://stackoverflow.com/q/8788121"", ""8788121"")",0.7088054064798253,"1","1661"
"=HYPERLINK(""https://stackoverflow.com/q/9073544"", ""9073544"")",0.4604152407027148,"1","262"
"=HYPERLINK(""https://stackoverflow.com/q/9944989"", ""9944989"")",0.4185237869448401,"1","2559"
"=HYPERLINK(""https://stackoverflow.com/q/10428649"", ""10428649"")",0.8138252756573378,"0","484"
"=HYPERLINK(""https://stackoverflow.com/q/11476178"", ""11476178"")",0.5165260196905761,"1","7446"
"=HYPERLINK(""https://stackoverflow.com/q/11825984"", ""11825984"")",0.4185412406271296,"3","11350"
"=HYPERLINK(""https://stackoverflow.com/q/11929381"", ""11929381"")",0.3398692810457516,"9","22709"
"=HYPERLINK(""https://stackoverflow.com/q/12094342"", ""12094342"")",0.3076493579006139,"4","351"
"=HYPERLINK(""https://stackoverflow.com/q/12107999"", ""12107999"")",0.5335228618810713,"2","5384"
"=HYPERLINK(""https://stackoverflow.com/q/12703446"", ""12703446"")",0.3454887861667522,"0","3040"
"=HYPERLINK(""https://stackoverflow.com/q/13008685"", ""13008685"")",0.741559238796808,"1","2938"
"=HYPERLINK(""https://stackoverflow.com/q/13690203"", ""13690203"")",0.4487415592387969,"0","784"
"=HYPERLINK(""https://stackoverflow.com/q/13714579"", ""13714579"")",0.7355692448094904,"0","1184"
"=HYPERLINK(""https://stackoverflow.com/q/13950483"", ""13950483"")",0.466497031382528,"2","2829"
"=HYPERLINK(""https://stackoverflow.com/q/14115831"", ""14115831"")",0.4722222222222219,"0","583"
"=HYPERLINK(""https://stackoverflow.com/q/14644746"", ""14644746"")",0.4177109440267331,"1","101"
"=HYPERLINK(""https://stackoverflow.com/q/14839733"", ""14839733"")",0.4508318478906715,"0","1354"
"=HYPERLINK(""https://stackoverflow.com/q/14869558"", ""14869558"")",0.8608626515603265,"3","1065"
"=HYPERLINK(""https://stackoverflow.com/q/15317233"", ""15317233"")",0.7543650793650795,"0","508"
"=HYPERLINK(""https://stackoverflow.com/q/15317255"", ""15317255"")",0.7054436987322897,"1","1859"
"=HYPERLINK(""https://stackoverflow.com/q/15385754"", ""15385754"")",0.8079365079365082,"1","363"
"=HYPERLINK(""https://stackoverflow.com/q/15507093"", ""15507093"")",0.4677312042581502,"0","429"
"=HYPERLINK(""https://stackoverflow.com/q/15756219"", ""15756219"")",0.5871739907109684,"1","277"
"=HYPERLINK(""https://stackoverflow.com/q/15885995"", ""15885995"")",0.4015391102677633,"0","2598"
"=HYPERLINK(""https://stackoverflow.com/q/16043988"", ""16043988"")",0.7802332719459792,"1","465"
"=HYPERLINK(""https://stackoverflow.com/q/16050730"", ""16050730"")",0.5095150399017805,"0","81"
"=HYPERLINK(""https://stackoverflow.com/q/16220293"", ""16220293"")",0.4123630672926454,"6","4254"
"=HYPERLINK(""https://stackoverflow.com/q/16344232"", ""16344232"")",0.5377097939239435,"7","10580"
"=HYPERLINK(""https://stackoverflow.com/q/16575162"", ""16575162"")",0.5233585858585855,"1","7982"
"=HYPERLINK(""https://stackoverflow.com/q/16669995"", ""16669995"")",0.4222222222222222,"1","319"
"=HYPERLINK(""https://stackoverflow.com/q/16794261"", ""16794261"")",0.54715924993003,"1","4356"
"=HYPERLINK(""https://stackoverflow.com/q/17095685"", ""17095685"")",0.4131769960915687,"3","1093"
"=HYPERLINK(""https://stackoverflow.com/q/17288472"", ""17288472"")",0.4370028226841158,"0","356"
"=HYPERLINK(""https://stackoverflow.com/q/17331695"", ""17331695"")",0.9082687338501282,"2","1104"
"=HYPERLINK(""https://stackoverflow.com/q/17350059"", ""17350059"")",0.9187739463601536,"0","442"
"=HYPERLINK(""https://stackoverflow.com/q/17403052"", ""17403052"")",0.2422000246639537,"2","603"
"=HYPERLINK(""https://stackoverflow.com/q/17728388"", ""17728388"")",0.860520094562648,"1","6492"
"=HYPERLINK(""https://stackoverflow.com/q/17769614"", ""17769614"")",0.5668005354752337,"2","6553"
"=HYPERLINK(""https://stackoverflow.com/q/17774651"", ""17774651"")",0.3803249890206407,"2","6963"
"=HYPERLINK(""https://stackoverflow.com/q/17775048"", ""17775048"")",0.4249871991807472,"1","508"
"=HYPERLINK(""https://stackoverflow.com/q/17987834"", ""17987834"")",0.9402945113788478,"0","337"
"=HYPERLINK(""https://stackoverflow.com/q/18023621"", ""18023621"")",0.3062930186823994,"1","972"
"=HYPERLINK(""https://stackoverflow.com/q/18101442"", ""18101442"")",0.4988179669030734,"1","656"
"=HYPERLINK(""https://stackoverflow.com/q/18615769"", ""18615769"")",0.2738827388273884,"0","1017"
"=HYPERLINK(""https://stackoverflow.com/q/18785613"", ""18785613"")",0.5576336935439172,"1","4135"
"=HYPERLINK(""https://stackoverflow.com/q/18787506"", ""18787506"")",0.8343129023229766,"2","90"
"=HYPERLINK(""https://stackoverflow.com/q/18853398"", ""18853398"")",0.7956010618126657,"5","1391"
"=HYPERLINK(""https://stackoverflow.com/q/18941101"", ""18941101"")",0.4855016679497048,"0","452"
"=HYPERLINK(""https://stackoverflow.com/q/18967373"", ""18967373"")",0.871260683760684,"2","1003"
"=HYPERLINK(""https://stackoverflow.com/q/19020039"", ""19020039"")",0.5720916739193503,"2","2747"
"=HYPERLINK(""https://stackoverflow.com/q/19119812"", ""19119812"")",0.7946360153256705,"0","107"
"=HYPERLINK(""https://stackoverflow.com/q/19256500"", ""19256500"")",0.8647561588738059,"1","140"
"=HYPERLINK(""https://stackoverflow.com/q/19289424"", ""19289424"")",0.3034030340303403,"1","507"
"=HYPERLINK(""https://stackoverflow.com/q/19573543"", ""19573543"")",0.4436244362443625,"0","310"
"=HYPERLINK(""https://stackoverflow.com/q/19574296"", ""19574296"")",0.3605621431708384,"1","842"
"=HYPERLINK(""https://stackoverflow.com/q/19574655"", ""19574655"")",0.3601532567049805,"1","750"
"=HYPERLINK(""https://stackoverflow.com/q/19755006"", ""19755006"")",0.6788548752834458,"2","1337"
"=HYPERLINK(""https://stackoverflow.com/q/19861138"", ""19861138"")",0.4981656184486374,"1","1018"
"=HYPERLINK(""https://stackoverflow.com/q/19972979"", ""19972979"")",0.4107468123861569,"1","803"
"=HYPERLINK(""https://stackoverflow.com/q/20049063"", ""20049063"")",0.3407690673465054,"1","315"
"=HYPERLINK(""https://stackoverflow.com/q/20053568"", ""20053568"")",0.3489190548014076,"0","3899"
"=HYPERLINK(""https://stackoverflow.com/q/20278896"", ""20278896"")",0.3973374295954936,"0","3851"
"=HYPERLINK(""https://stackoverflow.com/q/20350066"", ""20350066"")",0.5336976320582885,"1","451"
"=HYPERLINK(""https://stackoverflow.com/q/20361555"", ""20361555"")",0.547481737793156,"1","2835"
"=HYPERLINK(""https://stackoverflow.com/q/20376545"", ""20376545"")",0.5500910746812393,"0","396"
"=HYPERLINK(""https://stackoverflow.com/q/20380506"", ""20380506"")",0.513767411726596,"0","1914"
"=HYPERLINK(""https://stackoverflow.com/q/20497357"", ""20497357"")",0.519519519519519,"2","217"
"=HYPERLINK(""https://stackoverflow.com/q/20642102"", ""20642102"")",0.4175574991901529,"1","269"
"=HYPERLINK(""https://stackoverflow.com/q/20987498"", ""20987498"")",0.5649374540103023,"1","1429"
"=HYPERLINK(""https://stackoverflow.com/q/21029836"", ""21029836"")",0.7699609156895583,"2","6322"
"=HYPERLINK(""https://stackoverflow.com/q/21133279"", ""21133279"")",0.3641290958364125,"2","659"
"=HYPERLINK(""https://stackoverflow.com/q/21135269"", ""21135269"")",0.7239523260284497,"2","501"
"=HYPERLINK(""https://stackoverflow.com/q/21160762"", ""21160762"")",0.6350129198966402,"1","92"
"=HYPERLINK(""https://stackoverflow.com/q/21182623"", ""21182623"")",0.6977922547955119,"2","7759"
"=HYPERLINK(""https://stackoverflow.com/q/21316064"", ""21316064"")",0.4357745836185258,"1","779"
"=HYPERLINK(""https://stackoverflow.com/q/21319058"", ""21319058"")",0.456191026381668,"1","409"
"=HYPERLINK(""https://stackoverflow.com/q/21477593"", ""21477593"")",0.6823449216087245,"3","1130"
"=HYPERLINK(""https://stackoverflow.com/q/21631569"", ""21631569"")",0.6310970241239658,"1","2048"
"=HYPERLINK(""https://stackoverflow.com/q/21678437"", ""21678437"")",0.7202459376372414,"1","1241"
"=HYPERLINK(""https://stackoverflow.com/q/21740624"", ""21740624"")",0.3710771840542835,"1","353"
"=HYPERLINK(""https://stackoverflow.com/q/21785073"", ""21785073"")",0.4869621066152859,"0","2400"
"=HYPERLINK(""https://stackoverflow.com/q/21884150"", ""21884150"")",0.5519519519519513,"1","4558"
"=HYPERLINK(""https://stackoverflow.com/q/21906958"", ""21906958"")",0.4984318996415773,"1","2595"
"=HYPERLINK(""https://stackoverflow.com/q/22100830"", ""22100830"")",0.4660578386605782,"0","4313"
"=HYPERLINK(""https://stackoverflow.com/q/22196108"", ""22196108"")",0.4887129873937264,"1","4202"
"=HYPERLINK(""https://stackoverflow.com/q/22230433"", ""22230433"")",0.6401326699834171,"1","3040"
"=HYPERLINK(""https://stackoverflow.com/q/22280521"", ""22280521"")",0.6824631860776431,"1","2375"
"=HYPERLINK(""https://stackoverflow.com/q/22459221"", ""22459221"")",0.772991452991454,"0","1903"
"=HYPERLINK(""https://stackoverflow.com/q/22462025"", ""22462025"")",0.7060060060060053,"0","82"
"=HYPERLINK(""https://stackoverflow.com/q/23048995"", ""23048995"")",0.4252991452991458,"1","1985"
"=HYPERLINK(""https://stackoverflow.com/q/23252999"", ""23252999"")",0.6548752834467121,"2","1779"
"=HYPERLINK(""https://stackoverflow.com/q/23394372"", ""23394372"")",0.7147409254641166,"0","971"
"=HYPERLINK(""https://stackoverflow.com/q/23611376"", ""23611376"")",0.7808576166785133,"2","1783"
"=HYPERLINK(""https://stackoverflow.com/q/23650060"", ""23650060"")",0.9315245478036166,"4","30734"
"=HYPERLINK(""https://stackoverflow.com/q/23761720"", ""23761720"")",0.5779914529914533,"1","4021"
"=HYPERLINK(""https://stackoverflow.com/q/23828837"", ""23828837"")",0.4949494949494945,"0","1517"
"=HYPERLINK(""https://stackoverflow.com/q/23893096"", ""23893096"")",0.8151075977162925,"0","1442"
"=HYPERLINK(""https://stackoverflow.com/q/23995298"", ""23995298"")",0.9294045426642112,"0","3756"
"=HYPERLINK(""https://stackoverflow.com/q/24140475"", ""24140475"")",0.6307825335062688,"0","1252"
"=HYPERLINK(""https://stackoverflow.com/q/24287886"", ""24287886"")",0.7970725216234193,"0","185"
"=HYPERLINK(""https://stackoverflow.com/q/24453679"", ""24453679"")",0.4327485380116963,"0","116"
"=HYPERLINK(""https://stackoverflow.com/q/24531665"", ""24531665"")",0.7790404040404038,"1","472"
"=HYPERLINK(""https://stackoverflow.com/q/24544348"", ""24544348"")",0.7123445176126264,"0","1167"
"=HYPERLINK(""https://stackoverflow.com/q/24575826"", ""24575826"")",0.6945469454694547,"2","1517"
"=HYPERLINK(""https://stackoverflow.com/q/24676937"", ""24676937"")",0.551081282624907,"0","1974"
"=HYPERLINK(""https://stackoverflow.com/q/24925787"", ""24925787"")",0.5610312571298192,"2","7924"
"=HYPERLINK(""https://stackoverflow.com/q/24936259"", ""24936259"")",0.3986928104575162,"9","54699"
"=HYPERLINK(""https://stackoverflow.com/q/25022026"", ""25022026"")",0.6284212434294002,"0","697"
"=HYPERLINK(""https://stackoverflow.com/q/25631355"", ""25631355"")",0.6359546165884202,"1","823"
"=HYPERLINK(""https://stackoverflow.com/q/25912135"", ""25912135"")",0.36085438488396,"1","1643"
"=HYPERLINK(""https://stackoverflow.com/q/26066117"", ""26066117"")",0.3823735463079729,"3","8150"
"=HYPERLINK(""https://stackoverflow.com/q/26118206"", ""26118206"")",0.6145299145299145,"0","635"
"=HYPERLINK(""https://stackoverflow.com/q/26119729"", ""26119729"")",0.5264675052410903,"0","2599"
"=HYPERLINK(""https://stackoverflow.com/q/26151384"", ""26151384"")",0.8850129198966399,"0","382"
"=HYPERLINK(""https://stackoverflow.com/q/26336938"", ""26336938"")",0.4684533780011163,"0","173"
"=HYPERLINK(""https://stackoverflow.com/q/26537030"", ""26537030"")",0.6885683760683762,"1","266"
"=HYPERLINK(""https://stackoverflow.com/q/26838381"", ""26838381"")",0.8091239854464026,"0","3561"
"=HYPERLINK(""https://stackoverflow.com/q/26873062"", ""26873062"")",0.5813382443216699,"0","957"
"=HYPERLINK(""https://stackoverflow.com/q/26929086"", ""26929086"")",0.5388449135150987,"0","899"
"=HYPERLINK(""https://stackoverflow.com/q/26955006"", ""26955006"")",0.7940785096473715,"0","1338"
"=HYPERLINK(""https://stackoverflow.com/q/26960636"", ""26960636"")",0.4107468123861571,"0","1246"
"=HYPERLINK(""https://stackoverflow.com/q/27450851"", ""27450851"")",0.3234270414993304,"1","117"
"=HYPERLINK(""https://stackoverflow.com/q/27476728"", ""27476728"")",0.8941589811155018,"0","916"
"=HYPERLINK(""https://stackoverflow.com/q/27614280"", ""27614280"")",0.394353369763206,"0","312"
"=HYPERLINK(""https://stackoverflow.com/q/27973623"", ""27973623"")",0.3972222222222224,"1","213"
"=HYPERLINK(""https://stackoverflow.com/q/28237760"", ""28237760"")",0.461289277615809,"1","1560"
"=HYPERLINK(""https://stackoverflow.com/q/28454090"", ""28454090"")",0.7366452991452992,"0","180"
"=HYPERLINK(""https://stackoverflow.com/q/28705227"", ""28705227"")",0.6024202420242021,"1","1554"
"=HYPERLINK(""https://stackoverflow.com/q/28713914"", ""28713914"")",0.6828636216391328,"0","501"
"=HYPERLINK(""https://stackoverflow.com/q/28746491"", ""28746491"")",0.7702991452991456,"1","176"
"=HYPERLINK(""https://stackoverflow.com/q/28766454"", ""28766454"")",0.6360153256704977,"0","271"
"=HYPERLINK(""https://stackoverflow.com/q/28981752"", ""28981752"")",0.4251742517425175,"0","600"
"=HYPERLINK(""https://stackoverflow.com/q/29208271"", ""29208271"")",0.7895299145299147,"3","1113"
"=HYPERLINK(""https://stackoverflow.com/q/29272125"", ""29272125"")",0.5281045751633986,"0","1117"
"=HYPERLINK(""https://stackoverflow.com/q/29558215"", ""29558215"")",0.3019768234492159,"1","73"
"=HYPERLINK(""https://stackoverflow.com/q/29693439"", ""29693439"")",0.6786866021694522,"4","875"
"=HYPERLINK(""https://stackoverflow.com/q/29707498"", ""29707498"")",0.2519519519519519,"1","1247"
"=HYPERLINK(""https://stackoverflow.com/q/30620418"", ""30620418"")",0.92573981016192,"1","463"
"=HYPERLINK(""https://stackoverflow.com/q/31608117"", ""31608117"")",0.3740294511378846,"3","223"
"=HYPERLINK(""https://stackoverflow.com/q/31662778"", ""31662778"")",0.6676447574334907,"0","651"
"=HYPERLINK(""https://stackoverflow.com/q/31707567"", ""31707567"")",0.8195575294020899,"1","809"
"=HYPERLINK(""https://stackoverflow.com/q/31935623"", ""31935623"")",0.6118326118326114,"1","631"
"=HYPERLINK(""https://stackoverflow.com/q/32449181"", ""32449181"")",0.5826873385012914,"4","6083"
"=HYPERLINK(""https://stackoverflow.com/q/32595419"", ""32595419"")",0.4341922970351896,"0","777"
"=HYPERLINK(""https://stackoverflow.com/q/32719863"", ""32719863"")",0.3726647000983287,"1","505"
"=HYPERLINK(""https://stackoverflow.com/q/32772409"", ""32772409"")",0.3268376068376072,"1","615"
"=HYPERLINK(""https://stackoverflow.com/q/33034757"", ""33034757"")",0.8915135608049009,"0","197"
"=HYPERLINK(""https://stackoverflow.com/q/33141153"", ""33141153"")",0.4498084291187739,"2","1137"
"=HYPERLINK(""https://stackoverflow.com/q/33340050"", ""33340050"")",0.6767676767676767,"2","1090"
"=HYPERLINK(""https://stackoverflow.com/q/33648653"", ""33648653"")",0.5413711583924351,"1","1415"
"=HYPERLINK(""https://stackoverflow.com/q/33816818"", ""33816818"")",0.5320328934786764,"0","804"
"=HYPERLINK(""https://stackoverflow.com/q/34153062"", ""34153062"")",0.411726595400065,"3","285"
"=HYPERLINK(""https://stackoverflow.com/q/34222500"", ""34222500"")",0.4405766526019687,"0","84"
"=HYPERLINK(""https://stackoverflow.com/q/34268079"", ""34268079"")",0.8293650793650794,"2","303"
"=HYPERLINK(""https://stackoverflow.com/q/34860531"", ""34860531"")",0.6582687338501287,"1","2662"
"=HYPERLINK(""https://stackoverflow.com/q/34913264"", ""34913264"")",0.5542380324989014,"0","189"
"=HYPERLINK(""https://stackoverflow.com/q/35312221"", ""35312221"")",0.4212146655471586,"1","213"
"=HYPERLINK(""https://stackoverflow.com/q/35405860"", ""35405860"")",0.3742959549411159,"0","1378"
"=HYPERLINK(""https://stackoverflow.com/q/35447476"", ""35447476"")",0.4077892325315004,"0","104"
"=HYPERLINK(""https://stackoverflow.com/q/35468679"", ""35468679"")",0.5492133726647002,"0","189"
"=HYPERLINK(""https://stackoverflow.com/q/35555897"", ""35555897"")",0.369461486025903,"0","1120"
"=HYPERLINK(""https://stackoverflow.com/q/35635043"", ""35635043"")",0.3566561844863731,"0","1464"
"=HYPERLINK(""https://stackoverflow.com/q/35725992"", ""35725992"")",0.423803249890206,"2","5976"
"=HYPERLINK(""https://stackoverflow.com/q/35796060"", ""35796060"")",0.3878663940013628,"1","469"
"=HYPERLINK(""https://stackoverflow.com/q/35836776"", ""35836776"")",0.8563982066655853,"0","340"
"=HYPERLINK(""https://stackoverflow.com/q/35945858"", ""35945858"")",0.5291529152915289,"0","186"
"=HYPERLINK(""https://stackoverflow.com/q/36050616"", ""36050616"")",0.3328779599271406,"0","114"
"=HYPERLINK(""https://stackoverflow.com/q/36383650"", ""36383650"")",0.4544397954439792,"1","1204"
"=HYPERLINK(""https://stackoverflow.com/q/36483299"", ""36483299"")",0.3231837606837608,"0","265"
"=HYPERLINK(""https://stackoverflow.com/q/36745308"", ""36745308"")",0.7377864245568525,"2","596"
"=HYPERLINK(""https://stackoverflow.com/q/37187698"", ""37187698"")",0.4384883959745331,"0","1181"
"=HYPERLINK(""https://stackoverflow.com/q/37359644"", ""37359644"")",0.4508596356171412,"0","422"
"=HYPERLINK(""https://stackoverflow.com/q/37708377"", ""37708377"")",0.5200945626477543,"1","298"
"=HYPERLINK(""https://stackoverflow.com/q/37831073"", ""37831073"")",0.6377346875961835,"1","749"
"=HYPERLINK(""https://stackoverflow.com/q/38017639"", ""38017639"")",0.9133986928104576,"0","428"
"=HYPERLINK(""https://stackoverflow.com/q/38111768"", ""38111768"")",0.4426946631671046,"0","67"
"=HYPERLINK(""https://stackoverflow.com/q/38119533"", ""38119533"")",0.7412095639943737,"1","606"
"=HYPERLINK(""https://stackoverflow.com/q/38200955"", ""38200955"")",0.6205273069679844,"1","849"
"=HYPERLINK(""https://stackoverflow.com/q/38204989"", ""38204989"")",0.687282463186077,"2","397"
"=HYPERLINK(""https://stackoverflow.com/q/38262180"", ""38262180"")",0.6787439613526559,"0","189"
"=HYPERLINK(""https://stackoverflow.com/q/38564113"", ""38564113"")",0.7883986928104576,"0","30"
"=HYPERLINK(""https://stackoverflow.com/q/38608912"", ""38608912"")",0.3451730418943536,"0","1892"
"=HYPERLINK(""https://stackoverflow.com/q/38856116"", ""38856116"")",0.4279184247538679,"0","67"
"=HYPERLINK(""https://stackoverflow.com/q/38861726"", ""38861726"")",0.5746812386156654,"0","1475"
"=HYPERLINK(""https://stackoverflow.com/q/38869898"", ""38869898"")",0.4373385012919895,"1","127"
"=HYPERLINK(""https://stackoverflow.com/q/39017682"", ""39017682"")",0.7263205828779608,"2","1772"
"=HYPERLINK(""https://stackoverflow.com/q/39234366"", ""39234366"")",0.190940688417984,"0","243"
"=HYPERLINK(""https://stackoverflow.com/q/39515156"", ""39515156"")",0.7620452310717801,"4","9982"
"=HYPERLINK(""https://stackoverflow.com/q/39610945"", ""39610945"")",0.5237743286523768,"0","304"
"=HYPERLINK(""https://stackoverflow.com/q/39667733"", ""39667733"")",0.5481890730509517,"1","137"
"=HYPERLINK(""https://stackoverflow.com/q/39742227"", ""39742227"")",0.4431524547803612,"2","266"
"=HYPERLINK(""https://stackoverflow.com/q/39842855"", ""39842855"")",0.6456749909518638,"1","781"
"=HYPERLINK(""https://stackoverflow.com/q/40240257"", ""40240257"")",0.707370737073707,"3","806"
"=HYPERLINK(""https://stackoverflow.com/q/40759774"", ""40759774"")",0.4185412406271298,"2","3605"
"=HYPERLINK(""https://stackoverflow.com/q/40894325"", ""40894325"")",0.6461853558627744,"1","1253"
"=HYPERLINK(""https://stackoverflow.com/q/40999475"", ""40999475"")",0.7540781779008928,"0","558"
"=HYPERLINK(""https://stackoverflow.com/q/41039601"", ""41039601"")",0.9543650793650794,"1","176"
"=HYPERLINK(""https://stackoverflow.com/q/41236628"", ""41236628"")",0.3684672815107596,"0","60"
"=HYPERLINK(""https://stackoverflow.com/q/41270040"", ""41270040"")",0.2567049808429119,"1","951"
"=HYPERLINK(""https://stackoverflow.com/q/41468218"", ""41468218"")",0.9007936507936508,"0","623"
"=HYPERLINK(""https://stackoverflow.com/q/41508297"", ""41508297"")",0.3529213103681189,"1","516"
"=HYPERLINK(""https://stackoverflow.com/q/41570071"", ""41570071"")",0.4399343993439935,"0","519"
"=HYPERLINK(""https://stackoverflow.com/q/41640881"", ""41640881"")",0.9385683760683764,"2","329"
"=HYPERLINK(""https://stackoverflow.com/q/42025020"", ""42025020"")",0.9360683760683772,"0","417"
"=HYPERLINK(""https://stackoverflow.com/q/42243009"", ""42243009"")",0.7531390665719033,"0","131"
"=HYPERLINK(""https://stackoverflow.com/q/42358325"", ""42358325"")",0.7620452310717805,"0","574"
"=HYPERLINK(""https://stackoverflow.com/q/42432553"", ""42432553"")",0.3846053997923158,"3","1013"
"=HYPERLINK(""https://stackoverflow.com/q/42835744"", ""42835744"")",0.3378001116694582,"0","56"
"=HYPERLINK(""https://stackoverflow.com/q/43066575"", ""43066575"")",0.821059431524547,"0","701"
"=HYPERLINK(""https://stackoverflow.com/q/43571239"", ""43571239"")",0.5467255334805008,"3","350"
"=HYPERLINK(""https://stackoverflow.com/q/43650780"", ""43650780"")",0.515839243498818,"0","1627"
"=HYPERLINK(""https://stackoverflow.com/q/43889817"", ""43889817"")",0.8402887832364858,"0","427"
"=HYPERLINK(""https://stackoverflow.com/q/44128583"", ""44128583"")",0.760683760683761,"0","693"
"=HYPERLINK(""https://stackoverflow.com/q/44301845"", ""44301845"")",0.3444026733500415,"0","188"
"=HYPERLINK(""https://stackoverflow.com/q/44657236"", ""44657236"")",0.5574494949494946,"0","590"
"=HYPERLINK(""https://stackoverflow.com/q/44719506"", ""44719506"")",0.3710111495578622,"0","656"
"=HYPERLINK(""https://stackoverflow.com/q/44973687"", ""44973687"")",0.4970490120605593,"0","43"
"=HYPERLINK(""https://stackoverflow.com/q/45332340"", ""45332340"")",0.6824494949494946,"0","583"
"=HYPERLINK(""https://stackoverflow.com/q/45841808"", ""45841808"")",0.3098510882016037,"1","3696"
"=HYPERLINK(""https://stackoverflow.com/q/45857267"", ""45857267"")",0.6726039016115359,"2","643"
"=HYPERLINK(""https://stackoverflow.com/q/45934906"", ""45934906"")",0.3384384384384384,"2","157"
"=HYPERLINK(""https://stackoverflow.com/q/46237057"", ""46237057"")",0.3003981179876945,"0","420"
"=HYPERLINK(""https://stackoverflow.com/q/46292242"", ""46292242"")",0.3441734417344169,"0","464"
"=HYPERLINK(""https://stackoverflow.com/q/46449050"", ""46449050"")",0.7178490443796577,"1","527"
"=HYPERLINK(""https://stackoverflow.com/q/46516164"", ""46516164"")",0.333152075403299,"1","376"
"=HYPERLINK(""https://stackoverflow.com/q/46731737"", ""46731737"")",0.3970121381886087,"0","1320"
"=HYPERLINK(""https://stackoverflow.com/q/47103585"", ""47103585"")",0.4151268785415122,"0","603"
"=HYPERLINK(""https://stackoverflow.com/q/47581492"", ""47581492"")",0.5452310717797447,"0","62"
"=HYPERLINK(""https://stackoverflow.com/q/47715298"", ""47715298"")",0.3330330330330329,"1","370"
"=HYPERLINK(""https://stackoverflow.com/q/48399432"", ""48399432"")",0.3879282740954212,"0","211"
"=HYPERLINK(""https://stackoverflow.com/q/48538147"", ""48538147"")",0.6969057665260191,"0","68"
"=HYPERLINK(""https://stackoverflow.com/q/48547233"", ""48547233"")",0.3481764206955051,"1","1020"
"=HYPERLINK(""https://stackoverflow.com/q/48563653"", ""48563653"")",0.7011579206701151,"0","697"
"=HYPERLINK(""https://stackoverflow.com/q/48625153"", ""48625153"")",0.2785858585858584,"1","971"
"=HYPERLINK(""https://stackoverflow.com/q/48781109"", ""48781109"")",0.7505241090146753,"0","800"
"=HYPERLINK(""https://stackoverflow.com/q/48902125"", ""48902125"")",0.496967828142666,"0","522"
"=HYPERLINK(""https://stackoverflow.com/q/49198889"", ""49198889"")",0.5740008783487037,"0","79"
"=HYPERLINK(""https://stackoverflow.com/q/49326018"", ""49326018"")",0.7346309813463106,"1","2538"
"=HYPERLINK(""https://stackoverflow.com/q/49829101"", ""49829101"")",0.5483760683760691,"0","47"
"=HYPERLINK(""https://stackoverflow.com/q/49896780"", ""49896780"")",0.4498084291187739,"0","250"
"=HYPERLINK(""https://stackoverflow.com/q/50008389"", ""50008389"")",0.6588419405320821,"0","460"
"=HYPERLINK(""https://stackoverflow.com/q/50079475"", ""50079475"")",0.532936507936508,"1","1195"
"=HYPERLINK(""https://stackoverflow.com/q/50131155"", ""50131155"")",0.3468570810342958,"0","254"
"=HYPERLINK(""https://stackoverflow.com/q/50365162"", ""50365162"")",0.5564576755375134,"5","1810"
"=HYPERLINK(""https://stackoverflow.com/q/50411832"", ""50411832"")",0.4664082687338498,"0","316"
"=HYPERLINK(""https://stackoverflow.com/q/50413144"", ""50413144"")",0.9574000878348692,"1","339"
"=HYPERLINK(""https://stackoverflow.com/q/50615445"", ""50615445"")",0.5313825275657345,"0","80"
"=HYPERLINK(""https://stackoverflow.com/q/50965484"", ""50965484"")",0.6170561705617056,"0","732"
"=HYPERLINK(""https://stackoverflow.com/q/50968521"", ""50968521"")",0.7386156648451738,"2","674"
"=HYPERLINK(""https://stackoverflow.com/q/51066964"", ""51066964"")",0.2633614627285513,"0","344"
"=HYPERLINK(""https://stackoverflow.com/q/51071123"", ""51071123"")",0.4935790061418199,"2","176"
"=HYPERLINK(""https://stackoverflow.com/q/51097121"", ""51097121"")",0.8560683760683772,"2","1320"
"=HYPERLINK(""https://stackoverflow.com/q/51267661"", ""51267661"")",0.6253030951362151,"1","419"
"=HYPERLINK(""https://stackoverflow.com/q/51371110"", ""51371110"")",0.6621165419051812,"1","1673"
"=HYPERLINK(""https://stackoverflow.com/q/51543645"", ""51543645"")",0.5395299145299147,"0","144"
"=HYPERLINK(""https://stackoverflow.com/q/51568232"", ""51568232"")",0.3633986928104574,"0","236"
"=HYPERLINK(""https://stackoverflow.com/q/51621430"", ""51621430"")",0.4409231949238227,"1","555"
"=HYPERLINK(""https://stackoverflow.com/q/51735419"", ""51735419"")",0.8210246174318027,"0","623"
"=HYPERLINK(""https://stackoverflow.com/q/51851296"", ""51851296"")",0.5808429118773941,"2","1481"
"=HYPERLINK(""https://stackoverflow.com/q/51974162"", ""51974162"")",0.4281045751633988,"0","89"
"=HYPERLINK(""https://stackoverflow.com/q/52242302"", ""52242302"")",0.686989838414127,"0","307"
"=HYPERLINK(""https://stackoverflow.com/q/52535780"", ""52535780"")",0.556107889165055,"0","220"
"=HYPERLINK(""https://stackoverflow.com/q/52790275"", ""52790275"")",0.5972222222222224,"0","59"
"=HYPERLINK(""https://stackoverflow.com/q/52980778"", ""52980778"")",0.554189435336977,"0","156"
"=HYPERLINK(""https://stackoverflow.com/q/53375384"", ""53375384"")",0.5237743286523768,"1","39"
"=HYPERLINK(""https://stackoverflow.com/q/53394338"", ""53394338"")",0.4309178743961346,"0","231"
"=HYPERLINK(""https://stackoverflow.com/q/53503754"", ""53503754"")",0.4383026242322722,"2","112"
"=HYPERLINK(""https://stackoverflow.com/q/53672925"", ""53672925"")",0.7491390248323367,"3","503"
"=HYPERLINK(""https://stackoverflow.com/q/53866457"", ""53866457"")",0.3234467120181407,"0","242"
"=HYPERLINK(""https://stackoverflow.com/q/54088147"", ""54088147"")",0.3404488232074436,"1","332"
"=HYPERLINK(""https://stackoverflow.com/q/54331199"", ""54331199"")",0.7207644962747012,"0","80"
"=HYPERLINK(""https://stackoverflow.com/q/54435731"", ""54435731"")",0.3432748538011697,"0","40"
"=HYPERLINK(""https://stackoverflow.com/q/54575178"", ""54575178"")",0.7456264775413711,"0","633"
"=HYPERLINK(""https://stackoverflow.com/q/54990401"", ""54990401"")",0.4795751633986928,"1","193"
"=HYPERLINK(""https://stackoverflow.com/q/55027672"", ""55027672"")",0.6991452991453,"0","107"
"=HYPERLINK(""https://stackoverflow.com/q/55039298"", ""55039298"")",0.5009832841691252,"2","58"
"=HYPERLINK(""https://stackoverflow.com/q/55043522"", ""55043522"")",0.3788487282463184,"0","195"
"=HYPERLINK(""https://stackoverflow.com/q/55061884"", ""55061884"")",0.364514712340799,"0","20"
"=HYPERLINK(""https://stackoverflow.com/q/55158734"", ""55158734"")",0.708647561588738,"1","28"
"=HYPERLINK(""https://stackoverflow.com/q/55355020"", ""55355020"")",0.6325565687267817,"1","663"
"=HYPERLINK(""https://stackoverflow.com/q/55367038"", ""55367038"")",0.3916033297140789,"0","35"
"=HYPERLINK(""https://stackoverflow.com/q/55450365"", ""55450365"")",0.4664082687338496,"2","349"
"=HYPERLINK(""https://stackoverflow.com/q/55665345"", ""55665345"")",0.4130619168787113,"0","689"
"=HYPERLINK(""https://stackoverflow.com/q/56334001"", ""56334001"")",0.9438131313131308,"0","264"
"=HYPERLINK(""https://stackoverflow.com/q/56418596"", ""56418596"")",0.2156948070786191,"1","163"
"=HYPERLINK(""https://stackoverflow.com/q/56434632"", ""56434632"")",0.3593903638151429,"1","219"
"=HYPERLINK(""https://stackoverflow.com/q/56678370"", ""56678370"")",0.3182222222222221,"1","399"
"=HYPERLINK(""https://stackoverflow.com/q/57004211"", ""57004211"")",0.360356814902269,"1","216"
"=HYPERLINK(""https://stackoverflow.com/q/57105910"", ""57105910"")",0.4766302826756219,"0","88"
"=HYPERLINK(""https://stackoverflow.com/q/57219119"", ""57219119"")",0.4773946360153256,"0","96"
"=HYPERLINK(""https://stackoverflow.com/q/57331758"", ""57331758"")",0.3530169242089773,"0","186"
"=HYPERLINK(""https://stackoverflow.com/q/57612003"", ""57612003"")",0.448637316561845,"0","332"
"=HYPERLINK(""https://stackoverflow.com/q/57811811"", ""57811811"")",0.2674483528754884,"0","80"
"=HYPERLINK(""https://stackoverflow.com/q/58010864"", ""58010864"")",0.3926402286530905,"0","325"
"=HYPERLINK(""https://stackoverflow.com/q/58023053"", ""58023053"")",0.3571619812583665,"1","422"
"=HYPERLINK(""https://stackoverflow.com/q/58069729"", ""58069729"")",0.4722222222222218,"1","43"
"=HYPERLINK(""https://stackoverflow.com/q/58137937"", ""58137937"")",0.7026570048309168,"1","160"
"=HYPERLINK(""https://stackoverflow.com/q/58440761"", ""58440761"")",0.379438717067583,"2","801"
"=HYPERLINK(""https://stackoverflow.com/q/58479995"", ""58479995"")",0.4100675260896257,"0","19"
"=HYPERLINK(""https://stackoverflow.com/q/58634520"", ""58634520"")",0.6823449216087245,"0","1585"
"=HYPERLINK(""https://stackoverflow.com/q/58819677"", ""58819677"")",0.6991452991453001,"1","57"
"=HYPERLINK(""https://stackoverflow.com/q/59187212"", ""59187212"")",0.8385012919896631,"1","354"
"=HYPERLINK(""https://stackoverflow.com/q/59265356"", ""59265356"")",0.292222222222222,"1","47"
"=HYPERLINK(""https://stackoverflow.com/q/59304320"", ""59304320"")",0.3885335228618813,"2","69"
"=HYPERLINK(""https://stackoverflow.com/q/59464405"", ""59464405"")",0.414082687338501,"1","56"
"=HYPERLINK(""https://stackoverflow.com/q/60186796"", ""60186796"")",0.3570345089116419,"1","39"
"=HYPERLINK(""https://stackoverflow.com/q/60559060"", ""60559060"")",0.7959448499594494,"3","390"
"=HYPERLINK(""https://stackoverflow.com/q/60649506"", ""60649506"")",0.554801407742584,"0","79"
"=HYPERLINK(""https://stackoverflow.com/q/60881303"", ""60881303"")",0.3172448466566113,"1","91"
"=HYPERLINK(""https://stackoverflow.com/q/60958008"", ""60958008"")",0.829275118947662,"0","41"
"=HYPERLINK(""https://stackoverflow.com/q/61279393"", ""61279393"")",0.5011695906432755,"2","38"
"=HYPERLINK(""https://stackoverflow.com/q/61328541"", ""61328541"")",0.7026011126146449,"0","209"
"=HYPERLINK(""https://stackoverflow.com/q/61914012"", ""61914012"")",0.3881796690307329,"0","37"
"=HYPERLINK(""https://stackoverflow.com/q/62180256"", ""62180256"")",0.4989749897498977,"1","53"
"=HYPERLINK(""https://stackoverflow.com/q/62825046"", ""62825046"")",0.3805335678686604,"0","42"
"=HYPERLINK(""https://stackoverflow.com/q/62894967"", ""62894967"")",0.6854575163398694,"1","799"
"=HYPERLINK(""https://stackoverflow.com/q/63252711"", ""63252711"")",0.5162363067292652,"0","12"
"=HYPERLINK(""https://stackoverflow.com/q/63960603"", ""63960603"")",0.6144193474788953,"0","94"
"=HYPERLINK(""https://stackoverflow.com/q/64178525"", ""64178525"")",0.2692810457516339,"1","142"
"=HYPERLINK(""https://stackoverflow.com/q/64204847"", ""64204847"")",0.2193067703271786,"0","80"
"=HYPERLINK(""https://stackoverflow.com/q/64254693"", ""64254693"")",0.5617180205415498,"1","20"
"=HYPERLINK(""https://stackoverflow.com/q/64289772"", ""64289772"")",0.8270854441067208,"1","121"
"=HYPERLINK(""https://stackoverflow.com/q/64315943"", ""64315943"")",0.4350531794523647,"0","26"
"=HYPERLINK(""https://stackoverflow.com/q/64322219"", ""64322219"")",0.4169991536694474,"0","245"
"=HYPERLINK(""https://stackoverflow.com/q/64323234"", ""64323234"")",0.4917874396135258,"0","22"
"=HYPERLINK(""https://stackoverflow.com/q/64465745"", ""64465745"")",0.3262490678598064,"1","39"
"=HYPERLINK(""https://stackoverflow.com/q/64736802"", ""64736802"")",0.4155923879680787,"0","33"
"=HYPERLINK(""https://stackoverflow.com/q/65085090"", ""65085090"")",0.6710858585858582,"0","42"
"=HYPERLINK(""https://stackoverflow.com/q/65092113"", ""65092113"")",0.4499449944994497,"0","25"
"=HYPERLINK(""https://stackoverflow.com/q/65398909"", ""65398909"")",0.6497031382527573,"0","12"
"=HYPERLINK(""https://stackoverflow.com/q/65582266"", ""65582266"")",0.3655446977922548,"0","65"
"=HYPERLINK(""https://stackoverflow.com/q/65626644"", ""65626644"")",0.4783798576902019,"1","108"
"=HYPERLINK(""https://stackoverflow.com/q/66179990"", ""66179990"")",0.606920498084291,"1","64"
"=HYPERLINK(""https://stackoverflow.com/q/66544837"", ""66544837"")",0.8508867173362284,"0","43"
"=HYPERLINK(""https://stackoverflow.com/q/66729679"", ""66729679"")",0.3816816816816815,"0","41"
"=HYPERLINK(""https://stackoverflow.com/q/66736799"", ""66736799"")",0.4469779225479551,"1","14"
"=HYPERLINK(""https://stackoverflow.com/q/66855414"", ""66855414"")",0.6204523107177978,"0","23"
"=HYPERLINK(""https://stackoverflow.com/q/66857030"", ""66857030"")",0.8149564478436383,"0","16"
"=HYPERLINK(""https://stackoverflow.com/q/66857600"", ""66857600"")",0.6539053905390536,"0","5"
"=HYPERLINK(""https://stackoverflow.com/q/66999418"", ""66999418"")",0.9413711583924352,"1","33"
"=HYPERLINK(""https://stackoverflow.com/q/67000714"", ""67000714"")",0.283290924512299,"0","8"
"=HYPERLINK(""https://stackoverflow.com/q/67073460"", ""67073460"")",0.6477840199750322,"1","28"
"=HYPERLINK(""https://stackoverflow.com/q/67109652"", ""67109652"")",0.657578422749927,"0","9"
"=HYPERLINK(""https://stackoverflow.com/q/67301304"", ""67301304"")",0.5031500572737686,"0","22"
"=HYPERLINK(""https://stackoverflow.com/q/67429117"", ""67429117"")",0.2747923156801662,"0","17"
"=HYPERLINK(""https://stackoverflow.com/q/67721301"", ""67721301"")",0.5828779599271408,"0","7"
