link,Correlation
"=HYPERLINK(""https://stackoverflow.com/a/177339"", ""177339"")",0.40600600600600567
"=HYPERLINK(""https://stackoverflow.com/a/1679907"", ""1679907"")",0.47579365079365077
"=HYPERLINK(""https://stackoverflow.com/a/3951371"", ""3951371"")",0.5096553773024363
"=HYPERLINK(""https://stackoverflow.com/a/4243224"", ""4243224"")",0.5629424438288705
"=HYPERLINK(""https://stackoverflow.com/a/4927508"", ""4927508"")",0.3295567481613994
"=HYPERLINK(""https://stackoverflow.com/a/5131117"", ""5131117"")",0.3986928104575162
"=HYPERLINK(""https://stackoverflow.com/a/5739941"", ""5739941"")",0.5612052730696795
"=HYPERLINK(""https://stackoverflow.com/a/6005435"", ""6005435"")",0.43123861566484545
"=HYPERLINK(""https://stackoverflow.com/a/6159016"", ""6159016"")",0.4676767676767676
"=HYPERLINK(""https://stackoverflow.com/a/7550769"", ""7550769"")",0.5207868155236579
"=HYPERLINK(""https://stackoverflow.com/a/7655159"", ""7655159"")",0.5018832391713745
"=HYPERLINK(""https://stackoverflow.com/a/7984156"", ""7984156"")",0.6767676767676764
"=HYPERLINK(""https://stackoverflow.com/a/9082405"", ""9082405"")",0.49055853707016506
"=HYPERLINK(""https://stackoverflow.com/a/9507185"", ""9507185"")",0.6369687660010234
"=HYPERLINK(""https://stackoverflow.com/a/9541075"", ""9541075"")",0.1865079365079364
"=HYPERLINK(""https://stackoverflow.com/a/9742871"", ""9742871"")",0.6398046398046398
"=HYPERLINK(""https://stackoverflow.com/a/10402744"", ""10402744"")",0.23321123321123313
"=HYPERLINK(""https://stackoverflow.com/a/10548397"", ""10548397"")",0.3978978978978977
"=HYPERLINK(""https://stackoverflow.com/a/10613286"", ""10613286"")",0.35054080629301904
"=HYPERLINK(""https://stackoverflow.com/a/10616996"", ""10616996"")",0.3101343101343101
"=HYPERLINK(""https://stackoverflow.com/a/11400667"", ""11400667"")",0.11695906432748553
"=HYPERLINK(""https://stackoverflow.com/a/11624414"", ""11624414"")",0.469928644240571
"=HYPERLINK(""https://stackoverflow.com/a/11875964"", ""11875964"")",0.7542846139033319
"=HYPERLINK(""https://stackoverflow.com/a/11971052"", ""11971052"")",0.3639545056867895
"=HYPERLINK(""https://stackoverflow.com/a/12364922"", ""12364922"")",0.5084817642069556
"=HYPERLINK(""https://stackoverflow.com/a/12742278"", ""12742278"")",0.22856136643775316
"=HYPERLINK(""https://stackoverflow.com/a/12995122"", ""12995122"")",0.5509893455098933
"=HYPERLINK(""https://stackoverflow.com/a/13603094"", ""13603094"")",0.5079365079365079
"=HYPERLINK(""https://stackoverflow.com/a/13732782"", ""13732782"")",0.37717429889953824
"=HYPERLINK(""https://stackoverflow.com/a/14402704"", ""14402704"")",0.44926561273685406
"=HYPERLINK(""https://stackoverflow.com/a/14489865"", ""14489865"")",0.481764206955047
"=HYPERLINK(""https://stackoverflow.com/a/14748694"", ""14748694"")",0.6006006006006003
"=HYPERLINK(""https://stackoverflow.com/a/16534813"", ""16534813"")",0.4547803617571057
"=HYPERLINK(""https://stackoverflow.com/a/16811900"", ""16811900"")",0.2978036175710592
"=HYPERLINK(""https://stackoverflow.com/a/17021278"", ""17021278"")",0.42222222222222183
"=HYPERLINK(""https://stackoverflow.com/a/17192809"", ""17192809"")",0.21532567049808427
"=HYPERLINK(""https://stackoverflow.com/a/17314285"", ""17314285"")",0.7559842801000359
"=HYPERLINK(""https://stackoverflow.com/a/17553419"", ""17553419"")",0.3033033033033031
"=HYPERLINK(""https://stackoverflow.com/a/18064845"", ""18064845"")",0.4961948249619481
"=HYPERLINK(""https://stackoverflow.com/a/18582491"", ""18582491"")",0.5014430014430012
"=HYPERLINK(""https://stackoverflow.com/a/18743043"", ""18743043"")",0.45426642111724996
"=HYPERLINK(""https://stackoverflow.com/a/19747077"", ""19747077"")",0.3433294886582082
"=HYPERLINK(""https://stackoverflow.com/a/20727266"", ""20727266"")",0.1507936507936508
"=HYPERLINK(""https://stackoverflow.com/a/21889623"", ""21889623"")",0.3222222222222223
"=HYPERLINK(""https://stackoverflow.com/a/22417095"", ""22417095"")",0.36690307328605204
"=HYPERLINK(""https://stackoverflow.com/a/22627336"", ""22627336"")",0.5598845598845594
"=HYPERLINK(""https://stackoverflow.com/a/23633983"", ""23633983"")",0.32701264138389874
"=HYPERLINK(""https://stackoverflow.com/a/23707539"", ""23707539"")",0.493408662900188
"=HYPERLINK(""https://stackoverflow.com/a/24825468"", ""24825468"")",0.4241452991452993
"=HYPERLINK(""https://stackoverflow.com/a/25826922"", ""25826922"")",0.47629388346000706
"=HYPERLINK(""https://stackoverflow.com/a/26112672"", ""26112672"")",0.5079365079365078
"=HYPERLINK(""https://stackoverflow.com/a/26278801"", ""26278801"")",0.4751866490996924
"=HYPERLINK(""https://stackoverflow.com/a/26910411"", ""26910411"")",0.32103645147123394
"=HYPERLINK(""https://stackoverflow.com/a/27130143"", ""27130143"")",0.39016115351993247
"=HYPERLINK(""https://stackoverflow.com/a/27185138"", ""27185138"")",0.43596268023748974
"=HYPERLINK(""https://stackoverflow.com/a/28039540"", ""28039540"")",0.5659722222222224
"=HYPERLINK(""https://stackoverflow.com/a/29431509"", ""29431509"")",0.4262524489224736
"=HYPERLINK(""https://stackoverflow.com/a/29466449"", ""29466449"")",0.5023246987380202
"=HYPERLINK(""https://stackoverflow.com/a/31447483"", ""31447483"")",0.5011695906432752
"=HYPERLINK(""https://stackoverflow.com/a/31630141"", ""31630141"")",0.8120839733742952
"=HYPERLINK(""https://stackoverflow.com/a/33213026"", ""33213026"")",0.5392953929539293
"=HYPERLINK(""https://stackoverflow.com/a/33417955"", ""33417955"")",0.5483091787439616
"=HYPERLINK(""https://stackoverflow.com/a/33541361"", ""33541361"")",0.8266178266178267
"=HYPERLINK(""https://stackoverflow.com/a/33652230"", ""33652230"")",0.6478277585544018
"=HYPERLINK(""https://stackoverflow.com/a/34884231"", ""34884231"")",0.3476834768347685
"=HYPERLINK(""https://stackoverflow.com/a/35543962"", ""35543962"")",0.2748538011695909
"=HYPERLINK(""https://stackoverflow.com/a/36980109"", ""36980109"")",0.48240321769733513
"=HYPERLINK(""https://stackoverflow.com/a/38070021"", ""38070021"")",0.5065182511030882
"=HYPERLINK(""https://stackoverflow.com/a/38612218"", ""38612218"")",0.4337606837606839
"=HYPERLINK(""https://stackoverflow.com/a/38714058"", ""38714058"")",0.359746780179
"=HYPERLINK(""https://stackoverflow.com/a/39239603"", ""39239603"")",0.524974515800204
"=HYPERLINK(""https://stackoverflow.com/a/39717276"", ""39717276"")",0.3801169590643279
"=HYPERLINK(""https://stackoverflow.com/a/40054925"", ""40054925"")",0.44281045751633974
"=HYPERLINK(""https://stackoverflow.com/a/40507768"", ""40507768"")",0.33211233211233204
"=HYPERLINK(""https://stackoverflow.com/a/40578511"", ""40578511"")",0.5816868493732743
"=HYPERLINK(""https://stackoverflow.com/a/41466916"", ""41466916"")",0.5056867891513567
"=HYPERLINK(""https://stackoverflow.com/a/42456569"", ""42456569"")",0.4341650313054857
"=HYPERLINK(""https://stackoverflow.com/a/43324769"", ""43324769"")",0.4088111435050213
"=HYPERLINK(""https://stackoverflow.com/a/43888381"", ""43888381"")",0.6394001363326512
"=HYPERLINK(""https://stackoverflow.com/a/44473624"", ""44473624"")",0.43545751633986923
"=HYPERLINK(""https://stackoverflow.com/a/45232492"", ""45232492"")",0.5058760683760686
"=HYPERLINK(""https://stackoverflow.com/a/45305126"", ""45305126"")",0.5231071779744351
"=HYPERLINK(""https://stackoverflow.com/a/45404487"", ""45404487"")",0.49294045426642114
"=HYPERLINK(""https://stackoverflow.com/a/45665256"", ""45665256"")",0.7559645535105652
"=HYPERLINK(""https://stackoverflow.com/a/45682381"", ""45682381"")",0.32567049808429127
"=HYPERLINK(""https://stackoverflow.com/a/45912298"", ""45912298"")",0.5322222222222218
"=HYPERLINK(""https://stackoverflow.com/a/45918855"", ""45918855"")",0.25891946992864423
"=HYPERLINK(""https://stackoverflow.com/a/46212621"", ""46212621"")",0.6647754137115839
"=HYPERLINK(""https://stackoverflow.com/a/47471349"", ""47471349"")",0.5770609318996409
"=HYPERLINK(""https://stackoverflow.com/a/47513055"", ""47513055"")",0.4124877089478861
"=HYPERLINK(""https://stackoverflow.com/a/47548228"", ""47548228"")",0.8127734033245854
"=HYPERLINK(""https://stackoverflow.com/a/47989025"", ""47989025"")",0.4800535475234268
"=HYPERLINK(""https://stackoverflow.com/a/48084490"", ""48084490"")",0.6383898868928806
"=HYPERLINK(""https://stackoverflow.com/a/48491998"", ""48491998"")",0.859390363815143
"=HYPERLINK(""https://stackoverflow.com/a/48602678"", ""48602678"")",0.3615664845173044
"=HYPERLINK(""https://stackoverflow.com/a/49243435"", ""49243435"")",0.2636968766001021
"=HYPERLINK(""https://stackoverflow.com/a/49277700"", ""49277700"")",0.3372849837284982
"=HYPERLINK(""https://stackoverflow.com/a/49330802"", ""49330802"")",0.7122068139017292
"=HYPERLINK(""https://stackoverflow.com/a/49709400"", ""49709400"")",0.687338501291989
"=HYPERLINK(""https://stackoverflow.com/a/50021618"", ""50021618"")",0.5410141685309472
"=HYPERLINK(""https://stackoverflow.com/a/50360632"", ""50360632"")",0.292222222222222
"=HYPERLINK(""https://stackoverflow.com/a/50708013"", ""50708013"")",0.4640255009107473
"=HYPERLINK(""https://stackoverflow.com/a/50749156"", ""50749156"")",0.2739782296159377
"=HYPERLINK(""https://stackoverflow.com/a/50939481"", ""50939481"")",0.7485380116959072
"=HYPERLINK(""https://stackoverflow.com/a/51356666"", ""51356666"")",0.5251068376068377
"=HYPERLINK(""https://stackoverflow.com/a/52299653"", ""52299653"")",0.6562647754137116
"=HYPERLINK(""https://stackoverflow.com/a/52473559"", ""52473559"")",0.2606837606837607
"=HYPERLINK(""https://stackoverflow.com/a/52933766"", ""52933766"")",0.31045751633986923
"=HYPERLINK(""https://stackoverflow.com/a/53040918"", ""53040918"")",0.33910533910533885
"=HYPERLINK(""https://stackoverflow.com/a/53437423"", ""53437423"")",0.48881973259566625
"=HYPERLINK(""https://stackoverflow.com/a/53509582"", ""53509582"")",0.23917137476459505
"=HYPERLINK(""https://stackoverflow.com/a/53905366"", ""53905366"")",0.5493115593980148
"=HYPERLINK(""https://stackoverflow.com/a/54120715"", ""54120715"")",0.2710027100271002
"=HYPERLINK(""https://stackoverflow.com/a/55242785"", ""55242785"")",0.7394636015325671
"=HYPERLINK(""https://stackoverflow.com/a/55359539"", ""55359539"")",0.4323838850397741
"=HYPERLINK(""https://stackoverflow.com/a/55716973"", ""55716973"")",0.7344173441734414
"=HYPERLINK(""https://stackoverflow.com/a/55766542"", ""55766542"")",0.44382887042166835
"=HYPERLINK(""https://stackoverflow.com/a/55946980"", ""55946980"")",0.39627285513361443
"=HYPERLINK(""https://stackoverflow.com/a/56303980"", ""56303980"")",0.8463832960477259
"=HYPERLINK(""https://stackoverflow.com/a/56431356"", ""56431356"")",0.5016339869281046
"=HYPERLINK(""https://stackoverflow.com/a/57549548"", ""57549548"")",0.25448028673835116
"=HYPERLINK(""https://stackoverflow.com/a/57913334"", ""57913334"")",0.766470009832842
"=HYPERLINK(""https://stackoverflow.com/a/57941454"", ""57941454"")",0.40428026971562603
"=HYPERLINK(""https://stackoverflow.com/a/57967557"", ""57967557"")",0.3326873385012917
"=HYPERLINK(""https://stackoverflow.com/a/58697239"", ""58697239"")",0.3700821444012104
"=HYPERLINK(""https://stackoverflow.com/a/58717940"", ""58717940"")",0.2474323062558356
"=HYPERLINK(""https://stackoverflow.com/a/59250165"", ""59250165"")",0.545056867891514
"=HYPERLINK(""https://stackoverflow.com/a/59848716"", ""59848716"")",0.49000464900046453
"=HYPERLINK(""https://stackoverflow.com/a/59981319"", ""59981319"")",0.6507936507936508
"=HYPERLINK(""https://stackoverflow.com/a/60209131"", ""60209131"")",0.7643274853801176
"=HYPERLINK(""https://stackoverflow.com/a/60281351"", ""60281351"")",0.6959064327485383
"=HYPERLINK(""https://stackoverflow.com/a/60285730"", ""60285730"")",0.3596945060359692
"=HYPERLINK(""https://stackoverflow.com/a/60318187"", ""60318187"")",0.3724198506807201
"=HYPERLINK(""https://stackoverflow.com/a/60392769"", ""60392769"")",0.47957516339869277
"=HYPERLINK(""https://stackoverflow.com/a/60484623"", ""60484623"")",0.6422222222222218
"=HYPERLINK(""https://stackoverflow.com/a/60510330"", ""60510330"")",0.2956167176350663
"=HYPERLINK(""https://stackoverflow.com/a/60533095"", ""60533095"")",0.5295992714025506
"=HYPERLINK(""https://stackoverflow.com/a/60563547"", ""60563547"")",0.6212606837606839
"=HYPERLINK(""https://stackoverflow.com/a/60817221"", ""60817221"")",0.458403126744835
"=HYPERLINK(""https://stackoverflow.com/a/61222636"", ""61222636"")",0.3323917137476458
"=HYPERLINK(""https://stackoverflow.com/a/61228926"", ""61228926"")",0.499384084749938
"=HYPERLINK(""https://stackoverflow.com/a/61583643"", ""61583643"")",0.5985108820160365
"=HYPERLINK(""https://stackoverflow.com/a/61703405"", ""61703405"")",0.4795751633986927
"=HYPERLINK(""https://stackoverflow.com/a/61864446"", ""61864446"")",0.27130197682344903
"=HYPERLINK(""https://stackoverflow.com/a/61874633"", ""61874633"")",0.25793650793650785
"=HYPERLINK(""https://stackoverflow.com/a/61898607"", ""61898607"")",0.5609844372059355
"=HYPERLINK(""https://stackoverflow.com/a/62424169"", ""62424169"")",0.5870870870870868
"=HYPERLINK(""https://stackoverflow.com/a/62712887"", ""62712887"")",0.7130197682344918
"=HYPERLINK(""https://stackoverflow.com/a/62826842"", ""62826842"")",0.40938217869665094
"=HYPERLINK(""https://stackoverflow.com/a/63261199"", ""63261199"")",0.6022222222222219
"=HYPERLINK(""https://stackoverflow.com/a/63268190"", ""63268190"")",0.35050210560414674
"=HYPERLINK(""https://stackoverflow.com/a/63682665"", ""63682665"")",0.4409722222222223
"=HYPERLINK(""https://stackoverflow.com/a/63947744"", ""63947744"")",0.32222222222222213
"=HYPERLINK(""https://stackoverflow.com/a/64371912"", ""64371912"")",0.7187739463601532
"=HYPERLINK(""https://stackoverflow.com/a/64610542"", ""64610542"")",0.31396534148827737
"=HYPERLINK(""https://stackoverflow.com/a/64613278"", ""64613278"")",0.49121606205795076
"=HYPERLINK(""https://stackoverflow.com/a/64652454"", ""64652454"")",0.4257936507936509
"=HYPERLINK(""https://stackoverflow.com/a/64856863"", ""64856863"")",0.6773946360153257
"=HYPERLINK(""https://stackoverflow.com/a/65319107"", ""65319107"")",0.408268733850129
"=HYPERLINK(""https://stackoverflow.com/a/65549226"", ""65549226"")",0.5222222222222221
"=HYPERLINK(""https://stackoverflow.com/a/65680666"", ""65680666"")",0.4961948249619482
"=HYPERLINK(""https://stackoverflow.com/a/66368655"", ""66368655"")",0.31137884872824617
"=HYPERLINK(""https://stackoverflow.com/a/66452491"", ""66452491"")",0.8674550381867449
"=HYPERLINK(""https://stackoverflow.com/a/66595775"", ""66595775"")",0.5384384384384382
"=HYPERLINK(""https://stackoverflow.com/a/66742116"", ""66742116"")",0.3536655211912943
"=HYPERLINK(""https://stackoverflow.com/a/67136532"", ""67136532"")",0.33033033033033016
"=HYPERLINK(""https://stackoverflow.com/a/67495636"", ""67495636"")",0.357936507936508
