"link","Correlation","score","view_count"
"=HYPERLINK(""https://stackoverflow.com/q/174174"", ""174174"")",0.3583566760037348,"2","4212"
"=HYPERLINK(""https://stackoverflow.com/q/181321"", ""181321"")",0.6639400136332648,"3","31672"
"=HYPERLINK(""https://stackoverflow.com/q/1360297"", ""1360297"")",0.3681681681681679,"0","1900"
"=HYPERLINK(""https://stackoverflow.com/q/1580408"", ""1580408"")",0.3729759910664432,"5","18849"
"=HYPERLINK(""https://stackoverflow.com/q/1675733"", ""1675733"")",0.6507936507936509,"5","645"
"=HYPERLINK(""https://stackoverflow.com/q/1730566"", ""1730566"")",0.2892325315005727,"0","5006"
"=HYPERLINK(""https://stackoverflow.com/q/2701007"", ""2701007"")",0.4570507182644386,"2","1075"
"=HYPERLINK(""https://stackoverflow.com/q/2997795"", ""2997795"")",0.3276276276276274,"5","14277"
"=HYPERLINK(""https://stackoverflow.com/q/3275490"", ""3275490"")",0.5785096473719226,"3","1940"
"=HYPERLINK(""https://stackoverflow.com/q/3596263"", ""3596263"")",0.5398913951545528,"1","1925"
"=HYPERLINK(""https://stackoverflow.com/q/3950268"", ""3950268"")",0.926837606837608,"1","2263"
"=HYPERLINK(""https://stackoverflow.com/q/4241407"", ""4241407"")",0.6173835125448033,"1","1125"
"=HYPERLINK(""https://stackoverflow.com/q/4638565"", ""4638565"")",0.8617571059431518,"0","2939"
"=HYPERLINK(""https://stackoverflow.com/q/5441826"", ""5441826"")",0.577991452991453,"0","429"
"=HYPERLINK(""https://stackoverflow.com/q/5522865"", ""5522865"")",0.6291989664082684,"4","10281"
"=HYPERLINK(""https://stackoverflow.com/q/5551437"", ""5551437"")",0.4067240672406725,"0","3616"
"=HYPERLINK(""https://stackoverflow.com/q/5738474"", ""5738474"")",0.738827388273883,"1","1231"
"=HYPERLINK(""https://stackoverflow.com/q/5799255"", ""5799255"")",0.417344173441734,"0","225"
"=HYPERLINK(""https://stackoverflow.com/q/5813680"", ""5813680"")",0.6650266502665028,"1","6119"
"=HYPERLINK(""https://stackoverflow.com/q/5926652"", ""5926652"")",0.4754689754689752,"0","1766"
"=HYPERLINK(""https://stackoverflow.com/q/6027640"", ""6027640"")",0.544337606837607,"2","3603"
"=HYPERLINK(""https://stackoverflow.com/q/6115747"", ""6115747"")",0.4452438049560352,"2","1439"
"=HYPERLINK(""https://stackoverflow.com/q/7040741"", ""7040741"")",0.2547955121245023,"10","10924"
"=HYPERLINK(""https://stackoverflow.com/q/7399371"", ""7399371"")",0.4677667766776676,"2","994"
"=HYPERLINK(""https://stackoverflow.com/q/7414098"", ""7414098"")",0.737559645535105,"2","1699"
"=HYPERLINK(""https://stackoverflow.com/q/7443304"", ""7443304"")",0.4168168168168165,"0","1963"
"=HYPERLINK(""https://stackoverflow.com/q/7606612"", ""7606612"")",0.4875895385640517,"0","1726"
"=HYPERLINK(""https://stackoverflow.com/q/7816827"", ""7816827"")",0.3374295954941113,"0","300"
"=HYPERLINK(""https://stackoverflow.com/q/7996165"", ""7996165"")",0.2512919896640825,"0","345"
"=HYPERLINK(""https://stackoverflow.com/q/8229992"", ""8229992"")",0.4559571619812583,"5","12273"
"=HYPERLINK(""https://stackoverflow.com/q/8961897"", ""8961897"")",0.3121876201460975,"1","2468"
"=HYPERLINK(""https://stackoverflow.com/q/9173981"", ""9173981"")",0.7930186823992138,"0","622"
"=HYPERLINK(""https://stackoverflow.com/q/9314795"", ""9314795"")",0.5305226174791389,"1","3971"
"=HYPERLINK(""https://stackoverflow.com/q/9318694"", ""9318694"")",0.6647754137115839,"0","3888"
"=HYPERLINK(""https://stackoverflow.com/q/9438695"", ""9438695"")",0.8178104575163399,"3","11932"
"=HYPERLINK(""https://stackoverflow.com/q/9924559"", ""9924559"")",0.5012919896640824,"2","325"
"=HYPERLINK(""https://stackoverflow.com/q/10493941"", ""10493941"")",0.214183637013219,"0","144"
"=HYPERLINK(""https://stackoverflow.com/q/10538796"", ""10538796"")",0.5485380116959069,"0","2084"
"=HYPERLINK(""https://stackoverflow.com/q/10546918"", ""10546918"")",0.7054436987322897,"0","164"
"=HYPERLINK(""https://stackoverflow.com/q/10589818"", ""10589818"")",0.4421470342522971,"1","847"
"=HYPERLINK(""https://stackoverflow.com/q/10853586"", ""10853586"")",0.3992133726647004,"1","5738"
"=HYPERLINK(""https://stackoverflow.com/q/10953219"", ""10953219"")",0.4817966903073286,"1","897"
"=HYPERLINK(""https://stackoverflow.com/q/11095886"", ""11095886"")",0.5177367340955734,"2","1037"
"=HYPERLINK(""https://stackoverflow.com/q/11275907"", ""11275907"")",0.4097222222222222,"0","1244"
"=HYPERLINK(""https://stackoverflow.com/q/11542911"", ""11542911"")",0.4102117783579926,"1","3755"
"=HYPERLINK(""https://stackoverflow.com/q/11606160"", ""11606160"")",0.3564634673584089,"1","1841"
"=HYPERLINK(""https://stackoverflow.com/q/11875545"", ""11875545"")",0.8607061872368005,"1","3410"
"=HYPERLINK(""https://stackoverflow.com/q/11984151"", ""11984151"")",0.2304189435336978,"3","4905"
"=HYPERLINK(""https://stackoverflow.com/q/12029889"", ""12029889"")",0.23295567481614,"0","479"
"=HYPERLINK(""https://stackoverflow.com/q/12070024"", ""12070024"")",0.3961352657004828,"0","10372"
"=HYPERLINK(""https://stackoverflow.com/q/12284233"", ""12284233"")",0.5260196905766522,"1","2176"
"=HYPERLINK(""https://stackoverflow.com/q/12324213"", ""12324213"")",0.6926364234056546,"2","5654"
"=HYPERLINK(""https://stackoverflow.com/q/12337422"", ""12337422"")",0.8217184438846901,"6","4616"
"=HYPERLINK(""https://stackoverflow.com/q/12684264"", ""12684264"")",0.353937993452725,"0","289"
"=HYPERLINK(""https://stackoverflow.com/q/12728763"", ""12728763"")",0.4643274853801172,"6","16429"
"=HYPERLINK(""https://stackoverflow.com/q/12909834"", ""12909834"")",0.4468376068376071,"0","648"
"=HYPERLINK(""https://stackoverflow.com/q/13356738"", ""13356738"")",0.371944957896899,"1","651"
"=HYPERLINK(""https://stackoverflow.com/q/13422252"", ""13422252"")",0.3239921337266472,"2","2127"
"=HYPERLINK(""https://stackoverflow.com/q/13466469"", ""13466469"")",0.3992133726647004,"1","229"
"=HYPERLINK(""https://stackoverflow.com/q/13620049"", ""13620049"")",0.6394001363326511,"4","17649"
"=HYPERLINK(""https://stackoverflow.com/q/13734204"", ""13734204"")",0.3016924208977189,"1","3153"
"=HYPERLINK(""https://stackoverflow.com/q/13877011"", ""13877011"")",0.3299145299145303,"0","1023"
"=HYPERLINK(""https://stackoverflow.com/q/14398708"", ""14398708"")",0.3021569693674098,"1","1929"
"=HYPERLINK(""https://stackoverflow.com/q/14951326"", ""14951326"")",0.4044882320744386,"0","2531"
"=HYPERLINK(""https://stackoverflow.com/q/15117266"", ""15117266"")",0.4392434988179669,"0","1414"
"=HYPERLINK(""https://stackoverflow.com/q/15198097"", ""15198097"")",0.494281045751634,"0","189"
"=HYPERLINK(""https://stackoverflow.com/q/15288738"", ""15288738"")",0.5014430014430012,"3","1894"
"=HYPERLINK(""https://stackoverflow.com/q/15880662"", ""15880662"")",0.4067859806114841,"0","3785"
"=HYPERLINK(""https://stackoverflow.com/q/15908021"", ""15908021"")",0.806997308727412,"0","136"
"=HYPERLINK(""https://stackoverflow.com/q/16175102"", ""16175102"")",0.3914529914529917,"0","266"
"=HYPERLINK(""https://stackoverflow.com/q/16298044"", ""16298044"")",0.7966903073286052,"0","901"
"=HYPERLINK(""https://stackoverflow.com/q/16532630"", ""16532630"")",0.5328605200945628,"1","7144"
"=HYPERLINK(""https://stackoverflow.com/q/16597611"", ""16597611"")",0.4727765459472772,"4","12079"
"=HYPERLINK(""https://stackoverflow.com/q/16667140"", ""16667140"")",0.9024547803617564,"6","22933"
"=HYPERLINK(""https://stackoverflow.com/q/16770293"", ""16770293"")",0.3113131313131311,"0","441"
"=HYPERLINK(""https://stackoverflow.com/q/17310362"", ""17310362"")",0.9160332971407888,"1","592"
"=HYPERLINK(""https://stackoverflow.com/q/17588624"", ""17588624"")",0.3113526570048306,"1","2198"
"=HYPERLINK(""https://stackoverflow.com/q/17883697"", ""17883697"")",0.7410692288741064,"0","272"
"=HYPERLINK(""https://stackoverflow.com/q/17983373"", ""17983373"")",0.3072499486547546,"0","297"
"=HYPERLINK(""https://stackoverflow.com/q/18214769"", ""18214769"")",0.321024617431803,"0","798"
"=HYPERLINK(""https://stackoverflow.com/q/18522844"", ""18522844"")",0.4359318996415774,"0","536"
"=HYPERLINK(""https://stackoverflow.com/q/18578949"", ""18578949"")",0.7722222222222218,"1","4009"
"=HYPERLINK(""https://stackoverflow.com/q/19241458"", ""19241458"")",0.3206122043331346,"0","3673"
"=HYPERLINK(""https://stackoverflow.com/q/19266367"", ""19266367"")",0.37833081950729,"0","551"
"=HYPERLINK(""https://stackoverflow.com/q/19272017"", ""19272017"")",0.3604710701484891,"1","4680"
"=HYPERLINK(""https://stackoverflow.com/q/19720958"", ""19720958"")",0.8898122499230533,"0","1405"
"=HYPERLINK(""https://stackoverflow.com/q/19746985"", ""19746985"")",0.6063052672049206,"2","1339"
"=HYPERLINK(""https://stackoverflow.com/q/20250166"", ""20250166"")",0.70838823012736,"0","386"
"=HYPERLINK(""https://stackoverflow.com/q/20309764"", ""20309764"")",0.3292332923329233,"0","51"
"=HYPERLINK(""https://stackoverflow.com/q/20495686"", ""20495686"")",0.4544121958369981,"3","1509"
"=HYPERLINK(""https://stackoverflow.com/q/21522627"", ""21522627"")",0.4080629301868242,"0","3141"
"=HYPERLINK(""https://stackoverflow.com/q/21822136"", ""21822136"")",0.3529040404040403,"0","1545"
"=HYPERLINK(""https://stackoverflow.com/q/21926314"", ""21926314"")",0.3000910746812388,"0","823"
"=HYPERLINK(""https://stackoverflow.com/q/22021740"", ""22021740"")",0.6255371393492941,"2","3532"
"=HYPERLINK(""https://stackoverflow.com/q/22062801"", ""22062801"")",0.4442882798469583,"0","8801"
"=HYPERLINK(""https://stackoverflow.com/q/22406580"", ""22406580"")",0.434459315912471,"0","390"
"=HYPERLINK(""https://stackoverflow.com/q/22626970"", ""22626970"")",0.9512298558100096,"2","45378"
"=HYPERLINK(""https://stackoverflow.com/q/22824937"", ""22824937"")",0.7347850362925736,"0","1662"
"=HYPERLINK(""https://stackoverflow.com/q/22937724"", ""22937724"")",0.3986928104575163,"3","24995"
"=HYPERLINK(""https://stackoverflow.com/q/22940521"", ""22940521"")",0.3455275805178969,"4","7849"
"=HYPERLINK(""https://stackoverflow.com/q/23020418"", ""23020418"")",0.4688761419162952,"2","11751"
"=HYPERLINK(""https://stackoverflow.com/q/23048404"", ""23048404"")",0.3166702120116288,"0","1695"
"=HYPERLINK(""https://stackoverflow.com/q/23073877"", ""23073877"")",0.3314659197012137,"0","1409"
"=HYPERLINK(""https://stackoverflow.com/q/23572614"", ""23572614"")",0.441499330655957,"0","3333"
"=HYPERLINK(""https://stackoverflow.com/q/23779159"", ""23779159"")",0.348176420695505,"6","37355"
"=HYPERLINK(""https://stackoverflow.com/q/23790176"", ""23790176"")",0.6443001443001439,"0","2737"
"=HYPERLINK(""https://stackoverflow.com/q/23842990"", ""23842990"")",0.5282089184528206,"0","2722"
"=HYPERLINK(""https://stackoverflow.com/q/23942689"", ""23942689"")",0.5065611182427615,"1","6552"
"=HYPERLINK(""https://stackoverflow.com/q/24083146"", ""24083146"")",0.4632194521391198,"1","64"
"=HYPERLINK(""https://stackoverflow.com/q/24107701"", ""24107701"")",0.4232531500572736,"1","3759"
"=HYPERLINK(""https://stackoverflow.com/q/24133543"", ""24133543"")",0.5349258052841113,"1","855"
"=HYPERLINK(""https://stackoverflow.com/q/24823790"", ""24823790"")",0.6969057665260192,"1","234"
"=HYPERLINK(""https://stackoverflow.com/q/24867635"", ""24867635"")",0.5010273431326067,"0","869"
"=HYPERLINK(""https://stackoverflow.com/q/24869461"", ""24869461"")",0.854965585054081,"0","743"
"=HYPERLINK(""https://stackoverflow.com/q/25065555"", ""25065555"")",0.4678969627066509,"0","1409"
"=HYPERLINK(""https://stackoverflow.com/q/25281491"", ""25281491"")",0.4662413609782033,"0","1430"
"=HYPERLINK(""https://stackoverflow.com/q/25963353"", ""25963353"")",0.4714623438027694,"0","1883"
"=HYPERLINK(""https://stackoverflow.com/q/26093464"", ""26093464"")",0.5413257441005577,"1","3846"
"=HYPERLINK(""https://stackoverflow.com/q/26123534"", ""26123534"")",0.3983091787439608,"0","1407"
"=HYPERLINK(""https://stackoverflow.com/q/26541134"", ""26541134"")",0.3451167948984545,"2","1613"
"=HYPERLINK(""https://stackoverflow.com/q/26610013"", ""26610013"")",0.4838630204483859,"0","839"
"=HYPERLINK(""https://stackoverflow.com/q/26739275"", ""26739275"")",0.5205176767676766,"1","7533"
"=HYPERLINK(""https://stackoverflow.com/q/26891533"", ""26891533"")",0.4441200324412007,"3","4377"
"=HYPERLINK(""https://stackoverflow.com/q/27079467"", ""27079467"")",0.4119876806443974,"0","2088"
"=HYPERLINK(""https://stackoverflow.com/q/27129003"", ""27129003"")",0.4124062713019765,"3","2926"
"=HYPERLINK(""https://stackoverflow.com/q/27312429"", ""27312429"")",0.4734785036292571,"0","2181"
"=HYPERLINK(""https://stackoverflow.com/q/27472744"", ""27472744"")",0.3713934929404542,"1","1822"
"=HYPERLINK(""https://stackoverflow.com/q/27847697"", ""27847697"")",0.4710701484895029,"0","1811"
"=HYPERLINK(""https://stackoverflow.com/q/27895292"", ""27895292"")",0.9380116959064336,"0","51"
"=HYPERLINK(""https://stackoverflow.com/q/27935739"", ""27935739"")",0.8590643274853808,"2","2081"
"=HYPERLINK(""https://stackoverflow.com/q/27972317"", ""27972317"")",0.3984517304189439,"0","1003"
"=HYPERLINK(""https://stackoverflow.com/q/27978180"", ""27978180"")",0.4169590643274857,"0","753"
"=HYPERLINK(""https://stackoverflow.com/q/28091444"", ""28091444"")",0.3697632058287799,"3","5004"
"=HYPERLINK(""https://stackoverflow.com/q/28277714"", ""28277714"")",0.8964303670186023,"0","634"
"=HYPERLINK(""https://stackoverflow.com/q/28341292"", ""28341292"")",0.4834029020075533,"6","8903"
"=HYPERLINK(""https://stackoverflow.com/q/28803316"", ""28803316"")",0.560804899387577,"1","674"
"=HYPERLINK(""https://stackoverflow.com/q/29106098"", ""29106098"")",0.2906261310170105,"0","225"
"=HYPERLINK(""https://stackoverflow.com/q/29145109"", ""29145109"")",0.2713131313131312,"1","1795"
"=HYPERLINK(""https://stackoverflow.com/q/29351939"", ""29351939"")",0.4168035030103992,"0","1022"
"=HYPERLINK(""https://stackoverflow.com/q/29407491"", ""29407491"")",0.5673549655850543,"0","1800"
"=HYPERLINK(""https://stackoverflow.com/q/29494428"", ""29494428"")",0.5829365079365081,"0","1784"
"=HYPERLINK(""https://stackoverflow.com/q/29767470"", ""29767470"")",0.5007032348804497,"3","10787"
"=HYPERLINK(""https://stackoverflow.com/q/29774158"", ""29774158"")",0.2175052410901468,"0","127"
"=HYPERLINK(""https://stackoverflow.com/q/29824400"", ""29824400"")",0.3012736056214315,"0","65"
"=HYPERLINK(""https://stackoverflow.com/q/29917986"", ""29917986"")",0.3467896962706649,"0","303"
"=HYPERLINK(""https://stackoverflow.com/q/29935828"", ""29935828"")",0.8001443001442997,"0","66"
"=HYPERLINK(""https://stackoverflow.com/q/29940542"", ""29940542"")",0.439243498817967,"2","3025"
"=HYPERLINK(""https://stackoverflow.com/q/30045636"", ""30045636"")",0.6636015325670499,"1","8112"
"=HYPERLINK(""https://stackoverflow.com/q/30118926"", ""30118926"")",0.901780233271946,"2","4427"
"=HYPERLINK(""https://stackoverflow.com/q/30166918"", ""30166918"")",0.4332774986041315,"0","1109"
"=HYPERLINK(""https://stackoverflow.com/q/30324617"", ""30324617"")",0.3835125448028671,"3","2191"
"=HYPERLINK(""https://stackoverflow.com/q/30376146"", ""30376146"")",0.258150365934797,"2","111"
"=HYPERLINK(""https://stackoverflow.com/q/30707293"", ""30707293"")",0.4086446360153256,"2","3145"
"=HYPERLINK(""https://stackoverflow.com/q/30751173"", ""30751173"")",0.8210594315245472,"0","356"
"=HYPERLINK(""https://stackoverflow.com/q/31118603"", ""31118603"")",0.7887246852764088,"0","1141"
"=HYPERLINK(""https://stackoverflow.com/q/31252733"", ""31252733"")",0.4158981115502853,"3","2977"
"=HYPERLINK(""https://stackoverflow.com/q/31272627"", ""31272627"")",0.3542446941323349,"1","1919"
"=HYPERLINK(""https://stackoverflow.com/q/31398335"", ""31398335"")",0.3626477541371159,"0","72"
"=HYPERLINK(""https://stackoverflow.com/q/31447389"", ""31447389"")",0.4980842911877396,"0","46"
"=HYPERLINK(""https://stackoverflow.com/q/31548994"", ""31548994"")",0.6041317699609152,"0","853"
"=HYPERLINK(""https://stackoverflow.com/q/31622136"", ""31622136"")",0.5655058043117749,"1","2827"
"=HYPERLINK(""https://stackoverflow.com/q/31853475"", ""31853475"")",0.4547189197123146,"0","1788"
"=HYPERLINK(""https://stackoverflow.com/q/32013685"", ""32013685"")",0.536175710594315,"0","2014"
"=HYPERLINK(""https://stackoverflow.com/q/32226847"", ""32226847"")",0.3697632058287799,"3","3121"
"=HYPERLINK(""https://stackoverflow.com/q/32432501"", ""32432501"")",0.4067859806114841,"0","507"
"=HYPERLINK(""https://stackoverflow.com/q/32473633"", ""32473633"")",0.4130619168787111,"0","387"
"=HYPERLINK(""https://stackoverflow.com/q/32539319"", ""32539319"")",0.3541371158392436,"2","1710"
"=HYPERLINK(""https://stackoverflow.com/q/32716566"", ""32716566"")",0.3214588634435965,"1","5811"
"=HYPERLINK(""https://stackoverflow.com/q/32897144"", ""32897144"")",0.3424753867791841,"1","814"
"=HYPERLINK(""https://stackoverflow.com/q/33073826"", ""33073826"")",0.5309779825908854,"0","1354"
"=HYPERLINK(""https://stackoverflow.com/q/33105879"", ""33105879"")",0.4830917874396133,"0","187"
"=HYPERLINK(""https://stackoverflow.com/q/33110874"", ""33110874"")",0.4177941779417796,"0","66"
"=HYPERLINK(""https://stackoverflow.com/q/33254370"", ""33254370"")",0.4731447314473145,"0","2417"
"=HYPERLINK(""https://stackoverflow.com/q/33518409"", ""33518409"")",0.4967814161768816,"3","5173"
"=HYPERLINK(""https://stackoverflow.com/q/33590047"", ""33590047"")",0.2606017531390667,"1","480"
"=HYPERLINK(""https://stackoverflow.com/q/33647104"", ""33647104"")",0.3730021182360872,"3","374"
"=HYPERLINK(""https://stackoverflow.com/q/33826925"", ""33826925"")",0.4507936507936509,"1","279"
"=HYPERLINK(""https://stackoverflow.com/q/33863904"", ""33863904"")",0.6593224354418389,"1","2610"
"=HYPERLINK(""https://stackoverflow.com/q/33994646"", ""33994646"")",0.3866517524235647,"0","1109"
"=HYPERLINK(""https://stackoverflow.com/q/34682383"", ""34682383"")",0.35979922427561,"0","295"
"=HYPERLINK(""https://stackoverflow.com/q/34717091"", ""34717091"")",0.4337606837606839,"2","52"
"=HYPERLINK(""https://stackoverflow.com/q/34852049"", ""34852049"")",0.3329604772557795,"0","196"
"=HYPERLINK(""https://stackoverflow.com/q/35126767"", ""35126767"")",0.5948392066243023,"1","480"
"=HYPERLINK(""https://stackoverflow.com/q/35151216"", ""35151216"")",0.4342475386779181,"0","1251"
"=HYPERLINK(""https://stackoverflow.com/q/35155606"", ""35155606"")",0.2338501291989661,"0","157"
"=HYPERLINK(""https://stackoverflow.com/q/35168725"", ""35168725"")",0.6229855810008488,"0","244"
"=HYPERLINK(""https://stackoverflow.com/q/35229326"", ""35229326"")",0.2066243019449259,"1","43"
"=HYPERLINK(""https://stackoverflow.com/q/35354075"", ""35354075"")",0.481737793156478,"1","93"
"=HYPERLINK(""https://stackoverflow.com/q/35437375"", ""35437375"")",0.4634282523729758,"0","4189"
"=HYPERLINK(""https://stackoverflow.com/q/35608364"", ""35608364"")",0.5633300939423395,"1","299"
"=HYPERLINK(""https://stackoverflow.com/q/35736559"", ""35736559"")",0.5381831342743394,"0","232"
"=HYPERLINK(""https://stackoverflow.com/q/35816631"", ""35816631"")",0.5205647636586864,"0","691"
"=HYPERLINK(""https://stackoverflow.com/q/35888685"", ""35888685"")",0.434820647419073,"0","985"
"=HYPERLINK(""https://stackoverflow.com/q/35977787"", ""35977787"")",0.5167676767676765,"1","1683"
"=HYPERLINK(""https://stackoverflow.com/q/36048881"", ""36048881"")",0.3187314624686286,"0","1491"
"=HYPERLINK(""https://stackoverflow.com/q/36598235"", ""36598235"")",0.4359626802374897,"0","2682"
"=HYPERLINK(""https://stackoverflow.com/q/36796683"", ""36796683"")",0.5568086883876354,"1","138"
"=HYPERLINK(""https://stackoverflow.com/q/36980022"", ""36980022"")",0.5538011695906437,"3","3906"
"=HYPERLINK(""https://stackoverflow.com/q/37132811"", ""37132811"")",0.4804189435336979,"2","6574"
"=HYPERLINK(""https://stackoverflow.com/q/37189175"", ""37189175"")",0.5412406271301974,"0","2466"
"=HYPERLINK(""https://stackoverflow.com/q/37205956"", ""37205956"")",0.4672815107597713,"1","551"
"=HYPERLINK(""https://stackoverflow.com/q/37356766"", ""37356766"")",0.2509005264616235,"0","5939"
"=HYPERLINK(""https://stackoverflow.com/q/37406013"", ""37406013"")",0.6325995807127884,"3","17793"
"=HYPERLINK(""https://stackoverflow.com/q/37451736"", ""37451736"")",0.5923520923520921,"2","10405"
"=HYPERLINK(""https://stackoverflow.com/q/37535872"", ""37535872"")",0.311263318112633,"1","114"
"=HYPERLINK(""https://stackoverflow.com/q/37620648"", ""37620648"")",0.4624819624819622,"1","461"
"=HYPERLINK(""https://stackoverflow.com/q/38173120"", ""38173120"")",0.7561031257129815,"0","735"
"=HYPERLINK(""https://stackoverflow.com/q/38262925"", ""38262925"")",0.5643274853801175,"2","1667"
"=HYPERLINK(""https://stackoverflow.com/q/38352436"", ""38352436"")",0.7139349294045427,"1","767"
"=HYPERLINK(""https://stackoverflow.com/q/38371073"", ""38371073"")",0.3351254480286739,"0","871"
"=HYPERLINK(""https://stackoverflow.com/q/38574317"", ""38574317"")",0.4384384384384382,"1","1740"
"=HYPERLINK(""https://stackoverflow.com/q/38582724"", ""38582724"")",0.6639400136332647,"1","2495"
"=HYPERLINK(""https://stackoverflow.com/q/38618473"", ""38618473"")",0.7968078575813382,"3","2069"
"=HYPERLINK(""https://stackoverflow.com/q/38696951"", ""38696951"")",0.6016742770167428,"0","1885"
"=HYPERLINK(""https://stackoverflow.com/q/38713217"", ""38713217"")",0.7155108128262494,"1","1371"
"=HYPERLINK(""https://stackoverflow.com/q/38720286"", ""38720286"")",0.4683227421528984,"0","1122"
"=HYPERLINK(""https://stackoverflow.com/q/39104360"", ""39104360"")",0.3392653433721193,"4","6091"
"=HYPERLINK(""https://stackoverflow.com/q/39160853"", ""39160853"")",0.4086202071088718,"0","493"
"=HYPERLINK(""https://stackoverflow.com/q/39201803"", ""39201803"")",0.4438846907360756,"2","5235"
"=HYPERLINK(""https://stackoverflow.com/q/39217480"", ""39217480"")",0.5043650793650795,"0","39"
"=HYPERLINK(""https://stackoverflow.com/q/39269683"", ""39269683"")",0.563994374120956,"0","286"
"=HYPERLINK(""https://stackoverflow.com/q/39400900"", ""39400900"")",0.6094562647754136,"0","908"
"=HYPERLINK(""https://stackoverflow.com/q/39471273"", ""39471273"")",0.3894577171027681,"1","6688"
"=HYPERLINK(""https://stackoverflow.com/q/39577764"", ""39577764"")",0.3391053391053388,"0","191"
"=HYPERLINK(""https://stackoverflow.com/q/39876235"", ""39876235"")",0.286261631089217,"0","78"
"=HYPERLINK(""https://stackoverflow.com/q/39998765"", ""39998765"")",0.2303997923156802,"2","3305"
"=HYPERLINK(""https://stackoverflow.com/q/40037141"", ""40037141"")",0.6303854875283452,"1","9459"
"=HYPERLINK(""https://stackoverflow.com/q/40458334"", ""40458334"")",0.2880801078374737,"0","2289"
"=HYPERLINK(""https://stackoverflow.com/q/40577472"", ""40577472"")",0.8903073286052012,"1","1302"
"=HYPERLINK(""https://stackoverflow.com/q/40788793"", ""40788793"")",0.6486614546316044,"0","1010"
"=HYPERLINK(""https://stackoverflow.com/q/40822486"", ""40822486"")",0.482064741907262,"0","220"
"=HYPERLINK(""https://stackoverflow.com/q/40918282"", ""40918282"")",0.3391053391053389,"0","1067"
"=HYPERLINK(""https://stackoverflow.com/q/41040319"", ""41040319"")",0.6378066378066377,"0","116"
"=HYPERLINK(""https://stackoverflow.com/q/41184618"", ""41184618"")",0.3473835125448028,"1","706"
"=HYPERLINK(""https://stackoverflow.com/q/41197338"", ""41197338"")",0.4537397319498485,"0","113"
"=HYPERLINK(""https://stackoverflow.com/q/41258812"", ""41258812"")",0.400057273768614,"1","254"
"=HYPERLINK(""https://stackoverflow.com/q/41285424"", ""41285424"")",0.4060457516339869,"0","1262"
"=HYPERLINK(""https://stackoverflow.com/q/41717663"", ""41717663"")",0.3408992650237785,"0","97"
"=HYPERLINK(""https://stackoverflow.com/q/41741207"", ""41741207"")",0.3571575272129803,"0","851"
"=HYPERLINK(""https://stackoverflow.com/q/41757498"", ""41757498"")",0.4422222222222219,"0","2609"
"=HYPERLINK(""https://stackoverflow.com/q/41769379"", ""41769379"")",0.2995418098510882,"0","53"
"=HYPERLINK(""https://stackoverflow.com/q/41819686"", ""41819686"")",0.4949494949494947,"0","110"
"=HYPERLINK(""https://stackoverflow.com/q/41853418"", ""41853418"")",0.4042305904230588,"0","2798"
"=HYPERLINK(""https://stackoverflow.com/q/41885159"", ""41885159"")",0.3803331051791008,"0","1474"
"=HYPERLINK(""https://stackoverflow.com/q/41981158"", ""41981158"")",0.5187739463601534,"0","188"
"=HYPERLINK(""https://stackoverflow.com/q/42029480"", ""42029480"")",0.5799048418695768,"0","36"
"=HYPERLINK(""https://stackoverflow.com/q/42064362"", ""42064362"")",0.5570638511814981,"1","1063"
"=HYPERLINK(""https://stackoverflow.com/q/42093738"", ""42093738"")",0.7702991452991454,"0","349"
"=HYPERLINK(""https://stackoverflow.com/q/42097622"", ""42097622"")",0.7550091074681243,"1","1069"
"=HYPERLINK(""https://stackoverflow.com/q/42393037"", ""42393037"")",0.4274339486065869,"0","72"
"=HYPERLINK(""https://stackoverflow.com/q/42440645"", ""42440645"")",0.5375131559164038,"2","4904"
"=HYPERLINK(""https://stackoverflow.com/q/42442565"", ""42442565"")",0.5082888066858473,"0","1847"
"=HYPERLINK(""https://stackoverflow.com/q/42530213"", ""42530213"")",0.3094863731656185,"0","75"
"=HYPERLINK(""https://stackoverflow.com/q/42681120"", ""42681120"")",0.3332716392127833,"0","1163"
"=HYPERLINK(""https://stackoverflow.com/q/42813142"", ""42813142"")",0.2472222222222223,"0","763"
"=HYPERLINK(""https://stackoverflow.com/q/42845683"", ""42845683"")",0.4014675052410901,"0","1164"
"=HYPERLINK(""https://stackoverflow.com/q/43005711"", ""43005711"")",0.3216697360343769,"0","142"
"=HYPERLINK(""https://stackoverflow.com/q/43064708"", ""43064708"")",0.3913131313131312,"1","471"
"=HYPERLINK(""https://stackoverflow.com/q/43324642"", ""43324642"")",0.5418098510882015,"2","4749"
"=HYPERLINK(""https://stackoverflow.com/q/43426685"", ""43426685"")",0.3574041979587908,"0","210"
"=HYPERLINK(""https://stackoverflow.com/q/43462005"", ""43462005"")",0.6681681681681677,"1","1134"
"=HYPERLINK(""https://stackoverflow.com/q/43639670"", ""43639670"")",0.5876068376068379,"0","526"
"=HYPERLINK(""https://stackoverflow.com/q/43731799"", ""43731799"")",0.4770299145299147,"0","3602"
"=HYPERLINK(""https://stackoverflow.com/q/43779964"", ""43779964"")",0.6978524743230625,"0","2024"
"=HYPERLINK(""https://stackoverflow.com/q/43886338"", ""43886338"")",0.4312902322977886,"1","4831"
"=HYPERLINK(""https://stackoverflow.com/q/44089639"", ""44089639"")",0.2960477255779271,"0","396"
"=HYPERLINK(""https://stackoverflow.com/q/44171309"", ""44171309"")",0.3799403430275916,"0","1568"
"=HYPERLINK(""https://stackoverflow.com/q/44241283"", ""44241283"")",0.5977162933684669,"1","426"
"=HYPERLINK(""https://stackoverflow.com/q/44365597"", ""44365597"")",0.8041894353369771,"1","482"
"=HYPERLINK(""https://stackoverflow.com/q/44505470"", ""44505470"")",0.581906016688625,"1","1338"
"=HYPERLINK(""https://stackoverflow.com/q/44545870"", ""44545870"")",0.478036175710594,"1","92"
"=HYPERLINK(""https://stackoverflow.com/q/44609827"", ""44609827"")",0.5323725981620715,"2","10079"
"=HYPERLINK(""https://stackoverflow.com/q/44638281"", ""44638281"")",0.3169590643274856,"1","413"
"=HYPERLINK(""https://stackoverflow.com/q/44643462"", ""44643462"")",0.582516339869281,"0","41"
"=HYPERLINK(""https://stackoverflow.com/q/44652641"", ""44652641"")",0.435115775445611,"0","639"
"=HYPERLINK(""https://stackoverflow.com/q/44742750"", ""44742750"")",0.5853801169590648,"1","1453"
"=HYPERLINK(""https://stackoverflow.com/q/45178139"", ""45178139"")",0.5094949494949493,"0","901"
"=HYPERLINK(""https://stackoverflow.com/q/45188038"", ""45188038"")",0.3247432306255835,"2","516"
"=HYPERLINK(""https://stackoverflow.com/q/45215806"", ""45215806"")",0.3735137351373515,"0","308"
"=HYPERLINK(""https://stackoverflow.com/q/45304577"", ""45304577"")",0.6591154261057177,"0","1369"
"=HYPERLINK(""https://stackoverflow.com/q/45319067"", ""45319067"")",0.4982958418541235,"0","4447"
"=HYPERLINK(""https://stackoverflow.com/q/45336481"", ""45336481"")",0.4094562647754137,"2","788"
"=HYPERLINK(""https://stackoverflow.com/q/45397936"", ""45397936"")",0.4225533480500369,"3","3209"
"=HYPERLINK(""https://stackoverflow.com/q/45423187"", ""45423187"")",0.4010505881009479,"2","810"
"=HYPERLINK(""https://stackoverflow.com/q/45522305"", ""45522305"")",0.6244362443624436,"0","97"
"=HYPERLINK(""https://stackoverflow.com/q/45552502"", ""45552502"")",0.74989749897499,"0","146"
"=HYPERLINK(""https://stackoverflow.com/q/45583534"", ""45583534"")",0.673835125448028,"0","202"
"=HYPERLINK(""https://stackoverflow.com/q/45664836"", ""45664836"")",0.5443698732289339,"0","386"
"=HYPERLINK(""https://stackoverflow.com/q/45699953"", ""45699953"")",0.7284983728498371,"1","4489"
"=HYPERLINK(""https://stackoverflow.com/q/45730417"", ""45730417"")",0.5643274853801175,"0","1648"
"=HYPERLINK(""https://stackoverflow.com/q/45731348"", ""45731348"")",0.7129971299712999,"0","336"
"=HYPERLINK(""https://stackoverflow.com/q/45780386"", ""45780386"")",0.3472222222222224,"1","75"
"=HYPERLINK(""https://stackoverflow.com/q/45803998"", ""45803998"")",0.5497656465398404,"0","696"
"=HYPERLINK(""https://stackoverflow.com/q/45838225"", ""45838225"")",0.5243498817966904,"0","836"
"=HYPERLINK(""https://stackoverflow.com/q/45912026"", ""45912026"")",0.5274853801169596,"1","2868"
"=HYPERLINK(""https://stackoverflow.com/q/45922431"", ""45922431"")",0.3231994209192907,"0","64"
"=HYPERLINK(""https://stackoverflow.com/q/45969287"", ""45969287"")",0.4792976939203355,"0","520"
"=HYPERLINK(""https://stackoverflow.com/q/46143783"", ""46143783"")",0.2931018123161587,"0","741"
"=HYPERLINK(""https://stackoverflow.com/q/46178417"", ""46178417"")",0.7432306255835666,"2","4593"
"=HYPERLINK(""https://stackoverflow.com/q/46215312"", ""46215312"")",0.558905639307649,"0","77"
"=HYPERLINK(""https://stackoverflow.com/q/46234922"", ""46234922"")",0.5592387968078577,"0","767"
"=HYPERLINK(""https://stackoverflow.com/q/46421738"", ""46421738"")",0.6842911877394637,"0","591"
"=HYPERLINK(""https://stackoverflow.com/q/46432405"", ""46432405"")",0.5543650793650793,"0","521"
"=HYPERLINK(""https://stackoverflow.com/q/46471099"", ""46471099"")",0.7934550989345508,"0","41"
"=HYPERLINK(""https://stackoverflow.com/q/46514310"", ""46514310"")",0.3428447903156073,"1","4285"
"=HYPERLINK(""https://stackoverflow.com/q/46599559"", ""46599559"")",0.4932145886344364,"0","446"
"=HYPERLINK(""https://stackoverflow.com/q/46632133"", ""46632133"")",0.6853801169590649,"0","1199"
"=HYPERLINK(""https://stackoverflow.com/q/46644392"", ""46644392"")",0.361857955092994,"4","308"
"=HYPERLINK(""https://stackoverflow.com/q/46692744"", ""46692744"")",0.6426767676767672,"0","658"
"=HYPERLINK(""https://stackoverflow.com/q/46729840"", ""46729840"")",0.3877394636015325,"0","1914"
"=HYPERLINK(""https://stackoverflow.com/q/46829501"", ""46829501"")",0.8131313131313127,"0","928"
"=HYPERLINK(""https://stackoverflow.com/q/46842663"", ""46842663"")",0.736034376918355,"0","1237"
"=HYPERLINK(""https://stackoverflow.com/q/46842691"", ""46842691"")",0.5237606837606843,"0","965"
"=HYPERLINK(""https://stackoverflow.com/q/46919402"", ""46919402"")",0.3696386355960825,"1","16435"
"=HYPERLINK(""https://stackoverflow.com/q/47144944"", ""47144944"")",0.6833000665335992,"0","185"
"=HYPERLINK(""https://stackoverflow.com/q/47158510"", ""47158510"")",0.6398358585858583,"1","1740"
"=HYPERLINK(""https://stackoverflow.com/q/47252865"", ""47252865"")",0.6779184247538674,"0","583"
"=HYPERLINK(""https://stackoverflow.com/q/47283789"", ""47283789"")",0.3615079365079365,"0","23"
"=HYPERLINK(""https://stackoverflow.com/q/47404298"", ""47404298"")",0.4893977947413067,"0","485"
"=HYPERLINK(""https://stackoverflow.com/q/47405535"", ""47405535"")",0.6708708708708705,"0","2204"
"=HYPERLINK(""https://stackoverflow.com/q/47471116"", ""47471116"")",0.8062930186823997,"0","36"
"=HYPERLINK(""https://stackoverflow.com/q/47483224"", ""47483224"")",0.5542832909245127,"2","1624"
"=HYPERLINK(""https://stackoverflow.com/q/47569314"", ""47569314"")",0.5276520864756157,"0","591"
"=HYPERLINK(""https://stackoverflow.com/q/47656830"", ""47656830"")",0.2861881070836296,"0","630"
"=HYPERLINK(""https://stackoverflow.com/q/47818141"", ""47818141"")",0.7064327485380123,"0","519"
"=HYPERLINK(""https://stackoverflow.com/q/47987654"", ""47987654"")",0.5592387968078578,"0","23"
"=HYPERLINK(""https://stackoverflow.com/q/47993156"", ""47993156"")",0.4397954439795441,"0","274"
"=HYPERLINK(""https://stackoverflow.com/q/48071529"", ""48071529"")",0.4435336976320586,"0","160"
"=HYPERLINK(""https://stackoverflow.com/q/48120273"", ""48120273"")",0.3643274853801172,"0","122"
"=HYPERLINK(""https://stackoverflow.com/q/48153554"", ""48153554"")",0.3359946773120426,"2","169"
"=HYPERLINK(""https://stackoverflow.com/q/48247463"", ""48247463"")",0.4589980408620203,"1","819"
"=HYPERLINK(""https://stackoverflow.com/q/48261527"", ""48261527"")",0.8287795992714029,"0","63"
"=HYPERLINK(""https://stackoverflow.com/q/48292106"", ""48292106"")",0.8779108449767129,"0","296"
"=HYPERLINK(""https://stackoverflow.com/q/48298839"", ""48298839"")",0.4239960581423993,"0","374"
"=HYPERLINK(""https://stackoverflow.com/q/48434324"", ""48434324"")",0.9321458863443606,"0","411"
"=HYPERLINK(""https://stackoverflow.com/q/48571360"", ""48571360"")",0.54327485380117,"0","85"
"=HYPERLINK(""https://stackoverflow.com/q/48602567"", ""48602567"")",0.438011695906433,"0","333"
"=HYPERLINK(""https://stackoverflow.com/q/48618991"", ""48618991"")",0.6867891513560811,"1","228"
"=HYPERLINK(""https://stackoverflow.com/q/48829603"", ""48829603"")",0.3778825995807128,"1","367"
"=HYPERLINK(""https://stackoverflow.com/q/48931271"", ""48931271"")",0.2883908454879639,"1","358"
"=HYPERLINK(""https://stackoverflow.com/q/48933724"", ""48933724"")",0.5265700483091783,"0","511"
"=HYPERLINK(""https://stackoverflow.com/q/48984148"", ""48984148"")",0.9169124877089484,"0","863"
"=HYPERLINK(""https://stackoverflow.com/q/48987400"", ""48987400"")",0.5050276520864755,"0","100"
"=HYPERLINK(""https://stackoverflow.com/q/49018815"", ""49018815"")",0.388230127360562,"0","46"
"=HYPERLINK(""https://stackoverflow.com/q/49215478"", ""49215478"")",0.2516849605237821,"1","481"
"=HYPERLINK(""https://stackoverflow.com/q/49272025"", ""49272025"")",0.2912598791259878,"2","2124"
"=HYPERLINK(""https://stackoverflow.com/q/49351691"", ""49351691"")",0.4189435336976323,"1","38"
"=HYPERLINK(""https://stackoverflow.com/q/49373979"", ""49373979"")",0.4070048309178739,"0","941"
"=HYPERLINK(""https://stackoverflow.com/q/49488026"", ""49488026"")",0.3920335429769392,"0","1544"
"=HYPERLINK(""https://stackoverflow.com/q/49490368"", ""49490368"")",0.2553713934929404,"0","487"
"=HYPERLINK(""https://stackoverflow.com/q/49569909"", ""49569909"")",0.3061916878710775,"1","688"
"=HYPERLINK(""https://stackoverflow.com/q/49609958"", ""49609958"")",0.5200945626477542,"0","656"
"=HYPERLINK(""https://stackoverflow.com/q/49709129"", ""49709129"")",0.5355862775217608,"2","14684"
"=HYPERLINK(""https://stackoverflow.com/q/49735281"", ""49735281"")",0.5379218809252938,"0","1441"
"=HYPERLINK(""https://stackoverflow.com/q/49983314"", ""49983314"")",0.1858764461907879,"1","120"
"=HYPERLINK(""https://stackoverflow.com/q/50021030"", ""50021030"")",0.584185412406271,"2","400"
"=HYPERLINK(""https://stackoverflow.com/q/50099557"", ""50099557"")",0.4655850540806295,"0","1314"
"=HYPERLINK(""https://stackoverflow.com/q/50137504"", ""50137504"")",0.4315245478036172,"0","84"
"=HYPERLINK(""https://stackoverflow.com/q/50140973"", ""50140973"")",0.6639400136332647,"0","209"
"=HYPERLINK(""https://stackoverflow.com/q/50229023"", ""50229023"")",0.2454780361757104,"0","1471"
"=HYPERLINK(""https://stackoverflow.com/q/50251882"", ""50251882"")",0.357900614182021,"0","137"
"=HYPERLINK(""https://stackoverflow.com/q/50338447"", ""50338447"")",0.6901121304791032,"3","18420"
"=HYPERLINK(""https://stackoverflow.com/q/50389990"", ""50389990"")",0.574571215510813,"1","494"
"=HYPERLINK(""https://stackoverflow.com/q/50415812"", ""50415812"")",0.3003981179876945,"0","27"
"=HYPERLINK(""https://stackoverflow.com/q/50447594"", ""50447594"")",0.4204729510851963,"6","14175"
"=HYPERLINK(""https://stackoverflow.com/q/50462941"", ""50462941"")",0.3760683760683762,"1","58"
"=HYPERLINK(""https://stackoverflow.com/q/50587919"", ""50587919"")",0.592352092352092,"0","854"
"=HYPERLINK(""https://stackoverflow.com/q/50691526"", ""50691526"")",0.5964553510565777,"2","3193"
"=HYPERLINK(""https://stackoverflow.com/q/50901655"", ""50901655"")",0.550466497031383,"0","465"
"=HYPERLINK(""https://stackoverflow.com/q/50930233"", ""50930233"")",0.6408612754766604,"1","1057"
"=HYPERLINK(""https://stackoverflow.com/q/50963862"", ""50963862"")",0.6475615887380592,"0","174"
"=HYPERLINK(""https://stackoverflow.com/q/50974499"", ""50974499"")",0.3897897897897895,"0","1992"
"=HYPERLINK(""https://stackoverflow.com/q/51073276"", ""51073276"")",0.2777060931899641,"0","897"
"=HYPERLINK(""https://stackoverflow.com/q/51245136"", ""51245136"")",0.378472222222222,"0","197"
"=HYPERLINK(""https://stackoverflow.com/q/51301313"", ""51301313"")",0.5030732860520095,"0","264"
"=HYPERLINK(""https://stackoverflow.com/q/51356329"", ""51356329"")",0.9064327485380124,"0","1241"
"=HYPERLINK(""https://stackoverflow.com/q/51359306"", ""51359306"")",0.4636015325670498,"0","2952"
"=HYPERLINK(""https://stackoverflow.com/q/51538212"", ""51538212"")",0.8656648451730423,"1","1084"
"=HYPERLINK(""https://stackoverflow.com/q/51598686"", ""51598686"")",0.4432111223231305,"0","45"
"=HYPERLINK(""https://stackoverflow.com/q/51918215"", ""51918215"")",0.57655293088364,"0","625"
"=HYPERLINK(""https://stackoverflow.com/q/52055968"", ""52055968"")",0.6115664845173048,"1","324"
"=HYPERLINK(""https://stackoverflow.com/q/52069653"", ""52069653"")",0.5050091074681243,"0","1042"
"=HYPERLINK(""https://stackoverflow.com/q/52072422"", ""52072422"")",0.6132728058798097,"1","86"
"=HYPERLINK(""https://stackoverflow.com/q/52153590"", ""52153590"")",0.6329365079365079,"1","74"
"=HYPERLINK(""https://stackoverflow.com/q/52168547"", ""52168547"")",0.4659895352416128,"2","714"
"=HYPERLINK(""https://stackoverflow.com/q/52250547"", ""52250547"")",0.6212606837606839,"1","143"
"=HYPERLINK(""https://stackoverflow.com/q/52271262"", ""52271262"")",0.6582687338501289,"2","151"
"=HYPERLINK(""https://stackoverflow.com/q/52288413"", ""52288413"")",0.4877089478859394,"1","1662"
"=HYPERLINK(""https://stackoverflow.com/q/52298483"", ""52298483"")",0.6014708805406483,"2","163"
"=HYPERLINK(""https://stackoverflow.com/q/52597885"", ""52597885"")",0.4257620452310719,"1","298"
"=HYPERLINK(""https://stackoverflow.com/q/52682031"", ""52682031"")",0.4649662855467607,"1","1609"
"=HYPERLINK(""https://stackoverflow.com/q/52701553"", ""52701553"")",0.261373935109661,"1","959"
"=HYPERLINK(""https://stackoverflow.com/q/52723806"", ""52723806"")",0.3671238322401113,"0","1044"
"=HYPERLINK(""https://stackoverflow.com/q/52872838"", ""52872838"")",0.443741209563994,"1","1549"
"=HYPERLINK(""https://stackoverflow.com/q/52968858"", ""52968858"")",0.402454780361757,"1","794"
"=HYPERLINK(""https://stackoverflow.com/q/53028179"", ""53028179"")",0.5437299827543726,"0","637"
"=HYPERLINK(""https://stackoverflow.com/q/53311476"", ""53311476"")",0.3729759910664432,"1","1146"
"=HYPERLINK(""https://stackoverflow.com/q/53431008"", ""53431008"")",0.618893512097396,"2","1220"
"=HYPERLINK(""https://stackoverflow.com/q/53448035"", ""53448035"")",0.7032348804500698,"1","2435"
"=HYPERLINK(""https://stackoverflow.com/q/53454923"", ""53454923"")",0.597912829957029,"0","194"
"=HYPERLINK(""https://stackoverflow.com/q/53479841"", ""53479841"")",0.3993439934399346,"1","1916"
"=HYPERLINK(""https://stackoverflow.com/q/53500850"", ""53500850"")",0.6174029451137882,"0","256"
"=HYPERLINK(""https://stackoverflow.com/q/53580196"", ""53580196"")",0.3164471462343803,"8","6876"
"=HYPERLINK(""https://stackoverflow.com/q/53599155"", ""53599155"")",0.4120956399437409,"0","588"
"=HYPERLINK(""https://stackoverflow.com/q/53748858"", ""53748858"")",0.3548309178743957,"1","298"
"=HYPERLINK(""https://stackoverflow.com/q/53752968"", ""53752968"")",0.7212321232123211,"0","1638"
"=HYPERLINK(""https://stackoverflow.com/q/53803832"", ""53803832"")",0.4800535475234266,"0","63"
"=HYPERLINK(""https://stackoverflow.com/q/53814797"", ""53814797"")",0.3079365079365081,"1","1131"
"=HYPERLINK(""https://stackoverflow.com/q/53867050"", ""53867050"")",0.8102904040404036,"0","596"
"=HYPERLINK(""https://stackoverflow.com/q/53950547"", ""53950547"")",0.3598895262375188,"1","684"
"=HYPERLINK(""https://stackoverflow.com/q/54112176"", ""54112176"")",0.6789964157706095,"1","51"
"=HYPERLINK(""https://stackoverflow.com/q/54290773"", ""54290773"")",0.4099355328024269,"0","742"
"=HYPERLINK(""https://stackoverflow.com/q/54346349"", ""54346349"")",0.3150793650793651,"1","227"
"=HYPERLINK(""https://stackoverflow.com/q/54395199"", ""54395199"")",0.7210174029451134,"1","1173"
"=HYPERLINK(""https://stackoverflow.com/q/54427189"", ""54427189"")",0.2759134973900077,"1","760"
"=HYPERLINK(""https://stackoverflow.com/q/54441080"", ""54441080"")",0.5972222222222224,"0","826"
"=HYPERLINK(""https://stackoverflow.com/q/54697945"", ""54697945"")",0.6980719538859077,"0","1636"
"=HYPERLINK(""https://stackoverflow.com/q/54727113"", ""54727113"")",0.5757936507936507,"1","726"
"=HYPERLINK(""https://stackoverflow.com/q/54809339"", ""54809339"")",0.3238388503977418,"0","397"
"=HYPERLINK(""https://stackoverflow.com/q/54836693"", ""54836693"")",0.4246762099522833,"2","534"
"=HYPERLINK(""https://stackoverflow.com/q/54938649"", ""54938649"")",0.4090734332948863,"0","1272"
"=HYPERLINK(""https://stackoverflow.com/q/54943005"", ""54943005"")",0.7485380116959072,"0","62"
"=HYPERLINK(""https://stackoverflow.com/q/55204533"", ""55204533"")",0.5043650793650795,"0","651"
"=HYPERLINK(""https://stackoverflow.com/q/55335772"", ""55335772"")",0.4024202420242022,"0","235"
"=HYPERLINK(""https://stackoverflow.com/q/55443246"", ""55443246"")",0.3503010399562121,"0","1461"
"=HYPERLINK(""https://stackoverflow.com/q/55456027"", ""55456027"")",0.2925739810161918,"0","1321"
"=HYPERLINK(""https://stackoverflow.com/q/55485345"", ""55485345"")",0.4057665260196903,"1","474"
"=HYPERLINK(""https://stackoverflow.com/q/55532783"", ""55532783"")",0.3865079365079366,"0","162"
"=HYPERLINK(""https://stackoverflow.com/q/55563846"", ""55563846"")",0.7281510759771623,"0","171"
"=HYPERLINK(""https://stackoverflow.com/q/55640494"", ""55640494"")",0.4921608725289703,"1","75"
"=HYPERLINK(""https://stackoverflow.com/q/55647814"", ""55647814"")",0.541989664082687,"1","455"
"=HYPERLINK(""https://stackoverflow.com/q/55717255"", ""55717255"")",0.4204729510851963,"1","131"
"=HYPERLINK(""https://stackoverflow.com/q/55744606"", ""55744606"")",0.2195195195195194,"0","169"
"=HYPERLINK(""https://stackoverflow.com/q/55754864"", ""55754864"")",0.3906432748538014,"0","599"
"=HYPERLINK(""https://stackoverflow.com/q/55855194"", ""55855194"")",0.5149051490514902,"4","2228"
"=HYPERLINK(""https://stackoverflow.com/q/56119360"", ""56119360"")",0.8704980842911878,"0","29"
"=HYPERLINK(""https://stackoverflow.com/q/56144482"", ""56144482"")",0.457936507936508,"0","647"
"=HYPERLINK(""https://stackoverflow.com/q/56198503"", ""56198503"")",0.5507524815882165,"0","349"
"=HYPERLINK(""https://stackoverflow.com/q/56241425"", ""56241425"")",0.4846128927761585,"0","897"
"=HYPERLINK(""https://stackoverflow.com/q/56302239"", ""56302239"")",0.7311944897589272,"1","285"
"=HYPERLINK(""https://stackoverflow.com/q/56427917"", ""56427917"")",0.8052009456264776,"0","109"
"=HYPERLINK(""https://stackoverflow.com/q/56452861"", ""56452861"")",0.2652991452991455,"1","342"
"=HYPERLINK(""https://stackoverflow.com/q/56606889"", ""56606889"")",0.7096594081518699,"0","292"
"=HYPERLINK(""https://stackoverflow.com/q/56641540"", ""56641540"")",0.6070618723679955,"1","157"
"=HYPERLINK(""https://stackoverflow.com/q/56649837"", ""56649837"")",0.7613927291346636,"1","446"
"=HYPERLINK(""https://stackoverflow.com/q/56668817"", ""56668817"")",0.4916833000665334,"0","803"
"=HYPERLINK(""https://stackoverflow.com/q/56673668"", ""56673668"")",0.3126744835287546,"0","524"
"=HYPERLINK(""https://stackoverflow.com/q/56810708"", ""56810708"")",0.4155923879680786,"0","342"
"=HYPERLINK(""https://stackoverflow.com/q/56941791"", ""56941791"")",0.463832960477256,"0","159"
"=HYPERLINK(""https://stackoverflow.com/q/56988463"", ""56988463"")",0.4927140255009111,"0","122"
"=HYPERLINK(""https://stackoverflow.com/q/57042859"", ""57042859"")",0.4091381100726896,"1","1042"
"=HYPERLINK(""https://stackoverflow.com/q/57146794"", ""57146794"")",0.3590300398117988,"1","337"
"=HYPERLINK(""https://stackoverflow.com/q/57157606"", ""57157606"")",0.8376068376068377,"0","858"
"=HYPERLINK(""https://stackoverflow.com/q/57177100"", ""57177100"")",0.7716293368467276,"1","1794"
"=HYPERLINK(""https://stackoverflow.com/q/57270369"", ""57270369"")",0.60594315245478,"0","326"
"=HYPERLINK(""https://stackoverflow.com/q/57381054"", ""57381054"")",0.4155923879680786,"0","213"
"=HYPERLINK(""https://stackoverflow.com/q/57574453"", ""57574453"")",0.3108921729611382,"1","343"
"=HYPERLINK(""https://stackoverflow.com/q/57585467"", ""57585467"")",0.5585370701649774,"0","156"
"=HYPERLINK(""https://stackoverflow.com/q/57653403"", ""57653403"")",0.8010399562123695,"0","69"
"=HYPERLINK(""https://stackoverflow.com/q/57680517"", ""57680517"")",0.8136619109381754,"0","139"
"=HYPERLINK(""https://stackoverflow.com/q/57685652"", ""57685652"")",0.5571278825995807,"1","70"
"=HYPERLINK(""https://stackoverflow.com/q/57783817"", ""57783817"")",0.4968123861566488,"0","26"
"=HYPERLINK(""https://stackoverflow.com/q/57900251"", ""57900251"")",0.4433760683760685,"1","99"
"=HYPERLINK(""https://stackoverflow.com/q/57913177"", ""57913177"")",0.6868376068376074,"1","103"
"=HYPERLINK(""https://stackoverflow.com/q/57964651"", ""57964651"")",0.6409073433294882,"3","539"
"=HYPERLINK(""https://stackoverflow.com/q/57968144"", ""57968144"")",0.7812773403324592,"0","108"
"=HYPERLINK(""https://stackoverflow.com/q/57997472"", ""57997472"")",0.4615218331171637,"0","310"
"=HYPERLINK(""https://stackoverflow.com/q/58006300"", ""58006300"")",0.4550466497031385,"1","320"
"=HYPERLINK(""https://stackoverflow.com/q/58090096"", ""58090096"")",0.4175864606328184,"0","119"
"=HYPERLINK(""https://stackoverflow.com/q/58144652"", ""58144652"")",0.4152601969057664,"0","63"
"=HYPERLINK(""https://stackoverflow.com/q/58167723"", ""58167723"")",0.7095639943741204,"1","850"
"=HYPERLINK(""https://stackoverflow.com/q/58179558"", ""58179558"")",0.4357357357357355,"2","247"
"=HYPERLINK(""https://stackoverflow.com/q/58291943"", ""58291943"")",0.3069679849340865,"5","1680"
"=HYPERLINK(""https://stackoverflow.com/q/58322400"", ""58322400"")",0.3430275913497392,"1","244"
"=HYPERLINK(""https://stackoverflow.com/q/58329525"", ""58329525"")",0.4015325670498084,"1","617"
"=HYPERLINK(""https://stackoverflow.com/q/58384067"", ""58384067"")",0.3966903073286054,"1","290"
"=HYPERLINK(""https://stackoverflow.com/q/58388633"", ""58388633"")",0.6323604710701478,"0","71"
"=HYPERLINK(""https://stackoverflow.com/q/58411008"", ""58411008"")",0.6365079365079366,"1","308"
"=HYPERLINK(""https://stackoverflow.com/q/58433543"", ""58433543"")",0.437791084497671,"1","429"
"=HYPERLINK(""https://stackoverflow.com/q/58469126"", ""58469126"")",0.5227588948519183,"0","2108"
"=HYPERLINK(""https://stackoverflow.com/q/58587109"", ""58587109"")",0.4487415592387968,"0","5233"
"=HYPERLINK(""https://stackoverflow.com/q/58706161"", ""58706161"")",0.5248052480524805,"0","1202"
"=HYPERLINK(""https://stackoverflow.com/q/58752481"", ""58752481"")",0.5418424753867788,"0","211"
"=HYPERLINK(""https://stackoverflow.com/q/58759398"", ""58759398"")",0.307502596053998,"0","90"
"=HYPERLINK(""https://stackoverflow.com/q/58766373"", ""58766373"")",0.3966408268733847,"0","492"
"=HYPERLINK(""https://stackoverflow.com/q/58815776"", ""58815776"")",0.89073050951504,"1","539"
"=HYPERLINK(""https://stackoverflow.com/q/58822520"", ""58822520"")",0.2514278296988578,"0","379"
"=HYPERLINK(""https://stackoverflow.com/q/58834606"", ""58834606"")",0.4989020641194551,"0","319"
"=HYPERLINK(""https://stackoverflow.com/q/58836048"", ""58836048"")",0.3189964157706094,"1","141"
"=HYPERLINK(""https://stackoverflow.com/q/58884124"", ""58884124"")",0.4885538805136793,"1","61"
"=HYPERLINK(""https://stackoverflow.com/q/58912881"", ""58912881"")",0.3431290232297787,"0","401"
"=HYPERLINK(""https://stackoverflow.com/q/58919427"", ""58919427"")",0.2900793650793651,"0","451"
"=HYPERLINK(""https://stackoverflow.com/q/58923246"", ""58923246"")",0.5293650793650794,"0","333"
"=HYPERLINK(""https://stackoverflow.com/q/58941492"", ""58941492"")",0.4558287795992717,"0","253"
"=HYPERLINK(""https://stackoverflow.com/q/58965993"", ""58965993"")",0.2998767388624759,"0","58"
"=HYPERLINK(""https://stackoverflow.com/q/59063591"", ""59063591"")",0.3780011166945837,"1","549"
"=HYPERLINK(""https://stackoverflow.com/q/59068404"", ""59068404"")",0.6374471357170314,"2","445"
"=HYPERLINK(""https://stackoverflow.com/q/59125943"", ""59125943"")",0.3576068376068379,"1","68"
"=HYPERLINK(""https://stackoverflow.com/q/59203738"", ""59203738"")",0.5091074681238621,"0","89"
"=HYPERLINK(""https://stackoverflow.com/q/59214799"", ""59214799"")",0.2476767676767676,"1","191"
"=HYPERLINK(""https://stackoverflow.com/q/59215760"", ""59215760"")",0.5164652925846956,"1","739"
"=HYPERLINK(""https://stackoverflow.com/q/59235593"", ""59235593"")",0.3815142576204526,"0","481"
"=HYPERLINK(""https://stackoverflow.com/q/59285256"", ""59285256"")",0.5667600373482726,"0","56"
"=HYPERLINK(""https://stackoverflow.com/q/59339634"", ""59339634"")",0.4017996870109549,"0","140"
"=HYPERLINK(""https://stackoverflow.com/q/59368224"", ""59368224"")",0.7030732860520096,"0","59"
"=HYPERLINK(""https://stackoverflow.com/q/59376335"", ""59376335"")",0.4816561844863732,"0","1673"
"=HYPERLINK(""https://stackoverflow.com/q/59453229"", ""59453229"")",0.5810008481764212,"0","186"
"=HYPERLINK(""https://stackoverflow.com/q/59497116"", ""59497116"")",0.8919469928644244,"0","791"
"=HYPERLINK(""https://stackoverflow.com/q/59695645"", ""59695645"")",0.683261183261183,"0","56"
"=HYPERLINK(""https://stackoverflow.com/q/59703320"", ""59703320"")",0.5056098443720594,"1","1008"
"=HYPERLINK(""https://stackoverflow.com/q/59785314"", ""59785314"")",0.6936507936507936,"0","611"
"=HYPERLINK(""https://stackoverflow.com/q/59834279"", ""59834279"")",0.4170274170274168,"0","94"
"=HYPERLINK(""https://stackoverflow.com/q/59834809"", ""59834809"")",0.7107014848950326,"0","373"
"=HYPERLINK(""https://stackoverflow.com/q/59847860"", ""59847860"")",0.6446973289078557,"0","218"
"=HYPERLINK(""https://stackoverflow.com/q/59876020"", ""59876020"")",0.3519392033542977,"1","387"
"=HYPERLINK(""https://stackoverflow.com/q/59879754"", ""59879754"")",0.8091787439613517,"2","381"
"=HYPERLINK(""https://stackoverflow.com/q/59976413"", ""59976413"")",0.4563994374120954,"0","174"
"=HYPERLINK(""https://stackoverflow.com/q/60156464"", ""60156464"")",0.8489190548014077,"0","1108"
"=HYPERLINK(""https://stackoverflow.com/q/60232855"", ""60232855"")",0.6056491885143578,"0","787"
"=HYPERLINK(""https://stackoverflow.com/q/60263224"", ""60263224"")",0.3697632058287799,"0","78"
"=HYPERLINK(""https://stackoverflow.com/q/60280781"", ""60280781"")",0.420751633986928,"0","35"
"=HYPERLINK(""https://stackoverflow.com/q/60305551"", ""60305551"")",0.3268376068376072,"0","181"
"=HYPERLINK(""https://stackoverflow.com/q/60317551"", ""60317551"")",0.519800076893502,"0","79"
"=HYPERLINK(""https://stackoverflow.com/q/60319465"", ""60319465"")",0.5481890730509517,"0","131"
"=HYPERLINK(""https://stackoverflow.com/q/60341154"", ""60341154"")",0.4170274170274167,"0","67"
"=HYPERLINK(""https://stackoverflow.com/q/60344416"", ""60344416"")",0.4795512124502351,"0","330"
"=HYPERLINK(""https://stackoverflow.com/q/60381440"", ""60381440"")",0.6483967188665177,"1","469"
"=HYPERLINK(""https://stackoverflow.com/q/60392560"", ""60392560"")",0.7133726647000987,"0","65"
"=HYPERLINK(""https://stackoverflow.com/q/60449573"", ""60449573"")",0.2530230435774582,"0","828"
"=HYPERLINK(""https://stackoverflow.com/q/60482208"", ""60482208"")",0.5815036593479703,"1","124"
"=HYPERLINK(""https://stackoverflow.com/q/60499362"", ""60499362"")",0.3978978978978977,"0","1156"
"=HYPERLINK(""https://stackoverflow.com/q/60506883"", ""60506883"")",0.53033033033033,"0","378"
"=HYPERLINK(""https://stackoverflow.com/q/60526041"", ""60526041"")",0.8903073286052008,"0","65"
"=HYPERLINK(""https://stackoverflow.com/q/60532906"", ""60532906"")",0.5772518080210393,"0","699"
"=HYPERLINK(""https://stackoverflow.com/q/60548961"", ""60548961"")",0.6050674105067407,"0","45"
"=HYPERLINK(""https://stackoverflow.com/q/60590001"", ""60590001"")",0.6074681238615669,"0","621"
"=HYPERLINK(""https://stackoverflow.com/q/60653093"", ""60653093"")",0.4282523729759908,"0","38"
"=HYPERLINK(""https://stackoverflow.com/q/60672902"", ""60672902"")",0.5532567049808431,"0","218"
"=HYPERLINK(""https://stackoverflow.com/q/60706951"", ""60706951"")",0.4315918000128527,"1","815"
"=HYPERLINK(""https://stackoverflow.com/q/60733873"", ""60733873"")",0.6432748538011698,"0","938"
"=HYPERLINK(""https://stackoverflow.com/q/60742829"", ""60742829"")",0.4478859390363818,"1","161"
"=HYPERLINK(""https://stackoverflow.com/q/60799105"", ""60799105"")",0.4090734332948866,"0","69"
"=HYPERLINK(""https://stackoverflow.com/q/60851791"", ""60851791"")",0.7016036655211911,"1","874"
"=HYPERLINK(""https://stackoverflow.com/q/60852797"", ""60852797"")",0.4031267448352874,"0","25"
"=HYPERLINK(""https://stackoverflow.com/q/60904785"", ""60904785"")",0.265491452991453,"0","36"
"=HYPERLINK(""https://stackoverflow.com/q/60962984"", ""60962984"")",0.4119455423803247,"0","180"
"=HYPERLINK(""https://stackoverflow.com/q/61011503"", ""61011503"")",0.3169104439312291,"0","193"
"=HYPERLINK(""https://stackoverflow.com/q/61051786"", ""61051786"")",0.7336726039016123,"0","219"
"=HYPERLINK(""https://stackoverflow.com/q/61197930"", ""61197930"")",0.9193376068376072,"1","2185"
"=HYPERLINK(""https://stackoverflow.com/q/61201732"", ""61201732"")",0.364514712340799,"0","771"
"=HYPERLINK(""https://stackoverflow.com/q/61252228"", ""61252228"")",0.3087087087087086,"0","218"
"=HYPERLINK(""https://stackoverflow.com/q/61274934"", ""61274934"")",0.8314529914529923,"1","362"
"=HYPERLINK(""https://stackoverflow.com/q/61315911"", ""61315911"")",0.5117499429614416,"0","192"
"=HYPERLINK(""https://stackoverflow.com/q/61369434"", ""61369434"")",0.4367332632316863,"3","305"
"=HYPERLINK(""https://stackoverflow.com/q/61428452"", ""61428452"")",0.6946148602590315,"0","1521"
"=HYPERLINK(""https://stackoverflow.com/q/61574522"", ""61574522"")",0.4604772557792694,"1","826"
"=HYPERLINK(""https://stackoverflow.com/q/61616668"", ""61616668"")",0.7966903073286052,"0","227"
"=HYPERLINK(""https://stackoverflow.com/q/61722268"", ""61722268"")",0.3474788957335156,"0","1072"
"=HYPERLINK(""https://stackoverflow.com/q/61728366"", ""61728366"")",0.5986059860598605,"0","47"
"=HYPERLINK(""https://stackoverflow.com/q/61749804"", ""61749804"")",0.2938834600072386,"1","764"
"=HYPERLINK(""https://stackoverflow.com/q/61751706"", ""61751706"")",0.4429118773946361,"0","53"
"=HYPERLINK(""https://stackoverflow.com/q/61772817"", ""61772817"")",0.3052261747913919,"0","24"
"=HYPERLINK(""https://stackoverflow.com/q/61789076"", ""61789076"")",0.6931524547803612,"0","63"
"=HYPERLINK(""https://stackoverflow.com/q/61791509"", ""61791509"")",0.4467120181405897,"0","268"
"=HYPERLINK(""https://stackoverflow.com/q/61827004"", ""61827004"")",0.597912829957029,"0","44"
"=HYPERLINK(""https://stackoverflow.com/q/61866299"", ""61866299"")",0.3253350626891482,"0","39"
"=HYPERLINK(""https://stackoverflow.com/q/61898483"", ""61898483"")",0.6681325124596894,"2","1001"
"=HYPERLINK(""https://stackoverflow.com/q/61911265"", ""61911265"")",0.3400793650793652,"0","123"
"=HYPERLINK(""https://stackoverflow.com/q/61920160"", ""61920160"")",0.4132853963362439,"2","327"
"=HYPERLINK(""https://stackoverflow.com/q/61934803"", ""61934803"")",0.734880450070323,"1","225"
"=HYPERLINK(""https://stackoverflow.com/q/61941610"", ""61941610"")",0.3696876600102404,"0","272"
"=HYPERLINK(""https://stackoverflow.com/q/61989995"", ""61989995"")",0.6116959064327491,"0","310"
"=HYPERLINK(""https://stackoverflow.com/q/61996394"", ""61996394"")",0.4627882599580713,"0","311"
"=HYPERLINK(""https://stackoverflow.com/q/62002657"", ""62002657"")",0.6426767676767675,"0","39"
"=HYPERLINK(""https://stackoverflow.com/q/62066764"", ""62066764"")",0.2728551336146272,"0","102"
"=HYPERLINK(""https://stackoverflow.com/q/62090260"", ""62090260"")",0.3961352657004829,"0","79"
"=HYPERLINK(""https://stackoverflow.com/q/62219763"", ""62219763"")",0.4040404040404038,"0","341"
"=HYPERLINK(""https://stackoverflow.com/q/62250875"", ""62250875"")",0.8179669030732861,"0","417"
"=HYPERLINK(""https://stackoverflow.com/q/62265912"", ""62265912"")",0.3482064741907263,"1","191"
"=HYPERLINK(""https://stackoverflow.com/q/62344249"", ""62344249"")",0.3863443596268026,"0","138"
"=HYPERLINK(""https://stackoverflow.com/q/62403377"", ""62403377"")",0.5506355063550635,"0","30"
"=HYPERLINK(""https://stackoverflow.com/q/62408577"", ""62408577"")",0.400033772374198,"1","542"
"=HYPERLINK(""https://stackoverflow.com/q/62458889"", ""62458889"")",0.4315245478036172,"0","123"
"=HYPERLINK(""https://stackoverflow.com/q/62498455"", ""62498455"")",0.7187739463601533,"1","31"
"=HYPERLINK(""https://stackoverflow.com/q/62531757"", ""62531757"")",0.3878757176629517,"0","264"
"=HYPERLINK(""https://stackoverflow.com/q/62590435"", ""62590435"")",0.4577991452991455,"2","282"
"=HYPERLINK(""https://stackoverflow.com/q/62712496"", ""62712496"")",0.3882301273605619,"1","551"
"=HYPERLINK(""https://stackoverflow.com/q/62792099"", ""62792099"")",0.2855133614627285,"0","557"
"=HYPERLINK(""https://stackoverflow.com/q/62816618"", ""62816618"")",0.2088666295677981,"0","68"
"=HYPERLINK(""https://stackoverflow.com/q/62825728"", ""62825728"")",0.4586754241926651,"2","818"
"=HYPERLINK(""https://stackoverflow.com/q/62847855"", ""62847855"")",0.6579365079365079,"2","365"
"=HYPERLINK(""https://stackoverflow.com/q/62891883"", ""62891883"")",0.5239376611727773,"1","88"
"=HYPERLINK(""https://stackoverflow.com/q/62892426"", ""62892426"")",0.3991945036721156,"2","104"
"=HYPERLINK(""https://stackoverflow.com/q/62956068"", ""62956068"")",0.4325543255432555,"0","25"
"=HYPERLINK(""https://stackoverflow.com/q/63005163"", ""63005163"")",0.3045007032348803,"0","25"
"=HYPERLINK(""https://stackoverflow.com/q/63036649"", ""63036649"")",0.5328605200945629,"0","1045"
"=HYPERLINK(""https://stackoverflow.com/q/63073109"", ""63073109"")",0.5079365079365078,"0","48"
"=HYPERLINK(""https://stackoverflow.com/q/63186567"", ""63186567"")",0.3330093942338842,"0","34"
"=HYPERLINK(""https://stackoverflow.com/q/63241734"", ""63241734"")",0.2304791029561671,"1","89"
"=HYPERLINK(""https://stackoverflow.com/q/63244462"", ""63244462"")",0.4054801407742583,"0","171"
"=HYPERLINK(""https://stackoverflow.com/q/63264735"", ""63264735"")",0.3114114114114112,"0","255"
"=HYPERLINK(""https://stackoverflow.com/q/63300830"", ""63300830"")",0.4236610711430855,"0","202"
"=HYPERLINK(""https://stackoverflow.com/q/63317654"", ""63317654"")",0.2519251925192518,"0","134"
"=HYPERLINK(""https://stackoverflow.com/q/63421516"", ""63421516"")",0.3059042305904229,"1","191"
"=HYPERLINK(""https://stackoverflow.com/q/63460091"", ""63460091"")",0.3614267676767675,"0","600"
"=HYPERLINK(""https://stackoverflow.com/q/63484750"", ""63484750"")",0.441734417344173,"0","42"
"=HYPERLINK(""https://stackoverflow.com/q/63506443"", ""63506443"")",0.3316591770200018,"0","26"
"=HYPERLINK(""https://stackoverflow.com/q/63582258"", ""63582258"")",0.3631618195376588,"0","63"
"=HYPERLINK(""https://stackoverflow.com/q/63594106"", ""63594106"")",0.4885538805136792,"1","106"
"=HYPERLINK(""https://stackoverflow.com/q/63622477"", ""63622477"")",0.4523107177974437,"0","83"
"=HYPERLINK(""https://stackoverflow.com/q/63694844"", ""63694844"")",0.3981304440195455,"0","78"
"=HYPERLINK(""https://stackoverflow.com/q/63706531"", ""63706531"")",0.4980842911877393,"0","161"
"=HYPERLINK(""https://stackoverflow.com/q/63819155"", ""63819155"")",0.5312555027293541,"0","113"
"=HYPERLINK(""https://stackoverflow.com/q/63935141"", ""63935141"")",0.4376918354818907,"0","14"
"=HYPERLINK(""https://stackoverflow.com/q/64008399"", ""64008399"")",0.4362443624436244,"0","150"
"=HYPERLINK(""https://stackoverflow.com/q/64008775"", ""64008775"")",0.5308956916099768,"0","29"
"=HYPERLINK(""https://stackoverflow.com/q/64010541"", ""64010541"")",0.4806837606837609,"0","127"
"=HYPERLINK(""https://stackoverflow.com/q/64081654"", ""64081654"")",0.6535199321458869,"0","25"
"=HYPERLINK(""https://stackoverflow.com/q/64166622"", ""64166622"")",0.662563131313131,"0","47"
"=HYPERLINK(""https://stackoverflow.com/q/64251555"", ""64251555"")",0.3650793650793655,"0","50"
"=HYPERLINK(""https://stackoverflow.com/q/64265067"", ""64265067"")",0.3617571059431526,"0","422"
"=HYPERLINK(""https://stackoverflow.com/q/64304740"", ""64304740"")",0.5485380116959068,"1","60"
"=HYPERLINK(""https://stackoverflow.com/q/64357763"", ""64357763"")",0.7523427041499325,"0","145"
"=HYPERLINK(""https://stackoverflow.com/q/64371699"", ""64371699"")",0.5319567354965589,"0","50"
"=HYPERLINK(""https://stackoverflow.com/q/64413957"", ""64413957"")",0.5629301868239925,"0","253"
"=HYPERLINK(""https://stackoverflow.com/q/64498724"", ""64498724"")",0.4713571703191078,"0","2836"
"=HYPERLINK(""https://stackoverflow.com/q/64550844"", ""64550844"")",0.459791282995703,"0","319"
"=HYPERLINK(""https://stackoverflow.com/q/64551883"", ""64551883"")",0.3057387057387056,"0","199"
"=HYPERLINK(""https://stackoverflow.com/q/64599812"", ""64599812"")",0.4591452991452995,"0","417"
"=HYPERLINK(""https://stackoverflow.com/q/64651590"", ""64651590"")",0.4790315607436229,"0","59"
"=HYPERLINK(""https://stackoverflow.com/q/64792019"", ""64792019"")",0.4880450070323486,"0","42"
"=HYPERLINK(""https://stackoverflow.com/q/64809077"", ""64809077"")",0.4921337266470012,"0","198"
"=HYPERLINK(""https://stackoverflow.com/q/64819629"", ""64819629"")",0.8296190927769882,"0","27"
"=HYPERLINK(""https://stackoverflow.com/q/64855021"", ""64855021"")",0.4620746207462075,"0","371"
"=HYPERLINK(""https://stackoverflow.com/q/64888551"", ""64888551"")",0.32719459791283,"0","90"
"=HYPERLINK(""https://stackoverflow.com/q/64913799"", ""64913799"")",0.2959549411162312,"0","23"
"=HYPERLINK(""https://stackoverflow.com/q/64947213"", ""64947213"")",0.3107177974434613,"0","110"
"=HYPERLINK(""https://stackoverflow.com/q/64989113"", ""64989113"")",0.5167007498295838,"0","40"
"=HYPERLINK(""https://stackoverflow.com/q/65025421"", ""65025421"")",0.8650793650793647,"0","41"
"=HYPERLINK(""https://stackoverflow.com/q/65047451"", ""65047451"")",0.7611443779108447,"0","131"
"=HYPERLINK(""https://stackoverflow.com/q/65070855"", ""65070855"")",0.3000910746812389,"0","58"
"=HYPERLINK(""https://stackoverflow.com/q/65089057"", ""65089057"")",0.5342522974101919,"1","188"
"=HYPERLINK(""https://stackoverflow.com/q/65107533"", ""65107533"")",0.6631671041119869,"1","20"
"=HYPERLINK(""https://stackoverflow.com/q/65181641"", ""65181641"")",0.3941679235796882,"1","42"
"=HYPERLINK(""https://stackoverflow.com/q/65193722"", ""65193722"")",0.4000572737686139,"0","92"
"=HYPERLINK(""https://stackoverflow.com/q/65203731"", ""65203731"")",0.5336976320582881,"1","201"
"=HYPERLINK(""https://stackoverflow.com/q/65203826"", ""65203826"")",0.8248280854144044,"0","77"
"=HYPERLINK(""https://stackoverflow.com/q/65216260"", ""65216260"")",0.7739463601532568,"0","57"
"=HYPERLINK(""https://stackoverflow.com/q/65231278"", ""65231278"")",0.6318163181631816,"0","384"
"=HYPERLINK(""https://stackoverflow.com/q/65259926"", ""65259926"")",0.7841691248770898,"0","37"
"=HYPERLINK(""https://stackoverflow.com/q/65304075"", ""65304075"")",0.3621639131843217,"0","14"
"=HYPERLINK(""https://stackoverflow.com/q/65335437"", ""65335437"")",0.6041464204729516,"0","36"
"=HYPERLINK(""https://stackoverflow.com/q/65343769"", ""65343769"")",0.4548309178743955,"0","70"
"=HYPERLINK(""https://stackoverflow.com/q/65402071"", ""65402071"")",0.5057741899316068,"0","58"
"=HYPERLINK(""https://stackoverflow.com/q/65408227"", ""65408227"")",0.4791392182696526,"0","99"
"=HYPERLINK(""https://stackoverflow.com/q/65413453"", ""65413453"")",0.3243498817966904,"0","152"
"=HYPERLINK(""https://stackoverflow.com/q/65548158"", ""65548158"")",0.7317542846139039,"0","478"
"=HYPERLINK(""https://stackoverflow.com/q/65576999"", ""65576999"")",0.5499330655957158,"0","33"
"=HYPERLINK(""https://stackoverflow.com/q/65581811"", ""65581811"")",0.5500910746812391,"0","12"
"=HYPERLINK(""https://stackoverflow.com/q/65608202"", ""65608202"")",0.2810457516339868,"0","189"
"=HYPERLINK(""https://stackoverflow.com/q/65610192"", ""65610192"")",0.3857067090957302,"1","112"
"=HYPERLINK(""https://stackoverflow.com/q/65616711"", ""65616711"")",0.8305171530977972,"0","50"
"=HYPERLINK(""https://stackoverflow.com/q/65630636"", ""65630636"")",0.322737686139748,"0","31"
"=HYPERLINK(""https://stackoverflow.com/q/65831488"", ""65831488"")",0.6503659347970724,"0","24"
"=HYPERLINK(""https://stackoverflow.com/q/65955848"", ""65955848"")",0.3142467620995225,"0","26"
"=HYPERLINK(""https://stackoverflow.com/q/65976829"", ""65976829"")",0.2499486547545699,"0","104"
"=HYPERLINK(""https://stackoverflow.com/q/66016205"", ""66016205"")",0.35594315245478,"0","27"
"=HYPERLINK(""https://stackoverflow.com/q/66017534"", ""66017534"")",0.313343717549325,"1","182"
"=HYPERLINK(""https://stackoverflow.com/q/66064372"", ""66064372"")",0.5886994949494945,"0","43"
"=HYPERLINK(""https://stackoverflow.com/q/66110092"", ""66110092"")",0.2499518582707491,"0","30"
"=HYPERLINK(""https://stackoverflow.com/q/66113351"", ""66113351"")",0.6164529914529917,"0","115"
"=HYPERLINK(""https://stackoverflow.com/q/66114303"", ""66114303"")",0.5200945626477542,"0","17"
"=HYPERLINK(""https://stackoverflow.com/q/66189447"", ""66189447"")",0.4340866290018829,"0","32"
"=HYPERLINK(""https://stackoverflow.com/q/66283503"", ""66283503"")",0.4849340866290016,"0","58"
"=HYPERLINK(""https://stackoverflow.com/q/66392059"", ""66392059"")",0.2579365079365078,"0","65"
"=HYPERLINK(""https://stackoverflow.com/q/66452395"", ""66452395"")",0.6094562647754138,"1","70"
"=HYPERLINK(""https://stackoverflow.com/q/66474438"", ""66474438"")",0.5762762762762759,"0","35"
"=HYPERLINK(""https://stackoverflow.com/q/66530486"", ""66530486"")",0.5109411514765246,"0","58"
"=HYPERLINK(""https://stackoverflow.com/q/66541272"", ""66541272"")",0.5039901780233274,"0","16"
"=HYPERLINK(""https://stackoverflow.com/q/66549925"", ""66549925"")",0.4631603885335235,"0","46"
"=HYPERLINK(""https://stackoverflow.com/q/66579223"", ""66579223"")",0.4865475456972686,"0","28"
"=HYPERLINK(""https://stackoverflow.com/q/66587601"", ""66587601"")",0.4077892325315005,"0","48"
"=HYPERLINK(""https://stackoverflow.com/q/66589468"", ""66589468"")",0.4921184159938481,"0","39"
"=HYPERLINK(""https://stackoverflow.com/q/66660080"", ""66660080"")",0.7277572775727759,"1","26"
"=HYPERLINK(""https://stackoverflow.com/q/66694500"", ""66694500"")",0.6521833117163857,"1","50"
"=HYPERLINK(""https://stackoverflow.com/q/66747180"", ""66747180"")",0.3167104111986005,"0","26"
"=HYPERLINK(""https://stackoverflow.com/q/66763628"", ""66763628"")",0.3419561468341952,"0","10"
"=HYPERLINK(""https://stackoverflow.com/q/66861498"", ""66861498"")",0.5344751866490992,"0","18"
"=HYPERLINK(""https://stackoverflow.com/q/66879755"", ""66879755"")",0.6945626477541372,"0","10"
"=HYPERLINK(""https://stackoverflow.com/q/66942321"", ""66942321"")",0.4306352241342683,"0","23"
"=HYPERLINK(""https://stackoverflow.com/q/67110168"", ""67110168"")",0.5016339869281046,"0","33"
"=HYPERLINK(""https://stackoverflow.com/q/67183204"", ""67183204"")",0.7414529914529915,"0","51"
"=HYPERLINK(""https://stackoverflow.com/q/67186273"", ""67186273"")",0.520375256523014,"0","19"
"=HYPERLINK(""https://stackoverflow.com/q/67225941"", ""67225941"")",0.3772037720377205,"0","26"
"=HYPERLINK(""https://stackoverflow.com/q/67419983"", ""67419983"")",0.4082687338501289,"0","5"
"=HYPERLINK(""https://stackoverflow.com/q/67462560"", ""67462560"")",0.6381187102074355,"1","49"
"=HYPERLINK(""https://stackoverflow.com/q/67494710"", ""67494710"")",0.6800873907615489,"0","18"
"=HYPERLINK(""https://stackoverflow.com/q/67539486"", ""67539486"")",0.3624436244362445,"0","27"
"=HYPERLINK(""https://stackoverflow.com/q/67581533"", ""67581533"")",0.3255432554325544,"0","40"
