"link","Correlation","score","view_count"
"=HYPERLINK(""https://stackoverflow.com/q/1938953"", ""1938953"")",0.3281936267638541,"1","8076"
"=HYPERLINK(""https://stackoverflow.com/q/2642006"", ""2642006"")",0.4349494949494949,"1","12083"
"=HYPERLINK(""https://stackoverflow.com/q/2690003"", ""2690003"")",0.3637316561844865,"1","573"
"=HYPERLINK(""https://stackoverflow.com/q/2788166"", ""2788166"")",0.3911972914742997,"3","994"
"=HYPERLINK(""https://stackoverflow.com/q/2946251"", ""2946251"")",0.4763205828779602,"1","2064"
"=HYPERLINK(""https://stackoverflow.com/q/3492103"", ""3492103"")",0.6854575163398693,"0","472"
"=HYPERLINK(""https://stackoverflow.com/q/5117050"", ""5117050"")",0.496260683760684,"1","7844"
"=HYPERLINK(""https://stackoverflow.com/q/6066972"", ""6066972"")",0.5716198125836679,"1","712"
"=HYPERLINK(""https://stackoverflow.com/q/6275361"", ""6275361"")",0.3003981179876945,"0","1429"
"=HYPERLINK(""https://stackoverflow.com/q/6373931"", ""6373931"")",0.8477541371158391,"0","1289"
"=HYPERLINK(""https://stackoverflow.com/q/6378204"", ""6378204"")",0.4936903662665436,"2","6397"
"=HYPERLINK(""https://stackoverflow.com/q/6426396"", ""6426396"")",0.4627627627627624,"1","860"
"=HYPERLINK(""https://stackoverflow.com/q/6504167"", ""6504167"")",0.4365079365079366,"0","3468"
"=HYPERLINK(""https://stackoverflow.com/q/6622932"", ""6622932"")",0.6597222222222223,"0","638"
"=HYPERLINK(""https://stackoverflow.com/q/6664788"", ""6664788"")",0.4433277498604129,"0","1685"
"=HYPERLINK(""https://stackoverflow.com/q/6765041"", ""6765041"")",0.7611832611832609,"0","2764"
"=HYPERLINK(""https://stackoverflow.com/q/7093905"", ""7093905"")",0.4774523477452344,"3","6841"
"=HYPERLINK(""https://stackoverflow.com/q/7689620"", ""7689620"")",0.52151799687011,"1","1137"
"=HYPERLINK(""https://stackoverflow.com/q/7874396"", ""7874396"")",0.6928104575163397,"0","2332"
"=HYPERLINK(""https://stackoverflow.com/q/8095460"", ""8095460"")",0.7891678289167826,"1","2096"
"=HYPERLINK(""https://stackoverflow.com/q/8417694"", ""8417694"")",0.3866057838660577,"1","3601"
"=HYPERLINK(""https://stackoverflow.com/q/8640964"", ""8640964"")",0.681524547803617,"0","3306"
"=HYPERLINK(""https://stackoverflow.com/q/8885867"", ""8885867"")",0.7097949350725661,"3","13410"
"=HYPERLINK(""https://stackoverflow.com/q/9181514"", ""9181514"")",0.4855810008481768,"2","8517"
"=HYPERLINK(""https://stackoverflow.com/q/9561644"", ""9561644"")",0.3795581295581297,"1","1952"
"=HYPERLINK(""https://stackoverflow.com/q/9937791"", ""9937791"")",0.5586277521761388,"2","7229"
"=HYPERLINK(""https://stackoverflow.com/q/10000751"", ""10000751"")",0.4982958418541237,"2","6978"
"=HYPERLINK(""https://stackoverflow.com/q/10144240"", ""10144240"")",0.4776439089692099,"1","3741"
"=HYPERLINK(""https://stackoverflow.com/q/10223804"", ""10223804"")",0.2269954919119594,"2","2321"
"=HYPERLINK(""https://stackoverflow.com/q/10280626"", ""10280626"")",0.3427433948606587,"1","513"
"=HYPERLINK(""https://stackoverflow.com/q/10588744"", ""10588744"")",0.3843843843843842,"1","1955"
"=HYPERLINK(""https://stackoverflow.com/q/10856884"", ""10856884"")",0.3539379934527249,"0","89"
"=HYPERLINK(""https://stackoverflow.com/q/11136402"", ""11136402"")",0.3429263295147619,"8","34460"
"=HYPERLINK(""https://stackoverflow.com/q/11231985"", ""11231985"")",0.3559905745876383,"0","1208"
"=HYPERLINK(""https://stackoverflow.com/q/11342593"", ""11342593"")",0.4937327384746125,"2","8024"
"=HYPERLINK(""https://stackoverflow.com/q/11397456"", ""11397456"")",0.4675493250259607,"5","15036"
"=HYPERLINK(""https://stackoverflow.com/q/11667367"", ""11667367"")",0.5687080421975613,"1","16500"
"=HYPERLINK(""https://stackoverflow.com/q/12046963"", ""12046963"")",0.3318112633181125,"0","8461"
"=HYPERLINK(""https://stackoverflow.com/q/12125017"", ""12125017"")",0.4158802063671825,"0","567"
"=HYPERLINK(""https://stackoverflow.com/q/12132778"", ""12132778"")",0.4258421317244845,"0","75"
"=HYPERLINK(""https://stackoverflow.com/q/12145321"", ""12145321"")",0.3086967233308695,"0","935"
"=HYPERLINK(""https://stackoverflow.com/q/12297904"", ""12297904"")",0.5580855998313308,"1","1993"
"=HYPERLINK(""https://stackoverflow.com/q/12490482"", ""12490482"")",0.597912829957029,"3","153"
"=HYPERLINK(""https://stackoverflow.com/q/12672197"", ""12672197"")",0.6475615887380592,"1","5898"
"=HYPERLINK(""https://stackoverflow.com/q/12904879"", ""12904879"")",0.593479707252162,"0","5623"
"=HYPERLINK(""https://stackoverflow.com/q/12969167"", ""12969167"")",0.3197012138188607,"1","5549"
"=HYPERLINK(""https://stackoverflow.com/q/13052916"", ""13052916"")",0.7851220090026066,"1","25759"
"=HYPERLINK(""https://stackoverflow.com/q/13458371"", ""13458371"")",0.3203032456763801,"0","1110"
"=HYPERLINK(""https://stackoverflow.com/q/13518809"", ""13518809"")",0.2966604244694134,"0","132"
"=HYPERLINK(""https://stackoverflow.com/q/13632015"", ""13632015"")",0.3311716385646345,"0","3530"
"=HYPERLINK(""https://stackoverflow.com/q/13901541"", ""13901541"")",0.3701321900678815,"2","10748"
"=HYPERLINK(""https://stackoverflow.com/q/14341379"", ""14341379"")",0.300642371048782,"1","2442"
"=HYPERLINK(""https://stackoverflow.com/q/14506473"", ""14506473"")",0.2775581906016687,"0","580"
"=HYPERLINK(""https://stackoverflow.com/q/14715395"", ""14715395"")",0.4054682955206513,"1","7335"
"=HYPERLINK(""https://stackoverflow.com/q/14764145"", ""14764145"")",0.5644784363713621,"0","1860"
"=HYPERLINK(""https://stackoverflow.com/q/15477568"", ""15477568"")",0.6329674561910269,"0","447"
"=HYPERLINK(""https://stackoverflow.com/q/15784184"", ""15784184"")",0.6114114114114109,"0","2231"
"=HYPERLINK(""https://stackoverflow.com/q/15886639"", ""15886639"")",0.4886156648451734,"3","2887"
"=HYPERLINK(""https://stackoverflow.com/q/16035832"", ""16035832"")",0.4389457717102767,"0","1004"
"=HYPERLINK(""https://stackoverflow.com/q/16172355"", ""16172355"")",0.4860520094562647,"1","2728"
"=HYPERLINK(""https://stackoverflow.com/q/16199301"", ""16199301"")",0.3650793650793649,"0","3229"
"=HYPERLINK(""https://stackoverflow.com/q/16539665"", ""16539665"")",0.6512879661668584,"1","4900"
"=HYPERLINK(""https://stackoverflow.com/q/16736651"", ""16736651"")",0.4222222222222218,"0","701"
"=HYPERLINK(""https://stackoverflow.com/q/16817734"", ""16817734"")",0.4585858585858584,"0","1023"
"=HYPERLINK(""https://stackoverflow.com/q/16880625"", ""16880625"")",0.4435336976320586,"0","2159"
"=HYPERLINK(""https://stackoverflow.com/q/16914314"", ""16914314"")",0.6091000502765208,"0","9408"
"=HYPERLINK(""https://stackoverflow.com/q/16964469"", ""16964469"")",0.1669736034376918,"0","479"
"=HYPERLINK(""https://stackoverflow.com/q/17053165"", ""17053165"")",0.2855133614627285,"0","3491"
"=HYPERLINK(""https://stackoverflow.com/q/17288399"", ""17288399"")",0.4657646576465766,"2","8364"
"=HYPERLINK(""https://stackoverflow.com/q/17682214"", ""17682214"")",0.3973374295954939,"0","1366"
"=HYPERLINK(""https://stackoverflow.com/q/19019319"", ""19019319"")",0.4860520094562649,"0","914"
"=HYPERLINK(""https://stackoverflow.com/q/19808201"", ""19808201"")",0.4360485887817079,"3","5857"
"=HYPERLINK(""https://stackoverflow.com/q/20229815"", ""20229815"")",0.6996091568955887,"1","401"
"=HYPERLINK(""https://stackoverflow.com/q/21265571"", ""21265571"")",0.4791491743632798,"1","1800"
"=HYPERLINK(""https://stackoverflow.com/q/21430686"", ""21430686"")",0.4070048309178739,"0","505"
"=HYPERLINK(""https://stackoverflow.com/q/21459088"", ""21459088"")",0.3792661021298434,"0","158"
"=HYPERLINK(""https://stackoverflow.com/q/21474303"", ""21474303"")",0.6321232123212319,"3","13340"
"=HYPERLINK(""https://stackoverflow.com/q/21807996"", ""21807996"")",0.5550989345509895,"0","2692"
"=HYPERLINK(""https://stackoverflow.com/q/22186463"", ""22186463"")",0.2183512544802867,"0","1532"
"=HYPERLINK(""https://stackoverflow.com/q/22186685"", ""22186685"")",0.3757176629517054,"0","163"
"=HYPERLINK(""https://stackoverflow.com/q/22254526"", ""22254526"")",0.3529040404040403,"0","361"
"=HYPERLINK(""https://stackoverflow.com/q/22339650"", ""22339650"")",0.4210858585858585,"1","2062"
"=HYPERLINK(""https://stackoverflow.com/q/22820425"", ""22820425"")",0.2735467255334806,"1","1945"
"=HYPERLINK(""https://stackoverflow.com/q/22887879"", ""22887879"")",0.3075025960539979,"0","1752"
"=HYPERLINK(""https://stackoverflow.com/q/23617818"", ""23617818"")",0.4265700483091783,"0","490"
"=HYPERLINK(""https://stackoverflow.com/q/23658408"", ""23658408"")",0.7504480286738354,"0","1609"
"=HYPERLINK(""https://stackoverflow.com/q/23717492"", ""23717492"")",0.4276276276276274,"0","2063"
"=HYPERLINK(""https://stackoverflow.com/q/23920211"", ""23920211"")",0.7570682513956416,"2","5069"
"=HYPERLINK(""https://stackoverflow.com/q/24126185"", ""24126185"")",0.4575163398692808,"2","11056"
"=HYPERLINK(""https://stackoverflow.com/q/24165857"", ""24165857"")",0.3603437691835482,"0","285"
"=HYPERLINK(""https://stackoverflow.com/q/24728610"", ""24728610"")",0.6446973289078556,"1","10392"
"=HYPERLINK(""https://stackoverflow.com/q/24771517"", ""24771517"")",0.5424192665571973,"0","2508"
"=HYPERLINK(""https://stackoverflow.com/q/24877008"", ""24877008"")",0.7827971708875195,"1","2493"
"=HYPERLINK(""https://stackoverflow.com/q/24987310"", ""24987310"")",0.6681325124596896,"2","9307"
"=HYPERLINK(""https://stackoverflow.com/q/25292892"", ""25292892"")",0.3973885193397387,"0","1839"
"=HYPERLINK(""https://stackoverflow.com/q/25294883"", ""25294883"")",0.4931581828133549,"0","114"
"=HYPERLINK(""https://stackoverflow.com/q/25885677"", ""25885677"")",0.3330469644902634,"0","924"
"=HYPERLINK(""https://stackoverflow.com/q/25888392"", ""25888392"")",0.3599681971774995,"0","4485"
"=HYPERLINK(""https://stackoverflow.com/q/26062647"", ""26062647"")",0.510494379787128,"0","14863"
"=HYPERLINK(""https://stackoverflow.com/q/26089868"", ""26089868"")",0.8485108820160366,"0","49"
"=HYPERLINK(""https://stackoverflow.com/q/26235358"", ""26235358"")",0.3615200704668427,"0","135"
"=HYPERLINK(""https://stackoverflow.com/q/26273436"", ""26273436"")",0.5874396135265695,"0","549"
"=HYPERLINK(""https://stackoverflow.com/q/26635713"", ""26635713"")",0.4154040404040403,"0","735"
"=HYPERLINK(""https://stackoverflow.com/q/26682398"", ""26682398"")",0.3205308902983322,"1","1204"
"=HYPERLINK(""https://stackoverflow.com/q/26951044"", ""26951044"")",0.3692810457516339,"0","673"
"=HYPERLINK(""https://stackoverflow.com/q/27218468"", ""27218468"")",0.6050937587461511,"1","252"
"=HYPERLINK(""https://stackoverflow.com/q/27244153"", ""27244153"")",0.376584638329605,"0","88"
"=HYPERLINK(""https://stackoverflow.com/q/27248913"", ""27248913"")",0.5626477541371158,"1","5278"
"=HYPERLINK(""https://stackoverflow.com/q/27515785"", ""27515785"")",0.8627627627627624,"1","1439"
"=HYPERLINK(""https://stackoverflow.com/q/27547980"", ""27547980"")",0.8805136795086539,"1","1240"
"=HYPERLINK(""https://stackoverflow.com/q/27801122"", ""27801122"")",0.3236373165618449,"0","1370"
"=HYPERLINK(""https://stackoverflow.com/q/27841747"", ""27841747"")",0.5683760683760684,"0","2942"
"=HYPERLINK(""https://stackoverflow.com/q/27860610"", ""27860610"")",0.4618535586277518,"0","193"
"=HYPERLINK(""https://stackoverflow.com/q/27889528"", ""27889528"")",0.474299784549092,"1","919"
"=HYPERLINK(""https://stackoverflow.com/q/27908386"", ""27908386"")",0.4486373165618448,"0","47"
"=HYPERLINK(""https://stackoverflow.com/q/28028644"", ""28028644"")",0.3626163108921726,"0","1102"
"=HYPERLINK(""https://stackoverflow.com/q/28074001"", ""28074001"")",0.7750763448437864,"5","26661"
"=HYPERLINK(""https://stackoverflow.com/q/28443329"", ""28443329"")",0.4604772557792695,"0","1166"
"=HYPERLINK(""https://stackoverflow.com/q/28504308"", ""28504308"")",0.5100451004510045,"0","904"
"=HYPERLINK(""https://stackoverflow.com/q/28538570"", ""28538570"")",0.3549752146052473,"5","16167"
"=HYPERLINK(""https://stackoverflow.com/q/29038242"", ""29038242"")",0.6151693254967809,"6","2394"
"=HYPERLINK(""https://stackoverflow.com/q/29095864"", ""29095864"")",0.4407850964737192,"2","1312"
"=HYPERLINK(""https://stackoverflow.com/q/29342379"", ""29342379"")",0.6734965850408132,"1","21206"
"=HYPERLINK(""https://stackoverflow.com/q/29635523"", ""29635523"")",0.5336302386662098,"1","1440"
"=HYPERLINK(""https://stackoverflow.com/q/29753417"", ""29753417"")",0.7392676767676765,"1","276"
"=HYPERLINK(""https://stackoverflow.com/q/29756037"", ""29756037"")",0.5924145299145298,"5","48227"
"=HYPERLINK(""https://stackoverflow.com/q/29835040"", ""29835040"")",0.4547803617571058,"1","1504"
"=HYPERLINK(""https://stackoverflow.com/q/30165073"", ""30165073"")",0.5300025425883546,"0","6261"
"=HYPERLINK(""https://stackoverflow.com/q/30228056"", ""30228056"")",0.3944994499449943,"0","170"
"=HYPERLINK(""https://stackoverflow.com/q/30253423"", ""30253423"")",0.4128837008214439,"0","159"
"=HYPERLINK(""https://stackoverflow.com/q/30316936"", ""30316936"")",0.3152075403298894,"0","172"
"=HYPERLINK(""https://stackoverflow.com/q/30514382"", ""30514382"")",0.4041979587906799,"1","3579"
"=HYPERLINK(""https://stackoverflow.com/q/30624257"", ""30624257"")",0.449848681366191,"0","2295"
"=HYPERLINK(""https://stackoverflow.com/q/30626927"", ""30626927"")",0.2379514881898105,"2","10693"
"=HYPERLINK(""https://stackoverflow.com/q/30830226"", ""30830226"")",0.7487811136771875,"3","724"
"=HYPERLINK(""https://stackoverflow.com/q/31007346"", ""31007346"")",0.6284722222222219,"0","510"
"=HYPERLINK(""https://stackoverflow.com/q/31439710"", ""31439710"")",0.4353369763205831,"1","2123"
"=HYPERLINK(""https://stackoverflow.com/q/31576434"", ""31576434"")",0.4060457516339868,"0","93"
"=HYPERLINK(""https://stackoverflow.com/q/31686443"", ""31686443"")",0.5029052531720622,"0","1355"
"=HYPERLINK(""https://stackoverflow.com/q/32045089"", ""32045089"")",0.2334762415148268,"0","33"
"=HYPERLINK(""https://stackoverflow.com/q/32188841"", ""32188841"")",0.8902550091074685,"4","7718"
"=HYPERLINK(""https://stackoverflow.com/q/32267391"", ""32267391"")",0.3485704502653655,"1","1732"
"=HYPERLINK(""https://stackoverflow.com/q/32481853"", ""32481853"")",0.4902222222222221,"0","924"
"=HYPERLINK(""https://stackoverflow.com/q/32592302"", ""32592302"")",0.5843843843843841,"0","143"
"=HYPERLINK(""https://stackoverflow.com/q/32660738"", ""32660738"")",0.6402360790351552,"0","1702"
"=HYPERLINK(""https://stackoverflow.com/q/32711154"", ""32711154"")",0.4374120956399435,"0","1744"
"=HYPERLINK(""https://stackoverflow.com/q/32716114"", ""32716114"")",0.3631618195376587,"0","996"
"=HYPERLINK(""https://stackoverflow.com/q/32820674"", ""32820674"")",0.3257936507936508,"0","860"
"=HYPERLINK(""https://stackoverflow.com/q/32986022"", ""32986022"")",0.453131313131313,"0","1879"
"=HYPERLINK(""https://stackoverflow.com/q/32994045"", ""32994045"")",0.4276276276276275,"1","7749"
"=HYPERLINK(""https://stackoverflow.com/q/33002200"", ""33002200"")",0.5425815036593475,"0","732"
"=HYPERLINK(""https://stackoverflow.com/q/33081153"", ""33081153"")",0.5355133614627281,"0","1791"
"=HYPERLINK(""https://stackoverflow.com/q/33143820"", ""33143820"")",0.5009540584177309,"0","1781"
"=HYPERLINK(""https://stackoverflow.com/q/33144767"", ""33144767"")",0.4680053547523424,"1","1378"
"=HYPERLINK(""https://stackoverflow.com/q/33169394"", ""33169394"")",0.5791740938799763,"0","1355"
"=HYPERLINK(""https://stackoverflow.com/q/33347779"", ""33347779"")",0.4672484002326932,"0","1356"
"=HYPERLINK(""https://stackoverflow.com/q/33356407"", ""33356407"")",0.495418098510882,"0","279"
"=HYPERLINK(""https://stackoverflow.com/q/33422493"", ""33422493"")",0.7472881852829085,"0","876"
"=HYPERLINK(""https://stackoverflow.com/q/33436394"", ""33436394"")",0.3153009811721027,"0","10606"
"=HYPERLINK(""https://stackoverflow.com/q/33530567"", ""33530567"")",0.6107038976148923,"3","13984"
"=HYPERLINK(""https://stackoverflow.com/q/33567496"", ""33567496"")",0.6208357404197962,"1","1213"
"=HYPERLINK(""https://stackoverflow.com/q/33574781"", ""33574781"")",0.6472222222222221,"1","944"
"=HYPERLINK(""https://stackoverflow.com/q/33639724"", ""33639724"")",0.4611384783798573,"2","512"
"=HYPERLINK(""https://stackoverflow.com/q/33727845"", ""33727845"")",0.4951951951951949,"0","545"
"=HYPERLINK(""https://stackoverflow.com/q/33806932"", ""33806932"")",0.460125448028674,"0","6538"
"=HYPERLINK(""https://stackoverflow.com/q/33830447"", ""33830447"")",0.6880925293894575,"0","3726"
"=HYPERLINK(""https://stackoverflow.com/q/33853618"", ""33853618"")",0.327941459657231,"1","2257"
"=HYPERLINK(""https://stackoverflow.com/q/33887949"", ""33887949"")",0.4026345933562427,"2","1261"
"=HYPERLINK(""https://stackoverflow.com/q/33935787"", ""33935787"")",0.7761144377910842,"3","3627"
"=HYPERLINK(""https://stackoverflow.com/q/33944398"", ""33944398"")",0.3707235846200425,"2","907"
"=HYPERLINK(""https://stackoverflow.com/q/34263401"", ""34263401"")",0.8159722222222219,"10","22380"
"=HYPERLINK(""https://stackoverflow.com/q/34422310"", ""34422310"")",0.3172448466566112,"1","524"
"=HYPERLINK(""https://stackoverflow.com/q/34856887"", ""34856887"")",0.5514529914529919,"0","2871"
"=HYPERLINK(""https://stackoverflow.com/q/35035035"", ""35035035"")",0.4887316561844865,"1","1895"
"=HYPERLINK(""https://stackoverflow.com/q/35049041"", ""35049041"")",0.4390363815142579,"1","331"
"=HYPERLINK(""https://stackoverflow.com/q/35056453"", ""35056453"")",0.4496274700356334,"1","137"
"=HYPERLINK(""https://stackoverflow.com/q/35186531"", ""35186531"")",0.293294541424217,"1","2422"
"=HYPERLINK(""https://stackoverflow.com/q/35204028"", ""35204028"")",0.6171085858585855,"0","1793"
"=HYPERLINK(""https://stackoverflow.com/q/35215445"", ""35215445"")",0.7162933684672811,"1","12668"
"=HYPERLINK(""https://stackoverflow.com/q/35295150"", ""35295150"")",0.5545837382572077,"0","639"
"=HYPERLINK(""https://stackoverflow.com/q/35341978"", ""35341978"")",0.6144802867383514,"3","11693"
"=HYPERLINK(""https://stackoverflow.com/q/35543495"", ""35543495"")",0.5762045231071785,"1","311"
"=HYPERLINK(""https://stackoverflow.com/q/36211275"", ""36211275"")",0.6133661336613365,"1","1972"
"=HYPERLINK(""https://stackoverflow.com/q/36453796"", ""36453796"")",0.4719069637102427,"0","1007"
"=HYPERLINK(""https://stackoverflow.com/q/36705660"", ""36705660"")",0.4068980571927525,"0","1107"
"=HYPERLINK(""https://stackoverflow.com/q/36924007"", ""36924007"")",0.3135762189595795,"2","3560"
"=HYPERLINK(""https://stackoverflow.com/q/37037563"", ""37037563"")",0.7471598780825709,"2","9998"
"=HYPERLINK(""https://stackoverflow.com/q/37053517"", ""37053517"")",0.5986059860598606,"3","1893"
"=HYPERLINK(""https://stackoverflow.com/q/37060479"", ""37060479"")",0.1669736034376918,"0","1272"
"=HYPERLINK(""https://stackoverflow.com/q/37853735"", ""37853735"")",0.5263459335624283,"0","1673"
"=HYPERLINK(""https://stackoverflow.com/q/38070748"", ""38070748"")",0.388110072689512,"0","1791"
"=HYPERLINK(""https://stackoverflow.com/q/38118022"", ""38118022"")",0.3715434891905479,"1","466"
"=HYPERLINK(""https://stackoverflow.com/q/38282669"", ""38282669"")",0.3708071278825997,"0","2414"
"=HYPERLINK(""https://stackoverflow.com/q/38351468"", ""38351468"")",0.6068376068376072,"0","32"
"=HYPERLINK(""https://stackoverflow.com/q/38418474"", ""38418474"")",0.6058363110430492,"0","36"
"=HYPERLINK(""https://stackoverflow.com/q/38704004"", ""38704004"")",0.6398959382343068,"1","1697"
"=HYPERLINK(""https://stackoverflow.com/q/38723935"", ""38723935"")",0.5380116959064329,"0","153"
"=HYPERLINK(""https://stackoverflow.com/q/38846368"", ""38846368"")",0.4855810008481767,"5","1871"
"=HYPERLINK(""https://stackoverflow.com/q/38967028"", ""38967028"")",0.332948865820838,"0","1297"
"=HYPERLINK(""https://stackoverflow.com/q/38989875"", ""38989875"")",0.5437859044416424,"1","1348"
"=HYPERLINK(""https://stackoverflow.com/q/39017064"", ""39017064"")",0.3939574637249057,"1","623"
"=HYPERLINK(""https://stackoverflow.com/q/39109807"", ""39109807"")",0.5198000768935022,"0","440"
"=HYPERLINK(""https://stackoverflow.com/q/39272040"", ""39272040"")",0.4227499267077104,"0","666"
"=HYPERLINK(""https://stackoverflow.com/q/39276122"", ""39276122"")",0.4158841940532082,"0","84"
"=HYPERLINK(""https://stackoverflow.com/q/39295581"", ""39295581"")",0.4777060931899641,"0","11858"
"=HYPERLINK(""https://stackoverflow.com/q/39331187"", ""39331187"")",0.6006416751097603,"2","1199"
"=HYPERLINK(""https://stackoverflow.com/q/39411560"", ""39411560"")",0.7034386801828664,"2","6358"
"=HYPERLINK(""https://stackoverflow.com/q/39864442"", ""39864442"")",0.4374120956399435,"1","98"
"=HYPERLINK(""https://stackoverflow.com/q/40020743"", ""40020743"")",0.5084817642069555,"0","680"
"=HYPERLINK(""https://stackoverflow.com/q/40256028"", ""40256028"")",0.678598061148397,"2","1638"
"=HYPERLINK(""https://stackoverflow.com/q/40256553"", ""40256553"")",0.4097222222222224,"1","383"
"=HYPERLINK(""https://stackoverflow.com/q/40315449"", ""40315449"")",0.4424057084607544,"0","4143"
"=HYPERLINK(""https://stackoverflow.com/q/40456088"", ""40456088"")",0.2947684526631896,"2","554"
"=HYPERLINK(""https://stackoverflow.com/q/40475519"", ""40475519"")",0.4346714779732372,"1","2871"
"=HYPERLINK(""https://stackoverflow.com/q/40506352"", ""40506352"")",0.4298346789696269,"0","174"
"=HYPERLINK(""https://stackoverflow.com/q/40507352"", ""40507352"")",0.2436507936507936,"3","6656"
"=HYPERLINK(""https://stackoverflow.com/q/40575987"", ""40575987"")",0.2257557911268158,"0","471"
"=HYPERLINK(""https://stackoverflow.com/q/40589602"", ""40589602"")",0.5698292751189473,"0","806"
"=HYPERLINK(""https://stackoverflow.com/q/40633281"", ""40633281"")",0.296921017402945,"0","31"
"=HYPERLINK(""https://stackoverflow.com/q/40711584"", ""40711584"")",0.331407664163297,"0","535"
"=HYPERLINK(""https://stackoverflow.com/q/40803335"", ""40803335"")",0.3961352657004827,"2","1939"
"=HYPERLINK(""https://stackoverflow.com/q/41047745"", ""41047745"")",0.7380116959064333,"1","5372"
"=HYPERLINK(""https://stackoverflow.com/q/41101230"", ""41101230"")",0.47068218115446,"2","349"
"=HYPERLINK(""https://stackoverflow.com/q/41126683"", ""41126683"")",0.5424192665571972,"0","466"
"=HYPERLINK(""https://stackoverflow.com/q/41331701"", ""41331701"")",0.3840791858357729,"0","211"
"=HYPERLINK(""https://stackoverflow.com/q/41453562"", ""41453562"")",0.3577856025039126,"0","87"
"=HYPERLINK(""https://stackoverflow.com/q/41454066"", ""41454066"")",0.7583478766724836,"2","4787"
"=HYPERLINK(""https://stackoverflow.com/q/41551131"", ""41551131"")",0.6148602590320377,"0","814"
"=HYPERLINK(""https://stackoverflow.com/q/41661339"", ""41661339"")",0.4864962842124345,"0","898"
"=HYPERLINK(""https://stackoverflow.com/q/41661914"", ""41661914"")",0.7953447518664906,"0","8911"
"=HYPERLINK(""https://stackoverflow.com/q/41808361"", ""41808361"")",0.6624554583738264,"1","948"
"=HYPERLINK(""https://stackoverflow.com/q/41845895"", ""41845895"")",0.8390896921017399,"8","28282"
"=HYPERLINK(""https://stackoverflow.com/q/41931038"", ""41931038"")",0.4310829817158929,"1","825"
"=HYPERLINK(""https://stackoverflow.com/q/41936391"", ""41936391"")",0.7202459376372415,"0","1894"
"=HYPERLINK(""https://stackoverflow.com/q/41967059"", ""41967059"")",0.7635265700483085,"0","480"
"=HYPERLINK(""https://stackoverflow.com/q/41978777"", ""41978777"")",0.377857284834029,"1","1205"
"=HYPERLINK(""https://stackoverflow.com/q/42076553"", ""42076553"")",0.7318376068376069,"1","2117"
"=HYPERLINK(""https://stackoverflow.com/q/42093033"", ""42093033"")",0.778825995807128,"1","509"
"=HYPERLINK(""https://stackoverflow.com/q/42117683"", ""42117683"")",0.7102461743180303,"0","292"
"=HYPERLINK(""https://stackoverflow.com/q/42151849"", ""42151849"")",0.4146420472951089,"0","1844"
"=HYPERLINK(""https://stackoverflow.com/q/42202145"", ""42202145"")",0.6204258150365932,"0","5443"
"=HYPERLINK(""https://stackoverflow.com/q/42302907"", ""42302907"")",0.2351088201603665,"0","69"
"=HYPERLINK(""https://stackoverflow.com/q/42338308"", ""42338308"")",0.5363815142576208,"2","958"
"=HYPERLINK(""https://stackoverflow.com/q/42536203"", ""42536203"")",0.677974434611603,"0","1739"
"=HYPERLINK(""https://stackoverflow.com/q/42541398"", ""42541398"")",0.3793870912514982,"0","664"
"=HYPERLINK(""https://stackoverflow.com/q/42587551"", ""42587551"")",0.4975386779184245,"0","457"
"=HYPERLINK(""https://stackoverflow.com/q/42716475"", ""42716475"")",0.4092451229855814,"0","305"
"=HYPERLINK(""https://stackoverflow.com/q/42865111"", ""42865111"")",0.6982369823698237,"0","731"
"=HYPERLINK(""https://stackoverflow.com/q/43188788"", ""43188788"")",0.6717271727172714,"1","560"
"=HYPERLINK(""https://stackoverflow.com/q/43206540"", ""43206540"")",0.3844173441734417,"2","1474"
"=HYPERLINK(""https://stackoverflow.com/q/43243936"", ""43243936"")",0.8140589569161004,"0","402"
"=HYPERLINK(""https://stackoverflow.com/q/43275270"", ""43275270"")",0.2580003975352813,"2","160"
"=HYPERLINK(""https://stackoverflow.com/q/43308413"", ""43308413"")",0.7494595763078252,"0","251"
"=HYPERLINK(""https://stackoverflow.com/q/43392010"", ""43392010"")",0.4554583738257207,"0","982"
"=HYPERLINK(""https://stackoverflow.com/q/43445197"", ""43445197"")",0.3325163398692809,"0","11514"
"=HYPERLINK(""https://stackoverflow.com/q/43500323"", ""43500323"")",0.4306479428430645,"1","1482"
"=HYPERLINK(""https://stackoverflow.com/q/43867167"", ""43867167"")",0.3180306054557549,"0","295"
"=HYPERLINK(""https://stackoverflow.com/q/44128363"", ""44128363"")",0.3105680868838762,"1","3004"
"=HYPERLINK(""https://stackoverflow.com/q/44132873"", ""44132873"")",0.2918365213755619,"0","1666"
"=HYPERLINK(""https://stackoverflow.com/q/44182708"", ""44182708"")",0.4949494949494948,"0","1617"
"=HYPERLINK(""https://stackoverflow.com/q/44183217"", ""44183217"")",0.3278923253150055,"0","860"
"=HYPERLINK(""https://stackoverflow.com/q/44439257"", ""44439257"")",0.6739728627004454,"0","3528"
"=HYPERLINK(""https://stackoverflow.com/q/44538752"", ""44538752"")",0.4162176032845777,"1","2957"
"=HYPERLINK(""https://stackoverflow.com/q/44588977"", ""44588977"")",0.3752155703375213,"0","228"
"=HYPERLINK(""https://stackoverflow.com/q/44667894"", ""44667894"")",0.5814239960581421,"0","4459"
"=HYPERLINK(""https://stackoverflow.com/q/44671611"", ""44671611"")",0.6332894158981112,"0","584"
"=HYPERLINK(""https://stackoverflow.com/q/44731785"", ""44731785"")",0.723343298455406,"1","1340"
"=HYPERLINK(""https://stackoverflow.com/q/44787825"", ""44787825"")",0.5051384354975216,"0","917"
"=HYPERLINK(""https://stackoverflow.com/q/44839015"", ""44839015"")",0.4272083718067097,"0","596"
"=HYPERLINK(""https://stackoverflow.com/q/45028765"", ""45028765"")",0.5109058249935847,"0","2309"
"=HYPERLINK(""https://stackoverflow.com/q/45051098"", ""45051098"")",0.9241452991452992,"2","6265"
"=HYPERLINK(""https://stackoverflow.com/q/45071761"", ""45071761"")",0.5604846991168622,"0","549"
"=HYPERLINK(""https://stackoverflow.com/q/45072263"", ""45072263"")",0.8087606837606838,"0","1031"
"=HYPERLINK(""https://stackoverflow.com/q/45312328"", ""45312328"")",0.5016339869281046,"1","4516"
"=HYPERLINK(""https://stackoverflow.com/q/45381648"", ""45381648"")",0.4029802397149339,"0","1184"
"=HYPERLINK(""https://stackoverflow.com/q/45416209"", ""45416209"")",0.734014675052411,"1","4479"
"=HYPERLINK(""https://stackoverflow.com/q/45435653"", ""45435653"")",0.5329365079365079,"0","1997"
"=HYPERLINK(""https://stackoverflow.com/q/45609627"", ""45609627"")",0.4360836083608359,"0","677"
"=HYPERLINK(""https://stackoverflow.com/q/45610773"", ""45610773"")",0.358820160366552,"1","72"
"=HYPERLINK(""https://stackoverflow.com/q/45633969"", ""45633969"")",0.4952849528495285,"0","254"
"=HYPERLINK(""https://stackoverflow.com/q/45712005"", ""45712005"")",0.5970121381886088,"0","2797"
"=HYPERLINK(""https://stackoverflow.com/q/45913948"", ""45913948"")",0.3545124071439863,"0","1248"
"=HYPERLINK(""https://stackoverflow.com/q/45925323"", ""45925323"")",0.5452310717797447,"2","5143"
"=HYPERLINK(""https://stackoverflow.com/q/46079952"", ""46079952"")",0.2681810177848214,"0","105"
"=HYPERLINK(""https://stackoverflow.com/q/46182367"", ""46182367"")",0.3668005354752339,"2","157"
"=HYPERLINK(""https://stackoverflow.com/q/46219525"", ""46219525"")",0.4990951863916032,"0","1493"
"=HYPERLINK(""https://stackoverflow.com/q/46681260"", ""46681260"")",0.4886582083813914,"0","3308"
"=HYPERLINK(""https://stackoverflow.com/q/46687540"", ""46687540"")",0.5827769217599726,"0","1004"
"=HYPERLINK(""https://stackoverflow.com/q/46688940"", ""46688940"")",0.400074571215511,"1","40"
"=HYPERLINK(""https://stackoverflow.com/q/46793373"", ""46793373"")",0.6757936507936508,"0","1396"
"=HYPERLINK(""https://stackoverflow.com/q/46807051"", ""46807051"")",0.4704616588419408,"0","3662"
"=HYPERLINK(""https://stackoverflow.com/q/47076781"", ""47076781"")",0.3832960477255782,"0","265"
"=HYPERLINK(""https://stackoverflow.com/q/47222187"", ""47222187"")",0.8695906432748544,"0","972"
"=HYPERLINK(""https://stackoverflow.com/q/47606421"", ""47606421"")",0.7011695906432753,"1","1471"
"=HYPERLINK(""https://stackoverflow.com/q/47650881"", ""47650881"")",0.4089310829817157,"0","55"
"=HYPERLINK(""https://stackoverflow.com/q/47652192"", ""47652192"")",0.922547955121245,"0","864"
"=HYPERLINK(""https://stackoverflow.com/q/47786063"", ""47786063"")",0.4785151284007119,"2","446"
"=HYPERLINK(""https://stackoverflow.com/q/48111987"", ""48111987"")",0.6562647754137115,"0","458"
"=HYPERLINK(""https://stackoverflow.com/q/48311969"", ""48311969"")",0.3841540404040403,"0","55"
"=HYPERLINK(""https://stackoverflow.com/q/48338473"", ""48338473"")",0.3863443596268026,"0","81"
"=HYPERLINK(""https://stackoverflow.com/q/48449629"", ""48449629"")",0.6281262812628128,"1","3627"
"=HYPERLINK(""https://stackoverflow.com/q/48459244"", ""48459244"")",0.2743864841534099,"1","1016"
"=HYPERLINK(""https://stackoverflow.com/q/48474907"", ""48474907"")",0.5487109285877251,"3","8186"
"=HYPERLINK(""https://stackoverflow.com/q/48525915"", ""48525915"")",0.2951705504896995,"1","535"
"=HYPERLINK(""https://stackoverflow.com/q/48540770"", ""48540770"")",0.4722222222222221,"0","1058"
"=HYPERLINK(""https://stackoverflow.com/q/48588681"", ""48588681"")",0.5174251742517426,"0","617"
"=HYPERLINK(""https://stackoverflow.com/q/48639453"", ""48639453"")",0.5585370701649773,"4","1360"
"=HYPERLINK(""https://stackoverflow.com/q/48698350"", ""48698350"")",0.4011213047910293,"0","718"
"=HYPERLINK(""https://stackoverflow.com/q/48724863"", ""48724863"")",0.3657004830917871,"0","426"
"=HYPERLINK(""https://stackoverflow.com/q/48782871"", ""48782871"")",0.4893231994209192,"0","2649"
"=HYPERLINK(""https://stackoverflow.com/q/48821129"", ""48821129"")",0.4987199180747564,"1","932"
"=HYPERLINK(""https://stackoverflow.com/q/48953386"", ""48953386"")",0.5363815142576208,"0","4962"
"=HYPERLINK(""https://stackoverflow.com/q/49031250"", ""49031250"")",0.2893363161819539,"0","826"
"=HYPERLINK(""https://stackoverflow.com/q/49305860"", ""49305860"")",0.3536215396283654,"1","2530"
"=HYPERLINK(""https://stackoverflow.com/q/49446144"", ""49446144"")",0.4829552065154155,"1","180"
"=HYPERLINK(""https://stackoverflow.com/q/49447618"", ""49447618"")",0.4217057599885232,"1","3277"
"=HYPERLINK(""https://stackoverflow.com/q/49449300"", ""49449300"")",0.5053179452364788,"1","2095"
"=HYPERLINK(""https://stackoverflow.com/q/49450968"", ""49450968"")",0.4537658463832963,"1","3098"
"=HYPERLINK(""https://stackoverflow.com/q/49487711"", ""49487711"")",0.451441365799048,"0","206"
"=HYPERLINK(""https://stackoverflow.com/q/49510375"", ""49510375"")",0.5242356450410143,"0","269"
"=HYPERLINK(""https://stackoverflow.com/q/49617660"", ""49617660"")",0.4425074837119213,"0","610"
"=HYPERLINK(""https://stackoverflow.com/q/49667977"", ""49667977"")",0.4942625244892243,"0","158"
"=HYPERLINK(""https://stackoverflow.com/q/49787302"", ""49787302"")",0.4340556772989208,"3","1028"
"=HYPERLINK(""https://stackoverflow.com/q/49877560"", ""49877560"")",0.354148343594254,"0","420"
"=HYPERLINK(""https://stackoverflow.com/q/49883515"", ""49883515"")",0.5305226174791389,"1","2868"
"=HYPERLINK(""https://stackoverflow.com/q/49941553"", ""49941553"")",0.5654654654654651,"1","1889"
"=HYPERLINK(""https://stackoverflow.com/q/49991964"", ""49991964"")",0.9109014675052414,"2","1163"
"=HYPERLINK(""https://stackoverflow.com/q/50026888"", ""50026888"")",0.7589869281045751,"0","3253"
"=HYPERLINK(""https://stackoverflow.com/q/50070055"", ""50070055"")",0.8646272855133608,"0","596"
"=HYPERLINK(""https://stackoverflow.com/q/50123697"", ""50123697"")",0.244432966023875,"0","1071"
"=HYPERLINK(""https://stackoverflow.com/q/50125531"", ""50125531"")",0.4349494949494948,"1","736"
"=HYPERLINK(""https://stackoverflow.com/q/50156666"", ""50156666"")",0.3711273317112735,"0","1291"
"=HYPERLINK(""https://stackoverflow.com/q/50159470"", ""50159470"")",0.6452991452991456,"0","1886"
"=HYPERLINK(""https://stackoverflow.com/q/50163230"", ""50163230"")",0.4787819889860709,"0","880"
"=HYPERLINK(""https://stackoverflow.com/q/50163941"", ""50163941"")",0.4636015325670499,"0","447"
"=HYPERLINK(""https://stackoverflow.com/q/50176813"", ""50176813"")",0.5446403582423729,"1","1951"
"=HYPERLINK(""https://stackoverflow.com/q/50232297"", ""50232297"")",0.912259122591226,"1","886"
"=HYPERLINK(""https://stackoverflow.com/q/50260828"", ""50260828"")",0.4086202071088718,"1","7699"
"=HYPERLINK(""https://stackoverflow.com/q/50276195"", ""50276195"")",0.5553298728654177,"1","1558"
"=HYPERLINK(""https://stackoverflow.com/q/50295957"", ""50295957"")",0.5047651081959862,"2","5730"
"=HYPERLINK(""https://stackoverflow.com/q/50375287"", ""50375287"")",0.4025500910746816,"0","649"
"=HYPERLINK(""https://stackoverflow.com/q/50504469"", ""50504469"")",0.8427755819060162,"3","8202"
"=HYPERLINK(""https://stackoverflow.com/q/50534486"", ""50534486"")",0.463944076526858,"2","1615"
"=HYPERLINK(""https://stackoverflow.com/q/50566483"", ""50566483"")",0.8508867173362287,"0","199"
"=HYPERLINK(""https://stackoverflow.com/q/50579218"", ""50579218"")",0.3911642017444063,"0","1117"
"=HYPERLINK(""https://stackoverflow.com/q/50585001"", ""50585001"")",0.622598162071846,"1","547"
"=HYPERLINK(""https://stackoverflow.com/q/50588448"", ""50588448"")",0.5601723607263773,"0","23"
"=HYPERLINK(""https://stackoverflow.com/q/50687670"", ""50687670"")",0.3931082981715892,"1","88"
"=HYPERLINK(""https://stackoverflow.com/q/50693344"", ""50693344"")",0.5441219583699798,"0","2845"
"=HYPERLINK(""https://stackoverflow.com/q/50704484"", ""50704484"")",0.7606837606837606,"1","1699"
"=HYPERLINK(""https://stackoverflow.com/q/50767289"", ""50767289"")",0.3675347222222225,"1","108"
"=HYPERLINK(""https://stackoverflow.com/q/50842149"", ""50842149"")",0.3218532185321853,"2","461"
"=HYPERLINK(""https://stackoverflow.com/q/50862073"", ""50862073"")",0.9283290924512306,"0","511"
"=HYPERLINK(""https://stackoverflow.com/q/50917843"", ""50917843"")",0.3240186294078508,"1","921"
"=HYPERLINK(""https://stackoverflow.com/q/50924121"", ""50924121"")",0.3708708708708707,"0","782"
"=HYPERLINK(""https://stackoverflow.com/q/50946390"", ""50946390"")",0.433948606587043,"0","213"
"=HYPERLINK(""https://stackoverflow.com/q/51066059"", ""51066059"")",0.2825811129236904,"0","1983"
"=HYPERLINK(""https://stackoverflow.com/q/51115573"", ""51115573"")",0.9627285513361458,"0","1237"
"=HYPERLINK(""https://stackoverflow.com/q/51356007"", ""51356007"")",0.4807974201114044,"0","387"
"=HYPERLINK(""https://stackoverflow.com/q/51405232"", ""51405232"")",0.7099069512862611,"0","2377"
"=HYPERLINK(""https://stackoverflow.com/q/51444605"", ""51444605"")",0.3613199665831242,"1","437"
"=HYPERLINK(""https://stackoverflow.com/q/51490715"", ""51490715"")",0.9230532471529704,"0","376"
"=HYPERLINK(""https://stackoverflow.com/q/51528779"", ""51528779"")",0.8874396135265691,"1","161"
"=HYPERLINK(""https://stackoverflow.com/q/51562906"", ""51562906"")",0.8189073050951504,"0","3740"
"=HYPERLINK(""https://stackoverflow.com/q/51564862"", ""51564862"")",0.9571619812583664,"0","1422"
"=HYPERLINK(""https://stackoverflow.com/q/51601589"", ""51601589"")",0.7570323488045002,"0","2265"
"=HYPERLINK(""https://stackoverflow.com/q/51618623"", ""51618623"")",0.5816914622704729,"0","470"
"=HYPERLINK(""https://stackoverflow.com/q/51660487"", ""51660487"")",0.6009751090582498,"1","354"
"=HYPERLINK(""https://stackoverflow.com/q/51673132"", ""51673132"")",0.6310620012277471,"1","101"
"=HYPERLINK(""https://stackoverflow.com/q/51767450"", ""51767450"")",0.495621237000547,"2","5154"
"=HYPERLINK(""https://stackoverflow.com/q/51873939"", ""51873939"")",0.4959064327485384,"1","1029"
"=HYPERLINK(""https://stackoverflow.com/q/51900504"", ""51900504"")",0.6490996925779529,"1","524"
"=HYPERLINK(""https://stackoverflow.com/q/52005397"", ""52005397"")",0.6589310829817155,"1","556"
"=HYPERLINK(""https://stackoverflow.com/q/52175615"", ""52175615"")",0.5257936507936509,"0","66"
"=HYPERLINK(""https://stackoverflow.com/q/52448048"", ""52448048"")",0.3003472222222222,"0","1050"
"=HYPERLINK(""https://stackoverflow.com/q/52513516"", ""52513516"")",0.4628237259816206,"1","940"
"=HYPERLINK(""https://stackoverflow.com/q/52539757"", ""52539757"")",0.657936507936508,"0","351"
"=HYPERLINK(""https://stackoverflow.com/q/52560168"", ""52560168"")",0.3498817966903074,"1","538"
"=HYPERLINK(""https://stackoverflow.com/q/52613246"", ""52613246"")",0.5892172961138474,"1","9779"
"=HYPERLINK(""https://stackoverflow.com/q/52631188"", ""52631188"")",0.4372998275437297,"1","920"
"=HYPERLINK(""https://stackoverflow.com/q/52663595"", ""52663595"")",0.506807202459376,"1","3845"
"=HYPERLINK(""https://stackoverflow.com/q/52747831"", ""52747831"")",0.714139081344624,"1","1297"
"=HYPERLINK(""https://stackoverflow.com/q/52775050"", ""52775050"")",0.5186211141889812,"0","358"
"=HYPERLINK(""https://stackoverflow.com/q/52784832"", ""52784832"")",0.2588481933653965,"1","689"
"=HYPERLINK(""https://stackoverflow.com/q/52953436"", ""52953436"")",0.3076725686425455,"0","69"
"=HYPERLINK(""https://stackoverflow.com/q/53026917"", ""53026917"")",0.6571712018140585,"2","882"
"=HYPERLINK(""https://stackoverflow.com/q/53053317"", ""53053317"")",0.4455173338697779,"3","2438"
"=HYPERLINK(""https://stackoverflow.com/q/53154744"", ""53154744"")",0.3441058787319176,"1","952"
"=HYPERLINK(""https://stackoverflow.com/q/53225859"", ""53225859"")",0.3530169242089773,"0","765"
"=HYPERLINK(""https://stackoverflow.com/q/53269800"", ""53269800"")",0.6345509893455098,"2","2534"
"=HYPERLINK(""https://stackoverflow.com/q/53275880"", ""53275880"")",0.2516849605237821,"0","250"
"=HYPERLINK(""https://stackoverflow.com/q/53323611"", ""53323611"")",0.3495322838238649,"1","8325"
"=HYPERLINK(""https://stackoverflow.com/q/53345834"", ""53345834"")",0.534302759134974,"0","3030"
"=HYPERLINK(""https://stackoverflow.com/q/53476982"", ""53476982"")",0.4421175101803371,"1","970"
"=HYPERLINK(""https://stackoverflow.com/q/53510930"", ""53510930"")",0.801909722222223,"0","120"
"=HYPERLINK(""https://stackoverflow.com/q/53545955"", ""53545955"")",0.2700233694497557,"1","207"
"=HYPERLINK(""https://stackoverflow.com/q/53728480"", ""53728480"")",0.4061844863731657,"0","131"
"=HYPERLINK(""https://stackoverflow.com/q/53967075"", ""53967075"")",0.7357357357357354,"1","1622"
"=HYPERLINK(""https://stackoverflow.com/q/54182348"", ""54182348"")",0.3734011403914318,"0","133"
"=HYPERLINK(""https://stackoverflow.com/q/54189755"", ""54189755"")",0.451328850464297,"1","121"
"=HYPERLINK(""https://stackoverflow.com/q/54310345"", ""54310345"")",0.6022960229602298,"0","87"
"=HYPERLINK(""https://stackoverflow.com/q/54446736"", ""54446736"")",0.5095525389643036,"0","30"
"=HYPERLINK(""https://stackoverflow.com/q/54520527"", ""54520527"")",0.6055827442450608,"0","1383"
"=HYPERLINK(""https://stackoverflow.com/q/54541888"", ""54541888"")",0.90491452991453,"0","3399"
"=HYPERLINK(""https://stackoverflow.com/q/54547345"", ""54547345"")",0.5195983155166831,"0","807"
"=HYPERLINK(""https://stackoverflow.com/q/54553529"", ""54553529"")",0.5226844718370144,"1","501"
"=HYPERLINK(""https://stackoverflow.com/q/54575858"", ""54575858"")",0.5731837606837608,"0","706"
"=HYPERLINK(""https://stackoverflow.com/q/54971813"", ""54971813"")",0.4416792357968828,"0","529"
"=HYPERLINK(""https://stackoverflow.com/q/55165199"", ""55165199"")",0.4065540194572449,"0","1482"
"=HYPERLINK(""https://stackoverflow.com/q/55224164"", ""55224164"")",0.6895489548954894,"0","178"
"=HYPERLINK(""https://stackoverflow.com/q/55238632"", ""55238632"")",0.3640907343329487,"4","1513"
"=HYPERLINK(""https://stackoverflow.com/q/55297230"", ""55297230"")",0.4702639976791415,"0","370"
"=HYPERLINK(""https://stackoverflow.com/q/55298702"", ""55298702"")",0.5169590643274855,"0","472"
"=HYPERLINK(""https://stackoverflow.com/q/55363828"", ""55363828"")",0.8549058803931374,"4","6287"
"=HYPERLINK(""https://stackoverflow.com/q/55375197"", ""55375197"")",0.406606041601338,"0","747"
"=HYPERLINK(""https://stackoverflow.com/q/55392223"", ""55392223"")",0.3801169590643273,"0","24"
"=HYPERLINK(""https://stackoverflow.com/q/55394591"", ""55394591"")",0.934247538677918,"0","816"
"=HYPERLINK(""https://stackoverflow.com/q/55576530"", ""55576530"")",0.5892172961138473,"1","1193"
"=HYPERLINK(""https://stackoverflow.com/q/55582634"", ""55582634"")",0.7011695906432753,"1","281"
"=HYPERLINK(""https://stackoverflow.com/q/55613090"", ""55613090"")",0.6754710336326821,"7","5335"
"=HYPERLINK(""https://stackoverflow.com/q/55618001"", ""55618001"")",0.8770894788593906,"0","176"
"=HYPERLINK(""https://stackoverflow.com/q/55632404"", ""55632404"")",0.2732766062399803,"2","1083"
"=HYPERLINK(""https://stackoverflow.com/q/55742159"", ""55742159"")",0.3187240316311484,"0","769"
"=HYPERLINK(""https://stackoverflow.com/q/55742703"", ""55742703"")",0.3809220310176335,"0","201"
"=HYPERLINK(""https://stackoverflow.com/q/55753193"", ""55753193"")",0.5768733850129196,"1","330"
"=HYPERLINK(""https://stackoverflow.com/q/55761715"", ""55761715"")",0.5473755964553507,"0","535"
"=HYPERLINK(""https://stackoverflow.com/q/55769462"", ""55769462"")",0.2765700483091786,"0","394"
"=HYPERLINK(""https://stackoverflow.com/q/55798310"", ""55798310"")",0.6832611832611829,"0","125"
"=HYPERLINK(""https://stackoverflow.com/q/55952993"", ""55952993"")",0.3481573843169848,"2","412"
"=HYPERLINK(""https://stackoverflow.com/q/56233470"", ""56233470"")",0.370793650793651,"0","83"
"=HYPERLINK(""https://stackoverflow.com/q/56257013"", ""56257013"")",0.7089692101740291,"1","896"
"=HYPERLINK(""https://stackoverflow.com/q/56305325"", ""56305325"")",0.6132256824298342,"1","85"
"=HYPERLINK(""https://stackoverflow.com/q/56331445"", ""56331445"")",0.4650793650793651,"1","640"
"=HYPERLINK(""https://stackoverflow.com/q/56400654"", ""56400654"")",0.741729409080538,"0","187"
"=HYPERLINK(""https://stackoverflow.com/q/56439852"", ""56439852"")",0.5491452991452992,"1","837"
"=HYPERLINK(""https://stackoverflow.com/q/56710728"", ""56710728"")",0.3672603901611537,"1","52"
"=HYPERLINK(""https://stackoverflow.com/q/56728810"", ""56728810"")",0.4610281923714761,"0","34"
"=HYPERLINK(""https://stackoverflow.com/q/56738176"", ""56738176"")",0.3110015070557609,"0","187"
"=HYPERLINK(""https://stackoverflow.com/q/56789460"", ""56789460"")",0.4947786131996655,"0","1820"
"=HYPERLINK(""https://stackoverflow.com/q/56809659"", ""56809659"")",0.5217505241090149,"1","235"
"=HYPERLINK(""https://stackoverflow.com/q/57054494"", ""57054494"")",0.4548506210137628,"1","523"
"=HYPERLINK(""https://stackoverflow.com/q/57199523"", ""57199523"")",0.4054283290924515,"0","362"
"=HYPERLINK(""https://stackoverflow.com/q/57294012"", ""57294012"")",0.3895373973194983,"0","285"
"=HYPERLINK(""https://stackoverflow.com/q/57308564"", ""57308564"")",0.4906785980611484,"2","675"
"=HYPERLINK(""https://stackoverflow.com/q/57313138"", ""57313138"")",0.7871572871572868,"0","191"
"=HYPERLINK(""https://stackoverflow.com/q/57325373"", ""57325373"")",0.4776068376068378,"2","100"
"=HYPERLINK(""https://stackoverflow.com/q/57373390"", ""57373390"")",0.4267676767676766,"0","49"
"=HYPERLINK(""https://stackoverflow.com/q/57389399"", ""57389399"")",0.9022222222222216,"0","81"
"=HYPERLINK(""https://stackoverflow.com/q/57398890"", ""57398890"")",0.4290452499407725,"0","340"
"=HYPERLINK(""https://stackoverflow.com/q/57554122"", ""57554122"")",0.682344921608725,"0","51"
"=HYPERLINK(""https://stackoverflow.com/q/57633191"", ""57633191"")",0.3660943358989542,"0","655"
"=HYPERLINK(""https://stackoverflow.com/q/57662546"", ""57662546"")",0.5376584638329609,"0","29"
"=HYPERLINK(""https://stackoverflow.com/q/57684049"", ""57684049"")",0.8684937327384754,"0","73"
"=HYPERLINK(""https://stackoverflow.com/q/57783199"", ""57783199"")",0.5297536029753599,"0","1105"
"=HYPERLINK(""https://stackoverflow.com/q/57800709"", ""57800709"")",0.4009605399792316,"0","497"
"=HYPERLINK(""https://stackoverflow.com/q/57852545"", ""57852545"")",0.3813917723952325,"0","40"
"=HYPERLINK(""https://stackoverflow.com/q/57857673"", ""57857673"")",0.5091171454807815,"1","151"
"=HYPERLINK(""https://stackoverflow.com/q/57867744"", ""57867744"")",0.4010635320458995,"1","239"
"=HYPERLINK(""https://stackoverflow.com/q/57871179"", ""57871179"")",0.4915291529152913,"2","64"
"=HYPERLINK(""https://stackoverflow.com/q/57889497"", ""57889497"")",0.6141672123990392,"1","609"
"=HYPERLINK(""https://stackoverflow.com/q/57903812"", ""57903812"")",0.5596455351056574,"0","36"
"=HYPERLINK(""https://stackoverflow.com/q/57911501"", ""57911501"")",0.4152601969057663,"0","241"
"=HYPERLINK(""https://stackoverflow.com/q/58033310"", ""58033310"")",0.5274245343609507,"2","274"
"=HYPERLINK(""https://stackoverflow.com/q/58065558"", ""58065558"")",0.283536090835361,"2","400"
"=HYPERLINK(""https://stackoverflow.com/q/58116046"", ""58116046"")",0.5615079365079365,"1","894"
"=HYPERLINK(""https://stackoverflow.com/q/58161369"", ""58161369"")",0.3885907374279467,"0","845"
"=HYPERLINK(""https://stackoverflow.com/q/58192563"", ""58192563"")",0.4238460381897461,"0","3986"
"=HYPERLINK(""https://stackoverflow.com/q/58400968"", ""58400968"")",0.5391452991452995,"2","5140"
"=HYPERLINK(""https://stackoverflow.com/q/58414016"", ""58414016"")",0.2164805954279638,"1","352"
"=HYPERLINK(""https://stackoverflow.com/q/58425970"", ""58425970"")",0.6101315421214661,"0","963"
"=HYPERLINK(""https://stackoverflow.com/q/58437922"", ""58437922"")",0.5276276276276273,"0","662"
"=HYPERLINK(""https://stackoverflow.com/q/58561110"", ""58561110"")",0.3186507936507938,"1","39"
"=HYPERLINK(""https://stackoverflow.com/q/58626328"", ""58626328"")",0.5010683760683763,"1","45"
"=HYPERLINK(""https://stackoverflow.com/q/58627160"", ""58627160"")",0.4713571703191079,"0","30"
"=HYPERLINK(""https://stackoverflow.com/q/58639196"", ""58639196"")",0.4676209952283569,"0","870"
"=HYPERLINK(""https://stackoverflow.com/q/58641691"", ""58641691"")",0.4179669030732861,"1","41"
"=HYPERLINK(""https://stackoverflow.com/q/58652523"", ""58652523"")",0.5993848519800073,"1","370"
"=HYPERLINK(""https://stackoverflow.com/q/58708756"", ""58708756"")",0.8593413357956295,"1","3986"
"=HYPERLINK(""https://stackoverflow.com/q/58747281"", ""58747281"")",0.50471788946659,"0","338"
"=HYPERLINK(""https://stackoverflow.com/q/58771494"", ""58771494"")",0.435518621114189,"0","84"
"=HYPERLINK(""https://stackoverflow.com/q/58788331"", ""58788331"")",0.2887832364852967,"0","256"
"=HYPERLINK(""https://stackoverflow.com/q/58799360"", ""58799360"")",0.7261592300962387,"1","246"
"=HYPERLINK(""https://stackoverflow.com/q/58823794"", ""58823794"")",0.4538011695906434,"1","534"
"=HYPERLINK(""https://stackoverflow.com/q/58835837"", ""58835837"")",0.669896640826873,"2","2391"
"=HYPERLINK(""https://stackoverflow.com/q/58898457"", ""58898457"")",0.8994374120956394,"1","254"
"=HYPERLINK(""https://stackoverflow.com/q/58927804"", ""58927804"")",0.4702961821605889,"2","76"
"=HYPERLINK(""https://stackoverflow.com/q/58933831"", ""58933831"")",0.5643908969210173,"0","438"
"=HYPERLINK(""https://stackoverflow.com/q/58952468"", ""58952468"")",0.2177876324217786,"3","182"
"=HYPERLINK(""https://stackoverflow.com/q/58982451"", ""58982451"")",0.451286261631089,"0","330"
"=HYPERLINK(""https://stackoverflow.com/q/58995718"", ""58995718"")",0.4597222222222226,"1","887"
"=HYPERLINK(""https://stackoverflow.com/q/59113653"", ""59113653"")",0.5583924349881797,"0","220"
"=HYPERLINK(""https://stackoverflow.com/q/59215828"", ""59215828"")",0.7417027417027413,"1","107"
"=HYPERLINK(""https://stackoverflow.com/q/59235176"", ""59235176"")",0.4673441734417343,"0","65"
"=HYPERLINK(""https://stackoverflow.com/q/59258956"", ""59258956"")",0.6204258150365932,"1","247"
"=HYPERLINK(""https://stackoverflow.com/q/59273466"", ""59273466"")",0.6798835125448034,"1","999"
"=HYPERLINK(""https://stackoverflow.com/q/59307506"", ""59307506"")",0.4704149933065593,"0","138"
"=HYPERLINK(""https://stackoverflow.com/q/59414728"", ""59414728"")",0.7270299145299144,"0","2342"
"=HYPERLINK(""https://stackoverflow.com/q/59451237"", ""59451237"")",0.6026570048309172,"0","1021"
"=HYPERLINK(""https://stackoverflow.com/q/59492633"", ""59492633"")",0.3778379191099084,"0","444"
"=HYPERLINK(""https://stackoverflow.com/q/59516942"", ""59516942"")",0.4255076431667804,"1","192"
"=HYPERLINK(""https://stackoverflow.com/q/59615911"", ""59615911"")",0.4243358285630411,"0","438"
"=HYPERLINK(""https://stackoverflow.com/q/59648807"", ""59648807"")",0.4916833000665334,"0","64"
"=HYPERLINK(""https://stackoverflow.com/q/59693984"", ""59693984"")",0.3377882599580714,"0","437"
"=HYPERLINK(""https://stackoverflow.com/q/59716470"", ""59716470"")",0.5703375215570334,"0","395"
"=HYPERLINK(""https://stackoverflow.com/q/59774689"", ""59774689"")",0.5487528344671206,"1","685"
"=HYPERLINK(""https://stackoverflow.com/q/59821957"", ""59821957"")",0.509107468123862,"0","120"
"=HYPERLINK(""https://stackoverflow.com/q/59839080"", ""59839080"")",0.53033033033033,"0","354"
"=HYPERLINK(""https://stackoverflow.com/q/59845251"", ""59845251"")",0.4306654939900324,"0","41"
"=HYPERLINK(""https://stackoverflow.com/q/59920469"", ""59920469"")",0.5977878330819506,"2","5284"
"=HYPERLINK(""https://stackoverflow.com/q/59931053"", ""59931053"")",0.4908530714423265,"0","432"
"=HYPERLINK(""https://stackoverflow.com/q/59970405"", ""59970405"")",0.5962680237489402,"1","447"
"=HYPERLINK(""https://stackoverflow.com/q/59992536"", ""59992536"")",0.3155058043117744,"0","78"
"=HYPERLINK(""https://stackoverflow.com/q/60018621"", ""60018621"")",0.6248770894788597,"1","81"
"=HYPERLINK(""https://stackoverflow.com/q/60042397"", ""60042397"")",0.5056729264475747,"0","499"
"=HYPERLINK(""https://stackoverflow.com/q/60045828"", ""60045828"")",0.3204789575629512,"1","239"
"=HYPERLINK(""https://stackoverflow.com/q/60061030"", ""60061030"")",0.9168787107718412,"1","421"
"=HYPERLINK(""https://stackoverflow.com/q/60071690"", ""60071690"")",0.6279599271402554,"0","844"
"=HYPERLINK(""https://stackoverflow.com/q/60095090"", ""60095090"")",0.4576792859341336,"0","92"
"=HYPERLINK(""https://stackoverflow.com/q/60154203"", ""60154203"")",0.6611535199321464,"1","85"
"=HYPERLINK(""https://stackoverflow.com/q/60202536"", ""60202536"")",0.8115079365079366,"0","35"
"=HYPERLINK(""https://stackoverflow.com/q/60211148"", ""60211148"")",0.7081377151799693,"0","856"
"=HYPERLINK(""https://stackoverflow.com/q/60302476"", ""60302476"")",0.3438438438438437,"0","240"
"=HYPERLINK(""https://stackoverflow.com/q/60357750"", ""60357750"")",0.3894757433489829,"0","220"
"=HYPERLINK(""https://stackoverflow.com/q/60377763"", ""60377763"")",0.4956447843637139,"0","196"
"=HYPERLINK(""https://stackoverflow.com/q/60409909"", ""60409909"")",0.8277585544021526,"0","58"
"=HYPERLINK(""https://stackoverflow.com/q/60431463"", ""60431463"")",0.5101969057665257,"0","420"
"=HYPERLINK(""https://stackoverflow.com/q/60442550"", ""60442550"")",0.4079365079365079,"1","207"
"=HYPERLINK(""https://stackoverflow.com/q/60444620"", ""60444620"")",0.3787107718405431,"0","93"
"=HYPERLINK(""https://stackoverflow.com/q/60491436"", ""60491436"")",0.6249067859806117,"1","219"
"=HYPERLINK(""https://stackoverflow.com/q/60552195"", ""60552195"")",0.6591452991452998,"0","84"
"=HYPERLINK(""https://stackoverflow.com/q/60566710"", ""60566710"")",0.3867323885808176,"1","946"
"=HYPERLINK(""https://stackoverflow.com/q/60618177"", ""60618177"")",0.589478859390364,"1","244"
"=HYPERLINK(""https://stackoverflow.com/q/60624948"", ""60624948"")",0.4509217737917289,"1","1989"
"=HYPERLINK(""https://stackoverflow.com/q/60644880"", ""60644880"")",0.3327749860413175,"0","227"
"=HYPERLINK(""https://stackoverflow.com/q/60676786"", ""60676786"")",0.2718935151367584,"3","359"
"=HYPERLINK(""https://stackoverflow.com/q/60745385"", ""60745385"")",0.5639804639804639,"1","336"
"=HYPERLINK(""https://stackoverflow.com/q/60756787"", ""60756787"")",0.5418098510882015,"1","3728"
"=HYPERLINK(""https://stackoverflow.com/q/60819885"", ""60819885"")",0.4389761489237927,"0","935"
"=HYPERLINK(""https://stackoverflow.com/q/60863418"", ""60863418"")",0.6164071602584473,"0","303"
"=HYPERLINK(""https://stackoverflow.com/q/60933323"", ""60933323"")",0.670259173723377,"0","26"
"=HYPERLINK(""https://stackoverflow.com/q/60972390"", ""60972390"")",0.5549592526336714,"0","276"
"=HYPERLINK(""https://stackoverflow.com/q/61062219"", ""61062219"")",0.7265700483091782,"0","613"
"=HYPERLINK(""https://stackoverflow.com/q/61101402"", ""61101402"")",0.2942443828870423,"0","75"
"=HYPERLINK(""https://stackoverflow.com/q/61103228"", ""61103228"")",0.3583168967784355,"1","453"
"=HYPERLINK(""https://stackoverflow.com/q/61160552"", ""61160552"")",0.4532348804500702,"0","410"
"=HYPERLINK(""https://stackoverflow.com/q/61164662"", ""61164662"")",0.5673686012669064,"0","2098"
"=HYPERLINK(""https://stackoverflow.com/q/61204978"", ""61204978"")",0.3161448741559239,"1","32"
"=HYPERLINK(""https://stackoverflow.com/q/61250696"", ""61250696"")",0.4067240672406725,"0","341"
"=HYPERLINK(""https://stackoverflow.com/q/61260615"", ""61260615"")",0.402601969057665,"0","52"
"=HYPERLINK(""https://stackoverflow.com/q/61324472"", ""61324472"")",0.5268376068376072,"0","295"
"=HYPERLINK(""https://stackoverflow.com/q/61325937"", ""61325937"")",0.5140774258421317,"1","285"
"=HYPERLINK(""https://stackoverflow.com/q/61335005"", ""61335005"")",0.5848176420695508,"1","45"
"=HYPERLINK(""https://stackoverflow.com/q/61382099"", ""61382099"")",0.595616717635066,"0","823"
"=HYPERLINK(""https://stackoverflow.com/q/61385169"", ""61385169"")",0.2951223807008276,"1","372"
"=HYPERLINK(""https://stackoverflow.com/q/61421040"", ""61421040"")",0.4816816816816814,"0","1324"
"=HYPERLINK(""https://stackoverflow.com/q/61496050"", ""61496050"")",0.5875358753587535,"0","184"
"=HYPERLINK(""https://stackoverflow.com/q/61520703"", ""61520703"")",0.4544121958369981,"0","60"
"=HYPERLINK(""https://stackoverflow.com/q/61645393"", ""61645393"")",0.649188514357054,"0","640"
"=HYPERLINK(""https://stackoverflow.com/q/61680153"", ""61680153"")",0.7084100675260897,"0","64"
"=HYPERLINK(""https://stackoverflow.com/q/61723001"", ""61723001"")",0.4745339791574929,"0","965"
"=HYPERLINK(""https://stackoverflow.com/q/61741878"", ""61741878"")",0.5216676935715755,"0","675"
"=HYPERLINK(""https://stackoverflow.com/q/61789127"", ""61789127"")",0.9268376068376076,"0","594"
"=HYPERLINK(""https://stackoverflow.com/q/61804259"", ""61804259"")",0.6969413233458184,"0","448"
"=HYPERLINK(""https://stackoverflow.com/q/61811153"", ""61811153"")",0.5412406271301973,"0","72"
"=HYPERLINK(""https://stackoverflow.com/q/61819728"", ""61819728"")",0.3760683760683762,"0","50"
"=HYPERLINK(""https://stackoverflow.com/q/61837759"", ""61837759"")",0.4785732614831921,"0","85"
"=HYPERLINK(""https://stackoverflow.com/q/61842246"", ""61842246"")",0.623630672926448,"0","28"
"=HYPERLINK(""https://stackoverflow.com/q/61869779"", ""61869779"")",0.4700356333009396,"0","102"
"=HYPERLINK(""https://stackoverflow.com/q/61905341"", ""61905341"")",0.6900793650793652,"0","35"
"=HYPERLINK(""https://stackoverflow.com/q/61951637"", ""61951637"")",0.2883986928104574,"0","26"
"=HYPERLINK(""https://stackoverflow.com/q/61988643"", ""61988643"")",0.255022895056537,"0","734"
"=HYPERLINK(""https://stackoverflow.com/q/62000358"", ""62000358"")",0.4414373778379192,"0","111"
"=HYPERLINK(""https://stackoverflow.com/q/62038996"", ""62038996"")",0.472222222222222,"0","19"
"=HYPERLINK(""https://stackoverflow.com/q/62068489"", ""62068489"")",0.4991452991452991,"0","318"
"=HYPERLINK(""https://stackoverflow.com/q/62099354"", ""62099354"")",0.5983690112130482,"1","24"
"=HYPERLINK(""https://stackoverflow.com/q/62126390"", ""62126390"")",0.5412222222222219,"0","1497"
"=HYPERLINK(""https://stackoverflow.com/q/62180699"", ""62180699"")",0.3361652507079795,"0","45"
"=HYPERLINK(""https://stackoverflow.com/q/62202616"", ""62202616"")",0.2235125448028674,"0","69"
"=HYPERLINK(""https://stackoverflow.com/q/62203299"", ""62203299"")",0.6415770609318998,"0","1284"
"=HYPERLINK(""https://stackoverflow.com/q/62217674"", ""62217674"")",0.4684228301249579,"0","323"
"=HYPERLINK(""https://stackoverflow.com/q/62266074"", ""62266074"")",0.4607110061655514,"0","2733"
"=HYPERLINK(""https://stackoverflow.com/q/62305068"", ""62305068"")",0.705581968656454,"0","814"
"=HYPERLINK(""https://stackoverflow.com/q/62308535"", ""62308535"")",0.320683760683761,"0","76"
"=HYPERLINK(""https://stackoverflow.com/q/62383793"", ""62383793"")",0.416252072968491,"1","53"
"=HYPERLINK(""https://stackoverflow.com/q/62447775"", ""62447775"")",0.708359005956049,"0","474"
"=HYPERLINK(""https://stackoverflow.com/q/62447937"", ""62447937"")",0.7665260196905764,"1","299"
"=HYPERLINK(""https://stackoverflow.com/q/62450938"", ""62450938"")",0.4987199180747563,"0","454"
"=HYPERLINK(""https://stackoverflow.com/q/62525139"", ""62525139"")",0.4149933065595713,"1","118"
"=HYPERLINK(""https://stackoverflow.com/q/62527490"", ""62527490"")",0.3613731656184486,"0","475"
"=HYPERLINK(""https://stackoverflow.com/q/62532010"", ""62532010"")",0.4902634593356241,"1","93"
"=HYPERLINK(""https://stackoverflow.com/q/62547227"", ""62547227"")",0.8039396737457679,"0","212"
"=HYPERLINK(""https://stackoverflow.com/q/62549275"", ""62549275"")",0.4382834076906737,"0","134"
"=HYPERLINK(""https://stackoverflow.com/q/62551835"", ""62551835"")",0.2989812840559109,"0","94"
"=HYPERLINK(""https://stackoverflow.com/q/62596502"", ""62596502"")",0.6391603329714078,"0","37"
"=HYPERLINK(""https://stackoverflow.com/q/62604393"", ""62604393"")",0.4653511862814186,"0","44"
"=HYPERLINK(""https://stackoverflow.com/q/62623898"", ""62623898"")",0.8817966903073285,"0","64"
"=HYPERLINK(""https://stackoverflow.com/q/62634193"", ""62634193"")",0.5870430691277595,"0","861"
"=HYPERLINK(""https://stackoverflow.com/q/62693695"", ""62693695"")",0.4389761489237927,"0","63"
"=HYPERLINK(""https://stackoverflow.com/q/62721195"", ""62721195"")",0.7382993926402288,"0","503"
"=HYPERLINK(""https://stackoverflow.com/q/62764825"", ""62764825"")",0.3971569480707863,"0","759"
"=HYPERLINK(""https://stackoverflow.com/q/62920844"", ""62920844"")",0.3928809048569526,"1","37"
"=HYPERLINK(""https://stackoverflow.com/q/63001222"", ""63001222"")",0.6679235796882855,"0","779"
"=HYPERLINK(""https://stackoverflow.com/q/63194576"", ""63194576"")",0.3204589980408618,"0","19"
"=HYPERLINK(""https://stackoverflow.com/q/63243045"", ""63243045"")",0.4846656611362493,"0","161"
"=HYPERLINK(""https://stackoverflow.com/q/63251230"", ""63251230"")",0.3961352657004829,"0","58"
"=HYPERLINK(""https://stackoverflow.com/q/63451669"", ""63451669"")",0.3472222222222221,"0","58"
"=HYPERLINK(""https://stackoverflow.com/q/63625398"", ""63625398"")",0.3510882016036654,"0","7"
"=HYPERLINK(""https://stackoverflow.com/q/63641350"", ""63641350"")",0.4973900074571216,"0","189"
"=HYPERLINK(""https://stackoverflow.com/q/63654297"", ""63654297"")",0.5031500572737686,"0","186"
"=HYPERLINK(""https://stackoverflow.com/q/63670353"", ""63670353"")",0.6896921017402942,"0","108"
"=HYPERLINK(""https://stackoverflow.com/q/63672665"", ""63672665"")",0.6353958749168328,"0","114"
"=HYPERLINK(""https://stackoverflow.com/q/63718097"", ""63718097"")",0.5291842475386777,"1","36"
"=HYPERLINK(""https://stackoverflow.com/q/63797163"", ""63797163"")",0.4865079365079364,"0","129"
"=HYPERLINK(""https://stackoverflow.com/q/63807528"", ""63807528"")",0.3448637316561845,"0","146"
"=HYPERLINK(""https://stackoverflow.com/q/63891864"", ""63891864"")",0.6125836680053545,"0","318"
"=HYPERLINK(""https://stackoverflow.com/q/63897594"", ""63897594"")",0.3899437412095637,"0","26"
"=HYPERLINK(""https://stackoverflow.com/q/64108108"", ""64108108"")",0.3665175242356452,"0","497"
"=HYPERLINK(""https://stackoverflow.com/q/64114783"", ""64114783"")",0.3593903638151426,"0","47"
"=HYPERLINK(""https://stackoverflow.com/q/64143023"", ""64143023"")",0.5427041499330654,"0","14"
"=HYPERLINK(""https://stackoverflow.com/q/64273035"", ""64273035"")",0.4082687338501292,"0","139"
"=HYPERLINK(""https://stackoverflow.com/q/64313148"", ""64313148"")",0.6020299145299147,"0","1325"
"=HYPERLINK(""https://stackoverflow.com/q/64330511"", ""64330511"")",0.5130809479839951,"0","118"
"=HYPERLINK(""https://stackoverflow.com/q/64357336"", ""64357336"")",0.4031267448352874,"0","371"
"=HYPERLINK(""https://stackoverflow.com/q/64367244"", ""64367244"")",0.6125616478096899,"1","162"
"=HYPERLINK(""https://stackoverflow.com/q/64426688"", ""64426688"")",0.6270044596261499,"0","105"
"=HYPERLINK(""https://stackoverflow.com/q/64520139"", ""64520139"")",0.3461352657004827,"0","39"
"=HYPERLINK(""https://stackoverflow.com/q/64535577"", ""64535577"")",0.3809123985446399,"0","59"
"=HYPERLINK(""https://stackoverflow.com/q/64567721"", ""64567721"")",0.5289232531500572,"0","682"
"=HYPERLINK(""https://stackoverflow.com/q/64605289"", ""64605289"")",0.9176068376068384,"0","238"
"=HYPERLINK(""https://stackoverflow.com/q/64642357"", ""64642357"")",0.316524776249727,"1","141"
"=HYPERLINK(""https://stackoverflow.com/q/64646340"", ""64646340"")",0.4291187739463599,"0","51"
"=HYPERLINK(""https://stackoverflow.com/q/64650225"", ""64650225"")",0.6760480797420116,"0","45"
"=HYPERLINK(""https://stackoverflow.com/q/64692583"", ""64692583"")",0.4483528754885536,"1","42"
"=HYPERLINK(""https://stackoverflow.com/q/64732193"", ""64732193"")",0.5691609977324267,"0","214"
"=HYPERLINK(""https://stackoverflow.com/q/64737710"", ""64737710"")",0.4440336824810024,"0","36"
"=HYPERLINK(""https://stackoverflow.com/q/64804323"", ""64804323"")",0.5980611483967191,"0","47"
"=HYPERLINK(""https://stackoverflow.com/q/64844551"", ""64844551"")",0.2676767676767675,"0","42"
"=HYPERLINK(""https://stackoverflow.com/q/64846459"", ""64846459"")",0.4599271402550094,"0","24"
"=HYPERLINK(""https://stackoverflow.com/q/64906600"", ""64906600"")",0.6764206955046655,"0","62"
"=HYPERLINK(""https://stackoverflow.com/q/64991717"", ""64991717"")",0.357900614182021,"0","29"
"=HYPERLINK(""https://stackoverflow.com/q/64992076"", ""64992076"")",0.440785096473719,"0","62"
"=HYPERLINK(""https://stackoverflow.com/q/65016847"", ""65016847"")",0.3592484612892779,"0","20"
"=HYPERLINK(""https://stackoverflow.com/q/65099553"", ""65099553"")",0.4499145299145302,"1","54"
"=HYPERLINK(""https://stackoverflow.com/q/65108832"", ""65108832"")",0.312458908612755,"0","32"
"=HYPERLINK(""https://stackoverflow.com/q/65118603"", ""65118603"")",0.760328457788042,"0","64"
"=HYPERLINK(""https://stackoverflow.com/q/65124072"", ""65124072"")",0.4382806163828064,"0","37"
"=HYPERLINK(""https://stackoverflow.com/q/65176609"", ""65176609"")",0.5289232531500571,"0","126"
"=HYPERLINK(""https://stackoverflow.com/q/65177738"", ""65177738"")",0.6322222222222219,"0","41"
"=HYPERLINK(""https://stackoverflow.com/q/65236484"", ""65236484"")",0.3210125448028675,"1","23"
"=HYPERLINK(""https://stackoverflow.com/q/65332047"", ""65332047"")",0.5161981258366798,"0","22"
"=HYPERLINK(""https://stackoverflow.com/q/65387458"", ""65387458"")",0.5201437002822684,"2","110"
"=HYPERLINK(""https://stackoverflow.com/q/65446123"", ""65446123"")",0.3570048309178737,"0","27"
"=HYPERLINK(""https://stackoverflow.com/q/65448696"", ""65448696"")",0.2713131313131312,"0","261"
"=HYPERLINK(""https://stackoverflow.com/q/65551129"", ""65551129"")",0.5327485380116964,"0","44"
"=HYPERLINK(""https://stackoverflow.com/q/65614050"", ""65614050"")",0.3762762762762762,"0","107"
"=HYPERLINK(""https://stackoverflow.com/q/65762345"", ""65762345"")",0.4254554785732614,"0","56"
"=HYPERLINK(""https://stackoverflow.com/q/65806005"", ""65806005"")",0.3955425727577625,"0","181"
"=HYPERLINK(""https://stackoverflow.com/q/65833588"", ""65833588"")",0.4125336409073432,"1","27"
"=HYPERLINK(""https://stackoverflow.com/q/65916412"", ""65916412"")",0.470067049808429,"0","41"
"=HYPERLINK(""https://stackoverflow.com/q/66010938"", ""66010938"")",0.6092316944820332,"0","51"
"=HYPERLINK(""https://stackoverflow.com/q/66133519"", ""66133519"")",0.4024995719910975,"0","167"
"=HYPERLINK(""https://stackoverflow.com/q/66256022"", ""66256022"")",0.4134310134310134,"0","22"
"=HYPERLINK(""https://stackoverflow.com/q/66331541"", ""66331541"")",0.3302554632194521,"0","32"
"=HYPERLINK(""https://stackoverflow.com/q/66459803"", ""66459803"")",0.7479139218269649,"0","71"
"=HYPERLINK(""https://stackoverflow.com/q/66565012"", ""66565012"")",0.4001068376068377,"0","27"
"=HYPERLINK(""https://stackoverflow.com/q/66680558"", ""66680558"")",0.4762637926610212,"0","65"
"=HYPERLINK(""https://stackoverflow.com/q/66694225"", ""66694225"")",0.536593479707252,"0","40"
"=HYPERLINK(""https://stackoverflow.com/q/66712989"", ""66712989"")",0.4145299145299146,"0","20"
"=HYPERLINK(""https://stackoverflow.com/q/66753998"", ""66753998"")",0.2222222222222223,"1","45"
"=HYPERLINK(""https://stackoverflow.com/q/66913151"", ""66913151"")",0.3913697188392724,"0","92"
"=HYPERLINK(""https://stackoverflow.com/q/67033321"", ""67033321"")",0.7960477255779272,"0","22"
"=HYPERLINK(""https://stackoverflow.com/q/67042040"", ""67042040"")",0.3647024333040166,"0","42"
"=HYPERLINK(""https://stackoverflow.com/q/67054890"", ""67054890"")",0.2307449494949494,"0","28"
"=HYPERLINK(""https://stackoverflow.com/q/67096675"", ""67096675"")",0.3545594687537058,"2","71"
"=HYPERLINK(""https://stackoverflow.com/q/67153204"", ""67153204"")",0.3735137351373515,"1","18"
"=HYPERLINK(""https://stackoverflow.com/q/67226993"", ""67226993"")",0.4473259566620563,"0","37"
"=HYPERLINK(""https://stackoverflow.com/q/67227865"", ""67227865"")",0.4437412095639941,"0","34"
"=HYPERLINK(""https://stackoverflow.com/q/67306786"", ""67306786"")",0.7766776677667764,"0","44"
"=HYPERLINK(""https://stackoverflow.com/q/67339731"", ""67339731"")",0.4358144552319311,"0","37"
"=HYPERLINK(""https://stackoverflow.com/q/67469831"", ""67469831"")",0.4504101416853097,"0","18"
"=HYPERLINK(""https://stackoverflow.com/q/67473767"", ""67473767"")",0.467120181405896,"0","21"
"=HYPERLINK(""https://stackoverflow.com/q/67490627"", ""67490627"")",0.5064964157706096,"0","30"
"=HYPERLINK(""https://stackoverflow.com/q/67503029"", ""67503029"")",0.382936507936508,"0","23"
"=HYPERLINK(""https://stackoverflow.com/q/67564757"", ""67564757"")",0.4455508139718667,"0","17"
"=HYPERLINK(""https://stackoverflow.com/q/67589933"", ""67589933"")",0.9281045751633986,"0","22"
"=HYPERLINK(""https://stackoverflow.com/q/67595931"", ""67595931"")",0.4283760683760687,"0","19"
"=HYPERLINK(""https://stackoverflow.com/q/67604168"", ""67604168"")",0.2629462041226747,"0","23"
"=HYPERLINK(""https://stackoverflow.com/q/67640193"", ""67640193"")",0.4192420897718912,"0","18"
"=HYPERLINK(""https://stackoverflow.com/q/67684873"", ""67684873"")",0.3247326824732681,"0","35"
"=HYPERLINK(""https://stackoverflow.com/q/67714311"", ""67714311"")",0.6965548710928584,"1","23"
