"link","Correlation","score","view_count"
"=HYPERLINK(""https://stackoverflow.com/q/3102526"", ""3102526"")",0.2797170887519963,"0","6203"
"=HYPERLINK(""https://stackoverflow.com/q/3319124"", ""3319124"")",0.5546760480797422,"2","2396"
"=HYPERLINK(""https://stackoverflow.com/q/3573861"", ""3573861"")",0.2613101701049584,"2","32408"
"=HYPERLINK(""https://stackoverflow.com/q/3824196"", ""3824196"")",0.4822604631400046,"3","6384"
"=HYPERLINK(""https://stackoverflow.com/q/3829275"", ""3829275"")",0.4262524489224739,"0","2822"
"=HYPERLINK(""https://stackoverflow.com/q/3888096"", ""3888096"")",0.2921860340436937,"2","4408"
"=HYPERLINK(""https://stackoverflow.com/q/4064344"", ""4064344"")",0.5500910746812385,"0","1170"
"=HYPERLINK(""https://stackoverflow.com/q/4389432"", ""4389432"")",0.5477255779269203,"1","6042"
"=HYPERLINK(""https://stackoverflow.com/q/5141039"", ""5141039"")",0.904040404040404,"6","11881"
"=HYPERLINK(""https://stackoverflow.com/q/5700018"", ""5700018"")",0.5502854633289416,"3","2413"
"=HYPERLINK(""https://stackoverflow.com/q/6105023"", ""6105023"")",0.4550466497031387,"2","4893"
"=HYPERLINK(""https://stackoverflow.com/q/6203875"", ""6203875"")",0.4964604493690366,"1","518"
"=HYPERLINK(""https://stackoverflow.com/q/6498079"", ""6498079"")",0.2879756468797564,"0","773"
"=HYPERLINK(""https://stackoverflow.com/q/7263164"", ""7263164"")",0.3180306054557551,"0","716"
"=HYPERLINK(""https://stackoverflow.com/q/7309169"", ""7309169"")",0.8617571059431522,"2","8488"
"=HYPERLINK(""https://stackoverflow.com/q/7354302"", ""7354302"")",0.3876357560568086,"1","6099"
"=HYPERLINK(""https://stackoverflow.com/q/7611866"", ""7611866"")",0.3760683760683764,"3","7854"
"=HYPERLINK(""https://stackoverflow.com/q/7693814"", ""7693814"")",0.266944941363546,"0","3799"
"=HYPERLINK(""https://stackoverflow.com/q/7803251"", ""7803251"")",0.7291346646185353,"0","73"
"=HYPERLINK(""https://stackoverflow.com/q/8258925"", ""8258925"")",0.4558287795992714,"0","850"
"=HYPERLINK(""https://stackoverflow.com/q/8298486"", ""8298486"")",0.951730418943534,"2","1112"
"=HYPERLINK(""https://stackoverflow.com/q/8796503"", ""8796503"")",0.4737192282102459,"2","7490"
"=HYPERLINK(""https://stackoverflow.com/q/9277071"", ""9277071"")",0.495195195195195,"0","7679"
"=HYPERLINK(""https://stackoverflow.com/q/9283428"", ""9283428"")",0.5473453749315819,"1","9520"
"=HYPERLINK(""https://stackoverflow.com/q/9636150"", ""9636150"")",0.3277631193198477,"1","1726"
"=HYPERLINK(""https://stackoverflow.com/q/9708656"", ""9708656"")",0.5612414119876805,"2","48543"
"=HYPERLINK(""https://stackoverflow.com/q/9871519"", ""9871519"")",0.5106837606837608,"3","9721"
"=HYPERLINK(""https://stackoverflow.com/q/9874131"", ""9874131"")",0.4308111792774369,"3","16517"
"=HYPERLINK(""https://stackoverflow.com/q/9884799"", ""9884799"")",0.5010683760683762,"1","1252"
"=HYPERLINK(""https://stackoverflow.com/q/9962632"", ""9962632"")",0.3903638151425763,"2","1787"
"=HYPERLINK(""https://stackoverflow.com/q/10112294"", ""10112294"")",0.4876767676767675,"1","6357"
"=HYPERLINK(""https://stackoverflow.com/q/10127499"", ""10127499"")",0.4129095836412909,"0","2858"
"=HYPERLINK(""https://stackoverflow.com/q/10279326"", ""10279326"")",0.3456264775413712,"0","1029"
"=HYPERLINK(""https://stackoverflow.com/q/10386288"", ""10386288"")",0.3087087087087087,"0","714"
"=HYPERLINK(""https://stackoverflow.com/q/10481510"", ""10481510"")",0.5702885205647638,"1","1337"
"=HYPERLINK(""https://stackoverflow.com/q/10594990"", ""10594990"")",0.4658931082981712,"0","662"
"=HYPERLINK(""https://stackoverflow.com/q/10693984"", ""10693984"")",0.6544256120527308,"1","634"
"=HYPERLINK(""https://stackoverflow.com/q/10704312"", ""10704312"")",0.5429219306770328,"2","190"
"=HYPERLINK(""https://stackoverflow.com/q/10749859"", ""10749859"")",0.5270081164287712,"0","392"
"=HYPERLINK(""https://stackoverflow.com/q/10753798"", ""10753798"")",0.3360202307570728,"1","981"
"=HYPERLINK(""https://stackoverflow.com/q/10854575"", ""10854575"")",0.2282706093189965,"0","1160"
"=HYPERLINK(""https://stackoverflow.com/q/10865752"", ""10865752"")",0.5813382443216698,"0","510"
"=HYPERLINK(""https://stackoverflow.com/q/11030162"", ""11030162"")",0.442911877394636,"0","5762"
"=HYPERLINK(""https://stackoverflow.com/q/11314515"", ""11314515"")",0.4583738257207647,"1","808"
"=HYPERLINK(""https://stackoverflow.com/q/11446885"", ""11446885"")",0.2923329233292335,"1","420"
"=HYPERLINK(""https://stackoverflow.com/q/11615794"", ""11615794"")",0.7060931899641575,"0","3332"
"=HYPERLINK(""https://stackoverflow.com/q/11622144"", ""11622144"")",0.4042305904230588,"1","3008"
"=HYPERLINK(""https://stackoverflow.com/q/11623413"", ""11623413"")",0.4529914529914531,"5","2882"
"=HYPERLINK(""https://stackoverflow.com/q/11651709"", ""11651709"")",0.3236047107014848,"2","28825"
"=HYPERLINK(""https://stackoverflow.com/q/11677349"", ""11677349"")",0.3157004830917874,"1","649"
"=HYPERLINK(""https://stackoverflow.com/q/11768363"", ""11768363"")",0.4246762099522834,"0","470"
"=HYPERLINK(""https://stackoverflow.com/q/11834129"", ""11834129"")",0.3739463601532568,"2","835"
"=HYPERLINK(""https://stackoverflow.com/q/11933660"", ""11933660"")",0.3534606695420005,"1","852"
"=HYPERLINK(""https://stackoverflow.com/q/12201311"", ""12201311"")",0.3843843843843843,"3","173"
"=HYPERLINK(""https://stackoverflow.com/q/12382382"", ""12382382"")",0.2838238649326945,"1","702"
"=HYPERLINK(""https://stackoverflow.com/q/12596357"", ""12596357"")",0.6082404593042894,"0","2196"
"=HYPERLINK(""https://stackoverflow.com/q/12757977"", ""12757977"")",0.4480286738351255,"0","1103"
"=HYPERLINK(""https://stackoverflow.com/q/12813230"", ""12813230"")",0.3400793650793652,"1","1946"
"=HYPERLINK(""https://stackoverflow.com/q/12836421"", ""12836421"")",0.3582981715893107,"1","6925"
"=HYPERLINK(""https://stackoverflow.com/q/13064781"", ""13064781"")",0.3441734417344171,"0","5087"
"=HYPERLINK(""https://stackoverflow.com/q/13091158"", ""13091158"")",0.2708947885939036,"5","21920"
"=HYPERLINK(""https://stackoverflow.com/q/13257595"", ""13257595"")",0.3897099069512859,"0","619"
"=HYPERLINK(""https://stackoverflow.com/q/13368661"", ""13368661"")",0.3692101740294507,"0","1747"
"=HYPERLINK(""https://stackoverflow.com/q/13580059"", ""13580059"")",0.4124877089478861,"1","2484"
"=HYPERLINK(""https://stackoverflow.com/q/13601620"", ""13601620"")",0.3142777077203308,"0","1156"
"=HYPERLINK(""https://stackoverflow.com/q/13801810"", ""13801810"")",0.5626477541371159,"0","245"
"=HYPERLINK(""https://stackoverflow.com/q/13950333"", ""13950333"")",0.3367123832240112,"0","2227"
"=HYPERLINK(""https://stackoverflow.com/q/14407402"", ""14407402"")",0.2774708410067525,"0","70"
"=HYPERLINK(""https://stackoverflow.com/q/14423258"", ""14423258"")",0.2967255334805003,"0","612"
"=HYPERLINK(""https://stackoverflow.com/q/14483450"", ""14483450"")",0.4798909338786639,"0","6848"
"=HYPERLINK(""https://stackoverflow.com/q/14545072"", ""14545072"")",0.5014301430143014,"1","3084"
"=HYPERLINK(""https://stackoverflow.com/q/14624498"", ""14624498"")",0.6081282624906786,"0","174"
"=HYPERLINK(""https://stackoverflow.com/q/14632685"", ""14632685"")",0.3678028114769884,"1","2197"
"=HYPERLINK(""https://stackoverflow.com/q/14828074"", ""14828074"")",0.3813131313131311,"1","5336"
"=HYPERLINK(""https://stackoverflow.com/q/14843513"", ""14843513"")",0.5412267471091,"0","4021"
"=HYPERLINK(""https://stackoverflow.com/q/14867242"", ""14867242"")",0.3171589310829817,"2","11226"
"=HYPERLINK(""https://stackoverflow.com/q/15138139"", ""15138139"")",0.5009107468123861,"1","118"
"=HYPERLINK(""https://stackoverflow.com/q/15196081"", ""15196081"")",0.2637926610212984,"0","772"
"=HYPERLINK(""https://stackoverflow.com/q/15392634"", ""15392634"")",0.6071779744346117,"1","296"
"=HYPERLINK(""https://stackoverflow.com/q/15419598"", ""15419598"")",0.6423253150057273,"2","3509"
"=HYPERLINK(""https://stackoverflow.com/q/15420465"", ""15420465"")",0.5325670498084292,"0","750"
"=HYPERLINK(""https://stackoverflow.com/q/15506871"", ""15506871"")",0.352342704149933,"1","973"
"=HYPERLINK(""https://stackoverflow.com/q/15648696"", ""15648696"")",0.3115839243498818,"0","182"
"=HYPERLINK(""https://stackoverflow.com/q/16133546"", ""16133546"")",0.3301249577845321,"1","177"
"=HYPERLINK(""https://stackoverflow.com/q/16185274"", ""16185274"")",0.443675509419454,"0","903"
"=HYPERLINK(""https://stackoverflow.com/q/16313846"", ""16313846"")",0.4153256704980842,"0","60"
"=HYPERLINK(""https://stackoverflow.com/q/16400735"", ""16400735"")",0.3650793650793651,"0","5921"
"=HYPERLINK(""https://stackoverflow.com/q/16404492"", ""16404492"")",0.4078509647371922,"0","3575"
"=HYPERLINK(""https://stackoverflow.com/q/16545276"", ""16545276"")",0.3822222222222224,"0","454"
"=HYPERLINK(""https://stackoverflow.com/q/16591007"", ""16591007"")",0.5251068376068376,"0","1872"
"=HYPERLINK(""https://stackoverflow.com/q/16663659"", ""16663659"")",0.4143404488232073,"1","1938"
"=HYPERLINK(""https://stackoverflow.com/q/16819801"", ""16819801"")",0.2517788724685275,"19","8231"
"=HYPERLINK(""https://stackoverflow.com/q/16821116"", ""16821116"")",0.7857581338244323,"0","335"
"=HYPERLINK(""https://stackoverflow.com/q/16847613"", ""16847613"")",0.8000910746812385,"0","2435"
"=HYPERLINK(""https://stackoverflow.com/q/16865422"", ""16865422"")",0.5801558015580157,"0","1784"
"=HYPERLINK(""https://stackoverflow.com/q/16969210"", ""16969210"")",0.6767676767676767,"0","1769"
"=HYPERLINK(""https://stackoverflow.com/q/17014430"", ""17014430"")",0.3523997370151216,"0","5230"
"=HYPERLINK(""https://stackoverflow.com/q/17111383"", ""17111383"")",0.8559431524547801,"2","1588"
"=HYPERLINK(""https://stackoverflow.com/q/17156295"", ""17156295"")",0.4693353861945084,"0","456"
"=HYPERLINK(""https://stackoverflow.com/q/17272952"", ""17272952"")",0.3115839243498818,"2","205"
"=HYPERLINK(""https://stackoverflow.com/q/17415376"", ""17415376"")",0.3996058142399601,"1","1695"
"=HYPERLINK(""https://stackoverflow.com/q/17758355"", ""17758355"")",0.4565318456531843,"2","3774"
"=HYPERLINK(""https://stackoverflow.com/q/17784806"", ""17784806"")",0.6455351056578051,"0","67"
"=HYPERLINK(""https://stackoverflow.com/q/17815605"", ""17815605"")",0.3467896962706651,"0","634"
"=HYPERLINK(""https://stackoverflow.com/q/17833760"", ""17833760"")",0.7356929036802256,"0","2116"
"=HYPERLINK(""https://stackoverflow.com/q/17978904"", ""17978904"")",0.3104575163398693,"2","1990"
"=HYPERLINK(""https://stackoverflow.com/q/18054480"", ""18054480"")",0.4198966408268733,"1","486"
"=HYPERLINK(""https://stackoverflow.com/q/18151088"", ""18151088"")",0.3063522413426812,"0","753"
"=HYPERLINK(""https://stackoverflow.com/q/18167464"", ""18167464"")",0.4077892325315004,"1","2056"
"=HYPERLINK(""https://stackoverflow.com/q/18167830"", ""18167830"")",0.582222222222222,"1","1157"
"=HYPERLINK(""https://stackoverflow.com/q/18368258"", ""18368258"")",0.3901611535199322,"0","3704"
"=HYPERLINK(""https://stackoverflow.com/q/18369804"", ""18369804"")",0.4419802867383511,"1","14272"
"=HYPERLINK(""https://stackoverflow.com/q/18409212"", ""18409212"")",0.9107468123861568,"0","1682"
"=HYPERLINK(""https://stackoverflow.com/q/18470187"", ""18470187"")",0.4563994374120953,"0","103"
"=HYPERLINK(""https://stackoverflow.com/q/18826487"", ""18826487"")",0.5349494949494948,"0","1157"
"=HYPERLINK(""https://stackoverflow.com/q/18845839"", ""18845839"")",0.3966903073286053,"0","2087"
"=HYPERLINK(""https://stackoverflow.com/q/19031376"", ""19031376"")",0.3109140182310915,"1","380"
"=HYPERLINK(""https://stackoverflow.com/q/19045655"", ""19045655"")",0.3954505686789151,"1","206"
"=HYPERLINK(""https://stackoverflow.com/q/19051652"", ""19051652"")",0.4020251778872465,"0","231"
"=HYPERLINK(""https://stackoverflow.com/q/19103403"", ""19103403"")",0.33317922638311,"2","1549"
"=HYPERLINK(""https://stackoverflow.com/q/19396851"", ""19396851"")",0.542832909245123,"2","2005"
"=HYPERLINK(""https://stackoverflow.com/q/19456712"", ""19456712"")",0.3481764206955047,"0","659"
"=HYPERLINK(""https://stackoverflow.com/q/19850679"", ""19850679"")",0.7861757105943149,"0","1692"
"=HYPERLINK(""https://stackoverflow.com/q/20218906"", ""20218906"")",0.3088363954505688,"0","1357"
"=HYPERLINK(""https://stackoverflow.com/q/20256757"", ""20256757"")",0.481962481962482,"1","182"
"=HYPERLINK(""https://stackoverflow.com/q/20271592"", ""20271592"")",0.2900021829294911,"3","35660"
"=HYPERLINK(""https://stackoverflow.com/q/20327816"", ""20327816"")",0.5629301868239922,"0","3975"
"=HYPERLINK(""https://stackoverflow.com/q/20419081"", ""20419081"")",0.4497671324018626,"4","346"
"=HYPERLINK(""https://stackoverflow.com/q/20473736"", ""20473736"")",0.4773946360153256,"0","354"
"=HYPERLINK(""https://stackoverflow.com/q/20550301"", ""20550301"")",0.6844718370142099,"1","2343"
"=HYPERLINK(""https://stackoverflow.com/q/20628669"", ""20628669"")",0.3977947413061918,"4","2594"
"=HYPERLINK(""https://stackoverflow.com/q/20631266"", ""20631266"")",0.3534606695420004,"0","1169"
"=HYPERLINK(""https://stackoverflow.com/q/20720709"", ""20720709"")",0.2961521833117163,"1","659"
"=HYPERLINK(""https://stackoverflow.com/q/20805464"", ""20805464"")",0.3314076641632968,"1","608"
"=HYPERLINK(""https://stackoverflow.com/q/21014882"", ""21014882"")",0.4272083718067098,"1","1131"
"=HYPERLINK(""https://stackoverflow.com/q/21398581"", ""21398581"")",0.4065540194572448,"1","135"
"=HYPERLINK(""https://stackoverflow.com/q/21507860"", ""21507860"")",0.656648451730419,"0","529"
"=HYPERLINK(""https://stackoverflow.com/q/21871067"", ""21871067"")",0.6594081518704631,"2","96"
"=HYPERLINK(""https://stackoverflow.com/q/22255380"", ""22255380"")",0.564327485380117,"2","1019"
"=HYPERLINK(""https://stackoverflow.com/q/22295909"", ""22295909"")",0.4468376068376068,"1","921"
"=HYPERLINK(""https://stackoverflow.com/q/22383216"", ""22383216"")",0.5966903073286053,"0","904"
"=HYPERLINK(""https://stackoverflow.com/q/22512908"", ""22512908"")",0.3629471689173182,"3","180"
"=HYPERLINK(""https://stackoverflow.com/q/22596327"", ""22596327"")",0.8371806709756849,"0","2772"
"=HYPERLINK(""https://stackoverflow.com/q/22642467"", ""22642467"")",0.3286052009456265,"0","282"
"=HYPERLINK(""https://stackoverflow.com/q/22764239"", ""22764239"")",0.7647964796479648,"0","196"
"=HYPERLINK(""https://stackoverflow.com/q/22871815"", ""22871815"")",0.5135608048993877,"0","2248"
"=HYPERLINK(""https://stackoverflow.com/q/22970465"", ""22970465"")",0.7705176767676767,"0","48"
"=HYPERLINK(""https://stackoverflow.com/q/23150902"", ""23150902"")",0.322222222222222,"1","10422"
"=HYPERLINK(""https://stackoverflow.com/q/23235827"", ""23235827"")",0.2835429769392034,"0","3438"
"=HYPERLINK(""https://stackoverflow.com/q/23249829"", ""23249829"")",0.4886582083813919,"1","562"
"=HYPERLINK(""https://stackoverflow.com/q/23262288"", ""23262288"")",0.4350502105604146,"0","1766"
"=HYPERLINK(""https://stackoverflow.com/q/23396529"", ""23396529"")",0.8605200945626478,"1","4894"
"=HYPERLINK(""https://stackoverflow.com/q/23446993"", ""23446993"")",0.6248196248196252,"0","228"
"=HYPERLINK(""https://stackoverflow.com/q/23484828"", ""23484828"")",0.6625891946992863,"0","4189"
"=HYPERLINK(""https://stackoverflow.com/q/23674579"", ""23674579"")",0.2601230968577909,"0","170"
"=HYPERLINK(""https://stackoverflow.com/q/23706903"", ""23706903"")",0.4170274170274168,"1","930"
"=HYPERLINK(""https://stackoverflow.com/q/23811787"", ""23811787"")",0.5423803249890206,"0","264"
"=HYPERLINK(""https://stackoverflow.com/q/23820255"", ""23820255"")",0.3519690576652604,"0","2437"
"=HYPERLINK(""https://stackoverflow.com/q/24243759"", ""24243759"")",0.4157706093189959,"0","73"
"=HYPERLINK(""https://stackoverflow.com/q/24264405"", ""24264405"")",0.3993439934399346,"1","856"
"=HYPERLINK(""https://stackoverflow.com/q/24624314"", ""24624314"")",0.3525153818313428,"0","387"
"=HYPERLINK(""https://stackoverflow.com/q/24671403"", ""24671403"")",0.4133579562942444,"1","753"
"=HYPERLINK(""https://stackoverflow.com/q/24679652"", ""24679652"")",0.3162170002901073,"0","1030"
"=HYPERLINK(""https://stackoverflow.com/q/24780161"", ""24780161"")",0.5255695025569501,"2","507"
"=HYPERLINK(""https://stackoverflow.com/q/24809854"", ""24809854"")",0.8284722222222225,"0","1074"
"=HYPERLINK(""https://stackoverflow.com/q/24825016"", ""24825016"")",0.3924349881796692,"1","508"
"=HYPERLINK(""https://stackoverflow.com/q/24881069"", ""24881069"")",0.4521391197291474,"0","742"
"=HYPERLINK(""https://stackoverflow.com/q/24894541"", ""24894541"")",0.3067292644757436,"0","468"
"=HYPERLINK(""https://stackoverflow.com/q/25014192"", ""25014192"")",0.2945236478841366,"0","272"
"=HYPERLINK(""https://stackoverflow.com/q/25037948"", ""25037948"")",0.396534148827727,"0","2147"
"=HYPERLINK(""https://stackoverflow.com/q/25661400"", ""25661400"")",0.3579688285570637,"1","61"
"=HYPERLINK(""https://stackoverflow.com/q/25746046"", ""25746046"")",0.5256704980842912,"1","538"
"=HYPERLINK(""https://stackoverflow.com/q/25927609"", ""25927609"")",0.2724734785036291,"0","2513"
"=HYPERLINK(""https://stackoverflow.com/q/25996192"", ""25996192"")",0.411147303655447,"0","898"
"=HYPERLINK(""https://stackoverflow.com/q/26045532"", ""26045532"")",0.4644367550941945,"0","1704"
"=HYPERLINK(""https://stackoverflow.com/q/26097293"", ""26097293"")",0.3758746151693254,"0","247"
"=HYPERLINK(""https://stackoverflow.com/q/26116300"", ""26116300"")",0.3482537300991912,"0","960"
"=HYPERLINK(""https://stackoverflow.com/q/26398088"", ""26398088"")",0.4741907261592303,"0","2846"
"=HYPERLINK(""https://stackoverflow.com/q/26424509"", ""26424509"")",0.6573573573573575,"0","881"
"=HYPERLINK(""https://stackoverflow.com/q/26588823"", ""26588823"")",0.3673409557314572,"1","58"
"=HYPERLINK(""https://stackoverflow.com/q/26639128"", ""26639128"")",0.322435441838427,"1","555"
"=HYPERLINK(""https://stackoverflow.com/q/26665374"", ""26665374"")",0.4517304189435338,"0","717"
"=HYPERLINK(""https://stackoverflow.com/q/26691933"", ""26691933"")",0.850964737192282,"1","1448"
"=HYPERLINK(""https://stackoverflow.com/q/26697841"", ""26697841"")",0.4895033282130056,"3","31218"
"=HYPERLINK(""https://stackoverflow.com/q/26790928"", ""26790928"")",0.3176068376068378,"1","644"
"=HYPERLINK(""https://stackoverflow.com/q/26906462"", ""26906462"")",0.374853801169591,"0","2148"
"=HYPERLINK(""https://stackoverflow.com/q/26960692"", ""26960692"")",0.4366800535475232,"0","83"
"=HYPERLINK(""https://stackoverflow.com/q/27310882"", ""27310882"")",0.6514257620452311,"1","707"
"=HYPERLINK(""https://stackoverflow.com/q/27343812"", ""27343812"")",0.5972222222222221,"0","47"
"=HYPERLINK(""https://stackoverflow.com/q/27476998"", ""27476998"")",0.4039143165356758,"1","1682"
"=HYPERLINK(""https://stackoverflow.com/q/27498729"", ""27498729"")",0.5629301868239921,"0","150"
"=HYPERLINK(""https://stackoverflow.com/q/27684123"", ""27684123"")",0.3066549399003226,"0","345"
"=HYPERLINK(""https://stackoverflow.com/q/28186619"", ""28186619"")",0.4591452991452991,"0","283"
"=HYPERLINK(""https://stackoverflow.com/q/28202041"", ""28202041"")",0.3826182618261825,"0","519"
"=HYPERLINK(""https://stackoverflow.com/q/28484251"", ""28484251"")",0.5186649099692578,"0","112"
"=HYPERLINK(""https://stackoverflow.com/q/28587566"", ""28587566"")",0.4153256704980843,"0","74"
"=HYPERLINK(""https://stackoverflow.com/q/28591435"", ""28591435"")",0.4072703347314747,"0","490"
"=HYPERLINK(""https://stackoverflow.com/q/28722325"", ""28722325"")",0.3264567499095187,"1","2260"
"=HYPERLINK(""https://stackoverflow.com/q/28778809"", ""28778809"")",0.7157004830917872,"0","166"
"=HYPERLINK(""https://stackoverflow.com/q/28799877"", ""28799877"")",0.5657004830917872,"1","513"
"=HYPERLINK(""https://stackoverflow.com/q/28858570"", ""28858570"")",0.4547803617571056,"0","39"
"=HYPERLINK(""https://stackoverflow.com/q/28944588"", ""28944588"")",0.6292573981016191,"1","2278"
"=HYPERLINK(""https://stackoverflow.com/q/29079672"", ""29079672"")",0.4896640826873384,"0","207"
"=HYPERLINK(""https://stackoverflow.com/q/29277884"", ""29277884"")",0.3104575163398692,"0","2906"
"=HYPERLINK(""https://stackoverflow.com/q/29303275"", ""29303275"")",0.7559645535105657,"0","1038"
"=HYPERLINK(""https://stackoverflow.com/q/29506176"", ""29506176"")",0.3727396257970105,"0","353"
"=HYPERLINK(""https://stackoverflow.com/q/29545207"", ""29545207"")",0.3165618448637317,"1","290"
"=HYPERLINK(""https://stackoverflow.com/q/29562114"", ""29562114"")",0.4170274170274169,"1","1133"
"=HYPERLINK(""https://stackoverflow.com/q/29603220"", ""29603220"")",0.3883460007238508,"1","1921"
"=HYPERLINK(""https://stackoverflow.com/q/29638306"", ""29638306"")",0.5632360471070148,"0","316"
"=HYPERLINK(""https://stackoverflow.com/q/29809406"", ""29809406"")",0.3328779599271405,"0","191"
"=HYPERLINK(""https://stackoverflow.com/q/29818763"", ""29818763"")",0.3514529914529918,"3","3276"
"=HYPERLINK(""https://stackoverflow.com/q/29843566"", ""29843566"")",0.3900793650793652,"6","689"
"=HYPERLINK(""https://stackoverflow.com/q/29915109"", ""29915109"")",0.6746870109546166,"0","507"
"=HYPERLINK(""https://stackoverflow.com/q/29985037"", ""29985037"")",0.2012641383898868,"1","447"
"=HYPERLINK(""https://stackoverflow.com/q/30264721"", ""30264721"")",0.2617099490098423,"2","4368"
"=HYPERLINK(""https://stackoverflow.com/q/30297721"", ""30297721"")",0.2898913951545531,"1","1064"
"=HYPERLINK(""https://stackoverflow.com/q/30302666"", ""30302666"")",0.544337606837607,"0","175"
"=HYPERLINK(""https://stackoverflow.com/q/30319699"", ""30319699"")",0.3881208397337427,"0","50"
"=HYPERLINK(""https://stackoverflow.com/q/30431422"", ""30431422"")",0.3144731447314474,"0","2481"
"=HYPERLINK(""https://stackoverflow.com/q/30432180"", ""30432180"")",0.2590320381731423,"1","939"
"=HYPERLINK(""https://stackoverflow.com/q/30440136"", ""30440136"")",0.5992714025500909,"0","305"
"=HYPERLINK(""https://stackoverflow.com/q/30442858"", ""30442858"")",0.423564504101417,"0","1315"
"=HYPERLINK(""https://stackoverflow.com/q/30655660"", ""30655660"")",0.4218525364551241,"0","80"
"=HYPERLINK(""https://stackoverflow.com/q/30704691"", ""30704691"")",0.7402634593356243,"0","1872"
"=HYPERLINK(""https://stackoverflow.com/q/30717608"", ""30717608"")",0.4353369763205829,"1","954"
"=HYPERLINK(""https://stackoverflow.com/q/30838842"", ""30838842"")",0.2775581906016687,"1","1914"
"=HYPERLINK(""https://stackoverflow.com/q/30941635"", ""30941635"")",0.6429118773946361,"0","78"
"=HYPERLINK(""https://stackoverflow.com/q/31110192"", ""31110192"")",0.3614627285513362,"0","7866"
"=HYPERLINK(""https://stackoverflow.com/q/31115309"", ""31115309"")",0.3198475520375259,"0","1108"
"=HYPERLINK(""https://stackoverflow.com/q/31123446"", ""31123446"")",0.6982369823698238,"0","2225"
"=HYPERLINK(""https://stackoverflow.com/q/31482020"", ""31482020"")",0.3213818860877683,"1","717"
"=HYPERLINK(""https://stackoverflow.com/q/32480969"", ""32480969"")",0.281335522714833,"0","1222"
"=HYPERLINK(""https://stackoverflow.com/q/32516995"", ""32516995"")",0.4080629301868239,"1","587"
"=HYPERLINK(""https://stackoverflow.com/q/32667656"", ""32667656"")",0.2676767676767674,"1","2986"
"=HYPERLINK(""https://stackoverflow.com/q/32699148"", ""32699148"")",0.3662665435518621,"1","3115"
"=HYPERLINK(""https://stackoverflow.com/q/32833023"", ""32833023"")",0.4869281045751633,"0","341"
"=HYPERLINK(""https://stackoverflow.com/q/32837080"", ""32837080"")",0.4580712788259958,"0","1021"
"=HYPERLINK(""https://stackoverflow.com/q/32898055"", ""32898055"")",0.5639943741209563,"2","4270"
"=HYPERLINK(""https://stackoverflow.com/q/32968724"", ""32968724"")",0.4140826873385013,"0","3394"
"=HYPERLINK(""https://stackoverflow.com/q/33079094"", ""33079094"")",0.4773054015198193,"0","418"
"=HYPERLINK(""https://stackoverflow.com/q/33230135"", ""33230135"")",0.800203873598369,"0","896"
"=HYPERLINK(""https://stackoverflow.com/q/33238696"", ""33238696"")",0.3387866394001362,"0","1676"
"=HYPERLINK(""https://stackoverflow.com/q/33465591"", ""33465591"")",0.3109702412396549,"0","12454"
"=HYPERLINK(""https://stackoverflow.com/q/33563838"", ""33563838"")",0.792434988179669,"0","163"
"=HYPERLINK(""https://stackoverflow.com/q/33567783"", ""33567783"")",0.4977015360466419,"1","1848"
"=HYPERLINK(""https://stackoverflow.com/q/33636903"", ""33636903"")",0.460007238508867,"1","2545"
"=HYPERLINK(""https://stackoverflow.com/q/33671690"", ""33671690"")",0.3276276276276273,"0","454"
"=HYPERLINK(""https://stackoverflow.com/q/33677464"", ""33677464"")",0.4470529219964886,"0","2128"
"=HYPERLINK(""https://stackoverflow.com/q/33833638"", ""33833638"")",0.3850129198966408,"0","126"
"=HYPERLINK(""https://stackoverflow.com/q/33932577"", ""33932577"")",0.4697792254795511,"0","1137"
"=HYPERLINK(""https://stackoverflow.com/q/34003059"", ""34003059"")",0.326837606837607,"1","325"
"=HYPERLINK(""https://stackoverflow.com/q/34057845"", ""34057845"")",0.2843843843843844,"0","963"
"=HYPERLINK(""https://stackoverflow.com/q/34199344"", ""34199344"")",0.4114114114114114,"0","802"
"=HYPERLINK(""https://stackoverflow.com/q/34202056"", ""34202056"")",0.3030732860520094,"1","389"
"=HYPERLINK(""https://stackoverflow.com/q/34401344"", ""34401344"")",0.4258739076154808,"2","2067"
"=HYPERLINK(""https://stackoverflow.com/q/34447809"", ""34447809"")",0.4128837008214439,"0","1979"
"=HYPERLINK(""https://stackoverflow.com/q/34618153"", ""34618153"")",0.5842911877394635,"1","703"
"=HYPERLINK(""https://stackoverflow.com/q/34659563"", ""34659563"")",0.6612466124661244,"0","31"
"=HYPERLINK(""https://stackoverflow.com/q/34693521"", ""34693521"")",0.3361462728551337,"1","73"
"=HYPERLINK(""https://stackoverflow.com/q/34719433"", ""34719433"")",0.3984517304189438,"0","289"
"=HYPERLINK(""https://stackoverflow.com/q/34732196"", ""34732196"")",0.2801692420897718,"0","707"
"=HYPERLINK(""https://stackoverflow.com/q/34793552"", ""34793552"")",0.3689288090485694,"2","1715"
"=HYPERLINK(""https://stackoverflow.com/q/34880727"", ""34880727"")",0.2669242089771891,"2","689"
"=HYPERLINK(""https://stackoverflow.com/q/35113156"", ""35113156"")",0.3058585858585858,"0","4032"
"=HYPERLINK(""https://stackoverflow.com/q/35170861"", ""35170861"")",0.2771672771672771,"0","169"
"=HYPERLINK(""https://stackoverflow.com/q/35461248"", ""35461248"")",0.25769894062577,"0","1390"
"=HYPERLINK(""https://stackoverflow.com/q/35509450"", ""35509450"")",0.5167007498295841,"0","169"
"=HYPERLINK(""https://stackoverflow.com/q/35537822"", ""35537822"")",0.581669226830517,"0","239"
"=HYPERLINK(""https://stackoverflow.com/q/35596355"", ""35596355"")",0.3549655850540808,"0","1151"
"=HYPERLINK(""https://stackoverflow.com/q/35666462"", ""35666462"")",0.5009832841691251,"7","4327"
"=HYPERLINK(""https://stackoverflow.com/q/35695958"", ""35695958"")",0.6191687871077184,"0","631"
"=HYPERLINK(""https://stackoverflow.com/q/35701927"", ""35701927"")",0.5209235209235208,"1","106"
"=HYPERLINK(""https://stackoverflow.com/q/35739274"", ""35739274"")",0.3240186294078508,"0","99"
"=HYPERLINK(""https://stackoverflow.com/q/35740776"", ""35740776"")",0.4543650793650794,"0","42"
"=HYPERLINK(""https://stackoverflow.com/q/35775357"", ""35775357"")",0.3093591516828031,"1","2768"
"=HYPERLINK(""https://stackoverflow.com/q/35863639"", ""35863639"")",0.4838501291989663,"2","599"
"=HYPERLINK(""https://stackoverflow.com/q/35898112"", ""35898112"")",0.3724198506807202,"0","838"
"=HYPERLINK(""https://stackoverflow.com/q/35915393"", ""35915393"")",0.4921184159938486,"0","149"
"=HYPERLINK(""https://stackoverflow.com/q/36256679"", ""36256679"")",0.3765846383296048,"0","638"
"=HYPERLINK(""https://stackoverflow.com/q/36285526"", ""36285526"")",0.714919398463702,"1","901"
"=HYPERLINK(""https://stackoverflow.com/q/36300562"", ""36300562"")",0.5937637241985066,"1","2376"
"=HYPERLINK(""https://stackoverflow.com/q/36309567"", ""36309567"")",0.6399437412095641,"3","6983"
"=HYPERLINK(""https://stackoverflow.com/q/36349908"", ""36349908"")",0.4730365544697791,"1","217"
"=HYPERLINK(""https://stackoverflow.com/q/36405838"", ""36405838"")",0.3497390007457122,"1","224"
"=HYPERLINK(""https://stackoverflow.com/q/36585378"", ""36585378"")",0.6973603437691835,"2","448"
"=HYPERLINK(""https://stackoverflow.com/q/36590335"", ""36590335"")",0.3115839243498818,"0","38"
"=HYPERLINK(""https://stackoverflow.com/q/36768312"", ""36768312"")",0.7590643274853802,"0","59"
"=HYPERLINK(""https://stackoverflow.com/q/36855720"", ""36855720"")",0.8441734417344172,"0","41"
"=HYPERLINK(""https://stackoverflow.com/q/36952560"", ""36952560"")",0.3391053391053389,"0","1025"
"=HYPERLINK(""https://stackoverflow.com/q/36999045"", ""36999045"")",0.3781855249745158,"0","619"
"=HYPERLINK(""https://stackoverflow.com/q/37332676"", ""37332676"")",0.2892776158082282,"0","29"
"=HYPERLINK(""https://stackoverflow.com/q/37367097"", ""37367097"")",0.8861566484517304,"0","426"
"=HYPERLINK(""https://stackoverflow.com/q/37367843"", ""37367843"")",0.7194597912829958,"0","408"
"=HYPERLINK(""https://stackoverflow.com/q/37381901"", ""37381901"")",0.5605680868838764,"0","692"
"=HYPERLINK(""https://stackoverflow.com/q/37392795"", ""37392795"")",0.5339377033937701,"0","1231"
"=HYPERLINK(""https://stackoverflow.com/q/37499268"", ""37499268"")",0.4159938485198,"0","1400"
"=HYPERLINK(""https://stackoverflow.com/q/37540421"", ""37540421"")",0.5537139349294047,"0","232"
"=HYPERLINK(""https://stackoverflow.com/q/37559042"", ""37559042"")",0.2806899641577061,"0","29"
"=HYPERLINK(""https://stackoverflow.com/q/37570958"", ""37570958"")",0.7414529914529915,"0","319"
"=HYPERLINK(""https://stackoverflow.com/q/37791671"", ""37791671"")",0.4885538805136794,"0","156"
"=HYPERLINK(""https://stackoverflow.com/q/37843894"", ""37843894"")",0.3899437412095641,"2","623"
"=HYPERLINK(""https://stackoverflow.com/q/37981927"", ""37981927"")",0.8351254480286737,"0","311"
"=HYPERLINK(""https://stackoverflow.com/q/38085985"", ""38085985"")",0.4272642390289448,"0","421"
"=HYPERLINK(""https://stackoverflow.com/q/38102078"", ""38102078"")",0.3019449258617371,"0","725"
"=HYPERLINK(""https://stackoverflow.com/q/38124541"", ""38124541"")",0.2738827388273883,"1","457"
"=HYPERLINK(""https://stackoverflow.com/q/38233602"", ""38233602"")",0.2873688020267824,"1","807"
"=HYPERLINK(""https://stackoverflow.com/q/38240651"", ""38240651"")",0.4299784549092028,"0","32"
"=HYPERLINK(""https://stackoverflow.com/q/38395624"", ""38395624"")",0.3633986928104575,"0","1954"
"=HYPERLINK(""https://stackoverflow.com/q/38759489"", ""38759489"")",0.3825275657336727,"0","380"
"=HYPERLINK(""https://stackoverflow.com/q/38830041"", ""38830041"")",0.602222222222222,"0","256"
"=HYPERLINK(""https://stackoverflow.com/q/38880827"", ""38880827"")",0.7270023369449758,"1","2141"
"=HYPERLINK(""https://stackoverflow.com/q/39018375"", ""39018375"")",0.4301430143014299,"0","759"
"=HYPERLINK(""https://stackoverflow.com/q/39233478"", ""39233478"")",0.5063550635506356,"0","873"
"=HYPERLINK(""https://stackoverflow.com/q/39258387"", ""39258387"")",0.5450070323488044,"3","275"
"=HYPERLINK(""https://stackoverflow.com/q/39272697"", ""39272697"")",0.8688734924300745,"1","4160"
"=HYPERLINK(""https://stackoverflow.com/q/39274849"", ""39274849"")",0.4013666072489602,"0","51"
"=HYPERLINK(""https://stackoverflow.com/q/39370168"", ""39370168"")",0.5303617571059435,"1","246"
"=HYPERLINK(""https://stackoverflow.com/q/39603668"", ""39603668"")",0.4945626477541371,"0","51"
"=HYPERLINK(""https://stackoverflow.com/q/39848330"", ""39848330"")",0.6897546897546898,"0","23"
"=HYPERLINK(""https://stackoverflow.com/q/40006341"", ""40006341"")",0.2980842911877395,"0","749"
"=HYPERLINK(""https://stackoverflow.com/q/40026689"", ""40026689"")",0.4916833000665333,"1","368"
"=HYPERLINK(""https://stackoverflow.com/q/40431383"", ""40431383"")",0.4185237869448395,"0","178"
"=HYPERLINK(""https://stackoverflow.com/q/40506098"", ""40506098"")",0.4438846907360759,"0","1293"
"=HYPERLINK(""https://stackoverflow.com/q/40525663"", ""40525663"")",0.7025371828521436,"0","91"
"=HYPERLINK(""https://stackoverflow.com/q/40774942"", ""40774942"")",0.5150793650793651,"0","349"
"=HYPERLINK(""https://stackoverflow.com/q/40784026"", ""40784026"")",0.4266557197591679,"1","848"
"=HYPERLINK(""https://stackoverflow.com/q/40827648"", ""40827648"")",0.5327485380116959,"0","8574"
"=HYPERLINK(""https://stackoverflow.com/q/40910294"", ""40910294"")",0.3134274339486065,"2","589"
"=HYPERLINK(""https://stackoverflow.com/q/40913338"", ""40913338"")",0.740008783487044,"0","199"
"=HYPERLINK(""https://stackoverflow.com/q/40916162"", ""40916162"")",0.4533780011166944,"0","124"
"=HYPERLINK(""https://stackoverflow.com/q/41016645"", ""41016645"")",0.7753195673549655,"0","729"
"=HYPERLINK(""https://stackoverflow.com/q/41041631"", ""41041631"")",0.5541894353369764,"0","59"
"=HYPERLINK(""https://stackoverflow.com/q/41060300"", ""41060300"")",0.4366800535475232,"0","132"
"=HYPERLINK(""https://stackoverflow.com/q/41139479"", ""41139479"")",0.4694546945469456,"0","766"
"=HYPERLINK(""https://stackoverflow.com/q/41206155"", ""41206155"")",0.3763724198506805,"0","459"
"=HYPERLINK(""https://stackoverflow.com/q/41217737"", ""41217737"")",0.418943533697632,"0","143"
"=HYPERLINK(""https://stackoverflow.com/q/41281289"", ""41281289"")",0.4000878348704432,"1","535"
"=HYPERLINK(""https://stackoverflow.com/q/41405098"", ""41405098"")",0.5615079365079365,"0","872"
"=HYPERLINK(""https://stackoverflow.com/q/41604312"", ""41604312"")",0.3123861566484517,"0","103"
"=HYPERLINK(""https://stackoverflow.com/q/41615946"", ""41615946"")",0.2137115839243498,"0","137"
"=HYPERLINK(""https://stackoverflow.com/q/41653727"", ""41653727"")",0.5541371158392435,"0","58"
"=HYPERLINK(""https://stackoverflow.com/q/41782265"", ""41782265"")",0.7068218115446042,"1","191"
"=HYPERLINK(""https://stackoverflow.com/q/41839920"", ""41839920"")",0.472222222222222,"0","132"
"=HYPERLINK(""https://stackoverflow.com/q/41962049"", ""41962049"")",0.1798835125448029,"1","424"
"=HYPERLINK(""https://stackoverflow.com/q/42028228"", ""42028228"")",0.2583668005354751,"0","1911"
"=HYPERLINK(""https://stackoverflow.com/q/42231417"", ""42231417"")",0.5360297536029751,"0","1160"
"=HYPERLINK(""https://stackoverflow.com/q/42237039"", ""42237039"")",0.3293650793650792,"0","900"
"=HYPERLINK(""https://stackoverflow.com/q/42612074"", ""42612074"")",0.3973194984868136,"0","92"
"=HYPERLINK(""https://stackoverflow.com/q/42654585"", ""42654585"")",0.3034103410341032,"0","201"
"=HYPERLINK(""https://stackoverflow.com/q/42656505"", ""42656505"")",0.604040404040404,"0","1127"
"=HYPERLINK(""https://stackoverflow.com/q/42659957"", ""42659957"")",0.5390161153519932,"0","225"
"=HYPERLINK(""https://stackoverflow.com/q/42678181"", ""42678181"")",0.295954941116231,"0","625"
"=HYPERLINK(""https://stackoverflow.com/q/42761416"", ""42761416"")",0.4126465965421351,"1","1428"
"=HYPERLINK(""https://stackoverflow.com/q/42763537"", ""42763537"")",0.4705443698732292,"1","13255"
"=HYPERLINK(""https://stackoverflow.com/q/42971402"", ""42971402"")",0.470841006752609,"0","105"
"=HYPERLINK(""https://stackoverflow.com/q/43096250"", ""43096250"")",0.5478036175710594,"0","272"
"=HYPERLINK(""https://stackoverflow.com/q/43112714"", ""43112714"")",0.5010683760683762,"2","180"
"=HYPERLINK(""https://stackoverflow.com/q/43142975"", ""43142975"")",0.4670675830469644,"0","307"
"=HYPERLINK(""https://stackoverflow.com/q/43207458"", ""43207458"")",0.3990178023327195,"0","170"
"=HYPERLINK(""https://stackoverflow.com/q/43376052"", ""43376052"")",0.6986765158510311,"1","1312"
"=HYPERLINK(""https://stackoverflow.com/q/43499786"", ""43499786"")",0.3451730418943535,"1","337"
"=HYPERLINK(""https://stackoverflow.com/q/43553643"", ""43553643"")",0.2300043233895373,"0","2389"
"=HYPERLINK(""https://stackoverflow.com/q/43591756"", ""43591756"")",0.5947277654594726,"1","146"
"=HYPERLINK(""https://stackoverflow.com/q/43634345"", ""43634345"")",0.466540404040404,"0","44"
"=HYPERLINK(""https://stackoverflow.com/q/44071382"", ""44071382"")",0.3329365079365081,"1","1065"
"=HYPERLINK(""https://stackoverflow.com/q/44122624"", ""44122624"")",0.5315972222222224,"1","1733"
"=HYPERLINK(""https://stackoverflow.com/q/44253285"", ""44253285"")",0.4485501667949703,"0","560"
"=HYPERLINK(""https://stackoverflow.com/q/44333284"", ""44333284"")",0.3746471644855015,"0","220"
"=HYPERLINK(""https://stackoverflow.com/q/44379868"", ""44379868"")",0.8623606305267203,"0","90"
"=HYPERLINK(""https://stackoverflow.com/q/44514603"", ""44514603"")",0.5647636586863107,"1","189"
"=HYPERLINK(""https://stackoverflow.com/q/44698700"", ""44698700"")",0.4885538805136795,"0","1030"
"=HYPERLINK(""https://stackoverflow.com/q/44954332"", ""44954332"")",0.2406837606837608,"0","258"
"=HYPERLINK(""https://stackoverflow.com/q/45042577"", ""45042577"")",0.4024878768711789,"1","4593"
"=HYPERLINK(""https://stackoverflow.com/q/45097658"", ""45097658"")",0.3741209563994372,"0","550"
"=HYPERLINK(""https://stackoverflow.com/q/45280072"", ""45280072"")",0.4108449767132402,"1","732"
"=HYPERLINK(""https://stackoverflow.com/q/45447338"", ""45447338"")",0.3266998341625206,"1","131"
"=HYPERLINK(""https://stackoverflow.com/q/45505103"", ""45505103"")",0.6824631860776439,"0","1744"
"=HYPERLINK(""https://stackoverflow.com/q/45602387"", ""45602387"")",0.7454780361757104,"0","3013"
"=HYPERLINK(""https://stackoverflow.com/q/45693510"", ""45693510"")",0.1511900357627328,"2","1509"
"=HYPERLINK(""https://stackoverflow.com/q/45710130"", ""45710130"")",0.2392676767676767,"0","998"
"=HYPERLINK(""https://stackoverflow.com/q/45917088"", ""45917088"")",0.3615770609318996,"0","2182"
"=HYPERLINK(""https://stackoverflow.com/q/45939795"", ""45939795"")",0.4152601969057663,"0","994"
"=HYPERLINK(""https://stackoverflow.com/q/46075613"", ""46075613"")",0.3901611535199325,"0","628"
"=HYPERLINK(""https://stackoverflow.com/q/46151208"", ""46151208"")",0.3305345647914915,"0","710"
"=HYPERLINK(""https://stackoverflow.com/q/46178750"", ""46178750"")",0.4653161448741559,"2","529"
"=HYPERLINK(""https://stackoverflow.com/q/46316937"", ""46316937"")",0.3898868928809048,"2","1856"
"=HYPERLINK(""https://stackoverflow.com/q/46405517"", ""46405517"")",0.3995621237000545,"0","298"
"=HYPERLINK(""https://stackoverflow.com/q/46772581"", ""46772581"")",0.5174251742517425,"0","295"
"=HYPERLINK(""https://stackoverflow.com/q/46815481"", ""46815481"")",0.4080629301868242,"1","1992"
"=HYPERLINK(""https://stackoverflow.com/q/46850533"", ""46850533"")",0.7169590643274854,"1","65"
"=HYPERLINK(""https://stackoverflow.com/q/46982994"", ""46982994"")",0.8832391713747643,"0","334"
"=HYPERLINK(""https://stackoverflow.com/q/46997193"", ""46997193"")",0.3258366800535476,"0","851"
"=HYPERLINK(""https://stackoverflow.com/q/47073910"", ""47073910"")",0.3677918424753868,"1","234"
"=HYPERLINK(""https://stackoverflow.com/q/47101918"", ""47101918"")",0.9408151870463428,"0","3250"
"=HYPERLINK(""https://stackoverflow.com/q/47204294"", ""47204294"")",0.383035530909838,"0","145"
"=HYPERLINK(""https://stackoverflow.com/q/47254010"", ""47254010"")",0.2677414256361625,"3","1182"
"=HYPERLINK(""https://stackoverflow.com/q/47260957"", ""47260957"")",0.4557551563539584,"5","117"
"=HYPERLINK(""https://stackoverflow.com/q/47302603"", ""47302603"")",0.3645147123407991,"0","550"
"=HYPERLINK(""https://stackoverflow.com/q/47469494"", ""47469494"")",0.3506625891946993,"0","4130"
"=HYPERLINK(""https://stackoverflow.com/q/47528638"", ""47528638"")",0.4222222222222221,"0","104"
"=HYPERLINK(""https://stackoverflow.com/q/47595110"", ""47595110"")",0.2508447624726695,"1","95"
"=HYPERLINK(""https://stackoverflow.com/q/47611260"", ""47611260"")",0.5729009552538963,"2","4083"
"=HYPERLINK(""https://stackoverflow.com/q/47619743"", ""47619743"")",0.7940106353204587,"0","666"
"=HYPERLINK(""https://stackoverflow.com/q/47634952"", ""47634952"")",0.6892033542976939,"0","201"
"=HYPERLINK(""https://stackoverflow.com/q/47667747"", ""47667747"")",0.5790061418202119,"0","681"
"=HYPERLINK(""https://stackoverflow.com/q/47740299"", ""47740299"")",0.3455988455988454,"0","634"
"=HYPERLINK(""https://stackoverflow.com/q/47742822"", ""47742822"")",0.5502854633289416,"0","449"
"=HYPERLINK(""https://stackoverflow.com/q/47743020"", ""47743020"")",0.697831978319783,"0","404"
"=HYPERLINK(""https://stackoverflow.com/q/47871487"", ""47871487"")",0.4016115351993216,"1","769"
"=HYPERLINK(""https://stackoverflow.com/q/47908044"", ""47908044"")",0.5007457121551082,"0","1023"
"=HYPERLINK(""https://stackoverflow.com/q/48570327"", ""48570327"")",0.3748538011695906,"0","725"
"=HYPERLINK(""https://stackoverflow.com/q/48617101"", ""48617101"")",0.5014430014430014,"1","2007"
"=HYPERLINK(""https://stackoverflow.com/q/48649652"", ""48649652"")",0.2631860776439091,"0","397"
"=HYPERLINK(""https://stackoverflow.com/q/48710601"", ""48710601"")",0.3904914529914531,"0","558"
"=HYPERLINK(""https://stackoverflow.com/q/48794577"", ""48794577"")",0.5463123435393802,"0","111"
"=HYPERLINK(""https://stackoverflow.com/q/48818859"", ""48818859"")",0.3187739463601532,"0","261"
"=HYPERLINK(""https://stackoverflow.com/q/48899981"", ""48899981"")",0.4131769960915686,"0","495"
"=HYPERLINK(""https://stackoverflow.com/q/48906831"", ""48906831"")",0.4632645674990951,"1","567"
"=HYPERLINK(""https://stackoverflow.com/q/48938352"", ""48938352"")",0.2835429769392034,"0","1494"
"=HYPERLINK(""https://stackoverflow.com/q/48971588"", ""48971588"")",0.3541371158392435,"0","855"
"=HYPERLINK(""https://stackoverflow.com/q/49008645"", ""49008645"")",0.2934623277631193,"0","108"
"=HYPERLINK(""https://stackoverflow.com/q/49047945"", ""49047945"")",0.551081282624907,"1","1956"
"=HYPERLINK(""https://stackoverflow.com/q/49055976"", ""49055976"")",0.462166743720142,"0","2511"
"=HYPERLINK(""https://stackoverflow.com/q/49226059"", ""49226059"")",0.59245122985581,"1","67"
"=HYPERLINK(""https://stackoverflow.com/q/49243599"", ""49243599"")",0.4910192147034253,"1","3311"
"=HYPERLINK(""https://stackoverflow.com/q/49265868"", ""49265868"")",0.5699773242630387,"2","1211"
"=HYPERLINK(""https://stackoverflow.com/q/49309871"", ""49309871"")",0.4665218964893232,"2","1933"
"=HYPERLINK(""https://stackoverflow.com/q/49405906"", ""49405906"")",0.4560683760683761,"0","412"
"=HYPERLINK(""https://stackoverflow.com/q/49435780"", ""49435780"")",0.2968828557063851,"0","112"
"=HYPERLINK(""https://stackoverflow.com/q/49517238"", ""49517238"")",0.2573345817727842,"1","196"
"=HYPERLINK(""https://stackoverflow.com/q/49534363"", ""49534363"")",0.2191405581236089,"0","555"
"=HYPERLINK(""https://stackoverflow.com/q/49592469"", ""49592469"")",0.3828870421668206,"0","74"
"=HYPERLINK(""https://stackoverflow.com/q/49606624"", ""49606624"")",0.301169590643275,"1","84"
"=HYPERLINK(""https://stackoverflow.com/q/50037563"", ""50037563"")",0.3286052009456265,"0","1130"
"=HYPERLINK(""https://stackoverflow.com/q/50043718"", ""50043718"")",0.6832611832611832,"0","83"
"=HYPERLINK(""https://stackoverflow.com/q/50056820"", ""50056820"")",0.4924300744162174,"0","1646"
"=HYPERLINK(""https://stackoverflow.com/q/50131897"", ""50131897"")",0.5328605200945626,"0","60"
"=HYPERLINK(""https://stackoverflow.com/q/50293525"", ""50293525"")",0.8041894353369765,"2","55"
"=HYPERLINK(""https://stackoverflow.com/q/50318170"", ""50318170"")",0.7481588216458533,"0","62"
"=HYPERLINK(""https://stackoverflow.com/q/50380101"", ""50380101"")",0.515839243498818,"1","26"
"=HYPERLINK(""https://stackoverflow.com/q/50398734"", ""50398734"")",0.6962481962481962,"1","91"
"=HYPERLINK(""https://stackoverflow.com/q/50544986"", ""50544986"")",0.3941679235796881,"2","715"
"=HYPERLINK(""https://stackoverflow.com/q/50628978"", ""50628978"")",0.2542921930677034,"0","308"
"=HYPERLINK(""https://stackoverflow.com/q/50719388"", ""50719388"")",0.3809123985446402,"0","173"
"=HYPERLINK(""https://stackoverflow.com/q/50720192"", ""50720192"")",0.3818860877684406,"0","707"
"=HYPERLINK(""https://stackoverflow.com/q/50783112"", ""50783112"")",0.343101343101343,"1","143"
"=HYPERLINK(""https://stackoverflow.com/q/50866886"", ""50866886"")",0.3166847629388346,"0","1008"
"=HYPERLINK(""https://stackoverflow.com/q/50877904"", ""50877904"")",0.441473559120618,"3","3226"
"=HYPERLINK(""https://stackoverflow.com/q/51022868"", ""51022868"")",0.3675509419454055,"2","545"
"=HYPERLINK(""https://stackoverflow.com/q/51098840"", ""51098840"")",0.517304189435337,"0","1023"
"=HYPERLINK(""https://stackoverflow.com/q/51144956"", ""51144956"")",0.3614267676767674,"0","383"
"=HYPERLINK(""https://stackoverflow.com/q/51170931"", ""51170931"")",0.2620292186034041,"0","167"
"=HYPERLINK(""https://stackoverflow.com/q/51292349"", ""51292349"")",0.6873385012919896,"0","87"
"=HYPERLINK(""https://stackoverflow.com/q/51315896"", ""51315896"")",0.2754137115839244,"0","1415"
"=HYPERLINK(""https://stackoverflow.com/q/51412204"", ""51412204"")",0.4497671324018629,"0","41"
"=HYPERLINK(""https://stackoverflow.com/q/51882199"", ""51882199"")",0.2576613593562746,"0","1001"
"=HYPERLINK(""https://stackoverflow.com/q/52281996"", ""52281996"")",0.2571059431524546,"2","807"
"=HYPERLINK(""https://stackoverflow.com/q/52345651"", ""52345651"")",0.3650793650793651,"1","4179"
"=HYPERLINK(""https://stackoverflow.com/q/52377083"", ""52377083"")",0.8035371011149556,"2","600"
"=HYPERLINK(""https://stackoverflow.com/q/52413968"", ""52413968"")",0.5232602845059594,"1","347"
"=HYPERLINK(""https://stackoverflow.com/q/52479265"", ""52479265"")",0.3378001116694581,"0","78"
"=HYPERLINK(""https://stackoverflow.com/q/52515334"", ""52515334"")",0.5158002038735985,"0","390"
"=HYPERLINK(""https://stackoverflow.com/q/52599177"", ""52599177"")",0.3879680785758134,"0","390"
"=HYPERLINK(""https://stackoverflow.com/q/52668847"", ""52668847"")",0.3376956633307671,"0","675"
"=HYPERLINK(""https://stackoverflow.com/q/52924472"", ""52924472"")",0.5810008481764207,"1","445"
"=HYPERLINK(""https://stackoverflow.com/q/52933840"", ""52933840"")",0.3986928104575162,"0","39"
"=HYPERLINK(""https://stackoverflow.com/q/53052312"", ""53052312"")",0.3975468975468974,"1","256"
"=HYPERLINK(""https://stackoverflow.com/q/53061889"", ""53061889"")",0.4722222222222222,"0","10"
"=HYPERLINK(""https://stackoverflow.com/q/53183267"", ""53183267"")",0.417966903073286,"1","2201"
"=HYPERLINK(""https://stackoverflow.com/q/53215131"", ""53215131"")",0.640826873385013,"0","56"
"=HYPERLINK(""https://stackoverflow.com/q/53379007"", ""53379007"")",0.6702741702741701,"0","39"
"=HYPERLINK(""https://stackoverflow.com/q/53426184"", ""53426184"")",0.4973762263289986,"1","388"
"=HYPERLINK(""https://stackoverflow.com/q/53480405"", ""53480405"")",0.464327485380117,"0","122"
"=HYPERLINK(""https://stackoverflow.com/q/53496965"", ""53496965"")",0.4413623054399755,"0","286"
"=HYPERLINK(""https://stackoverflow.com/q/53503894"", ""53503894"")",0.4492492492492489,"0","602"
"=HYPERLINK(""https://stackoverflow.com/q/53657226"", ""53657226"")",0.3655446977922548,"0","699"
"=HYPERLINK(""https://stackoverflow.com/q/53707341"", ""53707341"")",0.3650793650793647,"1","1316"
"=HYPERLINK(""https://stackoverflow.com/q/53753197"", ""53753197"")",0.3327749860413175,"0","48"
"=HYPERLINK(""https://stackoverflow.com/q/54060551"", ""54060551"")",0.3472222222222223,"0","151"
"=HYPERLINK(""https://stackoverflow.com/q/54073170"", ""54073170"")",0.3778950454412197,"0","947"
"=HYPERLINK(""https://stackoverflow.com/q/54148811"", ""54148811"")",0.6146272855133617,"1","197"
"=HYPERLINK(""https://stackoverflow.com/q/54225608"", ""54225608"")",0.3090485695276113,"0","3370"
"=HYPERLINK(""https://stackoverflow.com/q/54323861"", ""54323861"")",0.3329233292332924,"0","152"
"=HYPERLINK(""https://stackoverflow.com/q/54462535"", ""54462535"")",0.5215570337521557,"0","77"
"=HYPERLINK(""https://stackoverflow.com/q/54520497"", ""54520497"")",0.4494949494949494,"0","1542"
"=HYPERLINK(""https://stackoverflow.com/q/54779260"", ""54779260"")",0.4016115351993219,"0","508"
"=HYPERLINK(""https://stackoverflow.com/q/54898135"", ""54898135"")",0.6955046649703139,"0","1137"
"=HYPERLINK(""https://stackoverflow.com/q/54902706"", ""54902706"")",0.3990178023327195,"0","628"
"=HYPERLINK(""https://stackoverflow.com/q/54953195"", ""54953195"")",0.4477541371158392,"0","21"
"=HYPERLINK(""https://stackoverflow.com/q/55067163"", ""55067163"")",0.3293650793650792,"0","133"
"=HYPERLINK(""https://stackoverflow.com/q/55114718"", ""55114718"")",0.3763724198506806,"0","369"
"=HYPERLINK(""https://stackoverflow.com/q/55179755"", ""55179755"")",0.4287713406101314,"1","85"
"=HYPERLINK(""https://stackoverflow.com/q/55216747"", ""55216747"")",0.7498817966903073,"0","306"
"=HYPERLINK(""https://stackoverflow.com/q/55220911"", ""55220911"")",0.2526931363496461,"0","367"
"=HYPERLINK(""https://stackoverflow.com/q/55234115"", ""55234115"")",0.3773468759618344,"0","784"
"=HYPERLINK(""https://stackoverflow.com/q/55246906"", ""55246906"")",0.2145740386658169,"0","505"
"=HYPERLINK(""https://stackoverflow.com/q/55339959"", ""55339959"")",0.3799403430275914,"0","245"
"=HYPERLINK(""https://stackoverflow.com/q/55356869"", ""55356869"")",0.6909722222222221,"2","148"
"=HYPERLINK(""https://stackoverflow.com/q/55356963"", ""55356963"")",0.2367676767676767,"0","169"
"=HYPERLINK(""https://stackoverflow.com/q/55389871"", ""55389871"")",0.3801169590643274,"2","70"
"=HYPERLINK(""https://stackoverflow.com/q/55397973"", ""55397973"")",0.2567371475953564,"1","106"
"=HYPERLINK(""https://stackoverflow.com/q/55408264"", ""55408264"")",0.2870757787075776,"2","94"
"=HYPERLINK(""https://stackoverflow.com/q/55519538"", ""55519538"")",0.4048569527611442,"1","121"
"=HYPERLINK(""https://stackoverflow.com/q/55579598"", ""55579598"")",0.3276276276276276,"0","335"
"=HYPERLINK(""https://stackoverflow.com/q/55584658"", ""55584658"")",0.6144874155923882,"0","140"
"=HYPERLINK(""https://stackoverflow.com/q/55781789"", ""55781789"")",0.6124661246612464,"1","45"
"=HYPERLINK(""https://stackoverflow.com/q/55832515"", ""55832515"")",0.5612052730696797,"0","136"
"=HYPERLINK(""https://stackoverflow.com/q/55912284"", ""55912284"")",0.3398692810457517,"0","42"
"=HYPERLINK(""https://stackoverflow.com/q/56098541"", ""56098541"")",0.5801169590643276,"0","1488"
"=HYPERLINK(""https://stackoverflow.com/q/56178580"", ""56178580"")",0.3030605455755156,"0","131"
"=HYPERLINK(""https://stackoverflow.com/q/56215583"", ""56215583"")",0.5754137115839243,"2","1458"
"=HYPERLINK(""https://stackoverflow.com/q/56377788"", ""56377788"")",0.2750623807426977,"0","736"
"=HYPERLINK(""https://stackoverflow.com/q/56401280"", ""56401280"")",0.3252756573367261,"0","34"
"=HYPERLINK(""https://stackoverflow.com/q/56559339"", ""56559339"")",0.8031045751633986,"0","777"
"=HYPERLINK(""https://stackoverflow.com/q/56563591"", ""56563591"")",0.4491351509821167,"0","694"
"=HYPERLINK(""https://stackoverflow.com/q/56616142"", ""56616142"")",0.3765846383296048,"0","856"
"=HYPERLINK(""https://stackoverflow.com/q/56772061"", ""56772061"")",0.5895691609977324,"0","524"
"=HYPERLINK(""https://stackoverflow.com/q/57002038"", ""57002038"")",0.5394636015325672,"0","243"
"=HYPERLINK(""https://stackoverflow.com/q/57019915"", ""57019915"")",0.5044308111792775,"0","25"
"=HYPERLINK(""https://stackoverflow.com/q/57040877"", ""57040877"")",0.3279914529914531,"0","1360"
"=HYPERLINK(""https://stackoverflow.com/q/57071760"", ""57071760"")",0.4048309178743956,"1","269"
"=HYPERLINK(""https://stackoverflow.com/q/57100939"", ""57100939"")",0.3184701830705094,"2","2982"
"=HYPERLINK(""https://stackoverflow.com/q/57137972"", ""57137972"")",0.5695504664970313,"0","44"
"=HYPERLINK(""https://stackoverflow.com/q/57250709"", ""57250709"")",0.5429219306770328,"0","336"
"=HYPERLINK(""https://stackoverflow.com/q/57516603"", ""57516603"")",0.4068980571927527,"1","145"
"=HYPERLINK(""https://stackoverflow.com/q/57828966"", ""57828966"")",0.3163644816364481,"1","304"
"=HYPERLINK(""https://stackoverflow.com/q/58021057"", ""58021057"")",0.2673835125448028,"0","100"
"=HYPERLINK(""https://stackoverflow.com/q/58021803"", ""58021803"")",0.5892172961138479,"0","106"
"=HYPERLINK(""https://stackoverflow.com/q/58072710"", ""58072710"")",0.3585858585858585,"0","907"
"=HYPERLINK(""https://stackoverflow.com/q/58107401"", ""58107401"")",0.4556852572416774,"1","215"
"=HYPERLINK(""https://stackoverflow.com/q/58170205"", ""58170205"")",0.4798399507540782,"0","64"
"=HYPERLINK(""https://stackoverflow.com/q/58224427"", ""58224427"")",0.8450595924644365,"1","62"
"=HYPERLINK(""https://stackoverflow.com/q/58338326"", ""58338326"")",0.4031267448352874,"1","56"
"=HYPERLINK(""https://stackoverflow.com/q/58454738"", ""58454738"")",0.7803617571059428,"1","61"
"=HYPERLINK(""https://stackoverflow.com/q/58665262"", ""58665262"")",0.3274853801169591,"2","2686"
"=HYPERLINK(""https://stackoverflow.com/q/58757344"", ""58757344"")",0.3757936507936508,"1","912"
"=HYPERLINK(""https://stackoverflow.com/q/58775389"", ""58775389"")",0.3627627627627625,"1","56"
"=HYPERLINK(""https://stackoverflow.com/q/58864490"", ""58864490"")",0.4024202420242021,"0","131"
"=HYPERLINK(""https://stackoverflow.com/q/58943843"", ""58943843"")",0.4604493690366266,"1","885"
"=HYPERLINK(""https://stackoverflow.com/q/58949589"", ""58949589"")",0.342825237297599,"0","94"
"=HYPERLINK(""https://stackoverflow.com/q/59069701"", ""59069701"")",0.6452991452991454,"0","307"
"=HYPERLINK(""https://stackoverflow.com/q/59116113"", ""59116113"")",0.4736085438488395,"0","208"
"=HYPERLINK(""https://stackoverflow.com/q/59141286"", ""59141286"")",0.5136795086543829,"0","118"
"=HYPERLINK(""https://stackoverflow.com/q/59163388"", ""59163388"")",0.8046085858585857,"2","94"
"=HYPERLINK(""https://stackoverflow.com/q/59178106"", ""59178106"")",0.8276276276276274,"1","242"
"=HYPERLINK(""https://stackoverflow.com/q/59182894"", ""59182894"")",0.4385683760683762,"0","191"
"=HYPERLINK(""https://stackoverflow.com/q/59183416"", ""59183416"")",0.4877089478859392,"0","313"
"=HYPERLINK(""https://stackoverflow.com/q/59232715"", ""59232715"")",0.92774369461486,"0","64"
"=HYPERLINK(""https://stackoverflow.com/q/59266390"", ""59266390"")",0.5336976320582878,"0","304"
"=HYPERLINK(""https://stackoverflow.com/q/59323907"", ""59323907"")",0.4966747769667479,"0","1666"
"=HYPERLINK(""https://stackoverflow.com/q/59326256"", ""59326256"")",0.5211152111521115,"0","28"
"=HYPERLINK(""https://stackoverflow.com/q/59332885"", ""59332885"")",0.5626477541371159,"1","317"
"=HYPERLINK(""https://stackoverflow.com/q/59467158"", ""59467158"")",0.3714759535655056,"0","98"
"=HYPERLINK(""https://stackoverflow.com/q/59506344"", ""59506344"")",0.305411130367803,"1","3528"
"=HYPERLINK(""https://stackoverflow.com/q/59669996"", ""59669996"")",0.468341956146834,"0","715"
"=HYPERLINK(""https://stackoverflow.com/q/59764536"", ""59764536"")",0.2920374172940906,"1","1858"
"=HYPERLINK(""https://stackoverflow.com/q/59765219"", ""59765219"")",0.4607543323139653,"1","57"
"=HYPERLINK(""https://stackoverflow.com/q/59765900"", ""59765900"")",0.3835667600373482,"0","120"
"=HYPERLINK(""https://stackoverflow.com/q/59987111"", ""59987111"")",0.3458585858585858,"0","35"
"=HYPERLINK(""https://stackoverflow.com/q/60005455"", ""60005455"")",0.4396135265700479,"0","16"
"=HYPERLINK(""https://stackoverflow.com/q/60047215"", ""60047215"")",0.4824032176973351,"0","50"
"=HYPERLINK(""https://stackoverflow.com/q/60066354"", ""60066354"")",0.33721195528177,"1","205"
"=HYPERLINK(""https://stackoverflow.com/q/60163236"", ""60163236"")",0.4256120527306966,"0","163"
"=HYPERLINK(""https://stackoverflow.com/q/60210752"", ""60210752"")",0.5313825275657337,"0","149"
"=HYPERLINK(""https://stackoverflow.com/q/60211441"", ""60211441"")",0.3543650793650794,"0","140"
"=HYPERLINK(""https://stackoverflow.com/q/60343379"", ""60343379"")",0.3729914529914533,"0","201"
"=HYPERLINK(""https://stackoverflow.com/q/60586266"", ""60586266"")",0.449808429118774,"0","26"
"=HYPERLINK(""https://stackoverflow.com/q/60591533"", ""60591533"")",0.4399343993439933,"3","73"
"=HYPERLINK(""https://stackoverflow.com/q/60739759"", ""60739759"")",0.3722222222222223,"1","424"
"=HYPERLINK(""https://stackoverflow.com/q/60881573"", ""60881573"")",0.6000848176420696,"0","865"
"=HYPERLINK(""https://stackoverflow.com/q/60918087"", ""60918087"")",0.6356837606837608,"1","69"
"=HYPERLINK(""https://stackoverflow.com/q/60929654"", ""60929654"")",0.6393076493579005,"0","23"
"=HYPERLINK(""https://stackoverflow.com/q/60982280"", ""60982280"")",0.6002562028047465,"0","265"
"=HYPERLINK(""https://stackoverflow.com/q/60989099"", ""60989099"")",0.3592484612892778,"0","72"
"=HYPERLINK(""https://stackoverflow.com/q/61002149"", ""61002149"")",0.3926767676767676,"0","54"
"=HYPERLINK(""https://stackoverflow.com/q/61020836"", ""61020836"")",0.695906432748538,"1","2080"
"=HYPERLINK(""https://stackoverflow.com/q/61261966"", ""61261966"")",0.3302554632194521,"0","55"
"=HYPERLINK(""https://stackoverflow.com/q/61264264"", ""61264264"")",0.592387968078576,"0","42"
"=HYPERLINK(""https://stackoverflow.com/q/61357488"", ""61357488"")",0.4111339265343372,"0","43"
"=HYPERLINK(""https://stackoverflow.com/q/61369311"", ""61369311"")",0.4551857721429829,"0","311"
"=HYPERLINK(""https://stackoverflow.com/q/61453149"", ""61453149"")",0.4829365079365081,"1","249"
"=HYPERLINK(""https://stackoverflow.com/q/61516194"", ""61516194"")",0.5007457121551085,"1","51"
"=HYPERLINK(""https://stackoverflow.com/q/61522421"", ""61522421"")",0.3448637316561845,"1","392"
"=HYPERLINK(""https://stackoverflow.com/q/61679009"", ""61679009"")",0.391053391053391,"0","84"
"=HYPERLINK(""https://stackoverflow.com/q/61692138"", ""61692138"")",0.3910533910533911,"2","48"
"=HYPERLINK(""https://stackoverflow.com/q/61709901"", ""61709901"")",0.6372419850680721,"0","43"
"=HYPERLINK(""https://stackoverflow.com/q/61725321"", ""61725321"")",0.5788487282463185,"0","22"
"=HYPERLINK(""https://stackoverflow.com/q/61725679"", ""61725679"")",0.3820582877959929,"0","41"
"=HYPERLINK(""https://stackoverflow.com/q/61740730"", ""61740730"")",0.4129914529914534,"1","307"
"=HYPERLINK(""https://stackoverflow.com/q/61754473"", ""61754473"")",0.4500703234880449,"0","37"
"=HYPERLINK(""https://stackoverflow.com/q/61788623"", ""61788623"")",0.5779269202087995,"0","539"
"=HYPERLINK(""https://stackoverflow.com/q/61812820"", ""61812820"")",0.5711583924349883,"0","45"
"=HYPERLINK(""https://stackoverflow.com/q/61874389"", ""61874389"")",0.6699558022407236,"0","118"
"=HYPERLINK(""https://stackoverflow.com/q/61884325"", ""61884325"")",0.4533780011166946,"0","64"
"=HYPERLINK(""https://stackoverflow.com/q/61887852"", ""61887852"")",0.4618535586277521,"1","119"
"=HYPERLINK(""https://stackoverflow.com/q/61923230"", ""61923230"")",0.3294949494949493,"0","143"
"=HYPERLINK(""https://stackoverflow.com/q/61947475"", ""61947475"")",0.8117944147355913,"0","105"
"=HYPERLINK(""https://stackoverflow.com/q/61964331"", ""61964331"")",0.6738351254480285,"0","80"
"=HYPERLINK(""https://stackoverflow.com/q/62011920"", ""62011920"")",0.6876600102406553,"0","116"
"=HYPERLINK(""https://stackoverflow.com/q/62151159"", ""62151159"")",0.746360153256705,"0","135"
"=HYPERLINK(""https://stackoverflow.com/q/62191426"", ""62191426"")",0.4612222222222221,"0","396"
"=HYPERLINK(""https://stackoverflow.com/q/62192689"", ""62192689"")",0.6690307328605201,"0","77"
"=HYPERLINK(""https://stackoverflow.com/q/62292036"", ""62292036"")",0.6308760683760684,"0","32"
"=HYPERLINK(""https://stackoverflow.com/q/62368617"", ""62368617"")",0.5977162933684672,"0","82"
"=HYPERLINK(""https://stackoverflow.com/q/62399664"", ""62399664"")",0.3019768234492161,"0","278"
"=HYPERLINK(""https://stackoverflow.com/q/62530109"", ""62530109"")",0.6191452991452993,"0","52"
"=HYPERLINK(""https://stackoverflow.com/q/62535676"", ""62535676"")",0.391772395232603,"0","91"
"=HYPERLINK(""https://stackoverflow.com/q/62562538"", ""62562538"")",0.3809279233008045,"0","79"
"=HYPERLINK(""https://stackoverflow.com/q/62568460"", ""62568460"")",0.4276767676767676,"0","24"
"=HYPERLINK(""https://stackoverflow.com/q/62654655"", ""62654655"")",0.4917874396135264,"0","59"
"=HYPERLINK(""https://stackoverflow.com/q/62654972"", ""62654972"")",0.2632899840292036,"0","544"
"=HYPERLINK(""https://stackoverflow.com/q/62665508"", ""62665508"")",0.3914529914529919,"0","226"
"=HYPERLINK(""https://stackoverflow.com/q/62671896"", ""62671896"")",0.4529914529914531,"0","51"
"=HYPERLINK(""https://stackoverflow.com/q/62689620"", ""62689620"")",0.5122985581000848,"0","27"
"=HYPERLINK(""https://stackoverflow.com/q/62760540"", ""62760540"")",0.3363268181017785,"0","108"
"=HYPERLINK(""https://stackoverflow.com/q/62806877"", ""62806877"")",0.2536029753602974,"0","103"
"=HYPERLINK(""https://stackoverflow.com/q/62835804"", ""62835804"")",0.3881796690307328,"0","507"
"=HYPERLINK(""https://stackoverflow.com/q/62911131"", ""62911131"")",0.3850129198966407,"0","184"
"=HYPERLINK(""https://stackoverflow.com/q/63043565"", ""63043565"")",0.2869172314643663,"0","29"
"=HYPERLINK(""https://stackoverflow.com/q/63186757"", ""63186757"")",0.733811626195732,"1","863"
"=HYPERLINK(""https://stackoverflow.com/q/63254494"", ""63254494"")",0.4228210246174317,"0","312"
"=HYPERLINK(""https://stackoverflow.com/q/63302083"", ""63302083"")",0.4722222222222222,"1","585"
"=HYPERLINK(""https://stackoverflow.com/q/63334938"", ""63334938"")",0.4689754689754686,"1","189"
"=HYPERLINK(""https://stackoverflow.com/q/63335023"", ""63335023"")",0.501819199552197,"0","43"
"=HYPERLINK(""https://stackoverflow.com/q/63352512"", ""63352512"")",0.7847222222222221,"0","137"
"=HYPERLINK(""https://stackoverflow.com/q/63417581"", ""63417581"")",0.4839671886651753,"0","367"
"=HYPERLINK(""https://stackoverflow.com/q/63462895"", ""63462895"")",0.3419561468341952,"0","37"
"=HYPERLINK(""https://stackoverflow.com/q/63474646"", ""63474646"")",0.4995719910974147,"0","150"
"=HYPERLINK(""https://stackoverflow.com/q/63673672"", ""63673672"")",0.3710111495578623,"0","37"
"=HYPERLINK(""https://stackoverflow.com/q/63678630"", ""63678630"")",0.4895033282130055,"0","1303"
"=HYPERLINK(""https://stackoverflow.com/q/63736637"", ""63736637"")",0.3967188665175243,"0","8"
"=HYPERLINK(""https://stackoverflow.com/q/63758714"", ""63758714"")",0.3150365934797071,"0","86"
"=HYPERLINK(""https://stackoverflow.com/q/63778882"", ""63778882"")",0.6278825995807127,"0","102"
"=HYPERLINK(""https://stackoverflow.com/q/63900647"", ""63900647"")",0.3266267899220592,"1","230"
"=HYPERLINK(""https://stackoverflow.com/q/63990287"", ""63990287"")",0.9359626802374896,"0","127"
"=HYPERLINK(""https://stackoverflow.com/q/64017583"", ""64017583"")",0.4321152703505645,"0","227"
"=HYPERLINK(""https://stackoverflow.com/q/64055417"", ""64055417"")",0.4750631313131312,"0","84"
"=HYPERLINK(""https://stackoverflow.com/q/64130690"", ""64130690"")",0.6518773946360151,"0","34"
"=HYPERLINK(""https://stackoverflow.com/q/64234748"", ""64234748"")",0.8188131313131313,"0","32"
"=HYPERLINK(""https://stackoverflow.com/q/64239000"", ""64239000"")",0.3177853621539627,"2","310"
"=HYPERLINK(""https://stackoverflow.com/q/64246841"", ""64246841"")",0.5828779599271404,"0","36"
"=HYPERLINK(""https://stackoverflow.com/q/64298913"", ""64298913"")",0.7519519519519517,"0","1162"
"=HYPERLINK(""https://stackoverflow.com/q/64349555"", ""64349555"")",0.3483760683760684,"0","96"
"=HYPERLINK(""https://stackoverflow.com/q/64435691"", ""64435691"")",0.3227247347850361,"0","32"
"=HYPERLINK(""https://stackoverflow.com/q/64439045"", ""64439045"")",0.4584031267448352,"0","143"
"=HYPERLINK(""https://stackoverflow.com/q/64489875"", ""64489875"")",0.3622873688020268,"0","71"
"=HYPERLINK(""https://stackoverflow.com/q/64496831"", ""64496831"")",0.7487708947885939,"0","71"
"=HYPERLINK(""https://stackoverflow.com/q/64515404"", ""64515404"")",0.4303303303303301,"0","101"
"=HYPERLINK(""https://stackoverflow.com/q/64539875"", ""64539875"")",0.4052796711024558,"0","310"
"=HYPERLINK(""https://stackoverflow.com/q/64672288"", ""64672288"")",0.7716727716727717,"0","43"
"=HYPERLINK(""https://stackoverflow.com/q/64692318"", ""64692318"")",0.5790061418202118,"0","107"
"=HYPERLINK(""https://stackoverflow.com/q/64719679"", ""64719679"")",0.3676767676767676,"0","30"
"=HYPERLINK(""https://stackoverflow.com/q/64817477"", ""64817477"")",0.5573573573573575,"0","27"
"=HYPERLINK(""https://stackoverflow.com/q/64849331"", ""64849331"")",0.4489224741113909,"2","1093"
"=HYPERLINK(""https://stackoverflow.com/q/64851871"", ""64851871"")",0.764327485380117,"0","48"
"=HYPERLINK(""https://stackoverflow.com/q/64864527"", ""64864527"")",0.887129873937262,"0","261"
"=HYPERLINK(""https://stackoverflow.com/q/64873272"", ""64873272"")",0.4591452991452993,"0","136"
"=HYPERLINK(""https://stackoverflow.com/q/64979975"", ""64979975"")",0.4189435336976323,"0","66"
"=HYPERLINK(""https://stackoverflow.com/q/65050194"", ""65050194"")",0.4030340303403035,"0","59"
"=HYPERLINK(""https://stackoverflow.com/q/65095577"", ""65095577"")",0.4270003792188091,"0","24"
"=HYPERLINK(""https://stackoverflow.com/q/65144195"", ""65144195"")",0.3498817966903074,"0","27"
"=HYPERLINK(""https://stackoverflow.com/q/65246131"", ""65246131"")",0.5429219306770326,"0","214"
"=HYPERLINK(""https://stackoverflow.com/q/65252473"", ""65252473"")",0.4708410067526091,"2","57"
"=HYPERLINK(""https://stackoverflow.com/q/65335886"", ""65335886"")",0.5056867891513562,"0","77"
"=HYPERLINK(""https://stackoverflow.com/q/65378442"", ""65378442"")",0.2697469746974697,"1","153"
"=HYPERLINK(""https://stackoverflow.com/q/65388243"", ""65388243"")",0.5380116959064328,"0","34"
"=HYPERLINK(""https://stackoverflow.com/q/65434243"", ""65434243"")",0.338244321669736,"0","32"
"=HYPERLINK(""https://stackoverflow.com/q/65479653"", ""65479653"")",0.6631671041119861,"0","321"
"=HYPERLINK(""https://stackoverflow.com/q/65490158"", ""65490158"")",0.5096965548710929,"0","314"
"=HYPERLINK(""https://stackoverflow.com/q/65513835"", ""65513835"")",0.4515800203873599,"0","12"
"=HYPERLINK(""https://stackoverflow.com/q/65549594"", ""65549594"")",0.71975916803503,"0","63"
"=HYPERLINK(""https://stackoverflow.com/q/65585656"", ""65585656"")",0.3374295954941114,"1","643"
"=HYPERLINK(""https://stackoverflow.com/q/65622641"", ""65622641"")",0.3242630385487532,"0","418"
"=HYPERLINK(""https://stackoverflow.com/q/65673897"", ""65673897"")",0.322724734785036,"0","70"
"=HYPERLINK(""https://stackoverflow.com/q/65722277"", ""65722277"")",0.5686425455478572,"0","44"
"=HYPERLINK(""https://stackoverflow.com/q/65774289"", ""65774289"")",0.3140030441400303,"0","37"
"=HYPERLINK(""https://stackoverflow.com/q/65921903"", ""65921903"")",0.5328605200945628,"1","74"
"=HYPERLINK(""https://stackoverflow.com/q/66114986"", ""66114986"")",0.5294949494949494,"1","42"
"=HYPERLINK(""https://stackoverflow.com/q/66144302"", ""66144302"")",0.3823864932694499,"0","57"
"=HYPERLINK(""https://stackoverflow.com/q/66215957"", ""66215957"")",0.331133113311331,"0","35"
"=HYPERLINK(""https://stackoverflow.com/q/66228551"", ""66228551"")",0.3240321769733534,"0","20"
"=HYPERLINK(""https://stackoverflow.com/q/66242996"", ""66242996"")",0.4533780011166945,"0","77"
"=HYPERLINK(""https://stackoverflow.com/q/66294997"", ""66294997"")",0.3121876201460976,"0","30"
"=HYPERLINK(""https://stackoverflow.com/q/66486128"", ""66486128"")",0.3027591349739003,"0","39"
"=HYPERLINK(""https://stackoverflow.com/q/66641654"", ""66641654"")",0.3489548954895488,"0","37"
"=HYPERLINK(""https://stackoverflow.com/q/66669303"", ""66669303"")",0.2858772530230433,"1","84"
"=HYPERLINK(""https://stackoverflow.com/q/66747026"", ""66747026"")",0.6897546897546897,"1","47"
"=HYPERLINK(""https://stackoverflow.com/q/66752566"", ""66752566"")",0.4246318607764387,"0","68"
"=HYPERLINK(""https://stackoverflow.com/q/66790502"", ""66790502"")",0.2896921017402946,"0","57"
"=HYPERLINK(""https://stackoverflow.com/q/66967694"", ""66967694"")",0.527565733672604,"0","43"
"=HYPERLINK(""https://stackoverflow.com/q/67072115"", ""67072115"")",0.6369687660010239,"0","34"
"=HYPERLINK(""https://stackoverflow.com/q/67080944"", ""67080944"")",0.7383512544802865,"0","12"
"=HYPERLINK(""https://stackoverflow.com/q/67136696"", ""67136696"")",0.2868376068376069,"0","24"
"=HYPERLINK(""https://stackoverflow.com/q/67255390"", ""67255390"")",0.6841427520235468,"0","50"
"=HYPERLINK(""https://stackoverflow.com/q/67259498"", ""67259498"")",0.3245676380004739,"0","22"
"=HYPERLINK(""https://stackoverflow.com/q/67279551"", ""67279551"")",0.6210986267166045,"1","55"
"=HYPERLINK(""https://stackoverflow.com/q/67310178"", ""67310178"")",0.3196248196248196,"1","30"
"=HYPERLINK(""https://stackoverflow.com/q/67321680"", ""67321680"")",0.4509958071278826,"0","73"
"=HYPERLINK(""https://stackoverflow.com/q/67407382"", ""67407382"")",0.3506893755068939,"0","33"
"=HYPERLINK(""https://stackoverflow.com/q/67409966"", ""67409966"")",0.5485695276114435,"0","24"
"=HYPERLINK(""https://stackoverflow.com/q/67503381"", ""67503381"")",0.3847837985769018,"0","17"
"=HYPERLINK(""https://stackoverflow.com/q/67563750"", ""67563750"")",0.5321769733534438,"0","24"
"=HYPERLINK(""https://stackoverflow.com/q/67604671"", ""67604671"")",0.5540194572452636,"2","40"
"=HYPERLINK(""https://stackoverflow.com/q/67644553"", ""67644553"")",0.437205935577271,"0","39"
"=HYPERLINK(""https://stackoverflow.com/q/67658543"", ""67658543"")",0.8208381391772392,"0","29"
"=HYPERLINK(""https://stackoverflow.com/q/67666368"", ""67666368"")",0.6837606837606839,"1","28"
"=HYPERLINK(""https://stackoverflow.com/q/67687353"", ""67687353"")",0.4984653161448742,"0","20"
"=HYPERLINK(""https://stackoverflow.com/q/67706498"", ""67706498"")",0.8593413357956295,"1","43"
"=HYPERLINK(""https://stackoverflow.com/q/67740095"", ""67740095"")",0.4805248052480527,"0","9"
